ISO-10303-21;
HEADER;
/* Generated by software containing ST-Developer
 * from STEP Tools, Inc. (www.steptools.com) 
 */
/* OPTION: using custom renumber hook */

FILE_DESCRIPTION(
/* description */ ('STEP AP242',
'CAx-IF Rec.Pracs.---Representation and Presentation of Product Manufa
cturing Information (PMI)---4.0---2014-10-13',
'CAx-IF Rec.Pracs.---3D Tessellated Geometry---0.4---2014-09-14','2;1'),

/* implementation_level */ '2;1');

FILE_NAME(
/* name */ '6891c0767faf492ffb67bb0a',
/* time_stamp */ '2025-08-05T08:27:35Z',
/* author */ (''),
/* organization */ (''),
/* preprocessor_version */ 'ST-DEVELOPER v20',
/* originating_system */ 'ONSHAPE BY PTC INC, 1.201',
/* authorisation */ '  ');

FILE_SCHEMA (('AP242_MANAGED_MODEL_BASED_3D_ENGINEERING_MIM_LF { 1 0 10303 442 1 1 4 }'));
ENDSEC;

DATA;
#10=SHAPE_REPRESENTATION_RELATIONSHIP('','',#2207,#11);
#11=ADVANCED_BREP_SHAPE_REPRESENTATION('',(#2205),#3685);
#12=CYLINDRICAL_SURFACE('',#2272,0.001);
#13=CYLINDRICAL_SURFACE('',#2274,0.001);
#14=CYLINDRICAL_SURFACE('',#2276,0.001);
#15=CYLINDRICAL_SURFACE('',#2278,0.001);
#16=CYLINDRICAL_SURFACE('',#2280,0.0045);
#17=CYLINDRICAL_SURFACE('',#2281,0.0045);
#18=CYLINDRICAL_SURFACE('',#2289,0.002);
#19=CYLINDRICAL_SURFACE('',#2292,0.002);
#20=CYLINDRICAL_SURFACE('',#2295,0.002);
#21=CYLINDRICAL_SURFACE('',#2298,0.002);
#22=CYLINDRICAL_SURFACE('',#2302,0.0095);
#23=CYLINDRICAL_SURFACE('',#2305,0.0016);
#24=CYLINDRICAL_SURFACE('',#2308,0.003);
#25=CYLINDRICAL_SURFACE('',#2312,0.0016);
#26=CYLINDRICAL_SURFACE('',#2315,0.0027);
#27=CYLINDRICAL_SURFACE('',#2319,0.0016);
#28=CYLINDRICAL_SURFACE('',#2322,0.0027);
#29=CYLINDRICAL_SURFACE('',#2326,0.0016);
#30=CYLINDRICAL_SURFACE('',#2329,0.0027);
#31=CYLINDRICAL_SURFACE('',#2333,0.0016);
#32=CYLINDRICAL_SURFACE('',#2336,0.003);
#33=CYLINDRICAL_SURFACE('',#2340,0.0016);
#34=CYLINDRICAL_SURFACE('',#2343,0.003);
#35=CYLINDRICAL_SURFACE('',#2347,0.0016);
#36=CYLINDRICAL_SURFACE('',#2350,0.003);
#37=CYLINDRICAL_SURFACE('',#2354,0.0016);
#38=CYLINDRICAL_SURFACE('',#2357,0.0027);
#39=CYLINDRICAL_SURFACE('',#2361,0.0015);
#40=CYLINDRICAL_SURFACE('',#2362,0.0015);
#41=CYLINDRICAL_SURFACE('',#2363,0.0015);
#42=CYLINDRICAL_SURFACE('',#2364,0.0015);
#43=CYLINDRICAL_SURFACE('',#2365,0.0015);
#44=CYLINDRICAL_SURFACE('',#2366,0.0015);
#45=CYLINDRICAL_SURFACE('',#2367,0.022);
#46=CYLINDRICAL_SURFACE('',#2371,0.022);
#47=CYLINDRICAL_SURFACE('',#2376,0.02125);
#48=CYLINDRICAL_SURFACE('',#2379,0.02125);
#49=CYLINDRICAL_SURFACE('',#2381,0.007);
#50=CYLINDRICAL_SURFACE('',#2382,0.007);
#51=CYLINDRICAL_SURFACE('',#2383,0.002);
#52=CYLINDRICAL_SURFACE('',#2385,0.002);
#53=CYLINDRICAL_SURFACE('',#2387,0.002);
#54=CYLINDRICAL_SURFACE('',#2389,0.002);
#55=CYLINDRICAL_SURFACE('',#2425,0.004825);
#56=CYLINDRICAL_SURFACE('',#2426,0.006825);
#57=CYLINDRICAL_SURFACE('',#2427,0.004825);
#58=CYLINDRICAL_SURFACE('',#2428,0.006825);
#59=CYLINDRICAL_SURFACE('',#2429,0.004825);
#60=CYLINDRICAL_SURFACE('',#2430,0.006825);
#61=CYLINDRICAL_SURFACE('',#2431,0.02425);
#62=CYLINDRICAL_SURFACE('',#2435,0.02425);
#63=LINE('',#3083,#233);
#64=LINE('',#3087,#234);
#65=LINE('',#3089,#235);
#66=LINE('',#3091,#236);
#67=LINE('',#3093,#237);
#68=LINE('',#3095,#238);
#69=LINE('',#3097,#239);
#70=LINE('',#3099,#240);
#71=LINE('',#3103,#241);
#72=LINE('',#3107,#242);
#73=LINE('',#3113,#243);
#74=LINE('',#3116,#244);
#75=LINE('',#3118,#245);
#76=LINE('',#3120,#246);
#77=LINE('',#3124,#247);
#78=LINE('',#3128,#248);
#79=LINE('',#3133,#249);
#80=LINE('',#3135,#250);
#81=LINE('',#3137,#251);
#82=LINE('',#3150,#252);
#83=LINE('',#3153,#253);
#84=LINE('',#3155,#254);
#85=LINE('',#3157,#255);
#86=LINE('',#3158,#256);
#87=LINE('',#3160,#257);
#88=LINE('',#3162,#258);
#89=LINE('',#3166,#259);
#90=LINE('',#3168,#260);
#91=LINE('',#3170,#261);
#92=LINE('',#3178,#262);
#93=LINE('',#3181,#263);
#94=LINE('',#3183,#264);
#95=LINE('',#3185,#265);
#96=LINE('',#3189,#266);
#97=LINE('',#3191,#267);
#98=LINE('',#3193,#268);
#99=LINE('',#3195,#269);
#100=LINE('',#3197,#270);
#101=LINE('',#3199,#271);
#102=LINE('',#3200,#272);
#103=LINE('',#3202,#273);
#104=LINE('',#3203,#274);
#105=LINE('',#3205,#275);
#106=LINE('',#3207,#276);
#107=LINE('',#3208,#277);
#108=LINE('',#3210,#278);
#109=LINE('',#3212,#279);
#110=LINE('',#3214,#280);
#111=LINE('',#3216,#281);
#112=LINE('',#3218,#282);
#113=LINE('',#3220,#283);
#114=LINE('',#3222,#284);
#115=LINE('',#3223,#285);
#116=LINE('',#3226,#286);
#117=LINE('',#3228,#287);
#118=LINE('',#3230,#288);
#119=LINE('',#3231,#289);
#120=LINE('',#3234,#290);
#121=LINE('',#3236,#291);
#122=LINE('',#3238,#292);
#123=LINE('',#3239,#293);
#124=LINE('',#3242,#294);
#125=LINE('',#3244,#295);
#126=LINE('',#3246,#296);
#127=LINE('',#3247,#297);
#128=LINE('',#3250,#298);
#129=LINE('',#3252,#299);
#130=LINE('',#3254,#300);
#131=LINE('',#3255,#301);
#132=LINE('',#3258,#302);
#133=LINE('',#3260,#303);
#134=LINE('',#3262,#304);
#135=LINE('',#3263,#305);
#136=LINE('',#3266,#306);
#137=LINE('',#3268,#307);
#138=LINE('',#3270,#308);
#139=LINE('',#3274,#309);
#140=LINE('',#3276,#310);
#141=LINE('',#3278,#311);
#142=LINE('',#3282,#312);
#143=LINE('',#3284,#313);
#144=LINE('',#3286,#314);
#145=LINE('',#3319,#315);
#146=LINE('',#3320,#316);
#147=LINE('',#3322,#317);
#148=LINE('',#3323,#318);
#149=LINE('',#3331,#319);
#150=LINE('',#3333,#320);
#151=LINE('',#3334,#321);
#152=LINE('',#3336,#322);
#153=LINE('',#3338,#323);
#154=LINE('',#3346,#324);
#155=LINE('',#3354,#325);
#156=LINE('',#3356,#326);
#157=LINE('',#3358,#327);
#158=LINE('',#3360,#328);
#159=LINE('',#3362,#329);
#160=LINE('',#3364,#330);
#161=LINE('',#3366,#331);
#162=LINE('',#3368,#332);
#163=LINE('',#3370,#333);
#164=LINE('',#3372,#334);
#165=LINE('',#3374,#335);
#166=LINE('',#3376,#336);
#167=LINE('',#3392,#337);
#168=LINE('',#3394,#338);
#169=LINE('',#3420,#339);
#170=LINE('',#3421,#340);
#171=LINE('',#3423,#341);
#172=LINE('',#3425,#342);
#173=LINE('',#3428,#343);
#174=LINE('',#3517,#344);
#175=LINE('',#3518,#345);
#176=LINE('',#3520,#346);
#177=LINE('',#3522,#347);
#178=LINE('',#3525,#348);
#179=LINE('',#3526,#349);
#180=LINE('',#3528,#350);
#181=LINE('',#3530,#351);
#182=LINE('',#3533,#352);
#183=LINE('',#3534,#353);
#184=LINE('',#3536,#354);
#185=LINE('',#3540,#355);
#186=LINE('',#3542,#356);
#187=LINE('',#3544,#357);
#188=LINE('',#3546,#358);
#189=LINE('',#3568,#359);
#190=LINE('',#3570,#360);
#191=LINE('',#3572,#361);
#192=LINE('',#3574,#362);
#193=LINE('',#3576,#363);
#194=LINE('',#3578,#364);
#195=LINE('',#3580,#365);
#196=LINE('',#3582,#366);
#197=LINE('',#3584,#367);
#198=LINE('',#3586,#368);
#199=LINE('',#3588,#369);
#200=LINE('',#3590,#370);
#201=LINE('',#3592,#371);
#202=LINE('',#3594,#372);
#203=LINE('',#3596,#373);
#204=LINE('',#3598,#374);
#205=LINE('',#3600,#375);
#206=LINE('',#3602,#376);
#207=LINE('',#3604,#377);
#208=LINE('',#3606,#378);
#209=LINE('',#3608,#379);
#210=LINE('',#3610,#380);
#211=LINE('',#3615,#381);
#212=LINE('',#3617,#382);
#213=LINE('',#3622,#383);
#214=LINE('',#3624,#384);
#215=LINE('',#3626,#385);
#216=LINE('',#3628,#386);
#217=LINE('',#3633,#387);
#218=LINE('',#3635,#388);
#219=LINE('',#3640,#389);
#220=LINE('',#3645,#390);
#221=LINE('',#3647,#391);
#222=LINE('',#3649,#392);
#223=LINE('',#3651,#393);
#224=LINE('',#3656,#394);
#225=LINE('',#3664,#395);
#226=LINE('',#3668,#396);
#227=LINE('',#3670,#397);
#228=LINE('',#3672,#398);
#229=LINE('',#3674,#399);
#230=LINE('',#3676,#400);
#231=LINE('',#3680,#401);
#232=LINE('',#3682,#402);
#233=VECTOR('',#2450,1.);
#234=VECTOR('',#2453,1.);
#235=VECTOR('',#2454,1.);
#236=VECTOR('',#2455,1.);
#237=VECTOR('',#2456,1.);
#238=VECTOR('',#2457,1.);
#239=VECTOR('',#2458,1.);
#240=VECTOR('',#2459,1.);
#241=VECTOR('',#2462,1.);
#242=VECTOR('',#2465,1.);
#243=VECTOR('',#2472,1.);
#244=VECTOR('',#2473,1.);
#245=VECTOR('',#2474,1.);
#246=VECTOR('',#2475,1.);
#247=VECTOR('',#2478,1.);
#248=VECTOR('',#2481,1.);
#249=VECTOR('',#2486,1.);
#250=VECTOR('',#2487,1.);
#251=VECTOR('',#2488,1.);
#252=VECTOR('',#2501,1.);
#253=VECTOR('',#2502,1.);
#254=VECTOR('',#2503,1.);
#255=VECTOR('',#2504,1.);
#256=VECTOR('',#2505,1.);
#257=VECTOR('',#2506,1.);
#258=VECTOR('',#2507,1.);
#259=VECTOR('',#2510,1.);
#260=VECTOR('',#2511,1.);
#261=VECTOR('',#2512,1.);
#262=VECTOR('',#2521,1.);
#263=VECTOR('',#2522,1.);
#264=VECTOR('',#2523,1.);
#265=VECTOR('',#2524,1.);
#266=VECTOR('',#2527,1.);
#267=VECTOR('',#2528,1.);
#268=VECTOR('',#2529,1.);
#269=VECTOR('',#2532,1.);
#270=VECTOR('',#2533,1.);
#271=VECTOR('',#2534,1.);
#272=VECTOR('',#2535,1.);
#273=VECTOR('',#2536,1.);
#274=VECTOR('',#2537,1.);
#275=VECTOR('',#2538,1.);
#276=VECTOR('',#2539,1.);
#277=VECTOR('',#2540,1.);
#278=VECTOR('',#2541,1.);
#279=VECTOR('',#2542,1.);
#280=VECTOR('',#2543,1.);
#281=VECTOR('',#2544,1.);
#282=VECTOR('',#2545,1.);
#283=VECTOR('',#2546,1.);
#284=VECTOR('',#2547,1.);
#285=VECTOR('',#2548,1.);
#286=VECTOR('',#2549,1.);
#287=VECTOR('',#2550,1.);
#288=VECTOR('',#2551,1.);
#289=VECTOR('',#2552,1.);
#290=VECTOR('',#2553,1.);
#291=VECTOR('',#2554,1.);
#292=VECTOR('',#2555,1.);
#293=VECTOR('',#2556,1.);
#294=VECTOR('',#2557,1.);
#295=VECTOR('',#2558,1.);
#296=VECTOR('',#2559,1.);
#297=VECTOR('',#2560,1.);
#298=VECTOR('',#2561,1.);
#299=VECTOR('',#2562,1.);
#300=VECTOR('',#2563,1.);
#301=VECTOR('',#2564,1.);
#302=VECTOR('',#2565,1.);
#303=VECTOR('',#2566,1.);
#304=VECTOR('',#2567,1.);
#305=VECTOR('',#2568,1.);
#306=VECTOR('',#2569,1.);
#307=VECTOR('',#2570,1.);
#308=VECTOR('',#2571,1.);
#309=VECTOR('',#2574,1.);
#310=VECTOR('',#2575,1.);
#311=VECTOR('',#2576,1.);
#312=VECTOR('',#2579,1.);
#313=VECTOR('',#2580,1.);
#314=VECTOR('',#2581,1.);
#315=VECTOR('',#2614,1.);
#316=VECTOR('',#2615,1.);
#317=VECTOR('',#2616,1.);
#318=VECTOR('',#2617,1.);
#319=VECTOR('',#2626,1.);
#320=VECTOR('',#2627,1.);
#321=VECTOR('',#2628,1.);
#322=VECTOR('',#2629,1.);
#323=VECTOR('',#2630,1.);
#324=VECTOR('',#2639,1.);
#325=VECTOR('',#2648,1.);
#326=VECTOR('',#2649,1.);
#327=VECTOR('',#2650,1.);
#328=VECTOR('',#2653,1.);
#329=VECTOR('',#2654,1.);
#330=VECTOR('',#2657,1.);
#331=VECTOR('',#2660,1.);
#332=VECTOR('',#2661,1.);
#333=VECTOR('',#2664,1.);
#334=VECTOR('',#2667,1.);
#335=VECTOR('',#2668,1.);
#336=VECTOR('',#2671,1.);
#337=VECTOR('',#2694,1.);
#338=VECTOR('',#2695,1.);
#339=VECTOR('',#2730,1.);
#340=VECTOR('',#2731,1.);
#341=VECTOR('',#2734,1.);
#342=VECTOR('',#2737,1.);
#343=VECTOR('',#2742,1.);
#344=VECTOR('',#2871,1.);
#345=VECTOR('',#2872,1.);
#346=VECTOR('',#2875,1.);
#347=VECTOR('',#2878,1.);
#348=VECTOR('',#2883,1.);
#349=VECTOR('',#2884,1.);
#350=VECTOR('',#2887,1.);
#351=VECTOR('',#2890,1.);
#352=VECTOR('',#2895,1.);
#353=VECTOR('',#2896,1.);
#354=VECTOR('',#2899,1.);
#355=VECTOR('',#2902,1.);
#356=VECTOR('',#2905,1.);
#357=VECTOR('',#2906,1.);
#358=VECTOR('',#2909,1.);
#359=VECTOR('',#2942,1.);
#360=VECTOR('',#2943,1.);
#361=VECTOR('',#2944,1.);
#362=VECTOR('',#2947,1.);
#363=VECTOR('',#2948,1.);
#364=VECTOR('',#2949,1.);
#365=VECTOR('',#2952,1.);
#366=VECTOR('',#2953,1.);
#367=VECTOR('',#2954,1.);
#368=VECTOR('',#2957,1.);
#369=VECTOR('',#2958,1.);
#370=VECTOR('',#2959,1.);
#371=VECTOR('',#2962,1.);
#372=VECTOR('',#2963,1.);
#373=VECTOR('',#2964,1.);
#374=VECTOR('',#2967,1.);
#375=VECTOR('',#2968,1.);
#376=VECTOR('',#2969,1.);
#377=VECTOR('',#2972,1.);
#378=VECTOR('',#2973,1.);
#379=VECTOR('',#2974,1.);
#380=VECTOR('',#2977,1.);
#381=VECTOR('',#2984,1.);
#382=VECTOR('',#2985,1.);
#383=VECTOR('',#2994,1.);
#384=VECTOR('',#2995,1.);
#385=VECTOR('',#2996,1.);
#386=VECTOR('',#2999,1.);
#387=VECTOR('',#3006,1.);
#388=VECTOR('',#3007,1.);
#389=VECTOR('',#3016,1.);
#390=VECTOR('',#3021,1.);
#391=VECTOR('',#3024,1.);
#392=VECTOR('',#3025,1.);
#393=VECTOR('',#3028,1.);
#394=VECTOR('',#3035,1.);
#395=VECTOR('',#3050,1.);
#396=VECTOR('',#3053,1.);
#397=VECTOR('',#3056,1.);
#398=VECTOR('',#3059,1.);
#399=VECTOR('',#3060,1.);
#400=VECTOR('',#3063,1.);
#401=VECTOR('',#3068,1.);
#402=VECTOR('',#3071,1.);
#403=ORIENTED_EDGE('',*,*,#951,.T.);
#404=ORIENTED_EDGE('',*,*,#952,.T.);
#405=ORIENTED_EDGE('',*,*,#953,.T.);
#406=ORIENTED_EDGE('',*,*,#954,.T.);
#407=ORIENTED_EDGE('',*,*,#955,.F.);
#408=ORIENTED_EDGE('',*,*,#956,.T.);
#409=ORIENTED_EDGE('',*,*,#957,.F.);
#410=ORIENTED_EDGE('',*,*,#958,.T.);
#411=ORIENTED_EDGE('',*,*,#959,.F.);
#412=ORIENTED_EDGE('',*,*,#960,.T.);
#413=ORIENTED_EDGE('',*,*,#961,.F.);
#414=ORIENTED_EDGE('',*,*,#962,.F.);
#415=ORIENTED_EDGE('',*,*,#963,.T.);
#416=ORIENTED_EDGE('',*,*,#964,.T.);
#417=ORIENTED_EDGE('',*,*,#965,.T.);
#418=ORIENTED_EDGE('',*,*,#966,.F.);
#419=ORIENTED_EDGE('',*,*,#967,.F.);
#420=ORIENTED_EDGE('',*,*,#968,.F.);
#421=ORIENTED_EDGE('',*,*,#969,.T.);
#422=ORIENTED_EDGE('',*,*,#970,.T.);
#423=ORIENTED_EDGE('',*,*,#971,.F.);
#424=ORIENTED_EDGE('',*,*,#972,.F.);
#425=ORIENTED_EDGE('',*,*,#973,.F.);
#426=ORIENTED_EDGE('',*,*,#974,.T.);
#427=ORIENTED_EDGE('',*,*,#975,.F.);
#428=ORIENTED_EDGE('',*,*,#976,.F.);
#429=ORIENTED_EDGE('',*,*,#977,.F.);
#430=ORIENTED_EDGE('',*,*,#978,.T.);
#431=ORIENTED_EDGE('',*,*,#979,.T.);
#432=ORIENTED_EDGE('',*,*,#980,.T.);
#433=ORIENTED_EDGE('',*,*,#981,.T.);
#434=ORIENTED_EDGE('',*,*,#982,.T.);
#435=ORIENTED_EDGE('',*,*,#983,.T.);
#436=ORIENTED_EDGE('',*,*,#984,.T.);
#437=ORIENTED_EDGE('',*,*,#985,.T.);
#438=ORIENTED_EDGE('',*,*,#986,.T.);
#439=ORIENTED_EDGE('',*,*,#987,.F.);
#440=ORIENTED_EDGE('',*,*,#988,.T.);
#441=ORIENTED_EDGE('',*,*,#989,.T.);
#442=ORIENTED_EDGE('',*,*,#990,.F.);
#443=ORIENTED_EDGE('',*,*,#969,.F.);
#444=ORIENTED_EDGE('',*,*,#991,.F.);
#445=ORIENTED_EDGE('',*,*,#992,.F.);
#446=ORIENTED_EDGE('',*,*,#993,.F.);
#447=ORIENTED_EDGE('',*,*,#994,.F.);
#448=ORIENTED_EDGE('',*,*,#995,.T.);
#449=ORIENTED_EDGE('',*,*,#996,.T.);
#450=ORIENTED_EDGE('',*,*,#997,.T.);
#451=ORIENTED_EDGE('',*,*,#998,.T.);
#452=ORIENTED_EDGE('',*,*,#999,.T.);
#453=ORIENTED_EDGE('',*,*,#1000,.T.);
#454=ORIENTED_EDGE('',*,*,#1001,.F.);
#455=ORIENTED_EDGE('',*,*,#1002,.T.);
#456=ORIENTED_EDGE('',*,*,#1003,.F.);
#457=ORIENTED_EDGE('',*,*,#1004,.F.);
#458=ORIENTED_EDGE('',*,*,#1005,.T.);
#459=ORIENTED_EDGE('',*,*,#1006,.T.);
#460=ORIENTED_EDGE('',*,*,#1007,.F.);
#461=ORIENTED_EDGE('',*,*,#1008,.T.);
#462=ORIENTED_EDGE('',*,*,#1009,.F.);
#463=ORIENTED_EDGE('',*,*,#1010,.T.);
#464=ORIENTED_EDGE('',*,*,#1011,.T.);
#465=ORIENTED_EDGE('',*,*,#961,.T.);
#466=ORIENTED_EDGE('',*,*,#1012,.T.);
#467=ORIENTED_EDGE('',*,*,#1013,.T.);
#468=ORIENTED_EDGE('',*,*,#1007,.T.);
#469=ORIENTED_EDGE('',*,*,#1014,.F.);
#470=ORIENTED_EDGE('',*,*,#1015,.F.);
#471=ORIENTED_EDGE('',*,*,#1016,.T.);
#472=ORIENTED_EDGE('',*,*,#1003,.T.);
#473=ORIENTED_EDGE('',*,*,#1017,.T.);
#474=ORIENTED_EDGE('',*,*,#1018,.F.);
#475=ORIENTED_EDGE('',*,*,#1019,.F.);
#476=ORIENTED_EDGE('',*,*,#1020,.T.);
#477=ORIENTED_EDGE('',*,*,#1021,.T.);
#478=ORIENTED_EDGE('',*,*,#1022,.T.);
#479=ORIENTED_EDGE('',*,*,#1023,.T.);
#480=ORIENTED_EDGE('',*,*,#1024,.T.);
#481=ORIENTED_EDGE('',*,*,#957,.T.);
#482=ORIENTED_EDGE('',*,*,#1025,.T.);
#483=ORIENTED_EDGE('',*,*,#1026,.T.);
#484=ORIENTED_EDGE('',*,*,#1027,.F.);
#485=ORIENTED_EDGE('',*,*,#1028,.F.);
#486=ORIENTED_EDGE('',*,*,#1029,.T.);
#487=ORIENTED_EDGE('',*,*,#1030,.T.);
#488=ORIENTED_EDGE('',*,*,#1031,.F.);
#489=ORIENTED_EDGE('',*,*,#1032,.F.);
#490=ORIENTED_EDGE('',*,*,#1033,.T.);
#491=ORIENTED_EDGE('',*,*,#1034,.T.);
#492=ORIENTED_EDGE('',*,*,#1035,.F.);
#493=ORIENTED_EDGE('',*,*,#1036,.F.);
#494=ORIENTED_EDGE('',*,*,#1037,.T.);
#495=ORIENTED_EDGE('',*,*,#1038,.T.);
#496=ORIENTED_EDGE('',*,*,#1039,.F.);
#497=ORIENTED_EDGE('',*,*,#1040,.F.);
#498=ORIENTED_EDGE('',*,*,#1041,.T.);
#499=ORIENTED_EDGE('',*,*,#1042,.T.);
#500=ORIENTED_EDGE('',*,*,#1043,.F.);
#501=ORIENTED_EDGE('',*,*,#1044,.F.);
#502=ORIENTED_EDGE('',*,*,#1045,.T.);
#503=ORIENTED_EDGE('',*,*,#1046,.T.);
#504=ORIENTED_EDGE('',*,*,#1047,.F.);
#505=ORIENTED_EDGE('',*,*,#1048,.F.);
#506=ORIENTED_EDGE('',*,*,#1049,.F.);
#507=ORIENTED_EDGE('',*,*,#1050,.T.);
#508=ORIENTED_EDGE('',*,*,#1051,.T.);
#509=ORIENTED_EDGE('',*,*,#1052,.T.);
#510=ORIENTED_EDGE('',*,*,#1053,.F.);
#511=ORIENTED_EDGE('',*,*,#1054,.T.);
#512=ORIENTED_EDGE('',*,*,#1055,.T.);
#513=ORIENTED_EDGE('',*,*,#1056,.T.);
#514=ORIENTED_EDGE('',*,*,#1057,.F.);
#515=ORIENTED_EDGE('',*,*,#1058,.F.);
#516=ORIENTED_EDGE('',*,*,#1059,.F.);
#517=ORIENTED_EDGE('',*,*,#1060,.F.);
#518=ORIENTED_EDGE('',*,*,#1061,.F.);
#519=ORIENTED_EDGE('',*,*,#1062,.F.);
#520=ORIENTED_EDGE('',*,*,#1063,.F.);
#521=ORIENTED_EDGE('',*,*,#1064,.F.);
#522=ORIENTED_EDGE('',*,*,#1065,.F.);
#523=ORIENTED_EDGE('',*,*,#1066,.F.);
#524=ORIENTED_EDGE('',*,*,#1067,.F.);
#525=ORIENTED_EDGE('',*,*,#1068,.F.);
#526=ORIENTED_EDGE('',*,*,#1069,.F.);
#527=ORIENTED_EDGE('',*,*,#1070,.F.);
#528=ORIENTED_EDGE('',*,*,#1071,.F.);
#529=ORIENTED_EDGE('',*,*,#1072,.F.);
#530=ORIENTED_EDGE('',*,*,#993,.T.);
#531=ORIENTED_EDGE('',*,*,#1073,.T.);
#532=ORIENTED_EDGE('',*,*,#1074,.F.);
#533=ORIENTED_EDGE('',*,*,#970,.F.);
#534=ORIENTED_EDGE('',*,*,#990,.T.);
#535=ORIENTED_EDGE('',*,*,#1075,.T.);
#536=ORIENTED_EDGE('',*,*,#1076,.T.);
#537=ORIENTED_EDGE('',*,*,#1077,.T.);
#538=ORIENTED_EDGE('',*,*,#1078,.T.);
#539=ORIENTED_EDGE('',*,*,#1079,.F.);
#540=ORIENTED_EDGE('',*,*,#1080,.F.);
#541=ORIENTED_EDGE('',*,*,#1073,.F.);
#542=ORIENTED_EDGE('',*,*,#992,.T.);
#543=ORIENTED_EDGE('',*,*,#1081,.T.);
#544=ORIENTED_EDGE('',*,*,#1082,.F.);
#545=ORIENTED_EDGE('',*,*,#1083,.T.);
#546=ORIENTED_EDGE('',*,*,#1019,.T.);
#547=ORIENTED_EDGE('',*,*,#1084,.T.);
#548=ORIENTED_EDGE('',*,*,#1085,.T.);
#549=ORIENTED_EDGE('',*,*,#1086,.T.);
#550=ORIENTED_EDGE('',*,*,#991,.T.);
#551=ORIENTED_EDGE('',*,*,#972,.T.);
#552=ORIENTED_EDGE('',*,*,#1087,.F.);
#553=ORIENTED_EDGE('',*,*,#1081,.F.);
#554=ORIENTED_EDGE('',*,*,#1088,.T.);
#555=ORIENTED_EDGE('',*,*,#1089,.T.);
#556=ORIENTED_EDGE('',*,*,#1090,.T.);
#557=ORIENTED_EDGE('',*,*,#1091,.T.);
#558=ORIENTED_EDGE('',*,*,#1092,.F.);
#559=ORIENTED_EDGE('',*,*,#1093,.T.);
#560=ORIENTED_EDGE('',*,*,#1022,.F.);
#561=ORIENTED_EDGE('',*,*,#1024,.F.);
#562=ORIENTED_EDGE('',*,*,#1094,.T.);
#563=ORIENTED_EDGE('',*,*,#1095,.F.);
#564=ORIENTED_EDGE('',*,*,#958,.F.);
#565=ORIENTED_EDGE('',*,*,#1023,.F.);
#566=ORIENTED_EDGE('',*,*,#1093,.F.);
#567=ORIENTED_EDGE('',*,*,#1096,.F.);
#568=ORIENTED_EDGE('',*,*,#1094,.F.);
#569=ORIENTED_EDGE('',*,*,#1021,.F.);
#570=ORIENTED_EDGE('',*,*,#1097,.T.);
#571=ORIENTED_EDGE('',*,*,#1098,.F.);
#572=ORIENTED_EDGE('',*,*,#1091,.F.);
#573=ORIENTED_EDGE('',*,*,#1020,.F.);
#574=ORIENTED_EDGE('',*,*,#1083,.F.);
#575=ORIENTED_EDGE('',*,*,#1099,.F.);
#576=ORIENTED_EDGE('',*,*,#1097,.F.);
#577=ORIENTED_EDGE('',*,*,#1013,.F.);
#578=ORIENTED_EDGE('',*,*,#1100,.T.);
#579=ORIENTED_EDGE('',*,*,#1101,.F.);
#580=ORIENTED_EDGE('',*,*,#1008,.F.);
#581=ORIENTED_EDGE('',*,*,#1012,.F.);
#582=ORIENTED_EDGE('',*,*,#960,.F.);
#583=ORIENTED_EDGE('',*,*,#1102,.F.);
#584=ORIENTED_EDGE('',*,*,#1100,.F.);
#585=ORIENTED_EDGE('',*,*,#998,.F.);
#586=ORIENTED_EDGE('',*,*,#1103,.T.);
#587=ORIENTED_EDGE('',*,*,#1104,.T.);
#588=ORIENTED_EDGE('',*,*,#1088,.F.);
#589=ORIENTED_EDGE('',*,*,#999,.F.);
#590=ORIENTED_EDGE('',*,*,#1105,.T.);
#591=ORIENTED_EDGE('',*,*,#1106,.T.);
#592=ORIENTED_EDGE('',*,*,#1089,.F.);
#593=ORIENTED_EDGE('',*,*,#1000,.F.);
#594=ORIENTED_EDGE('',*,*,#1076,.F.);
#595=ORIENTED_EDGE('',*,*,#1084,.F.);
#596=ORIENTED_EDGE('',*,*,#1090,.F.);
#597=ORIENTED_EDGE('',*,*,#1080,.T.);
#598=ORIENTED_EDGE('',*,*,#1107,.T.);
#599=ORIENTED_EDGE('',*,*,#1108,.F.);
#600=ORIENTED_EDGE('',*,*,#1001,.T.);
#601=ORIENTED_EDGE('',*,*,#1101,.T.);
#602=ORIENTED_EDGE('',*,*,#1102,.T.);
#603=ORIENTED_EDGE('',*,*,#959,.T.);
#604=ORIENTED_EDGE('',*,*,#1095,.T.);
#605=ORIENTED_EDGE('',*,*,#1096,.T.);
#606=ORIENTED_EDGE('',*,*,#1092,.T.);
#607=ORIENTED_EDGE('',*,*,#1098,.T.);
#608=ORIENTED_EDGE('',*,*,#1099,.T.);
#609=ORIENTED_EDGE('',*,*,#1082,.T.);
#610=ORIENTED_EDGE('',*,*,#1087,.T.);
#611=ORIENTED_EDGE('',*,*,#971,.T.);
#612=ORIENTED_EDGE('',*,*,#1074,.T.);
#613=ORIENTED_EDGE('',*,*,#1109,.F.);
#614=ORIENTED_EDGE('',*,*,#1110,.F.);
#615=ORIENTED_EDGE('',*,*,#1111,.F.);
#616=ORIENTED_EDGE('',*,*,#1112,.F.);
#617=ORIENTED_EDGE('',*,*,#1105,.F.);
#618=ORIENTED_EDGE('',*,*,#1113,.F.);
#619=ORIENTED_EDGE('',*,*,#1113,.T.);
#620=ORIENTED_EDGE('',*,*,#1077,.F.);
#621=ORIENTED_EDGE('',*,*,#1103,.F.);
#622=ORIENTED_EDGE('',*,*,#1114,.F.);
#623=ORIENTED_EDGE('',*,*,#1114,.T.);
#624=ORIENTED_EDGE('',*,*,#1078,.F.);
#625=ORIENTED_EDGE('',*,*,#1104,.F.);
#626=ORIENTED_EDGE('',*,*,#1115,.F.);
#627=ORIENTED_EDGE('',*,*,#1115,.T.);
#628=ORIENTED_EDGE('',*,*,#1085,.F.);
#629=ORIENTED_EDGE('',*,*,#1106,.F.);
#630=ORIENTED_EDGE('',*,*,#1116,.F.);
#631=ORIENTED_EDGE('',*,*,#1116,.T.);
#632=ORIENTED_EDGE('',*,*,#1086,.F.);
#633=ORIENTED_EDGE('',*,*,#1016,.F.);
#634=ORIENTED_EDGE('',*,*,#1117,.F.);
#635=ORIENTED_EDGE('',*,*,#987,.T.);
#636=ORIENTED_EDGE('',*,*,#1072,.T.);
#637=ORIENTED_EDGE('',*,*,#1118,.F.);
#638=ORIENTED_EDGE('',*,*,#1004,.T.);
#639=ORIENTED_EDGE('',*,*,#1015,.T.);
#640=ORIENTED_EDGE('',*,*,#1119,.F.);
#641=ORIENTED_EDGE('',*,*,#988,.F.);
#642=ORIENTED_EDGE('',*,*,#1117,.T.);
#643=ORIENTED_EDGE('',*,*,#1014,.T.);
#644=ORIENTED_EDGE('',*,*,#1006,.F.);
#645=ORIENTED_EDGE('',*,*,#1120,.T.);
#646=ORIENTED_EDGE('',*,*,#1075,.F.);
#647=ORIENTED_EDGE('',*,*,#989,.F.);
#648=ORIENTED_EDGE('',*,*,#1119,.T.);
#649=ORIENTED_EDGE('',*,*,#1071,.T.);
#650=ORIENTED_EDGE('',*,*,#1120,.F.);
#651=ORIENTED_EDGE('',*,*,#1005,.F.);
#652=ORIENTED_EDGE('',*,*,#1118,.T.);
#653=ORIENTED_EDGE('',*,*,#1017,.F.);
#654=ORIENTED_EDGE('',*,*,#1002,.F.);
#655=ORIENTED_EDGE('',*,*,#1108,.T.);
#656=ORIENTED_EDGE('',*,*,#1121,.T.);
#657=ORIENTED_EDGE('',*,*,#1018,.T.);
#658=ORIENTED_EDGE('',*,*,#1121,.F.);
#659=ORIENTED_EDGE('',*,*,#1107,.F.);
#660=ORIENTED_EDGE('',*,*,#1079,.T.);
#661=ORIENTED_EDGE('',*,*,#1122,.T.);
#662=ORIENTED_EDGE('',*,*,#1123,.T.);
#663=ORIENTED_EDGE('',*,*,#1124,.F.);
#664=ORIENTED_EDGE('',*,*,#1070,.T.);
#665=ORIENTED_EDGE('',*,*,#1122,.F.);
#666=ORIENTED_EDGE('',*,*,#1124,.T.);
#667=ORIENTED_EDGE('',*,*,#1123,.F.);
#668=ORIENTED_EDGE('',*,*,#1125,.T.);
#669=ORIENTED_EDGE('',*,*,#1126,.T.);
#670=ORIENTED_EDGE('',*,*,#1127,.F.);
#671=ORIENTED_EDGE('',*,*,#1069,.T.);
#672=ORIENTED_EDGE('',*,*,#1125,.F.);
#673=ORIENTED_EDGE('',*,*,#1127,.T.);
#674=ORIENTED_EDGE('',*,*,#1126,.F.);
#675=ORIENTED_EDGE('',*,*,#1128,.T.);
#676=ORIENTED_EDGE('',*,*,#1129,.T.);
#677=ORIENTED_EDGE('',*,*,#1130,.F.);
#678=ORIENTED_EDGE('',*,*,#1068,.T.);
#679=ORIENTED_EDGE('',*,*,#1128,.F.);
#680=ORIENTED_EDGE('',*,*,#1130,.T.);
#681=ORIENTED_EDGE('',*,*,#1129,.F.);
#682=ORIENTED_EDGE('',*,*,#1131,.T.);
#683=ORIENTED_EDGE('',*,*,#1132,.T.);
#684=ORIENTED_EDGE('',*,*,#1133,.F.);
#685=ORIENTED_EDGE('',*,*,#1067,.T.);
#686=ORIENTED_EDGE('',*,*,#1131,.F.);
#687=ORIENTED_EDGE('',*,*,#1133,.T.);
#688=ORIENTED_EDGE('',*,*,#1132,.F.);
#689=ORIENTED_EDGE('',*,*,#1134,.T.);
#690=ORIENTED_EDGE('',*,*,#1135,.T.);
#691=ORIENTED_EDGE('',*,*,#1136,.F.);
#692=ORIENTED_EDGE('',*,*,#1066,.T.);
#693=ORIENTED_EDGE('',*,*,#1134,.F.);
#694=ORIENTED_EDGE('',*,*,#1136,.T.);
#695=ORIENTED_EDGE('',*,*,#1135,.F.);
#696=ORIENTED_EDGE('',*,*,#1137,.T.);
#697=ORIENTED_EDGE('',*,*,#1138,.T.);
#698=ORIENTED_EDGE('',*,*,#1139,.F.);
#699=ORIENTED_EDGE('',*,*,#1065,.T.);
#700=ORIENTED_EDGE('',*,*,#1137,.F.);
#701=ORIENTED_EDGE('',*,*,#1139,.T.);
#702=ORIENTED_EDGE('',*,*,#1138,.F.);
#703=ORIENTED_EDGE('',*,*,#1140,.T.);
#704=ORIENTED_EDGE('',*,*,#1141,.T.);
#705=ORIENTED_EDGE('',*,*,#1142,.F.);
#706=ORIENTED_EDGE('',*,*,#1064,.T.);
#707=ORIENTED_EDGE('',*,*,#1140,.F.);
#708=ORIENTED_EDGE('',*,*,#1142,.T.);
#709=ORIENTED_EDGE('',*,*,#1141,.F.);
#710=ORIENTED_EDGE('',*,*,#1143,.T.);
#711=ORIENTED_EDGE('',*,*,#1144,.T.);
#712=ORIENTED_EDGE('',*,*,#1145,.F.);
#713=ORIENTED_EDGE('',*,*,#1063,.T.);
#714=ORIENTED_EDGE('',*,*,#1143,.F.);
#715=ORIENTED_EDGE('',*,*,#1145,.T.);
#716=ORIENTED_EDGE('',*,*,#1144,.F.);
#717=ORIENTED_EDGE('',*,*,#986,.F.);
#718=ORIENTED_EDGE('',*,*,#1062,.T.);
#719=ORIENTED_EDGE('',*,*,#985,.F.);
#720=ORIENTED_EDGE('',*,*,#1061,.T.);
#721=ORIENTED_EDGE('',*,*,#984,.F.);
#722=ORIENTED_EDGE('',*,*,#1060,.T.);
#723=ORIENTED_EDGE('',*,*,#983,.F.);
#724=ORIENTED_EDGE('',*,*,#1059,.T.);
#725=ORIENTED_EDGE('',*,*,#982,.F.);
#726=ORIENTED_EDGE('',*,*,#1058,.T.);
#727=ORIENTED_EDGE('',*,*,#981,.F.);
#728=ORIENTED_EDGE('',*,*,#1057,.T.);
#729=ORIENTED_EDGE('',*,*,#977,.T.);
#730=ORIENTED_EDGE('',*,*,#1146,.F.);
#731=ORIENTED_EDGE('',*,*,#1053,.T.);
#732=ORIENTED_EDGE('',*,*,#1147,.T.);
#733=ORIENTED_EDGE('',*,*,#1147,.F.);
#734=ORIENTED_EDGE('',*,*,#1056,.F.);
#735=ORIENTED_EDGE('',*,*,#1148,.T.);
#736=ORIENTED_EDGE('',*,*,#978,.F.);
#737=ORIENTED_EDGE('',*,*,#1148,.F.);
#738=ORIENTED_EDGE('',*,*,#1055,.F.);
#739=ORIENTED_EDGE('',*,*,#1149,.T.);
#740=ORIENTED_EDGE('',*,*,#979,.F.);
#741=ORIENTED_EDGE('',*,*,#1149,.F.);
#742=ORIENTED_EDGE('',*,*,#1054,.F.);
#743=ORIENTED_EDGE('',*,*,#1146,.T.);
#744=ORIENTED_EDGE('',*,*,#980,.F.);
#745=ORIENTED_EDGE('',*,*,#994,.T.);
#746=ORIENTED_EDGE('',*,*,#1150,.F.);
#747=ORIENTED_EDGE('',*,*,#1049,.T.);
#748=ORIENTED_EDGE('',*,*,#1151,.T.);
#749=ORIENTED_EDGE('',*,*,#1151,.F.);
#750=ORIENTED_EDGE('',*,*,#1052,.F.);
#751=ORIENTED_EDGE('',*,*,#1152,.T.);
#752=ORIENTED_EDGE('',*,*,#995,.F.);
#753=ORIENTED_EDGE('',*,*,#1152,.F.);
#754=ORIENTED_EDGE('',*,*,#1051,.F.);
#755=ORIENTED_EDGE('',*,*,#1153,.T.);
#756=ORIENTED_EDGE('',*,*,#996,.F.);
#757=ORIENTED_EDGE('',*,*,#1153,.F.);
#758=ORIENTED_EDGE('',*,*,#1050,.F.);
#759=ORIENTED_EDGE('',*,*,#1150,.T.);
#760=ORIENTED_EDGE('',*,*,#997,.F.);
#761=ORIENTED_EDGE('',*,*,#974,.F.);
#762=ORIENTED_EDGE('',*,*,#1154,.F.);
#763=ORIENTED_EDGE('',*,*,#966,.T.);
#764=ORIENTED_EDGE('',*,*,#1155,.T.);
#765=ORIENTED_EDGE('',*,*,#973,.T.);
#766=ORIENTED_EDGE('',*,*,#1156,.F.);
#767=ORIENTED_EDGE('',*,*,#1157,.F.);
#768=ORIENTED_EDGE('',*,*,#1158,.T.);
#769=ORIENTED_EDGE('',*,*,#953,.F.);
#770=ORIENTED_EDGE('',*,*,#1154,.T.);
#771=ORIENTED_EDGE('',*,*,#976,.T.);
#772=ORIENTED_EDGE('',*,*,#1159,.F.);
#773=ORIENTED_EDGE('',*,*,#1160,.F.);
#774=ORIENTED_EDGE('',*,*,#1156,.T.);
#775=ORIENTED_EDGE('',*,*,#975,.T.);
#776=ORIENTED_EDGE('',*,*,#1155,.F.);
#777=ORIENTED_EDGE('',*,*,#965,.F.);
#778=ORIENTED_EDGE('',*,*,#1161,.F.);
#779=ORIENTED_EDGE('',*,*,#1162,.F.);
#780=ORIENTED_EDGE('',*,*,#1159,.T.);
#781=ORIENTED_EDGE('',*,*,#952,.F.);
#782=ORIENTED_EDGE('',*,*,#968,.T.);
#783=ORIENTED_EDGE('',*,*,#951,.F.);
#784=ORIENTED_EDGE('',*,*,#967,.T.);
#785=ORIENTED_EDGE('',*,*,#1163,.F.);
#786=ORIENTED_EDGE('',*,*,#1110,.T.);
#787=ORIENTED_EDGE('',*,*,#1164,.F.);
#788=ORIENTED_EDGE('',*,*,#1111,.T.);
#789=ORIENTED_EDGE('',*,*,#1165,.F.);
#790=ORIENTED_EDGE('',*,*,#1109,.T.);
#791=ORIENTED_EDGE('',*,*,#1166,.F.);
#792=ORIENTED_EDGE('',*,*,#1112,.T.);
#793=ORIENTED_EDGE('',*,*,#1166,.T.);
#794=ORIENTED_EDGE('',*,*,#1165,.T.);
#795=ORIENTED_EDGE('',*,*,#1164,.T.);
#796=ORIENTED_EDGE('',*,*,#1163,.T.);
#797=ORIENTED_EDGE('',*,*,#1045,.F.);
#798=ORIENTED_EDGE('',*,*,#1167,.F.);
#799=ORIENTED_EDGE('',*,*,#1168,.T.);
#800=ORIENTED_EDGE('',*,*,#1169,.T.);
#801=ORIENTED_EDGE('',*,*,#1047,.T.);
#802=ORIENTED_EDGE('',*,*,#1170,.F.);
#803=ORIENTED_EDGE('',*,*,#1171,.F.);
#804=ORIENTED_EDGE('',*,*,#1172,.T.);
#805=ORIENTED_EDGE('',*,*,#1044,.T.);
#806=ORIENTED_EDGE('',*,*,#1173,.F.);
#807=ORIENTED_EDGE('',*,*,#1174,.F.);
#808=ORIENTED_EDGE('',*,*,#1175,.T.);
#809=ORIENTED_EDGE('',*,*,#1042,.F.);
#810=ORIENTED_EDGE('',*,*,#1176,.F.);
#811=ORIENTED_EDGE('',*,*,#1177,.T.);
#812=ORIENTED_EDGE('',*,*,#1178,.T.);
#813=ORIENTED_EDGE('',*,*,#1037,.F.);
#814=ORIENTED_EDGE('',*,*,#1179,.F.);
#815=ORIENTED_EDGE('',*,*,#1180,.T.);
#816=ORIENTED_EDGE('',*,*,#1181,.T.);
#817=ORIENTED_EDGE('',*,*,#1039,.T.);
#818=ORIENTED_EDGE('',*,*,#1182,.F.);
#819=ORIENTED_EDGE('',*,*,#1183,.F.);
#820=ORIENTED_EDGE('',*,*,#1184,.T.);
#821=ORIENTED_EDGE('',*,*,#1033,.F.);
#822=ORIENTED_EDGE('',*,*,#1185,.F.);
#823=ORIENTED_EDGE('',*,*,#1186,.T.);
#824=ORIENTED_EDGE('',*,*,#1187,.T.);
#825=ORIENTED_EDGE('',*,*,#1036,.T.);
#826=ORIENTED_EDGE('',*,*,#1188,.F.);
#827=ORIENTED_EDGE('',*,*,#1189,.F.);
#828=ORIENTED_EDGE('',*,*,#1179,.T.);
#829=ORIENTED_EDGE('',*,*,#1040,.T.);
#830=ORIENTED_EDGE('',*,*,#1184,.F.);
#831=ORIENTED_EDGE('',*,*,#1190,.T.);
#832=ORIENTED_EDGE('',*,*,#1185,.T.);
#833=ORIENTED_EDGE('',*,*,#1035,.T.);
#834=ORIENTED_EDGE('',*,*,#1191,.F.);
#835=ORIENTED_EDGE('',*,*,#1192,.F.);
#836=ORIENTED_EDGE('',*,*,#1188,.T.);
#837=ORIENTED_EDGE('',*,*,#1034,.F.);
#838=ORIENTED_EDGE('',*,*,#1187,.F.);
#839=ORIENTED_EDGE('',*,*,#1193,.F.);
#840=ORIENTED_EDGE('',*,*,#1182,.T.);
#841=ORIENTED_EDGE('',*,*,#1038,.F.);
#842=ORIENTED_EDGE('',*,*,#1181,.F.);
#843=ORIENTED_EDGE('',*,*,#1194,.T.);
#844=ORIENTED_EDGE('',*,*,#1191,.T.);
#845=ORIENTED_EDGE('',*,*,#1029,.F.);
#846=ORIENTED_EDGE('',*,*,#1195,.F.);
#847=ORIENTED_EDGE('',*,*,#1196,.T.);
#848=ORIENTED_EDGE('',*,*,#1197,.T.);
#849=ORIENTED_EDGE('',*,*,#1032,.T.);
#850=ORIENTED_EDGE('',*,*,#1198,.F.);
#851=ORIENTED_EDGE('',*,*,#1199,.T.);
#852=ORIENTED_EDGE('',*,*,#1167,.T.);
#853=ORIENTED_EDGE('',*,*,#1048,.T.);
#854=ORIENTED_EDGE('',*,*,#1172,.F.);
#855=ORIENTED_EDGE('',*,*,#1200,.F.);
#856=ORIENTED_EDGE('',*,*,#1195,.T.);
#857=ORIENTED_EDGE('',*,*,#1031,.T.);
#858=ORIENTED_EDGE('',*,*,#1201,.F.);
#859=ORIENTED_EDGE('',*,*,#1202,.F.);
#860=ORIENTED_EDGE('',*,*,#1198,.T.);
#861=ORIENTED_EDGE('',*,*,#1030,.F.);
#862=ORIENTED_EDGE('',*,*,#1197,.F.);
#863=ORIENTED_EDGE('',*,*,#1203,.T.);
#864=ORIENTED_EDGE('',*,*,#1170,.T.);
#865=ORIENTED_EDGE('',*,*,#1046,.F.);
#866=ORIENTED_EDGE('',*,*,#1169,.F.);
#867=ORIENTED_EDGE('',*,*,#1204,.F.);
#868=ORIENTED_EDGE('',*,*,#1201,.T.);
#869=ORIENTED_EDGE('',*,*,#1025,.F.);
#870=ORIENTED_EDGE('',*,*,#1205,.F.);
#871=ORIENTED_EDGE('',*,*,#1206,.T.);
#872=ORIENTED_EDGE('',*,*,#1176,.T.);
#873=ORIENTED_EDGE('',*,*,#1041,.F.);
#874=ORIENTED_EDGE('',*,*,#1175,.F.);
#875=ORIENTED_EDGE('',*,*,#1207,.F.);
#876=ORIENTED_EDGE('',*,*,#1208,.T.);
#877=ORIENTED_EDGE('',*,*,#1028,.T.);
#878=ORIENTED_EDGE('',*,*,#1209,.F.);
#879=ORIENTED_EDGE('',*,*,#1210,.F.);
#880=ORIENTED_EDGE('',*,*,#1205,.T.);
#881=ORIENTED_EDGE('',*,*,#1027,.T.);
#882=ORIENTED_EDGE('',*,*,#1211,.F.);
#883=ORIENTED_EDGE('',*,*,#1212,.T.);
#884=ORIENTED_EDGE('',*,*,#1173,.T.);
#885=ORIENTED_EDGE('',*,*,#1043,.T.);
#886=ORIENTED_EDGE('',*,*,#1178,.F.);
#887=ORIENTED_EDGE('',*,*,#1213,.F.);
#888=ORIENTED_EDGE('',*,*,#1209,.T.);
#889=ORIENTED_EDGE('',*,*,#1026,.F.);
#890=ORIENTED_EDGE('',*,*,#1208,.F.);
#891=ORIENTED_EDGE('',*,*,#1214,.T.);
#892=ORIENTED_EDGE('',*,*,#1211,.T.);
#893=ORIENTED_EDGE('',*,*,#1200,.T.);
#894=ORIENTED_EDGE('',*,*,#1171,.T.);
#895=ORIENTED_EDGE('',*,*,#1203,.F.);
#896=ORIENTED_EDGE('',*,*,#1196,.F.);
#897=ORIENTED_EDGE('',*,*,#1199,.F.);
#898=ORIENTED_EDGE('',*,*,#1202,.T.);
#899=ORIENTED_EDGE('',*,*,#1204,.T.);
#900=ORIENTED_EDGE('',*,*,#1168,.F.);
#901=ORIENTED_EDGE('',*,*,#1189,.T.);
#902=ORIENTED_EDGE('',*,*,#1192,.T.);
#903=ORIENTED_EDGE('',*,*,#1194,.F.);
#904=ORIENTED_EDGE('',*,*,#1180,.F.);
#905=ORIENTED_EDGE('',*,*,#1190,.F.);
#906=ORIENTED_EDGE('',*,*,#1183,.T.);
#907=ORIENTED_EDGE('',*,*,#1193,.T.);
#908=ORIENTED_EDGE('',*,*,#1186,.F.);
#909=ORIENTED_EDGE('',*,*,#1213,.T.);
#910=ORIENTED_EDGE('',*,*,#1177,.F.);
#911=ORIENTED_EDGE('',*,*,#1206,.F.);
#912=ORIENTED_EDGE('',*,*,#1210,.T.);
#913=ORIENTED_EDGE('',*,*,#1212,.F.);
#914=ORIENTED_EDGE('',*,*,#1214,.F.);
#915=ORIENTED_EDGE('',*,*,#1207,.T.);
#916=ORIENTED_EDGE('',*,*,#1174,.T.);
#917=ORIENTED_EDGE('',*,*,#963,.F.);
#918=ORIENTED_EDGE('',*,*,#1215,.F.);
#919=ORIENTED_EDGE('',*,*,#1216,.T.);
#920=ORIENTED_EDGE('',*,*,#1217,.T.);
#921=ORIENTED_EDGE('',*,*,#962,.T.);
#922=ORIENTED_EDGE('',*,*,#1011,.F.);
#923=ORIENTED_EDGE('',*,*,#1218,.F.);
#924=ORIENTED_EDGE('',*,*,#1215,.T.);
#925=ORIENTED_EDGE('',*,*,#956,.F.);
#926=ORIENTED_EDGE('',*,*,#1219,.F.);
#927=ORIENTED_EDGE('',*,*,#1220,.T.);
#928=ORIENTED_EDGE('',*,*,#1009,.T.);
#929=ORIENTED_EDGE('',*,*,#955,.T.);
#930=ORIENTED_EDGE('',*,*,#1221,.F.);
#931=ORIENTED_EDGE('',*,*,#1222,.F.);
#932=ORIENTED_EDGE('',*,*,#1219,.T.);
#933=ORIENTED_EDGE('',*,*,#954,.F.);
#934=ORIENTED_EDGE('',*,*,#1158,.F.);
#935=ORIENTED_EDGE('',*,*,#1223,.T.);
#936=ORIENTED_EDGE('',*,*,#1221,.T.);
#937=ORIENTED_EDGE('',*,*,#964,.F.);
#938=ORIENTED_EDGE('',*,*,#1217,.F.);
#939=ORIENTED_EDGE('',*,*,#1224,.T.);
#940=ORIENTED_EDGE('',*,*,#1161,.T.);
#941=ORIENTED_EDGE('',*,*,#1216,.F.);
#942=ORIENTED_EDGE('',*,*,#1218,.T.);
#943=ORIENTED_EDGE('',*,*,#1010,.F.);
#944=ORIENTED_EDGE('',*,*,#1220,.F.);
#945=ORIENTED_EDGE('',*,*,#1222,.T.);
#946=ORIENTED_EDGE('',*,*,#1223,.F.);
#947=ORIENTED_EDGE('',*,*,#1157,.T.);
#948=ORIENTED_EDGE('',*,*,#1160,.T.);
#949=ORIENTED_EDGE('',*,*,#1162,.T.);
#950=ORIENTED_EDGE('',*,*,#1224,.F.);
#951=EDGE_CURVE('',#1225,#1225,#1433,.T.);
#952=EDGE_CURVE('',#1226,#1226,#1434,.T.);
#953=EDGE_CURVE('',#1227,#1228,#1435,.T.);
#954=EDGE_CURVE('',#1228,#1229,#63,.T.);
#955=EDGE_CURVE('',#1230,#1229,#1436,.T.);
#956=EDGE_CURVE('',#1230,#1231,#64,.T.);
#957=EDGE_CURVE('',#1232,#1231,#65,.T.);
#958=EDGE_CURVE('',#1232,#1233,#66,.T.);
#959=EDGE_CURVE('',#1234,#1233,#67,.T.);
#960=EDGE_CURVE('',#1234,#1235,#68,.T.);
#961=EDGE_CURVE('',#1236,#1235,#69,.T.);
#962=EDGE_CURVE('',#1237,#1236,#70,.T.);
#963=EDGE_CURVE('',#1237,#1238,#1437,.T.);
#964=EDGE_CURVE('',#1238,#1239,#71,.T.);
#965=EDGE_CURVE('',#1239,#1240,#1438,.T.);
#966=EDGE_CURVE('',#1227,#1240,#72,.T.);
#967=EDGE_CURVE('',#1241,#1241,#1439,.T.);
#968=EDGE_CURVE('',#1242,#1242,#1440,.T.);
#969=EDGE_CURVE('',#1243,#1244,#73,.T.);
#970=EDGE_CURVE('',#1244,#1245,#74,.T.);
#971=EDGE_CURVE('',#1246,#1245,#75,.T.);
#972=EDGE_CURVE('',#1243,#1246,#76,.T.);
#973=EDGE_CURVE('',#1247,#1248,#1441,.T.);
#974=EDGE_CURVE('',#1247,#1249,#77,.T.);
#975=EDGE_CURVE('',#1250,#1249,#1442,.T.);
#976=EDGE_CURVE('',#1248,#1250,#78,.T.);
#977=EDGE_CURVE('',#1251,#1252,#1443,.F.);
#978=EDGE_CURVE('',#1251,#1253,#79,.T.);
#979=EDGE_CURVE('',#1253,#1254,#80,.T.);
#980=EDGE_CURVE('',#1254,#1252,#81,.T.);
#981=EDGE_CURVE('',#1255,#1255,#1444,.T.);
#982=EDGE_CURVE('',#1256,#1256,#1445,.T.);
#983=EDGE_CURVE('',#1257,#1257,#1446,.T.);
#984=EDGE_CURVE('',#1258,#1258,#1447,.T.);
#985=EDGE_CURVE('',#1259,#1259,#1448,.T.);
#986=EDGE_CURVE('',#1260,#1260,#1449,.T.);
#987=EDGE_CURVE('',#1261,#1262,#82,.T.);
#988=EDGE_CURVE('',#1261,#1263,#83,.T.);
#989=EDGE_CURVE('',#1263,#1264,#84,.T.);
#990=EDGE_CURVE('',#1244,#1264,#85,.T.);
#991=EDGE_CURVE('',#1265,#1243,#86,.T.);
#992=EDGE_CURVE('',#1266,#1265,#87,.T.);
#993=EDGE_CURVE('',#1262,#1266,#88,.T.);
#994=EDGE_CURVE('',#1267,#1268,#1450,.F.);
#995=EDGE_CURVE('',#1267,#1269,#89,.T.);
#996=EDGE_CURVE('',#1269,#1270,#90,.T.);
#997=EDGE_CURVE('',#1270,#1268,#91,.T.);
#998=EDGE_CURVE('',#1271,#1271,#1451,.T.);
#999=EDGE_CURVE('',#1272,#1272,#1452,.T.);
#1000=EDGE_CURVE('',#1273,#1273,#1453,.T.);
#1001=EDGE_CURVE('',#1274,#1275,#92,.T.);
#1002=EDGE_CURVE('',#1274,#1276,#93,.T.);
#1003=EDGE_CURVE('',#1277,#1276,#94,.T.);
#1004=EDGE_CURVE('',#1278,#1277,#95,.T.);
#1005=EDGE_CURVE('',#1278,#1279,#1454,.T.);
#1006=EDGE_CURVE('',#1279,#1280,#96,.T.);
#1007=EDGE_CURVE('',#1281,#1280,#97,.T.);
#1008=EDGE_CURVE('',#1281,#1275,#98,.T.);
#1009=EDGE_CURVE('',#1282,#1231,#99,.T.);
#1010=EDGE_CURVE('',#1282,#1283,#100,.T.);
#1011=EDGE_CURVE('',#1283,#1236,#101,.T.);
#1012=EDGE_CURVE('',#1235,#1284,#102,.T.);
#1013=EDGE_CURVE('',#1284,#1281,#103,.T.);
#1014=EDGE_CURVE('',#1285,#1280,#104,.T.);
#1015=EDGE_CURVE('',#1286,#1285,#105,.T.);
#1016=EDGE_CURVE('',#1286,#1277,#106,.T.);
#1017=EDGE_CURVE('',#1276,#1287,#107,.T.);
#1018=EDGE_CURVE('',#1288,#1287,#108,.T.);
#1019=EDGE_CURVE('',#1289,#1288,#109,.T.);
#1020=EDGE_CURVE('',#1289,#1290,#110,.T.);
#1021=EDGE_CURVE('',#1290,#1291,#111,.T.);
#1022=EDGE_CURVE('',#1291,#1292,#112,.T.);
#1023=EDGE_CURVE('',#1292,#1293,#113,.T.);
#1024=EDGE_CURVE('',#1293,#1232,#114,.T.);
#1025=EDGE_CURVE('',#1294,#1295,#115,.T.);
#1026=EDGE_CURVE('',#1295,#1296,#116,.T.);
#1027=EDGE_CURVE('',#1297,#1296,#117,.T.);
#1028=EDGE_CURVE('',#1294,#1297,#118,.T.);
#1029=EDGE_CURVE('',#1298,#1299,#119,.T.);
#1030=EDGE_CURVE('',#1299,#1300,#120,.T.);
#1031=EDGE_CURVE('',#1301,#1300,#121,.T.);
#1032=EDGE_CURVE('',#1298,#1301,#122,.T.);
#1033=EDGE_CURVE('',#1302,#1303,#123,.T.);
#1034=EDGE_CURVE('',#1303,#1304,#124,.T.);
#1035=EDGE_CURVE('',#1305,#1304,#125,.T.);
#1036=EDGE_CURVE('',#1302,#1305,#126,.T.);
#1037=EDGE_CURVE('',#1306,#1307,#127,.T.);
#1038=EDGE_CURVE('',#1307,#1308,#128,.T.);
#1039=EDGE_CURVE('',#1309,#1308,#129,.T.);
#1040=EDGE_CURVE('',#1306,#1309,#130,.T.);
#1041=EDGE_CURVE('',#1310,#1311,#131,.T.);
#1042=EDGE_CURVE('',#1311,#1312,#132,.T.);
#1043=EDGE_CURVE('',#1313,#1312,#133,.T.);
#1044=EDGE_CURVE('',#1310,#1313,#134,.T.);
#1045=EDGE_CURVE('',#1314,#1315,#135,.T.);
#1046=EDGE_CURVE('',#1315,#1316,#136,.T.);
#1047=EDGE_CURVE('',#1317,#1316,#137,.T.);
#1048=EDGE_CURVE('',#1314,#1317,#138,.T.);
#1049=EDGE_CURVE('',#1318,#1319,#1455,.T.);
#1050=EDGE_CURVE('',#1318,#1320,#139,.T.);
#1051=EDGE_CURVE('',#1320,#1321,#140,.T.);
#1052=EDGE_CURVE('',#1321,#1319,#141,.T.);
#1053=EDGE_CURVE('',#1322,#1323,#1456,.T.);
#1054=EDGE_CURVE('',#1322,#1324,#142,.T.);
#1055=EDGE_CURVE('',#1324,#1325,#143,.T.);
#1056=EDGE_CURVE('',#1325,#1323,#144,.T.);
#1057=EDGE_CURVE('',#1326,#1326,#1457,.T.);
#1058=EDGE_CURVE('',#1327,#1327,#1458,.T.);
#1059=EDGE_CURVE('',#1328,#1328,#1459,.T.);
#1060=EDGE_CURVE('',#1329,#1329,#1460,.T.);
#1061=EDGE_CURVE('',#1330,#1330,#1461,.T.);
#1062=EDGE_CURVE('',#1331,#1331,#1462,.T.);
#1063=EDGE_CURVE('',#1332,#1332,#1463,.T.);
#1064=EDGE_CURVE('',#1333,#1333,#1464,.T.);
#1065=EDGE_CURVE('',#1334,#1334,#1465,.T.);
#1066=EDGE_CURVE('',#1335,#1335,#1466,.T.);
#1067=EDGE_CURVE('',#1336,#1336,#1467,.T.);
#1068=EDGE_CURVE('',#1337,#1337,#1468,.T.);
#1069=EDGE_CURVE('',#1338,#1338,#1469,.T.);
#1070=EDGE_CURVE('',#1339,#1339,#1470,.T.);
#1071=EDGE_CURVE('',#1340,#1341,#1471,.T.);
#1072=EDGE_CURVE('',#1262,#1340,#145,.T.);
#1073=EDGE_CURVE('',#1266,#1342,#146,.T.);
#1074=EDGE_CURVE('',#1245,#1342,#147,.T.);
#1075=EDGE_CURVE('',#1264,#1341,#148,.T.);
#1076=EDGE_CURVE('',#1343,#1343,#1472,.T.);
#1077=EDGE_CURVE('',#1344,#1344,#1473,.T.);
#1078=EDGE_CURVE('',#1345,#1345,#1474,.T.);
#1079=EDGE_CURVE('',#1346,#1288,#149,.T.);
#1080=EDGE_CURVE('',#1342,#1346,#150,.T.);
#1081=EDGE_CURVE('',#1265,#1347,#151,.T.);
#1082=EDGE_CURVE('',#1348,#1347,#152,.T.);
#1083=EDGE_CURVE('',#1348,#1289,#153,.T.);
#1084=EDGE_CURVE('',#1349,#1349,#1475,.T.);
#1085=EDGE_CURVE('',#1350,#1350,#1476,.T.);
#1086=EDGE_CURVE('',#1351,#1351,#1477,.T.);
#1087=EDGE_CURVE('',#1347,#1246,#154,.T.);
#1088=EDGE_CURVE('',#1352,#1352,#1478,.T.);
#1089=EDGE_CURVE('',#1353,#1353,#1479,.T.);
#1090=EDGE_CURVE('',#1354,#1354,#1480,.T.);
#1091=EDGE_CURVE('',#1291,#1355,#155,.T.);
#1092=EDGE_CURVE('',#1356,#1355,#156,.T.);
#1093=EDGE_CURVE('',#1356,#1292,#157,.T.);
#1094=EDGE_CURVE('',#1293,#1357,#158,.T.);
#1095=EDGE_CURVE('',#1233,#1357,#159,.T.);
#1096=EDGE_CURVE('',#1357,#1356,#160,.T.);
#1097=EDGE_CURVE('',#1290,#1358,#161,.T.);
#1098=EDGE_CURVE('',#1355,#1358,#162,.T.);
#1099=EDGE_CURVE('',#1358,#1348,#163,.T.);
#1100=EDGE_CURVE('',#1284,#1359,#164,.T.);
#1101=EDGE_CURVE('',#1275,#1359,#165,.T.);
#1102=EDGE_CURVE('',#1359,#1234,#166,.T.);
#1103=EDGE_CURVE('',#1360,#1360,#1481,.T.);
#1104=EDGE_CURVE('',#1361,#1361,#1482,.T.);
#1105=EDGE_CURVE('',#1362,#1362,#1483,.T.);
#1106=EDGE_CURVE('',#1363,#1363,#1484,.T.);
#1107=EDGE_CURVE('',#1346,#1364,#167,.T.);
#1108=EDGE_CURVE('',#1274,#1364,#168,.T.);
#1109=EDGE_CURVE('',#1365,#1365,#1485,.T.);
#1110=EDGE_CURVE('',#1366,#1366,#1486,.T.);
#1111=EDGE_CURVE('',#1367,#1367,#1487,.T.);
#1112=EDGE_CURVE('',#1368,#1368,#1488,.T.);
#1113=EDGE_CURVE('',#1369,#1369,#1489,.T.);
#1114=EDGE_CURVE('',#1370,#1370,#1490,.T.);
#1115=EDGE_CURVE('',#1371,#1371,#1491,.T.);
#1116=EDGE_CURVE('',#1372,#1372,#1492,.T.);
#1117=EDGE_CURVE('',#1261,#1286,#169,.T.);
#1118=EDGE_CURVE('',#1278,#1340,#170,.T.);
#1119=EDGE_CURVE('',#1263,#1285,#171,.T.);
#1120=EDGE_CURVE('',#1279,#1341,#172,.T.);
#1121=EDGE_CURVE('',#1364,#1287,#173,.T.);
#1122=EDGE_CURVE('',#1373,#1373,#1493,.T.);
#1123=EDGE_CURVE('',#1374,#1374,#1494,.F.);
#1124=EDGE_CURVE('',#1375,#1375,#1495,.T.);
#1125=EDGE_CURVE('',#1376,#1376,#1496,.T.);
#1126=EDGE_CURVE('',#1377,#1377,#1497,.F.);
#1127=EDGE_CURVE('',#1378,#1378,#1498,.T.);
#1128=EDGE_CURVE('',#1379,#1379,#1499,.T.);
#1129=EDGE_CURVE('',#1380,#1380,#1500,.F.);
#1130=EDGE_CURVE('',#1381,#1381,#1501,.T.);
#1131=EDGE_CURVE('',#1382,#1382,#1502,.T.);
#1132=EDGE_CURVE('',#1383,#1383,#1503,.F.);
#1133=EDGE_CURVE('',#1384,#1384,#1504,.T.);
#1134=EDGE_CURVE('',#1385,#1385,#1505,.T.);
#1135=EDGE_CURVE('',#1386,#1386,#1506,.F.);
#1136=EDGE_CURVE('',#1387,#1387,#1507,.T.);
#1137=EDGE_CURVE('',#1388,#1388,#1508,.T.);
#1138=EDGE_CURVE('',#1389,#1389,#1509,.F.);
#1139=EDGE_CURVE('',#1390,#1390,#1510,.T.);
#1140=EDGE_CURVE('',#1391,#1391,#1511,.T.);
#1141=EDGE_CURVE('',#1392,#1392,#1512,.F.);
#1142=EDGE_CURVE('',#1393,#1393,#1513,.T.);
#1143=EDGE_CURVE('',#1394,#1394,#1514,.T.);
#1144=EDGE_CURVE('',#1395,#1395,#1515,.F.);
#1145=EDGE_CURVE('',#1396,#1396,#1516,.T.);
#1146=EDGE_CURVE('',#1322,#1252,#174,.T.);
#1147=EDGE_CURVE('',#1323,#1251,#175,.T.);
#1148=EDGE_CURVE('',#1325,#1253,#176,.T.);
#1149=EDGE_CURVE('',#1324,#1254,#177,.T.);
#1150=EDGE_CURVE('',#1318,#1268,#178,.T.);
#1151=EDGE_CURVE('',#1319,#1267,#179,.T.);
#1152=EDGE_CURVE('',#1321,#1269,#180,.T.);
#1153=EDGE_CURVE('',#1320,#1270,#181,.T.);
#1154=EDGE_CURVE('',#1227,#1247,#182,.T.);
#1155=EDGE_CURVE('',#1240,#1249,#183,.T.);
#1156=EDGE_CURVE('',#1397,#1248,#184,.T.);
#1157=EDGE_CURVE('',#1398,#1397,#1517,.T.);
#1158=EDGE_CURVE('',#1398,#1228,#185,.T.);
#1159=EDGE_CURVE('',#1399,#1250,#186,.T.);
#1160=EDGE_CURVE('',#1397,#1399,#187,.T.);
#1161=EDGE_CURVE('',#1400,#1239,#188,.T.);
#1162=EDGE_CURVE('',#1399,#1400,#1518,.T.);
#1163=EDGE_CURVE('',#1401,#1401,#1519,.T.);
#1164=EDGE_CURVE('',#1402,#1402,#1520,.T.);
#1165=EDGE_CURVE('',#1403,#1403,#1521,.T.);
#1166=EDGE_CURVE('',#1404,#1404,#1522,.T.);
#1167=EDGE_CURVE('',#1405,#1314,#189,.T.);
#1168=EDGE_CURVE('',#1405,#1406,#190,.T.);
#1169=EDGE_CURVE('',#1406,#1315,#191,.T.);
#1170=EDGE_CURVE('',#1407,#1316,#192,.T.);
#1171=EDGE_CURVE('',#1408,#1407,#193,.T.);
#1172=EDGE_CURVE('',#1408,#1317,#194,.T.);
#1173=EDGE_CURVE('',#1409,#1313,#195,.T.);
#1174=EDGE_CURVE('',#1410,#1409,#196,.T.);
#1175=EDGE_CURVE('',#1410,#1310,#197,.T.);
#1176=EDGE_CURVE('',#1411,#1311,#198,.T.);
#1177=EDGE_CURVE('',#1411,#1412,#199,.T.);
#1178=EDGE_CURVE('',#1412,#1312,#200,.T.);
#1179=EDGE_CURVE('',#1413,#1306,#201,.T.);
#1180=EDGE_CURVE('',#1413,#1414,#202,.T.);
#1181=EDGE_CURVE('',#1414,#1307,#203,.T.);
#1182=EDGE_CURVE('',#1415,#1308,#204,.T.);
#1183=EDGE_CURVE('',#1416,#1415,#205,.T.);
#1184=EDGE_CURVE('',#1416,#1309,#206,.T.);
#1185=EDGE_CURVE('',#1417,#1302,#207,.T.);
#1186=EDGE_CURVE('',#1417,#1418,#208,.T.);
#1187=EDGE_CURVE('',#1418,#1303,#209,.T.);
#1188=EDGE_CURVE('',#1419,#1305,#210,.T.);
#1189=EDGE_CURVE('',#1413,#1419,#1523,.T.);
#1190=EDGE_CURVE('',#1416,#1417,#1524,.T.);
#1191=EDGE_CURVE('',#1420,#1304,#211,.T.);
#1192=EDGE_CURVE('',#1419,#1420,#212,.T.);
#1193=EDGE_CURVE('',#1415,#1418,#1525,.T.);
#1194=EDGE_CURVE('',#1414,#1420,#1526,.T.);
#1195=EDGE_CURVE('',#1421,#1298,#213,.T.);
#1196=EDGE_CURVE('',#1421,#1422,#214,.T.);
#1197=EDGE_CURVE('',#1422,#1299,#215,.T.);
#1198=EDGE_CURVE('',#1423,#1301,#216,.T.);
#1199=EDGE_CURVE('',#1423,#1405,#1527,.T.);
#1200=EDGE_CURVE('',#1421,#1408,#1528,.T.);
#1201=EDGE_CURVE('',#1424,#1300,#217,.T.);
#1202=EDGE_CURVE('',#1423,#1424,#218,.T.);
#1203=EDGE_CURVE('',#1422,#1407,#1529,.T.);
#1204=EDGE_CURVE('',#1424,#1406,#1530,.T.);
#1205=EDGE_CURVE('',#1425,#1294,#219,.T.);
#1206=EDGE_CURVE('',#1425,#1411,#1531,.T.);
#1207=EDGE_CURVE('',#1426,#1410,#1532,.T.);
#1208=EDGE_CURVE('',#1426,#1295,#220,.T.);
#1209=EDGE_CURVE('',#1427,#1297,#221,.T.);
#1210=EDGE_CURVE('',#1425,#1427,#222,.T.);
#1211=EDGE_CURVE('',#1428,#1296,#223,.T.);
#1212=EDGE_CURVE('',#1428,#1409,#1533,.T.);
#1213=EDGE_CURVE('',#1427,#1412,#1534,.T.);
#1214=EDGE_CURVE('',#1426,#1428,#224,.T.);
#1215=EDGE_CURVE('',#1429,#1237,#225,.T.);
#1216=EDGE_CURVE('',#1429,#1430,#1535,.T.);
#1217=EDGE_CURVE('',#1430,#1238,#226,.T.);
#1218=EDGE_CURVE('',#1429,#1283,#227,.T.);
#1219=EDGE_CURVE('',#1431,#1230,#228,.T.);
#1220=EDGE_CURVE('',#1431,#1282,#229,.T.);
#1221=EDGE_CURVE('',#1432,#1229,#230,.T.);
#1222=EDGE_CURVE('',#1431,#1432,#1536,.T.);
#1223=EDGE_CURVE('',#1398,#1432,#231,.T.);
#1224=EDGE_CURVE('',#1430,#1400,#232,.T.);
#1225=VERTEX_POINT('',#3077);
#1226=VERTEX_POINT('',#3079);
#1227=VERTEX_POINT('',#3081);
#1228=VERTEX_POINT('',#3082);
#1229=VERTEX_POINT('',#3084);
#1230=VERTEX_POINT('',#3086);
#1231=VERTEX_POINT('',#3088);
#1232=VERTEX_POINT('',#3090);
#1233=VERTEX_POINT('',#3092);
#1234=VERTEX_POINT('',#3094);
#1235=VERTEX_POINT('',#3096);
#1236=VERTEX_POINT('',#3098);
#1237=VERTEX_POINT('',#3100);
#1238=VERTEX_POINT('',#3102);
#1239=VERTEX_POINT('',#3104);
#1240=VERTEX_POINT('',#3106);
#1241=VERTEX_POINT('',#3110);
#1242=VERTEX_POINT('',#3112);
#1243=VERTEX_POINT('',#3114);
#1244=VERTEX_POINT('',#3115);
#1245=VERTEX_POINT('',#3117);
#1246=VERTEX_POINT('',#3119);
#1247=VERTEX_POINT('',#3122);
#1248=VERTEX_POINT('',#3123);
#1249=VERTEX_POINT('',#3125);
#1250=VERTEX_POINT('',#3127);
#1251=VERTEX_POINT('',#3131);
#1252=VERTEX_POINT('',#3132);
#1253=VERTEX_POINT('',#3134);
#1254=VERTEX_POINT('',#3136);
#1255=VERTEX_POINT('',#3139);
#1256=VERTEX_POINT('',#3141);
#1257=VERTEX_POINT('',#3143);
#1258=VERTEX_POINT('',#3145);
#1259=VERTEX_POINT('',#3147);
#1260=VERTEX_POINT('',#3149);
#1261=VERTEX_POINT('',#3151);
#1262=VERTEX_POINT('',#3152);
#1263=VERTEX_POINT('',#3154);
#1264=VERTEX_POINT('',#3156);
#1265=VERTEX_POINT('',#3159);
#1266=VERTEX_POINT('',#3161);
#1267=VERTEX_POINT('',#3164);
#1268=VERTEX_POINT('',#3165);
#1269=VERTEX_POINT('',#3167);
#1270=VERTEX_POINT('',#3169);
#1271=VERTEX_POINT('',#3173);
#1272=VERTEX_POINT('',#3175);
#1273=VERTEX_POINT('',#3177);
#1274=VERTEX_POINT('',#3179);
#1275=VERTEX_POINT('',#3180);
#1276=VERTEX_POINT('',#3182);
#1277=VERTEX_POINT('',#3184);
#1278=VERTEX_POINT('',#3186);
#1279=VERTEX_POINT('',#3188);
#1280=VERTEX_POINT('',#3190);
#1281=VERTEX_POINT('',#3192);
#1282=VERTEX_POINT('',#3196);
#1283=VERTEX_POINT('',#3198);
#1284=VERTEX_POINT('',#3201);
#1285=VERTEX_POINT('',#3204);
#1286=VERTEX_POINT('',#3206);
#1287=VERTEX_POINT('',#3209);
#1288=VERTEX_POINT('',#3211);
#1289=VERTEX_POINT('',#3213);
#1290=VERTEX_POINT('',#3215);
#1291=VERTEX_POINT('',#3217);
#1292=VERTEX_POINT('',#3219);
#1293=VERTEX_POINT('',#3221);
#1294=VERTEX_POINT('',#3224);
#1295=VERTEX_POINT('',#3225);
#1296=VERTEX_POINT('',#3227);
#1297=VERTEX_POINT('',#3229);
#1298=VERTEX_POINT('',#3232);
#1299=VERTEX_POINT('',#3233);
#1300=VERTEX_POINT('',#3235);
#1301=VERTEX_POINT('',#3237);
#1302=VERTEX_POINT('',#3240);
#1303=VERTEX_POINT('',#3241);
#1304=VERTEX_POINT('',#3243);
#1305=VERTEX_POINT('',#3245);
#1306=VERTEX_POINT('',#3248);
#1307=VERTEX_POINT('',#3249);
#1308=VERTEX_POINT('',#3251);
#1309=VERTEX_POINT('',#3253);
#1310=VERTEX_POINT('',#3256);
#1311=VERTEX_POINT('',#3257);
#1312=VERTEX_POINT('',#3259);
#1313=VERTEX_POINT('',#3261);
#1314=VERTEX_POINT('',#3264);
#1315=VERTEX_POINT('',#3265);
#1316=VERTEX_POINT('',#3267);
#1317=VERTEX_POINT('',#3269);
#1318=VERTEX_POINT('',#3272);
#1319=VERTEX_POINT('',#3273);
#1320=VERTEX_POINT('',#3275);
#1321=VERTEX_POINT('',#3277);
#1322=VERTEX_POINT('',#3280);
#1323=VERTEX_POINT('',#3281);
#1324=VERTEX_POINT('',#3283);
#1325=VERTEX_POINT('',#3285);
#1326=VERTEX_POINT('',#3288);
#1327=VERTEX_POINT('',#3290);
#1328=VERTEX_POINT('',#3292);
#1329=VERTEX_POINT('',#3294);
#1330=VERTEX_POINT('',#3296);
#1331=VERTEX_POINT('',#3298);
#1332=VERTEX_POINT('',#3300);
#1333=VERTEX_POINT('',#3302);
#1334=VERTEX_POINT('',#3304);
#1335=VERTEX_POINT('',#3306);
#1336=VERTEX_POINT('',#3308);
#1337=VERTEX_POINT('',#3310);
#1338=VERTEX_POINT('',#3312);
#1339=VERTEX_POINT('',#3314);
#1340=VERTEX_POINT('',#3317);
#1341=VERTEX_POINT('',#3318);
#1342=VERTEX_POINT('',#3321);
#1343=VERTEX_POINT('',#3325);
#1344=VERTEX_POINT('',#3327);
#1345=VERTEX_POINT('',#3329);
#1346=VERTEX_POINT('',#3332);
#1347=VERTEX_POINT('',#3335);
#1348=VERTEX_POINT('',#3337);
#1349=VERTEX_POINT('',#3341);
#1350=VERTEX_POINT('',#3343);
#1351=VERTEX_POINT('',#3345);
#1352=VERTEX_POINT('',#3349);
#1353=VERTEX_POINT('',#3351);
#1354=VERTEX_POINT('',#3353);
#1355=VERTEX_POINT('',#3355);
#1356=VERTEX_POINT('',#3357);
#1357=VERTEX_POINT('',#3361);
#1358=VERTEX_POINT('',#3367);
#1359=VERTEX_POINT('',#3373);
#1360=VERTEX_POINT('',#3379);
#1361=VERTEX_POINT('',#3382);
#1362=VERTEX_POINT('',#3385);
#1363=VERTEX_POINT('',#3388);
#1364=VERTEX_POINT('',#3393);
#1365=VERTEX_POINT('',#3396);
#1366=VERTEX_POINT('',#3398);
#1367=VERTEX_POINT('',#3400);
#1368=VERTEX_POINT('',#3402);
#1369=VERTEX_POINT('',#3405);
#1370=VERTEX_POINT('',#3409);
#1371=VERTEX_POINT('',#3413);
#1372=VERTEX_POINT('',#3417);
#1373=VERTEX_POINT('',#3432);
#1374=VERTEX_POINT('',#3434);
#1375=VERTEX_POINT('',#3437);
#1376=VERTEX_POINT('',#3442);
#1377=VERTEX_POINT('',#3444);
#1378=VERTEX_POINT('',#3447);
#1379=VERTEX_POINT('',#3452);
#1380=VERTEX_POINT('',#3454);
#1381=VERTEX_POINT('',#3457);
#1382=VERTEX_POINT('',#3462);
#1383=VERTEX_POINT('',#3464);
#1384=VERTEX_POINT('',#3467);
#1385=VERTEX_POINT('',#3472);
#1386=VERTEX_POINT('',#3474);
#1387=VERTEX_POINT('',#3477);
#1388=VERTEX_POINT('',#3482);
#1389=VERTEX_POINT('',#3484);
#1390=VERTEX_POINT('',#3487);
#1391=VERTEX_POINT('',#3492);
#1392=VERTEX_POINT('',#3494);
#1393=VERTEX_POINT('',#3497);
#1394=VERTEX_POINT('',#3502);
#1395=VERTEX_POINT('',#3504);
#1396=VERTEX_POINT('',#3507);
#1397=VERTEX_POINT('',#3537);
#1398=VERTEX_POINT('',#3539);
#1399=VERTEX_POINT('',#3543);
#1400=VERTEX_POINT('',#3547);
#1401=VERTEX_POINT('',#3553);
#1402=VERTEX_POINT('',#3556);
#1403=VERTEX_POINT('',#3559);
#1404=VERTEX_POINT('',#3562);
#1405=VERTEX_POINT('',#3569);
#1406=VERTEX_POINT('',#3571);
#1407=VERTEX_POINT('',#3575);
#1408=VERTEX_POINT('',#3577);
#1409=VERTEX_POINT('',#3581);
#1410=VERTEX_POINT('',#3583);
#1411=VERTEX_POINT('',#3587);
#1412=VERTEX_POINT('',#3589);
#1413=VERTEX_POINT('',#3593);
#1414=VERTEX_POINT('',#3595);
#1415=VERTEX_POINT('',#3599);
#1416=VERTEX_POINT('',#3601);
#1417=VERTEX_POINT('',#3605);
#1418=VERTEX_POINT('',#3607);
#1419=VERTEX_POINT('',#3611);
#1420=VERTEX_POINT('',#3616);
#1421=VERTEX_POINT('',#3623);
#1422=VERTEX_POINT('',#3625);
#1423=VERTEX_POINT('',#3629);
#1424=VERTEX_POINT('',#3634);
#1425=VERTEX_POINT('',#3641);
#1426=VERTEX_POINT('',#3644);
#1427=VERTEX_POINT('',#3648);
#1428=VERTEX_POINT('',#3652);
#1429=VERTEX_POINT('',#3665);
#1430=VERTEX_POINT('',#3667);
#1431=VERTEX_POINT('',#3673);
#1432=VERTEX_POINT('',#3677);
#1433=CIRCLE('',#2210,0.007);
#1434=CIRCLE('',#2211,0.007);
#1435=CIRCLE('',#2212,0.02125);
#1436=CIRCLE('',#2213,0.02425);
#1437=CIRCLE('',#2214,0.02425);
#1438=CIRCLE('',#2215,0.02125);
#1439=CIRCLE('',#2217,0.007);
#1440=CIRCLE('',#2218,0.007);
#1441=CIRCLE('',#2219,0.02125);
#1442=CIRCLE('',#2220,0.02125);
#1443=CIRCLE('',#2222,0.022);
#1444=CIRCLE('',#2223,0.0015);
#1445=CIRCLE('',#2224,0.0015);
#1446=CIRCLE('',#2225,0.0015);
#1447=CIRCLE('',#2226,0.0015);
#1448=CIRCLE('',#2227,0.0015);
#1449=CIRCLE('',#2228,0.0015);
#1450=CIRCLE('',#2229,0.022);
#1451=CIRCLE('',#2231,0.001);
#1452=CIRCLE('',#2232,0.001);
#1453=CIRCLE('',#2233,0.0045);
#1454=CIRCLE('',#2234,0.0095);
#1455=CIRCLE('',#2236,0.022);
#1456=CIRCLE('',#2237,0.022);
#1457=CIRCLE('',#2238,0.0015);
#1458=CIRCLE('',#2239,0.0015);
#1459=CIRCLE('',#2240,0.0015);
#1460=CIRCLE('',#2241,0.0015);
#1461=CIRCLE('',#2242,0.0015);
#1462=CIRCLE('',#2243,0.0015);
#1463=CIRCLE('',#2244,0.0027);
#1464=CIRCLE('',#2245,0.003);
#1465=CIRCLE('',#2246,0.003);
#1466=CIRCLE('',#2247,0.003);
#1467=CIRCLE('',#2248,0.0027);
#1468=CIRCLE('',#2249,0.0027);
#1469=CIRCLE('',#2250,0.0027);
#1470=CIRCLE('',#2251,0.003);
#1471=CIRCLE('',#2253,0.0095);
#1472=CIRCLE('',#2254,0.0045);
#1473=CIRCLE('',#2255,0.002);
#1474=CIRCLE('',#2256,0.002);
#1475=CIRCLE('',#2259,0.0045);
#1476=CIRCLE('',#2260,0.002);
#1477=CIRCLE('',#2261,0.002);
#1478=CIRCLE('',#2263,0.001);
#1479=CIRCLE('',#2264,0.001);
#1480=CIRCLE('',#2265,0.0045);
#1481=CIRCLE('',#2273,0.001);
#1482=CIRCLE('',#2275,0.001);
#1483=CIRCLE('',#2277,0.001);
#1484=CIRCLE('',#2279,0.001);
#1485=CIRCLE('',#2283,0.002);
#1486=CIRCLE('',#2284,0.002);
#1487=CIRCLE('',#2285,0.002);
#1488=CIRCLE('',#2286,0.002);
#1489=CIRCLE('',#2288,0.002);
#1490=CIRCLE('',#2291,0.002);
#1491=CIRCLE('',#2294,0.002);
#1492=CIRCLE('',#2297,0.002);
#1493=CIRCLE('',#2306,0.0016);
#1494=CIRCLE('',#2307,0.0016);
#1495=CIRCLE('',#2309,0.003);
#1496=CIRCLE('',#2313,0.0016);
#1497=CIRCLE('',#2314,0.0016);
#1498=CIRCLE('',#2316,0.0027);
#1499=CIRCLE('',#2320,0.0016);
#1500=CIRCLE('',#2321,0.0016);
#1501=CIRCLE('',#2323,0.0027);
#1502=CIRCLE('',#2327,0.0016);
#1503=CIRCLE('',#2328,0.0016);
#1504=CIRCLE('',#2330,0.0027);
#1505=CIRCLE('',#2334,0.0016);
#1506=CIRCLE('',#2335,0.0016);
#1507=CIRCLE('',#2337,0.003);
#1508=CIRCLE('',#2341,0.0016);
#1509=CIRCLE('',#2342,0.0016);
#1510=CIRCLE('',#2344,0.003);
#1511=CIRCLE('',#2348,0.0016);
#1512=CIRCLE('',#2349,0.0016);
#1513=CIRCLE('',#2351,0.003);
#1514=CIRCLE('',#2355,0.0016);
#1515=CIRCLE('',#2356,0.0016);
#1516=CIRCLE('',#2358,0.0027);
#1517=CIRCLE('',#2377,0.02125);
#1518=CIRCLE('',#2380,0.02125);
#1519=CIRCLE('',#2384,0.002);
#1520=CIRCLE('',#2386,0.002);
#1521=CIRCLE('',#2388,0.002);
#1522=CIRCLE('',#2390,0.002);
#1523=CIRCLE('',#2403,0.004825);
#1524=CIRCLE('',#2404,0.006825);
#1525=CIRCLE('',#2407,0.006825);
#1526=CIRCLE('',#2408,0.004825);
#1527=CIRCLE('',#2411,0.006825);
#1528=CIRCLE('',#2412,0.004825);
#1529=CIRCLE('',#2415,0.004825);
#1530=CIRCLE('',#2416,0.006825);
#1531=CIRCLE('',#2418,0.004825);
#1532=CIRCLE('',#2419,0.006825);
#1533=CIRCLE('',#2422,0.006825);
#1534=CIRCLE('',#2423,0.004825);
#1535=CIRCLE('',#2432,0.02425);
#1536=CIRCLE('',#2436,0.02425);
#1537=EDGE_LOOP('',(#403));
#1538=EDGE_LOOP('',(#404));
#1539=EDGE_LOOP('',(#405,#406,#407,#408,#409,#410,#411,#412,#413,#414,#415,
#416,#417,#418));
#1540=EDGE_LOOP('',(#419));
#1541=EDGE_LOOP('',(#420));
#1542=EDGE_LOOP('',(#421,#422,#423,#424));
#1543=EDGE_LOOP('',(#425,#426,#427,#428));
#1544=EDGE_LOOP('',(#429,#430,#431,#432));
#1545=EDGE_LOOP('',(#433));
#1546=EDGE_LOOP('',(#434));
#1547=EDGE_LOOP('',(#435));
#1548=EDGE_LOOP('',(#436));
#1549=EDGE_LOOP('',(#437));
#1550=EDGE_LOOP('',(#438));
#1551=EDGE_LOOP('',(#439,#440,#441,#442,#443,#444,#445,#446));
#1552=EDGE_LOOP('',(#447,#448,#449,#450));
#1553=EDGE_LOOP('',(#451));
#1554=EDGE_LOOP('',(#452));
#1555=EDGE_LOOP('',(#453));
#1556=EDGE_LOOP('',(#454,#455,#456,#457,#458,#459,#460,#461));
#1557=EDGE_LOOP('',(#462,#463,#464,#465,#466,#467,#468,#469,#470,#471,#472,
#473,#474,#475,#476,#477,#478,#479,#480,#481));
#1558=EDGE_LOOP('',(#482,#483,#484,#485));
#1559=EDGE_LOOP('',(#486,#487,#488,#489));
#1560=EDGE_LOOP('',(#490,#491,#492,#493));
#1561=EDGE_LOOP('',(#494,#495,#496,#497));
#1562=EDGE_LOOP('',(#498,#499,#500,#501));
#1563=EDGE_LOOP('',(#502,#503,#504,#505));
#1564=EDGE_LOOP('',(#506,#507,#508,#509));
#1565=EDGE_LOOP('',(#510,#511,#512,#513));
#1566=EDGE_LOOP('',(#514));
#1567=EDGE_LOOP('',(#515));
#1568=EDGE_LOOP('',(#516));
#1569=EDGE_LOOP('',(#517));
#1570=EDGE_LOOP('',(#518));
#1571=EDGE_LOOP('',(#519));
#1572=EDGE_LOOP('',(#520));
#1573=EDGE_LOOP('',(#521));
#1574=EDGE_LOOP('',(#522));
#1575=EDGE_LOOP('',(#523));
#1576=EDGE_LOOP('',(#524));
#1577=EDGE_LOOP('',(#525));
#1578=EDGE_LOOP('',(#526));
#1579=EDGE_LOOP('',(#527));
#1580=EDGE_LOOP('',(#528,#529,#530,#531,#532,#533,#534,#535));
#1581=EDGE_LOOP('',(#536));
#1582=EDGE_LOOP('',(#537));
#1583=EDGE_LOOP('',(#538));
#1584=EDGE_LOOP('',(#539,#540,#541,#542,#543,#544,#545,#546));
#1585=EDGE_LOOP('',(#547));
#1586=EDGE_LOOP('',(#548));
#1587=EDGE_LOOP('',(#549));
#1588=EDGE_LOOP('',(#550,#551,#552,#553));
#1589=EDGE_LOOP('',(#554));
#1590=EDGE_LOOP('',(#555));
#1591=EDGE_LOOP('',(#556));
#1592=EDGE_LOOP('',(#557,#558,#559,#560));
#1593=EDGE_LOOP('',(#561,#562,#563,#564));
#1594=EDGE_LOOP('',(#565,#566,#567,#568));
#1595=EDGE_LOOP('',(#569,#570,#571,#572));
#1596=EDGE_LOOP('',(#573,#574,#575,#576));
#1597=EDGE_LOOP('',(#577,#578,#579,#580));
#1598=EDGE_LOOP('',(#581,#582,#583,#584));
#1599=EDGE_LOOP('',(#585));
#1600=EDGE_LOOP('',(#586));
#1601=EDGE_LOOP('',(#587));
#1602=EDGE_LOOP('',(#588));
#1603=EDGE_LOOP('',(#589));
#1604=EDGE_LOOP('',(#590));
#1605=EDGE_LOOP('',(#591));
#1606=EDGE_LOOP('',(#592));
#1607=EDGE_LOOP('',(#593));
#1608=EDGE_LOOP('',(#594));
#1609=EDGE_LOOP('',(#595));
#1610=EDGE_LOOP('',(#596));
#1611=EDGE_LOOP('',(#597,#598,#599,#600,#601,#602,#603,#604,#605,#606,#607,
#608,#609,#610,#611,#612));
#1612=EDGE_LOOP('',(#613));
#1613=EDGE_LOOP('',(#614));
#1614=EDGE_LOOP('',(#615));
#1615=EDGE_LOOP('',(#616));
#1616=EDGE_LOOP('',(#617));
#1617=EDGE_LOOP('',(#618));
#1618=EDGE_LOOP('',(#619));
#1619=EDGE_LOOP('',(#620));
#1620=EDGE_LOOP('',(#621));
#1621=EDGE_LOOP('',(#622));
#1622=EDGE_LOOP('',(#623));
#1623=EDGE_LOOP('',(#624));
#1624=EDGE_LOOP('',(#625));
#1625=EDGE_LOOP('',(#626));
#1626=EDGE_LOOP('',(#627));
#1627=EDGE_LOOP('',(#628));
#1628=EDGE_LOOP('',(#629));
#1629=EDGE_LOOP('',(#630));
#1630=EDGE_LOOP('',(#631));
#1631=EDGE_LOOP('',(#632));
#1632=EDGE_LOOP('',(#633,#634,#635,#636,#637,#638));
#1633=EDGE_LOOP('',(#639,#640,#641,#642));
#1634=EDGE_LOOP('',(#643,#644,#645,#646,#647,#648));
#1635=EDGE_LOOP('',(#649,#650,#651,#652));
#1636=EDGE_LOOP('',(#653,#654,#655,#656));
#1637=EDGE_LOOP('',(#657,#658,#659,#660));
#1638=EDGE_LOOP('',(#661));
#1639=EDGE_LOOP('',(#662));
#1640=EDGE_LOOP('',(#663));
#1641=EDGE_LOOP('',(#664));
#1642=EDGE_LOOP('',(#665));
#1643=EDGE_LOOP('',(#666));
#1644=EDGE_LOOP('',(#667));
#1645=EDGE_LOOP('',(#668));
#1646=EDGE_LOOP('',(#669));
#1647=EDGE_LOOP('',(#670));
#1648=EDGE_LOOP('',(#671));
#1649=EDGE_LOOP('',(#672));
#1650=EDGE_LOOP('',(#673));
#1651=EDGE_LOOP('',(#674));
#1652=EDGE_LOOP('',(#675));
#1653=EDGE_LOOP('',(#676));
#1654=EDGE_LOOP('',(#677));
#1655=EDGE_LOOP('',(#678));
#1656=EDGE_LOOP('',(#679));
#1657=EDGE_LOOP('',(#680));
#1658=EDGE_LOOP('',(#681));
#1659=EDGE_LOOP('',(#682));
#1660=EDGE_LOOP('',(#683));
#1661=EDGE_LOOP('',(#684));
#1662=EDGE_LOOP('',(#685));
#1663=EDGE_LOOP('',(#686));
#1664=EDGE_LOOP('',(#687));
#1665=EDGE_LOOP('',(#688));
#1666=EDGE_LOOP('',(#689));
#1667=EDGE_LOOP('',(#690));
#1668=EDGE_LOOP('',(#691));
#1669=EDGE_LOOP('',(#692));
#1670=EDGE_LOOP('',(#693));
#1671=EDGE_LOOP('',(#694));
#1672=EDGE_LOOP('',(#695));
#1673=EDGE_LOOP('',(#696));
#1674=EDGE_LOOP('',(#697));
#1675=EDGE_LOOP('',(#698));
#1676=EDGE_LOOP('',(#699));
#1677=EDGE_LOOP('',(#700));
#1678=EDGE_LOOP('',(#701));
#1679=EDGE_LOOP('',(#702));
#1680=EDGE_LOOP('',(#703));
#1681=EDGE_LOOP('',(#704));
#1682=EDGE_LOOP('',(#705));
#1683=EDGE_LOOP('',(#706));
#1684=EDGE_LOOP('',(#707));
#1685=EDGE_LOOP('',(#708));
#1686=EDGE_LOOP('',(#709));
#1687=EDGE_LOOP('',(#710));
#1688=EDGE_LOOP('',(#711));
#1689=EDGE_LOOP('',(#712));
#1690=EDGE_LOOP('',(#713));
#1691=EDGE_LOOP('',(#714));
#1692=EDGE_LOOP('',(#715));
#1693=EDGE_LOOP('',(#716));
#1694=EDGE_LOOP('',(#717));
#1695=EDGE_LOOP('',(#718));
#1696=EDGE_LOOP('',(#719));
#1697=EDGE_LOOP('',(#720));
#1698=EDGE_LOOP('',(#721));
#1699=EDGE_LOOP('',(#722));
#1700=EDGE_LOOP('',(#723));
#1701=EDGE_LOOP('',(#724));
#1702=EDGE_LOOP('',(#725));
#1703=EDGE_LOOP('',(#726));
#1704=EDGE_LOOP('',(#727));
#1705=EDGE_LOOP('',(#728));
#1706=EDGE_LOOP('',(#729,#730,#731,#732));
#1707=EDGE_LOOP('',(#733,#734,#735,#736));
#1708=EDGE_LOOP('',(#737,#738,#739,#740));
#1709=EDGE_LOOP('',(#741,#742,#743,#744));
#1710=EDGE_LOOP('',(#745,#746,#747,#748));
#1711=EDGE_LOOP('',(#749,#750,#751,#752));
#1712=EDGE_LOOP('',(#753,#754,#755,#756));
#1713=EDGE_LOOP('',(#757,#758,#759,#760));
#1714=EDGE_LOOP('',(#761,#762,#763,#764));
#1715=EDGE_LOOP('',(#765,#766,#767,#768,#769,#770));
#1716=EDGE_LOOP('',(#771,#772,#773,#774));
#1717=EDGE_LOOP('',(#775,#776,#777,#778,#779,#780));
#1718=EDGE_LOOP('',(#781));
#1719=EDGE_LOOP('',(#782));
#1720=EDGE_LOOP('',(#783));
#1721=EDGE_LOOP('',(#784));
#1722=EDGE_LOOP('',(#785));
#1723=EDGE_LOOP('',(#786));
#1724=EDGE_LOOP('',(#787));
#1725=EDGE_LOOP('',(#788));
#1726=EDGE_LOOP('',(#789));
#1727=EDGE_LOOP('',(#790));
#1728=EDGE_LOOP('',(#791));
#1729=EDGE_LOOP('',(#792));
#1730=EDGE_LOOP('',(#793));
#1731=EDGE_LOOP('',(#794));
#1732=EDGE_LOOP('',(#795));
#1733=EDGE_LOOP('',(#796));
#1734=EDGE_LOOP('',(#797,#798,#799,#800));
#1735=EDGE_LOOP('',(#801,#802,#803,#804));
#1736=EDGE_LOOP('',(#805,#806,#807,#808));
#1737=EDGE_LOOP('',(#809,#810,#811,#812));
#1738=EDGE_LOOP('',(#813,#814,#815,#816));
#1739=EDGE_LOOP('',(#817,#818,#819,#820));
#1740=EDGE_LOOP('',(#821,#822,#823,#824));
#1741=EDGE_LOOP('',(#825,#826,#827,#828,#829,#830,#831,#832));
#1742=EDGE_LOOP('',(#833,#834,#835,#836));
#1743=EDGE_LOOP('',(#837,#838,#839,#840,#841,#842,#843,#844));
#1744=EDGE_LOOP('',(#845,#846,#847,#848));
#1745=EDGE_LOOP('',(#849,#850,#851,#852,#853,#854,#855,#856));
#1746=EDGE_LOOP('',(#857,#858,#859,#860));
#1747=EDGE_LOOP('',(#861,#862,#863,#864,#865,#866,#867,#868));
#1748=EDGE_LOOP('',(#869,#870,#871,#872,#873,#874,#875,#876));
#1749=EDGE_LOOP('',(#877,#878,#879,#880));
#1750=EDGE_LOOP('',(#881,#882,#883,#884,#885,#886,#887,#888));
#1751=EDGE_LOOP('',(#889,#890,#891,#892));
#1752=EDGE_LOOP('',(#893,#894,#895,#896));
#1753=EDGE_LOOP('',(#897,#898,#899,#900));
#1754=EDGE_LOOP('',(#901,#902,#903,#904));
#1755=EDGE_LOOP('',(#905,#906,#907,#908));
#1756=EDGE_LOOP('',(#909,#910,#911,#912));
#1757=EDGE_LOOP('',(#913,#914,#915,#916));
#1758=EDGE_LOOP('',(#917,#918,#919,#920));
#1759=EDGE_LOOP('',(#921,#922,#923,#924));
#1760=EDGE_LOOP('',(#925,#926,#927,#928));
#1761=EDGE_LOOP('',(#929,#930,#931,#932));
#1762=EDGE_LOOP('',(#933,#934,#935,#936));
#1763=EDGE_LOOP('',(#937,#938,#939,#940));
#1764=EDGE_LOOP('',(#941,#942,#943,#944,#945,#946,#947,#948,#949,#950));
#1765=FACE_BOUND('',#1537,.T.);
#1766=FACE_BOUND('',#1538,.T.);
#1767=FACE_BOUND('',#1539,.T.);
#1768=FACE_BOUND('',#1540,.T.);
#1769=FACE_BOUND('',#1541,.T.);
#1770=FACE_BOUND('',#1542,.T.);
#1771=FACE_BOUND('',#1543,.T.);
#1772=FACE_BOUND('',#1544,.T.);
#1773=FACE_BOUND('',#1545,.T.);
#1774=FACE_BOUND('',#1546,.T.);
#1775=FACE_BOUND('',#1547,.T.);
#1776=FACE_BOUND('',#1548,.T.);
#1777=FACE_BOUND('',#1549,.T.);
#1778=FACE_BOUND('',#1550,.T.);
#1779=FACE_BOUND('',#1551,.T.);
#1780=FACE_BOUND('',#1552,.T.);
#1781=FACE_BOUND('',#1553,.T.);
#1782=FACE_BOUND('',#1554,.T.);
#1783=FACE_BOUND('',#1555,.T.);
#1784=FACE_BOUND('',#1556,.T.);
#1785=FACE_BOUND('',#1557,.T.);
#1786=FACE_BOUND('',#1558,.T.);
#1787=FACE_BOUND('',#1559,.T.);
#1788=FACE_BOUND('',#1560,.T.);
#1789=FACE_BOUND('',#1561,.T.);
#1790=FACE_BOUND('',#1562,.T.);
#1791=FACE_BOUND('',#1563,.T.);
#1792=FACE_BOUND('',#1564,.T.);
#1793=FACE_BOUND('',#1565,.T.);
#1794=FACE_BOUND('',#1566,.T.);
#1795=FACE_BOUND('',#1567,.T.);
#1796=FACE_BOUND('',#1568,.T.);
#1797=FACE_BOUND('',#1569,.T.);
#1798=FACE_BOUND('',#1570,.T.);
#1799=FACE_BOUND('',#1571,.T.);
#1800=FACE_BOUND('',#1572,.T.);
#1801=FACE_BOUND('',#1573,.T.);
#1802=FACE_BOUND('',#1574,.T.);
#1803=FACE_BOUND('',#1575,.T.);
#1804=FACE_BOUND('',#1576,.T.);
#1805=FACE_BOUND('',#1577,.T.);
#1806=FACE_BOUND('',#1578,.T.);
#1807=FACE_BOUND('',#1579,.T.);
#1808=FACE_BOUND('',#1580,.T.);
#1809=FACE_BOUND('',#1581,.T.);
#1810=FACE_BOUND('',#1582,.T.);
#1811=FACE_BOUND('',#1583,.T.);
#1812=FACE_BOUND('',#1584,.T.);
#1813=FACE_BOUND('',#1585,.T.);
#1814=FACE_BOUND('',#1586,.T.);
#1815=FACE_BOUND('',#1587,.T.);
#1816=FACE_BOUND('',#1588,.T.);
#1817=FACE_BOUND('',#1589,.T.);
#1818=FACE_BOUND('',#1590,.T.);
#1819=FACE_BOUND('',#1591,.T.);
#1820=FACE_BOUND('',#1592,.T.);
#1821=FACE_BOUND('',#1593,.T.);
#1822=FACE_BOUND('',#1594,.T.);
#1823=FACE_BOUND('',#1595,.T.);
#1824=FACE_BOUND('',#1596,.T.);
#1825=FACE_BOUND('',#1597,.T.);
#1826=FACE_BOUND('',#1598,.T.);
#1827=FACE_BOUND('',#1599,.T.);
#1828=FACE_BOUND('',#1600,.T.);
#1829=FACE_BOUND('',#1601,.T.);
#1830=FACE_BOUND('',#1602,.T.);
#1831=FACE_BOUND('',#1603,.T.);
#1832=FACE_BOUND('',#1604,.T.);
#1833=FACE_BOUND('',#1605,.T.);
#1834=FACE_BOUND('',#1606,.T.);
#1835=FACE_BOUND('',#1607,.T.);
#1836=FACE_BOUND('',#1608,.T.);
#1837=FACE_BOUND('',#1609,.T.);
#1838=FACE_BOUND('',#1610,.T.);
#1839=FACE_BOUND('',#1611,.T.);
#1840=FACE_BOUND('',#1612,.T.);
#1841=FACE_BOUND('',#1613,.T.);
#1842=FACE_BOUND('',#1614,.T.);
#1843=FACE_BOUND('',#1615,.T.);
#1844=FACE_BOUND('',#1616,.T.);
#1845=FACE_BOUND('',#1617,.T.);
#1846=FACE_BOUND('',#1618,.T.);
#1847=FACE_BOUND('',#1619,.T.);
#1848=FACE_BOUND('',#1620,.T.);
#1849=FACE_BOUND('',#1621,.T.);
#1850=FACE_BOUND('',#1622,.T.);
#1851=FACE_BOUND('',#1623,.T.);
#1852=FACE_BOUND('',#1624,.T.);
#1853=FACE_BOUND('',#1625,.T.);
#1854=FACE_BOUND('',#1626,.T.);
#1855=FACE_BOUND('',#1627,.T.);
#1856=FACE_BOUND('',#1628,.T.);
#1857=FACE_BOUND('',#1629,.T.);
#1858=FACE_BOUND('',#1630,.T.);
#1859=FACE_BOUND('',#1631,.T.);
#1860=FACE_BOUND('',#1632,.T.);
#1861=FACE_BOUND('',#1633,.T.);
#1862=FACE_BOUND('',#1634,.T.);
#1863=FACE_BOUND('',#1635,.T.);
#1864=FACE_BOUND('',#1636,.T.);
#1865=FACE_BOUND('',#1637,.T.);
#1866=FACE_BOUND('',#1638,.T.);
#1867=FACE_BOUND('',#1639,.T.);
#1868=FACE_BOUND('',#1640,.T.);
#1869=FACE_BOUND('',#1641,.T.);
#1870=FACE_BOUND('',#1642,.T.);
#1871=FACE_BOUND('',#1643,.T.);
#1872=FACE_BOUND('',#1644,.T.);
#1873=FACE_BOUND('',#1645,.T.);
#1874=FACE_BOUND('',#1646,.T.);
#1875=FACE_BOUND('',#1647,.T.);
#1876=FACE_BOUND('',#1648,.T.);
#1877=FACE_BOUND('',#1649,.T.);
#1878=FACE_BOUND('',#1650,.T.);
#1879=FACE_BOUND('',#1651,.T.);
#1880=FACE_BOUND('',#1652,.T.);
#1881=FACE_BOUND('',#1653,.T.);
#1882=FACE_BOUND('',#1654,.T.);
#1883=FACE_BOUND('',#1655,.T.);
#1884=FACE_BOUND('',#1656,.T.);
#1885=FACE_BOUND('',#1657,.T.);
#1886=FACE_BOUND('',#1658,.T.);
#1887=FACE_BOUND('',#1659,.T.);
#1888=FACE_BOUND('',#1660,.T.);
#1889=FACE_BOUND('',#1661,.T.);
#1890=FACE_BOUND('',#1662,.T.);
#1891=FACE_BOUND('',#1663,.T.);
#1892=FACE_BOUND('',#1664,.T.);
#1893=FACE_BOUND('',#1665,.T.);
#1894=FACE_BOUND('',#1666,.T.);
#1895=FACE_BOUND('',#1667,.T.);
#1896=FACE_BOUND('',#1668,.T.);
#1897=FACE_BOUND('',#1669,.T.);
#1898=FACE_BOUND('',#1670,.T.);
#1899=FACE_BOUND('',#1671,.T.);
#1900=FACE_BOUND('',#1672,.T.);
#1901=FACE_BOUND('',#1673,.T.);
#1902=FACE_BOUND('',#1674,.T.);
#1903=FACE_BOUND('',#1675,.T.);
#1904=FACE_BOUND('',#1676,.T.);
#1905=FACE_BOUND('',#1677,.T.);
#1906=FACE_BOUND('',#1678,.T.);
#1907=FACE_BOUND('',#1679,.T.);
#1908=FACE_BOUND('',#1680,.T.);
#1909=FACE_BOUND('',#1681,.T.);
#1910=FACE_BOUND('',#1682,.T.);
#1911=FACE_BOUND('',#1683,.T.);
#1912=FACE_BOUND('',#1684,.T.);
#1913=FACE_BOUND('',#1685,.T.);
#1914=FACE_BOUND('',#1686,.T.);
#1915=FACE_BOUND('',#1687,.T.);
#1916=FACE_BOUND('',#1688,.T.);
#1917=FACE_BOUND('',#1689,.T.);
#1918=FACE_BOUND('',#1690,.T.);
#1919=FACE_BOUND('',#1691,.T.);
#1920=FACE_BOUND('',#1692,.T.);
#1921=FACE_BOUND('',#1693,.T.);
#1922=FACE_BOUND('',#1694,.T.);
#1923=FACE_BOUND('',#1695,.T.);
#1924=FACE_BOUND('',#1696,.T.);
#1925=FACE_BOUND('',#1697,.T.);
#1926=FACE_BOUND('',#1698,.T.);
#1927=FACE_BOUND('',#1699,.T.);
#1928=FACE_BOUND('',#1700,.T.);
#1929=FACE_BOUND('',#1701,.T.);
#1930=FACE_BOUND('',#1702,.T.);
#1931=FACE_BOUND('',#1703,.T.);
#1932=FACE_BOUND('',#1704,.T.);
#1933=FACE_BOUND('',#1705,.T.);
#1934=FACE_BOUND('',#1706,.T.);
#1935=FACE_BOUND('',#1707,.T.);
#1936=FACE_BOUND('',#1708,.T.);
#1937=FACE_BOUND('',#1709,.T.);
#1938=FACE_BOUND('',#1710,.T.);
#1939=FACE_BOUND('',#1711,.T.);
#1940=FACE_BOUND('',#1712,.T.);
#1941=FACE_BOUND('',#1713,.T.);
#1942=FACE_BOUND('',#1714,.T.);
#1943=FACE_BOUND('',#1715,.T.);
#1944=FACE_BOUND('',#1716,.T.);
#1945=FACE_BOUND('',#1717,.T.);
#1946=FACE_BOUND('',#1718,.T.);
#1947=FACE_BOUND('',#1719,.T.);
#1948=FACE_BOUND('',#1720,.T.);
#1949=FACE_BOUND('',#1721,.T.);
#1950=FACE_BOUND('',#1722,.T.);
#1951=FACE_BOUND('',#1723,.T.);
#1952=FACE_BOUND('',#1724,.T.);
#1953=FACE_BOUND('',#1725,.T.);
#1954=FACE_BOUND('',#1726,.T.);
#1955=FACE_BOUND('',#1727,.T.);
#1956=FACE_BOUND('',#1728,.T.);
#1957=FACE_BOUND('',#1729,.T.);
#1958=FACE_BOUND('',#1730,.T.);
#1959=FACE_BOUND('',#1731,.T.);
#1960=FACE_BOUND('',#1732,.T.);
#1961=FACE_BOUND('',#1733,.T.);
#1962=FACE_BOUND('',#1734,.T.);
#1963=FACE_BOUND('',#1735,.T.);
#1964=FACE_BOUND('',#1736,.T.);
#1965=FACE_BOUND('',#1737,.T.);
#1966=FACE_BOUND('',#1738,.T.);
#1967=FACE_BOUND('',#1739,.T.);
#1968=FACE_BOUND('',#1740,.T.);
#1969=FACE_BOUND('',#1741,.T.);
#1970=FACE_BOUND('',#1742,.T.);
#1971=FACE_BOUND('',#1743,.T.);
#1972=FACE_BOUND('',#1744,.T.);
#1973=FACE_BOUND('',#1745,.T.);
#1974=FACE_BOUND('',#1746,.T.);
#1975=FACE_BOUND('',#1747,.T.);
#1976=FACE_BOUND('',#1748,.T.);
#1977=FACE_BOUND('',#1749,.T.);
#1978=FACE_BOUND('',#1750,.T.);
#1979=FACE_BOUND('',#1751,.T.);
#1980=FACE_BOUND('',#1752,.T.);
#1981=FACE_BOUND('',#1753,.T.);
#1982=FACE_BOUND('',#1754,.T.);
#1983=FACE_BOUND('',#1755,.T.);
#1984=FACE_BOUND('',#1756,.T.);
#1985=FACE_BOUND('',#1757,.T.);
#1986=FACE_BOUND('',#1758,.T.);
#1987=FACE_BOUND('',#1759,.T.);
#1988=FACE_BOUND('',#1760,.T.);
#1989=FACE_BOUND('',#1761,.T.);
#1990=FACE_BOUND('',#1762,.T.);
#1991=FACE_BOUND('',#1763,.T.);
#1992=FACE_BOUND('',#1764,.T.);
#1993=PLANE('',#2209);
#1994=PLANE('',#2216);
#1995=PLANE('',#2221);
#1996=PLANE('',#2230);
#1997=PLANE('',#2235);
#1998=PLANE('',#2252);
#1999=PLANE('',#2257);
#2000=PLANE('',#2258);
#2001=PLANE('',#2262);
#2002=PLANE('',#2266);
#2003=PLANE('',#2267);
#2004=PLANE('',#2268);
#2005=PLANE('',#2269);
#2006=PLANE('',#2270);
#2007=PLANE('',#2271);
#2008=PLANE('',#2282);
#2009=PLANE('',#2287);
#2010=PLANE('',#2290);
#2011=PLANE('',#2293);
#2012=PLANE('',#2296);
#2013=PLANE('',#2299);
#2014=PLANE('',#2300);
#2015=PLANE('',#2301);
#2016=PLANE('',#2303);
#2017=PLANE('',#2304);
#2018=PLANE('',#2310);
#2019=PLANE('',#2311);
#2020=PLANE('',#2317);
#2021=PLANE('',#2318);
#2022=PLANE('',#2324);
#2023=PLANE('',#2325);
#2024=PLANE('',#2331);
#2025=PLANE('',#2332);
#2026=PLANE('',#2338);
#2027=PLANE('',#2339);
#2028=PLANE('',#2345);
#2029=PLANE('',#2346);
#2030=PLANE('',#2352);
#2031=PLANE('',#2353);
#2032=PLANE('',#2359);
#2033=PLANE('',#2360);
#2034=PLANE('',#2368);
#2035=PLANE('',#2369);
#2036=PLANE('',#2370);
#2037=PLANE('',#2372);
#2038=PLANE('',#2373);
#2039=PLANE('',#2374);
#2040=PLANE('',#2375);
#2041=PLANE('',#2378);
#2042=PLANE('',#2391);
#2043=PLANE('',#2392);
#2044=PLANE('',#2393);
#2045=PLANE('',#2394);
#2046=PLANE('',#2395);
#2047=PLANE('',#2396);
#2048=PLANE('',#2397);
#2049=PLANE('',#2398);
#2050=PLANE('',#2399);
#2051=PLANE('',#2400);
#2052=PLANE('',#2401);
#2053=PLANE('',#2402);
#2054=PLANE('',#2405);
#2055=PLANE('',#2406);
#2056=PLANE('',#2409);
#2057=PLANE('',#2410);
#2058=PLANE('',#2413);
#2059=PLANE('',#2414);
#2060=PLANE('',#2417);
#2061=PLANE('',#2420);
#2062=PLANE('',#2421);
#2063=PLANE('',#2424);
#2064=PLANE('',#2433);
#2065=PLANE('',#2434);
#2066=PLANE('',#2437);
#2067=PLANE('',#2438);
#2068=PLANE('',#2439);
#2069=ADVANCED_FACE('',(#1765,#1766,#1767),#1993,.T.);
#2070=ADVANCED_FACE('',(#1768,#1769,#1770,#1771),#1994,.T.);
#2071=ADVANCED_FACE('',(#1772,#1773,#1774,#1775,#1776,#1777,#1778,#1779,
#1780),#1995,.F.);
#2072=ADVANCED_FACE('',(#1781,#1782,#1783,#1784),#1996,.T.);
#2073=ADVANCED_FACE('',(#1785,#1786,#1787,#1788,#1789,#1790,#1791,#1792,
#1793,#1794,#1795,#1796,#1797,#1798,#1799,#1800,#1801,#1802,#1803,#1804,
#1805,#1806,#1807),#1997,.T.);
#2074=ADVANCED_FACE('',(#1808,#1809,#1810,#1811),#1998,.T.);
#2075=ADVANCED_FACE('',(#1812),#1999,.T.);
#2076=ADVANCED_FACE('',(#1813,#1814,#1815,#1816),#2000,.T.);
#2077=ADVANCED_FACE('',(#1817,#1818,#1819,#1820),#2001,.T.);
#2078=ADVANCED_FACE('',(#1821),#2002,.T.);
#2079=ADVANCED_FACE('',(#1822),#2003,.T.);
#2080=ADVANCED_FACE('',(#1823),#2004,.T.);
#2081=ADVANCED_FACE('',(#1824),#2005,.T.);
#2082=ADVANCED_FACE('',(#1825),#2006,.T.);
#2083=ADVANCED_FACE('',(#1826),#2007,.T.);
#2084=ADVANCED_FACE('',(#1827,#1828),#12,.F.);
#2085=ADVANCED_FACE('',(#1829,#1830),#13,.F.);
#2086=ADVANCED_FACE('',(#1831,#1832),#14,.F.);
#2087=ADVANCED_FACE('',(#1833,#1834),#15,.F.);
#2088=ADVANCED_FACE('',(#1835,#1836),#16,.F.);
#2089=ADVANCED_FACE('',(#1837,#1838),#17,.F.);
#2090=ADVANCED_FACE('',(#1839,#1840,#1841,#1842,#1843),#2008,.T.);
#2091=ADVANCED_FACE('',(#1844,#1845),#2009,.T.);
#2092=ADVANCED_FACE('',(#1846,#1847),#18,.F.);
#2093=ADVANCED_FACE('',(#1848,#1849),#2010,.T.);
#2094=ADVANCED_FACE('',(#1850,#1851),#19,.F.);
#2095=ADVANCED_FACE('',(#1852,#1853),#2011,.T.);
#2096=ADVANCED_FACE('',(#1854,#1855),#20,.F.);
#2097=ADVANCED_FACE('',(#1856,#1857),#2012,.T.);
#2098=ADVANCED_FACE('',(#1858,#1859),#21,.F.);
#2099=ADVANCED_FACE('',(#1860),#2013,.T.);
#2100=ADVANCED_FACE('',(#1861),#2014,.F.);
#2101=ADVANCED_FACE('',(#1862),#2015,.F.);
#2102=ADVANCED_FACE('',(#1863),#22,.F.);
#2103=ADVANCED_FACE('',(#1864),#2016,.T.);
#2104=ADVANCED_FACE('',(#1865),#2017,.F.);
#2105=ADVANCED_FACE('',(#1866,#1867),#23,.F.);
#2106=ADVANCED_FACE('',(#1868,#1869),#24,.T.);
#2107=ADVANCED_FACE('',(#1870,#1871),#2018,.T.);
#2108=ADVANCED_FACE('',(#1872),#2019,.T.);
#2109=ADVANCED_FACE('',(#1873,#1874),#25,.F.);
#2110=ADVANCED_FACE('',(#1875,#1876),#26,.T.);
#2111=ADVANCED_FACE('',(#1877,#1878),#2020,.T.);
#2112=ADVANCED_FACE('',(#1879),#2021,.T.);
#2113=ADVANCED_FACE('',(#1880,#1881),#27,.F.);
#2114=ADVANCED_FACE('',(#1882,#1883),#28,.T.);
#2115=ADVANCED_FACE('',(#1884,#1885),#2022,.T.);
#2116=ADVANCED_FACE('',(#1886),#2023,.T.);
#2117=ADVANCED_FACE('',(#1887,#1888),#29,.F.);
#2118=ADVANCED_FACE('',(#1889,#1890),#30,.T.);
#2119=ADVANCED_FACE('',(#1891,#1892),#2024,.T.);
#2120=ADVANCED_FACE('',(#1893),#2025,.T.);
#2121=ADVANCED_FACE('',(#1894,#1895),#31,.F.);
#2122=ADVANCED_FACE('',(#1896,#1897),#32,.T.);
#2123=ADVANCED_FACE('',(#1898,#1899),#2026,.T.);
#2124=ADVANCED_FACE('',(#1900),#2027,.T.);
#2125=ADVANCED_FACE('',(#1901,#1902),#33,.F.);
#2126=ADVANCED_FACE('',(#1903,#1904),#34,.T.);
#2127=ADVANCED_FACE('',(#1905,#1906),#2028,.T.);
#2128=ADVANCED_FACE('',(#1907),#2029,.T.);
#2129=ADVANCED_FACE('',(#1908,#1909),#35,.F.);
#2130=ADVANCED_FACE('',(#1910,#1911),#36,.T.);
#2131=ADVANCED_FACE('',(#1912,#1913),#2030,.T.);
#2132=ADVANCED_FACE('',(#1914),#2031,.T.);
#2133=ADVANCED_FACE('',(#1915,#1916),#37,.F.);
#2134=ADVANCED_FACE('',(#1917,#1918),#38,.T.);
#2135=ADVANCED_FACE('',(#1919,#1920),#2032,.T.);
#2136=ADVANCED_FACE('',(#1921),#2033,.T.);
#2137=ADVANCED_FACE('',(#1922,#1923),#39,.F.);
#2138=ADVANCED_FACE('',(#1924,#1925),#40,.F.);
#2139=ADVANCED_FACE('',(#1926,#1927),#41,.F.);
#2140=ADVANCED_FACE('',(#1928,#1929),#42,.F.);
#2141=ADVANCED_FACE('',(#1930,#1931),#43,.F.);
#2142=ADVANCED_FACE('',(#1932,#1933),#44,.F.);
#2143=ADVANCED_FACE('',(#1934),#45,.F.);
#2144=ADVANCED_FACE('',(#1935),#2034,.F.);
#2145=ADVANCED_FACE('',(#1936),#2035,.F.);
#2146=ADVANCED_FACE('',(#1937),#2036,.F.);
#2147=ADVANCED_FACE('',(#1938),#46,.F.);
#2148=ADVANCED_FACE('',(#1939),#2037,.F.);
#2149=ADVANCED_FACE('',(#1940),#2038,.F.);
#2150=ADVANCED_FACE('',(#1941),#2039,.F.);
#2151=ADVANCED_FACE('',(#1942),#2040,.T.);
#2152=ADVANCED_FACE('',(#1943),#47,.F.);
#2153=ADVANCED_FACE('',(#1944),#2041,.F.);
#2154=ADVANCED_FACE('',(#1945),#48,.F.);
#2155=ADVANCED_FACE('',(#1946,#1947),#49,.F.);
#2156=ADVANCED_FACE('',(#1948,#1949),#50,.F.);
#2157=ADVANCED_FACE('',(#1950,#1951),#51,.F.);
#2158=ADVANCED_FACE('',(#1952,#1953),#52,.F.);
#2159=ADVANCED_FACE('',(#1954,#1955),#53,.F.);
#2160=ADVANCED_FACE('',(#1956,#1957),#54,.F.);
#2161=ADVANCED_FACE('',(#1958),#2042,.T.);
#2162=ADVANCED_FACE('',(#1959),#2043,.T.);
#2163=ADVANCED_FACE('',(#1960),#2044,.T.);
#2164=ADVANCED_FACE('',(#1961),#2045,.T.);
#2165=ADVANCED_FACE('',(#1962),#2046,.T.);
#2166=ADVANCED_FACE('',(#1963),#2047,.F.);
#2167=ADVANCED_FACE('',(#1964),#2048,.F.);
#2168=ADVANCED_FACE('',(#1965),#2049,.T.);
#2169=ADVANCED_FACE('',(#1966),#2050,.T.);
#2170=ADVANCED_FACE('',(#1967),#2051,.F.);
#2171=ADVANCED_FACE('',(#1968),#2052,.T.);
#2172=ADVANCED_FACE('',(#1969),#2053,.F.);
#2173=ADVANCED_FACE('',(#1970),#2054,.F.);
#2174=ADVANCED_FACE('',(#1971),#2055,.T.);
#2175=ADVANCED_FACE('',(#1972),#2056,.T.);
#2176=ADVANCED_FACE('',(#1973),#2057,.F.);
#2177=ADVANCED_FACE('',(#1974),#2058,.F.);
#2178=ADVANCED_FACE('',(#1975),#2059,.T.);
#2179=ADVANCED_FACE('',(#1976),#2060,.T.);
#2180=ADVANCED_FACE('',(#1977),#2061,.F.);
#2181=ADVANCED_FACE('',(#1978),#2062,.F.);
#2182=ADVANCED_FACE('',(#1979),#2063,.T.);
#2183=ADVANCED_FACE('',(#1980),#55,.F.);
#2184=ADVANCED_FACE('',(#1981),#56,.T.);
#2185=ADVANCED_FACE('',(#1982),#57,.F.);
#2186=ADVANCED_FACE('',(#1983),#58,.T.);
#2187=ADVANCED_FACE('',(#1984),#59,.F.);
#2188=ADVANCED_FACE('',(#1985),#60,.T.);
#2189=ADVANCED_FACE('',(#1986),#61,.T.);
#2190=ADVANCED_FACE('',(#1987),#2064,.F.);
#2191=ADVANCED_FACE('',(#1988),#2065,.T.);
#2192=ADVANCED_FACE('',(#1989),#62,.T.);
#2193=ADVANCED_FACE('',(#1990),#2066,.T.);
#2194=ADVANCED_FACE('',(#1991),#2067,.T.);
#2195=ADVANCED_FACE('',(#1992),#2068,.T.);
#2196=CLOSED_SHELL('',(#2069,#2070,#2071,#2072,#2073,#2074,#2075,#2076,
#2077,#2078,#2079,#2080,#2081,#2082,#2083,#2084,#2085,#2086,#2087,#2088,
#2089,#2090,#2091,#2092,#2093,#2094,#2095,#2096,#2097,#2098,#2099,#2100,
#2101,#2102,#2103,#2104,#2105,#2106,#2107,#2108,#2109,#2110,#2111,#2112,
#2113,#2114,#2115,#2116,#2117,#2118,#2119,#2120,#2121,#2122,#2123,#2124,
#2125,#2126,#2127,#2128,#2129,#2130,#2131,#2132,#2133,#2134,#2135,#2136,
#2137,#2138,#2139,#2140,#2141,#2142,#2143,#2144,#2145,#2146,#2147,#2148,
#2149,#2150,#2151,#2152,#2153,#2154,#2155,#2156,#2157,#2158,#2159,#2160,
#2161,#2162,#2163,#2164,#2165,#2166,#2167,#2168,#2169,#2170,#2171,#2172,
#2173,#2174,#2175,#2176,#2177,#2178,#2179,#2180,#2181,#2182,#2183,#2184,
#2185,#2186,#2187,#2188,#2189,#2190,#2191,#2192,#2193,#2194,#2195));
#2197=STYLED_ITEM('',(#2198),#2205);
#2198=PRESENTATION_STYLE_ASSIGNMENT((#2199));
#2199=SURFACE_STYLE_USAGE(.BOTH.,#2200);
#2200=SURFACE_SIDE_STYLE('',(#2201));
#2201=SURFACE_STYLE_FILL_AREA(#2202);
#2202=FILL_AREA_STYLE('',(#2203));
#2203=FILL_AREA_STYLE_COLOUR('',#2204);
#2204=DRAUGHTING_PRE_DEFINED_COLOUR('white');
#2205=MANIFOLD_SOLID_BREP('enclosure_v2 v36',#2196);
#2206=SHAPE_DEFINITION_REPRESENTATION(#3690,#2207);
#2207=SHAPE_REPRESENTATION('enclosure_v2 v36',(#2208),#3685);
#2208=AXIS2_PLACEMENT_3D('',#3074,#2440,#2441);
#2209=AXIS2_PLACEMENT_3D('',#3075,#2442,#2443);
#2210=AXIS2_PLACEMENT_3D('',#3076,#2444,#2445);
#2211=AXIS2_PLACEMENT_3D('',#3078,#2446,#2447);
#2212=AXIS2_PLACEMENT_3D('',#3080,#2448,#2449);
#2213=AXIS2_PLACEMENT_3D('',#3085,#2451,#2452);
#2214=AXIS2_PLACEMENT_3D('',#3101,#2460,#2461);
#2215=AXIS2_PLACEMENT_3D('',#3105,#2463,#2464);
#2216=AXIS2_PLACEMENT_3D('',#3108,#2466,#2467);
#2217=AXIS2_PLACEMENT_3D('',#3109,#2468,#2469);
#2218=AXIS2_PLACEMENT_3D('',#3111,#2470,#2471);
#2219=AXIS2_PLACEMENT_3D('',#3121,#2476,#2477);
#2220=AXIS2_PLACEMENT_3D('',#3126,#2479,#2480);
#2221=AXIS2_PLACEMENT_3D('',#3129,#2482,#2483);
#2222=AXIS2_PLACEMENT_3D('',#3130,#2484,#2485);
#2223=AXIS2_PLACEMENT_3D('',#3138,#2489,#2490);
#2224=AXIS2_PLACEMENT_3D('',#3140,#2491,#2492);
#2225=AXIS2_PLACEMENT_3D('',#3142,#2493,#2494);
#2226=AXIS2_PLACEMENT_3D('',#3144,#2495,#2496);
#2227=AXIS2_PLACEMENT_3D('',#3146,#2497,#2498);
#2228=AXIS2_PLACEMENT_3D('',#3148,#2499,#2500);
#2229=AXIS2_PLACEMENT_3D('',#3163,#2508,#2509);
#2230=AXIS2_PLACEMENT_3D('',#3171,#2513,#2514);
#2231=AXIS2_PLACEMENT_3D('',#3172,#2515,#2516);
#2232=AXIS2_PLACEMENT_3D('',#3174,#2517,#2518);
#2233=AXIS2_PLACEMENT_3D('',#3176,#2519,#2520);
#2234=AXIS2_PLACEMENT_3D('',#3187,#2525,#2526);
#2235=AXIS2_PLACEMENT_3D('',#3194,#2530,#2531);
#2236=AXIS2_PLACEMENT_3D('',#3271,#2572,#2573);
#2237=AXIS2_PLACEMENT_3D('',#3279,#2577,#2578);
#2238=AXIS2_PLACEMENT_3D('',#3287,#2582,#2583);
#2239=AXIS2_PLACEMENT_3D('',#3289,#2584,#2585);
#2240=AXIS2_PLACEMENT_3D('',#3291,#2586,#2587);
#2241=AXIS2_PLACEMENT_3D('',#3293,#2588,#2589);
#2242=AXIS2_PLACEMENT_3D('',#3295,#2590,#2591);
#2243=AXIS2_PLACEMENT_3D('',#3297,#2592,#2593);
#2244=AXIS2_PLACEMENT_3D('',#3299,#2594,#2595);
#2245=AXIS2_PLACEMENT_3D('',#3301,#2596,#2597);
#2246=AXIS2_PLACEMENT_3D('',#3303,#2598,#2599);
#2247=AXIS2_PLACEMENT_3D('',#3305,#2600,#2601);
#2248=AXIS2_PLACEMENT_3D('',#3307,#2602,#2603);
#2249=AXIS2_PLACEMENT_3D('',#3309,#2604,#2605);
#2250=AXIS2_PLACEMENT_3D('',#3311,#2606,#2607);
#2251=AXIS2_PLACEMENT_3D('',#3313,#2608,#2609);
#2252=AXIS2_PLACEMENT_3D('',#3315,#2610,#2611);
#2253=AXIS2_PLACEMENT_3D('',#3316,#2612,#2613);
#2254=AXIS2_PLACEMENT_3D('',#3324,#2618,#2619);
#2255=AXIS2_PLACEMENT_3D('',#3326,#2620,#2621);
#2256=AXIS2_PLACEMENT_3D('',#3328,#2622,#2623);
#2257=AXIS2_PLACEMENT_3D('',#3330,#2624,#2625);
#2258=AXIS2_PLACEMENT_3D('',#3339,#2631,#2632);
#2259=AXIS2_PLACEMENT_3D('',#3340,#2633,#2634);
#2260=AXIS2_PLACEMENT_3D('',#3342,#2635,#2636);
#2261=AXIS2_PLACEMENT_3D('',#3344,#2637,#2638);
#2262=AXIS2_PLACEMENT_3D('',#3347,#2640,#2641);
#2263=AXIS2_PLACEMENT_3D('',#3348,#2642,#2643);
#2264=AXIS2_PLACEMENT_3D('',#3350,#2644,#2645);
#2265=AXIS2_PLACEMENT_3D('',#3352,#2646,#2647);
#2266=AXIS2_PLACEMENT_3D('',#3359,#2651,#2652);
#2267=AXIS2_PLACEMENT_3D('',#3363,#2655,#2656);
#2268=AXIS2_PLACEMENT_3D('',#3365,#2658,#2659);
#2269=AXIS2_PLACEMENT_3D('',#3369,#2662,#2663);
#2270=AXIS2_PLACEMENT_3D('',#3371,#2665,#2666);
#2271=AXIS2_PLACEMENT_3D('',#3375,#2669,#2670);
#2272=AXIS2_PLACEMENT_3D('',#3377,#2672,#2673);
#2273=AXIS2_PLACEMENT_3D('',#3378,#2674,#2675);
#2274=AXIS2_PLACEMENT_3D('',#3380,#2676,#2677);
#2275=AXIS2_PLACEMENT_3D('',#3381,#2678,#2679);
#2276=AXIS2_PLACEMENT_3D('',#3383,#2680,#2681);
#2277=AXIS2_PLACEMENT_3D('',#3384,#2682,#2683);
#2278=AXIS2_PLACEMENT_3D('',#3386,#2684,#2685);
#2279=AXIS2_PLACEMENT_3D('',#3387,#2686,#2687);
#2280=AXIS2_PLACEMENT_3D('',#3389,#2688,#2689);
#2281=AXIS2_PLACEMENT_3D('',#3390,#2690,#2691);
#2282=AXIS2_PLACEMENT_3D('',#3391,#2692,#2693);
#2283=AXIS2_PLACEMENT_3D('',#3395,#2696,#2697);
#2284=AXIS2_PLACEMENT_3D('',#3397,#2698,#2699);
#2285=AXIS2_PLACEMENT_3D('',#3399,#2700,#2701);
#2286=AXIS2_PLACEMENT_3D('',#3401,#2702,#2703);
#2287=AXIS2_PLACEMENT_3D('',#3403,#2704,#2705);
#2288=AXIS2_PLACEMENT_3D('',#3404,#2706,#2707);
#2289=AXIS2_PLACEMENT_3D('',#3406,#2708,#2709);
#2290=AXIS2_PLACEMENT_3D('',#3407,#2710,#2711);
#2291=AXIS2_PLACEMENT_3D('',#3408,#2712,#2713);
#2292=AXIS2_PLACEMENT_3D('',#3410,#2714,#2715);
#2293=AXIS2_PLACEMENT_3D('',#3411,#2716,#2717);
#2294=AXIS2_PLACEMENT_3D('',#3412,#2718,#2719);
#2295=AXIS2_PLACEMENT_3D('',#3414,#2720,#2721);
#2296=AXIS2_PLACEMENT_3D('',#3415,#2722,#2723);
#2297=AXIS2_PLACEMENT_3D('',#3416,#2724,#2725);
#2298=AXIS2_PLACEMENT_3D('',#3418,#2726,#2727);
#2299=AXIS2_PLACEMENT_3D('',#3419,#2728,#2729);
#2300=AXIS2_PLACEMENT_3D('',#3422,#2732,#2733);
#2301=AXIS2_PLACEMENT_3D('',#3424,#2735,#2736);
#2302=AXIS2_PLACEMENT_3D('',#3426,#2738,#2739);
#2303=AXIS2_PLACEMENT_3D('',#3427,#2740,#2741);
#2304=AXIS2_PLACEMENT_3D('',#3429,#2743,#2744);
#2305=AXIS2_PLACEMENT_3D('',#3430,#2745,#2746);
#2306=AXIS2_PLACEMENT_3D('',#3431,#2747,#2748);
#2307=AXIS2_PLACEMENT_3D('',#3433,#2749,#2750);
#2308=AXIS2_PLACEMENT_3D('',#3435,#2751,#2752);
#2309=AXIS2_PLACEMENT_3D('',#3436,#2753,#2754);
#2310=AXIS2_PLACEMENT_3D('',#3438,#2755,#2756);
#2311=AXIS2_PLACEMENT_3D('',#3439,#2757,#2758);
#2312=AXIS2_PLACEMENT_3D('',#3440,#2759,#2760);
#2313=AXIS2_PLACEMENT_3D('',#3441,#2761,#2762);
#2314=AXIS2_PLACEMENT_3D('',#3443,#2763,#2764);
#2315=AXIS2_PLACEMENT_3D('',#3445,#2765,#2766);
#2316=AXIS2_PLACEMENT_3D('',#3446,#2767,#2768);
#2317=AXIS2_PLACEMENT_3D('',#3448,#2769,#2770);
#2318=AXIS2_PLACEMENT_3D('',#3449,#2771,#2772);
#2319=AXIS2_PLACEMENT_3D('',#3450,#2773,#2774);
#2320=AXIS2_PLACEMENT_3D('',#3451,#2775,#2776);
#2321=AXIS2_PLACEMENT_3D('',#3453,#2777,#2778);
#2322=AXIS2_PLACEMENT_3D('',#3455,#2779,#2780);
#2323=AXIS2_PLACEMENT_3D('',#3456,#2781,#2782);
#2324=AXIS2_PLACEMENT_3D('',#3458,#2783,#2784);
#2325=AXIS2_PLACEMENT_3D('',#3459,#2785,#2786);
#2326=AXIS2_PLACEMENT_3D('',#3460,#2787,#2788);
#2327=AXIS2_PLACEMENT_3D('',#3461,#2789,#2790);
#2328=AXIS2_PLACEMENT_3D('',#3463,#2791,#2792);
#2329=AXIS2_PLACEMENT_3D('',#3465,#2793,#2794);
#2330=AXIS2_PLACEMENT_3D('',#3466,#2795,#2796);
#2331=AXIS2_PLACEMENT_3D('',#3468,#2797,#2798);
#2332=AXIS2_PLACEMENT_3D('',#3469,#2799,#2800);
#2333=AXIS2_PLACEMENT_3D('',#3470,#2801,#2802);
#2334=AXIS2_PLACEMENT_3D('',#3471,#2803,#2804);
#2335=AXIS2_PLACEMENT_3D('',#3473,#2805,#2806);
#2336=AXIS2_PLACEMENT_3D('',#3475,#2807,#2808);
#2337=AXIS2_PLACEMENT_3D('',#3476,#2809,#2810);
#2338=AXIS2_PLACEMENT_3D('',#3478,#2811,#2812);
#2339=AXIS2_PLACEMENT_3D('',#3479,#2813,#2814);
#2340=AXIS2_PLACEMENT_3D('',#3480,#2815,#2816);
#2341=AXIS2_PLACEMENT_3D('',#3481,#2817,#2818);
#2342=AXIS2_PLACEMENT_3D('',#3483,#2819,#2820);
#2343=AXIS2_PLACEMENT_3D('',#3485,#2821,#2822);
#2344=AXIS2_PLACEMENT_3D('',#3486,#2823,#2824);
#2345=AXIS2_PLACEMENT_3D('',#3488,#2825,#2826);
#2346=AXIS2_PLACEMENT_3D('',#3489,#2827,#2828);
#2347=AXIS2_PLACEMENT_3D('',#3490,#2829,#2830);
#2348=AXIS2_PLACEMENT_3D('',#3491,#2831,#2832);
#2349=AXIS2_PLACEMENT_3D('',#3493,#2833,#2834);
#2350=AXIS2_PLACEMENT_3D('',#3495,#2835,#2836);
#2351=AXIS2_PLACEMENT_3D('',#3496,#2837,#2838);
#2352=AXIS2_PLACEMENT_3D('',#3498,#2839,#2840);
#2353=AXIS2_PLACEMENT_3D('',#3499,#2841,#2842);
#2354=AXIS2_PLACEMENT_3D('',#3500,#2843,#2844);
#2355=AXIS2_PLACEMENT_3D('',#3501,#2845,#2846);
#2356=AXIS2_PLACEMENT_3D('',#3503,#2847,#2848);
#2357=AXIS2_PLACEMENT_3D('',#3505,#2849,#2850);
#2358=AXIS2_PLACEMENT_3D('',#3506,#2851,#2852);
#2359=AXIS2_PLACEMENT_3D('',#3508,#2853,#2854);
#2360=AXIS2_PLACEMENT_3D('',#3509,#2855,#2856);
#2361=AXIS2_PLACEMENT_3D('',#3510,#2857,#2858);
#2362=AXIS2_PLACEMENT_3D('',#3511,#2859,#2860);
#2363=AXIS2_PLACEMENT_3D('',#3512,#2861,#2862);
#2364=AXIS2_PLACEMENT_3D('',#3513,#2863,#2864);
#2365=AXIS2_PLACEMENT_3D('',#3514,#2865,#2866);
#2366=AXIS2_PLACEMENT_3D('',#3515,#2867,#2868);
#2367=AXIS2_PLACEMENT_3D('',#3516,#2869,#2870);
#2368=AXIS2_PLACEMENT_3D('',#3519,#2873,#2874);
#2369=AXIS2_PLACEMENT_3D('',#3521,#2876,#2877);
#2370=AXIS2_PLACEMENT_3D('',#3523,#2879,#2880);
#2371=AXIS2_PLACEMENT_3D('',#3524,#2881,#2882);
#2372=AXIS2_PLACEMENT_3D('',#3527,#2885,#2886);
#2373=AXIS2_PLACEMENT_3D('',#3529,#2888,#2889);
#2374=AXIS2_PLACEMENT_3D('',#3531,#2891,#2892);
#2375=AXIS2_PLACEMENT_3D('',#3532,#2893,#2894);
#2376=AXIS2_PLACEMENT_3D('',#3535,#2897,#2898);
#2377=AXIS2_PLACEMENT_3D('',#3538,#2900,#2901);
#2378=AXIS2_PLACEMENT_3D('',#3541,#2903,#2904);
#2379=AXIS2_PLACEMENT_3D('',#3545,#2907,#2908);
#2380=AXIS2_PLACEMENT_3D('',#3548,#2910,#2911);
#2381=AXIS2_PLACEMENT_3D('',#3549,#2912,#2913);
#2382=AXIS2_PLACEMENT_3D('',#3550,#2914,#2915);
#2383=AXIS2_PLACEMENT_3D('',#3551,#2916,#2917);
#2384=AXIS2_PLACEMENT_3D('',#3552,#2918,#2919);
#2385=AXIS2_PLACEMENT_3D('',#3554,#2920,#2921);
#2386=AXIS2_PLACEMENT_3D('',#3555,#2922,#2923);
#2387=AXIS2_PLACEMENT_3D('',#3557,#2924,#2925);
#2388=AXIS2_PLACEMENT_3D('',#3558,#2926,#2927);
#2389=AXIS2_PLACEMENT_3D('',#3560,#2928,#2929);
#2390=AXIS2_PLACEMENT_3D('',#3561,#2930,#2931);
#2391=AXIS2_PLACEMENT_3D('',#3563,#2932,#2933);
#2392=AXIS2_PLACEMENT_3D('',#3564,#2934,#2935);
#2393=AXIS2_PLACEMENT_3D('',#3565,#2936,#2937);
#2394=AXIS2_PLACEMENT_3D('',#3566,#2938,#2939);
#2395=AXIS2_PLACEMENT_3D('',#3567,#2940,#2941);
#2396=AXIS2_PLACEMENT_3D('',#3573,#2945,#2946);
#2397=AXIS2_PLACEMENT_3D('',#3579,#2950,#2951);
#2398=AXIS2_PLACEMENT_3D('',#3585,#2955,#2956);
#2399=AXIS2_PLACEMENT_3D('',#3591,#2960,#2961);
#2400=AXIS2_PLACEMENT_3D('',#3597,#2965,#2966);
#2401=AXIS2_PLACEMENT_3D('',#3603,#2970,#2971);
#2402=AXIS2_PLACEMENT_3D('',#3609,#2975,#2976);
#2403=AXIS2_PLACEMENT_3D('',#3612,#2978,#2979);
#2404=AXIS2_PLACEMENT_3D('',#3613,#2980,#2981);
#2405=AXIS2_PLACEMENT_3D('',#3614,#2982,#2983);
#2406=AXIS2_PLACEMENT_3D('',#3618,#2986,#2987);
#2407=AXIS2_PLACEMENT_3D('',#3619,#2988,#2989);
#2408=AXIS2_PLACEMENT_3D('',#3620,#2990,#2991);
#2409=AXIS2_PLACEMENT_3D('',#3621,#2992,#2993);
#2410=AXIS2_PLACEMENT_3D('',#3627,#2997,#2998);
#2411=AXIS2_PLACEMENT_3D('',#3630,#3000,#3001);
#2412=AXIS2_PLACEMENT_3D('',#3631,#3002,#3003);
#2413=AXIS2_PLACEMENT_3D('',#3632,#3004,#3005);
#2414=AXIS2_PLACEMENT_3D('',#3636,#3008,#3009);
#2415=AXIS2_PLACEMENT_3D('',#3637,#3010,#3011);
#2416=AXIS2_PLACEMENT_3D('',#3638,#3012,#3013);
#2417=AXIS2_PLACEMENT_3D('',#3639,#3014,#3015);
#2418=AXIS2_PLACEMENT_3D('',#3642,#3017,#3018);
#2419=AXIS2_PLACEMENT_3D('',#3643,#3019,#3020);
#2420=AXIS2_PLACEMENT_3D('',#3646,#3022,#3023);
#2421=AXIS2_PLACEMENT_3D('',#3650,#3026,#3027);
#2422=AXIS2_PLACEMENT_3D('',#3653,#3029,#3030);
#2423=AXIS2_PLACEMENT_3D('',#3654,#3031,#3032);
#2424=AXIS2_PLACEMENT_3D('',#3655,#3033,#3034);
#2425=AXIS2_PLACEMENT_3D('',#3657,#3036,#3037);
#2426=AXIS2_PLACEMENT_3D('',#3658,#3038,#3039);
#2427=AXIS2_PLACEMENT_3D('',#3659,#3040,#3041);
#2428=AXIS2_PLACEMENT_3D('',#3660,#3042,#3043);
#2429=AXIS2_PLACEMENT_3D('',#3661,#3044,#3045);
#2430=AXIS2_PLACEMENT_3D('',#3662,#3046,#3047);
#2431=AXIS2_PLACEMENT_3D('',#3663,#3048,#3049);
#2432=AXIS2_PLACEMENT_3D('',#3666,#3051,#3052);
#2433=AXIS2_PLACEMENT_3D('',#3669,#3054,#3055);
#2434=AXIS2_PLACEMENT_3D('',#3671,#3057,#3058);
#2435=AXIS2_PLACEMENT_3D('',#3675,#3061,#3062);
#2436=AXIS2_PLACEMENT_3D('',#3678,#3064,#3065);
#2437=AXIS2_PLACEMENT_3D('',#3679,#3066,#3067);
#2438=AXIS2_PLACEMENT_3D('',#3681,#3069,#3070);
#2439=AXIS2_PLACEMENT_3D('',#3683,#3072,#3073);
#2440=DIRECTION('',(0.,0.,1.));
#2441=DIRECTION('',(1.,0.,0.));
#2442=DIRECTION('',(0.,1.,0.));
#2443=DIRECTION('',(-1.,0.,0.));
#2444=DIRECTION('',(0.,-1.,0.));
#2445=DIRECTION('',(0.,0.,-1.));
#2446=DIRECTION('',(0.,-1.,0.));
#2447=DIRECTION('',(0.,0.,-1.));
#2448=DIRECTION('',(0.,-1.,0.));
#2449=DIRECTION('',(0.,0.,-1.));
#2450=DIRECTION('',(-0.707106781186549,0.,0.707106781186546));
#2451=DIRECTION('',(0.,1.,0.));
#2452=DIRECTION('',(0.,0.,1.));
#2453=DIRECTION('',(0.,0.,-1.));
#2454=DIRECTION('',(1.,0.,0.));
#2455=DIRECTION('',(0.,0.,1.));
#2456=DIRECTION('',(-1.,0.,0.));
#2457=DIRECTION('',(0.,0.,-1.));
#2458=DIRECTION('',(1.,0.,0.));
#2459=DIRECTION('',(0.,0.,-1.));
#2460=DIRECTION('',(0.,-1.,0.));
#2461=DIRECTION('',(0.,0.,1.));
#2462=DIRECTION('',(-0.707106781186546,0.,-0.707106781186549));
#2463=DIRECTION('',(0.,-1.,0.));
#2464=DIRECTION('',(0.,0.,-1.));
#2465=DIRECTION('',(1.,0.,0.));
#2466=DIRECTION('',(0.,-1.,0.));
#2467=DIRECTION('',(1.,0.,0.));
#2468=DIRECTION('',(0.,-1.,0.));
#2469=DIRECTION('',(0.,0.,-1.));
#2470=DIRECTION('',(0.,-1.,0.));
#2471=DIRECTION('',(0.,0.,-1.));
#2472=DIRECTION('',(1.,0.,0.));
#2473=DIRECTION('',(0.,0.,1.));
#2474=DIRECTION('',(1.,0.,0.));
#2475=DIRECTION('',(0.,0.,1.));
#2476=DIRECTION('',(0.,-1.,0.));
#2477=DIRECTION('',(0.,0.,-1.));
#2478=DIRECTION('',(1.,0.,0.));
#2479=DIRECTION('',(0.,-1.,0.));
#2480=DIRECTION('',(0.,0.,-1.));
#2481=DIRECTION('',(1.,0.,2.53861972094167E-16));
#2482=DIRECTION('',(0.,0.,1.));
#2483=DIRECTION('',(1.,0.,0.));
#2484=DIRECTION('',(0.,0.,1.));
#2485=DIRECTION('',(1.,0.,0.));
#2486=DIRECTION('',(-7.21455949148088E-18,1.,0.));
#2487=DIRECTION('',(-1.,7.21455949148093E-18,0.));
#2488=DIRECTION('',(7.21455949148088E-18,-1.,0.));
#2489=DIRECTION('',(0.,0.,1.));
#2490=DIRECTION('',(1.,0.,0.));
#2491=DIRECTION('',(0.,0.,1.));
#2492=DIRECTION('',(1.,0.,0.));
#2493=DIRECTION('',(0.,0.,1.));
#2494=DIRECTION('',(1.,0.,0.));
#2495=DIRECTION('',(0.,0.,1.));
#2496=DIRECTION('',(1.,0.,0.));
#2497=DIRECTION('',(0.,0.,1.));
#2498=DIRECTION('',(1.,0.,0.));
#2499=DIRECTION('',(0.,0.,1.));
#2500=DIRECTION('',(1.,0.,0.));
#2501=DIRECTION('',(1.,0.,0.));
#2502=DIRECTION('',(0.,-1.,0.));
#2503=DIRECTION('',(1.,0.,0.));
#2504=DIRECTION('',(0.,1.,0.));
#2505=DIRECTION('',(0.,-1.,0.));
#2506=DIRECTION('',(-1.,0.,0.));
#2507=DIRECTION('',(0.,1.,0.));
#2508=DIRECTION('',(0.,0.,1.));
#2509=DIRECTION('',(1.,0.,0.));
#2510=DIRECTION('',(1.44747282075673E-16,1.,0.));
#2511=DIRECTION('',(-1.,7.21455949148067E-18,0.));
#2512=DIRECTION('',(-1.44747282075673E-16,-1.,0.));
#2513=DIRECTION('',(-1.,0.,0.));
#2514=DIRECTION('',(0.,-1.,0.));
#2515=DIRECTION('',(1.,0.,0.));
#2516=DIRECTION('',(0.,1.,0.));
#2517=DIRECTION('',(1.,0.,0.));
#2518=DIRECTION('',(0.,1.,0.));
#2519=DIRECTION('',(1.,0.,0.));
#2520=DIRECTION('',(0.,1.,0.));
#2521=DIRECTION('',(0.,-1.,0.));
#2522=DIRECTION('',(0.,0.,-1.));
#2523=DIRECTION('',(0.,1.,0.));
#2524=DIRECTION('',(0.,0.,-1.));
#2525=DIRECTION('',(1.,0.,0.));
#2526=DIRECTION('',(0.,0.,-1.));
#2527=DIRECTION('',(0.,0.,-1.));
#2528=DIRECTION('',(0.,1.,0.));
#2529=DIRECTION('',(0.,0.,1.));
#2530=DIRECTION('',(0.,0.,1.));
#2531=DIRECTION('',(1.,0.,0.));
#2532=DIRECTION('',(0.,-1.,0.));
#2533=DIRECTION('',(1.,0.,0.));
#2534=DIRECTION('',(0.,-1.,0.));
#2535=DIRECTION('',(0.,1.,0.));
#2536=DIRECTION('',(1.,0.,0.));
#2537=DIRECTION('',(1.,0.,0.));
#2538=DIRECTION('',(0.,-1.,0.));
#2539=DIRECTION('',(1.,0.,0.));
#2540=DIRECTION('',(-1.,0.,0.));
#2541=DIRECTION('',(0.,-1.,0.));
#2542=DIRECTION('',(1.,0.,0.));
#2543=DIRECTION('',(0.,-1.,0.));
#2544=DIRECTION('',(-1.,0.,0.));
#2545=DIRECTION('',(0.,-1.,0.));
#2546=DIRECTION('',(1.,0.,0.));
#2547=DIRECTION('',(0.,-1.,0.));
#2548=DIRECTION('',(1.,0.,0.));
#2549=DIRECTION('',(0.,-1.,0.));
#2550=DIRECTION('',(1.,0.,0.));
#2551=DIRECTION('',(0.,-1.,0.));
#2552=DIRECTION('',(1.,0.,0.));
#2553=DIRECTION('',(0.,-1.,0.));
#2554=DIRECTION('',(1.,0.,0.));
#2555=DIRECTION('',(0.,-1.,0.));
#2556=DIRECTION('',(1.,0.,0.));
#2557=DIRECTION('',(0.,-1.,0.));
#2558=DIRECTION('',(1.,0.,0.));
#2559=DIRECTION('',(0.,-1.,0.));
#2560=DIRECTION('',(1.,0.,0.));
#2561=DIRECTION('',(0.,-1.,0.));
#2562=DIRECTION('',(1.,0.,0.));
#2563=DIRECTION('',(0.,-1.,0.));
#2564=DIRECTION('',(1.,0.,0.));
#2565=DIRECTION('',(0.,-1.,0.));
#2566=DIRECTION('',(1.,0.,0.));
#2567=DIRECTION('',(0.,-1.,0.));
#2568=DIRECTION('',(1.,0.,0.));
#2569=DIRECTION('',(0.,-1.,0.));
#2570=DIRECTION('',(1.,0.,0.));
#2571=DIRECTION('',(0.,-1.,0.));
#2572=DIRECTION('',(1.08847565222816E-16,1.35700541206356E-16,1.));
#2573=DIRECTION('',(-1.,-1.4417948932104E-16,2.90260191573973E-16));
#2574=DIRECTION('',(1.44747282075673E-16,1.,2.41245412471209E-16));
#2575=DIRECTION('',(1.,-7.21455949148071E-18,-2.90260191573973E-16));
#2576=DIRECTION('',(-1.44747282075673E-16,-1.,-2.41245412471209E-16));
#2577=DIRECTION('',(-6.53085497215815E-17,1.3570054120634E-16,1.));
#2578=DIRECTION('',(-1.,-1.4417948932104E-16,6.53085497215813E-17));
#2579=DIRECTION('',(-7.21455949148089E-18,1.,1.3570054120634E-16));
#2580=DIRECTION('',(1.,-7.21455949148093E-18,-6.53085497215813E-17));
#2581=DIRECTION('',(7.21455949148089E-18,-1.,-1.3570054120634E-16));
#2582=DIRECTION('',(0.,0.,1.));
#2583=DIRECTION('',(1.,0.,0.));
#2584=DIRECTION('',(0.,0.,1.));
#2585=DIRECTION('',(1.,0.,0.));
#2586=DIRECTION('',(0.,0.,1.));
#2587=DIRECTION('',(1.,0.,0.));
#2588=DIRECTION('',(0.,0.,1.));
#2589=DIRECTION('',(1.,0.,0.));
#2590=DIRECTION('',(0.,0.,1.));
#2591=DIRECTION('',(1.,0.,0.));
#2592=DIRECTION('',(0.,0.,1.));
#2593=DIRECTION('',(1.,0.,0.));
#2594=DIRECTION('',(0.,0.,1.));
#2595=DIRECTION('',(1.,0.,0.));
#2596=DIRECTION('',(0.,0.,1.));
#2597=DIRECTION('',(1.,0.,0.));
#2598=DIRECTION('',(0.,0.,1.));
#2599=DIRECTION('',(1.,0.,0.));
#2600=DIRECTION('',(0.,0.,1.));
#2601=DIRECTION('',(1.,0.,0.));
#2602=DIRECTION('',(0.,0.,1.));
#2603=DIRECTION('',(1.,0.,0.));
#2604=DIRECTION('',(0.,0.,1.));
#2605=DIRECTION('',(1.,0.,0.));
#2606=DIRECTION('',(0.,0.,1.));
#2607=DIRECTION('',(1.,0.,0.));
#2608=DIRECTION('',(0.,0.,1.));
#2609=DIRECTION('',(1.,0.,0.));
#2610=DIRECTION('',(1.,0.,0.));
#2611=DIRECTION('',(0.,1.,0.));
#2612=DIRECTION('',(1.,0.,0.));
#2613=DIRECTION('',(0.,0.,-1.));
#2614=DIRECTION('',(0.,0.,1.));
#2615=DIRECTION('',(0.,0.,1.));
#2616=DIRECTION('',(0.,1.,0.));
#2617=DIRECTION('',(0.,0.,1.));
#2618=DIRECTION('',(-1.,0.,0.));
#2619=DIRECTION('',(0.,1.,0.));
#2620=DIRECTION('',(-1.,0.,0.));
#2621=DIRECTION('',(0.,0.,-1.));
#2622=DIRECTION('',(-1.,0.,0.));
#2623=DIRECTION('',(0.,0.,-1.));
#2624=DIRECTION('',(0.,1.,0.));
#2625=DIRECTION('',(-1.,0.,0.));
#2626=DIRECTION('',(0.,0.,-1.));
#2627=DIRECTION('',(-1.,0.,0.));
#2628=DIRECTION('',(0.,0.,1.));
#2629=DIRECTION('',(-1.,0.,0.));
#2630=DIRECTION('',(0.,0.,-1.));
#2631=DIRECTION('',(-1.,0.,0.));
#2632=DIRECTION('',(0.,-1.,0.));
#2633=DIRECTION('',(1.,0.,0.));
#2634=DIRECTION('',(0.,1.,0.));
#2635=DIRECTION('',(1.,0.,0.));
#2636=DIRECTION('',(0.,-1.,0.));
#2637=DIRECTION('',(1.,0.,0.));
#2638=DIRECTION('',(0.,-1.,0.));
#2639=DIRECTION('',(0.,-1.,0.));
#2640=DIRECTION('',(1.,0.,0.));
#2641=DIRECTION('',(0.,1.,0.));
#2642=DIRECTION('',(-1.,0.,0.));
#2643=DIRECTION('',(0.,1.,0.));
#2644=DIRECTION('',(-1.,0.,0.));
#2645=DIRECTION('',(0.,1.,0.));
#2646=DIRECTION('',(-1.,0.,0.));
#2647=DIRECTION('',(0.,1.,0.));
#2648=DIRECTION('',(0.,0.,1.));
#2649=DIRECTION('',(0.,1.,0.));
#2650=DIRECTION('',(0.,0.,-1.));
#2651=DIRECTION('',(1.,0.,0.));
#2652=DIRECTION('',(0.,1.,0.));
#2653=DIRECTION('',(0.,0.,1.));
#2654=DIRECTION('',(0.,1.,0.));
#2655=DIRECTION('',(0.,1.,0.));
#2656=DIRECTION('',(-1.,0.,0.));
#2657=DIRECTION('',(-1.,0.,0.));
#2658=DIRECTION('',(0.,-1.,0.));
#2659=DIRECTION('',(1.,0.,0.));
#2660=DIRECTION('',(0.,0.,1.));
#2661=DIRECTION('',(1.,0.,0.));
#2662=DIRECTION('',(1.,0.,0.));
#2663=DIRECTION('',(0.,1.,0.));
#2664=DIRECTION('',(0.,1.,0.));
#2665=DIRECTION('',(0.,1.,0.));
#2666=DIRECTION('',(-1.,0.,0.));
#2667=DIRECTION('',(0.,0.,1.));
#2668=DIRECTION('',(-1.,0.,0.));
#2669=DIRECTION('',(-1.,0.,0.));
#2670=DIRECTION('',(0.,-1.,0.));
#2671=DIRECTION('',(0.,-1.,0.));
#2672=DIRECTION('',(-1.,0.,0.));
#2673=DIRECTION('',(0.,1.,0.));
#2674=DIRECTION('',(1.,0.,0.));
#2675=DIRECTION('',(0.,0.,-1.));
#2676=DIRECTION('',(-1.,0.,0.));
#2677=DIRECTION('',(0.,1.,0.));
#2678=DIRECTION('',(-1.,0.,0.));
#2679=DIRECTION('',(0.,0.,1.));
#2680=DIRECTION('',(-1.,0.,0.));
#2681=DIRECTION('',(0.,1.,0.));
#2682=DIRECTION('',(1.,0.,0.));
#2683=DIRECTION('',(0.,1.,0.));
#2684=DIRECTION('',(-1.,0.,0.));
#2685=DIRECTION('',(0.,1.,0.));
#2686=DIRECTION('',(-1.,0.,0.));
#2687=DIRECTION('',(0.,1.,0.));
#2688=DIRECTION('',(-1.,0.,0.));
#2689=DIRECTION('',(0.,1.,0.));
#2690=DIRECTION('',(-1.,0.,0.));
#2691=DIRECTION('',(0.,1.,0.));
#2692=DIRECTION('',(0.,0.,1.));
#2693=DIRECTION('',(1.,0.,0.));
#2694=DIRECTION('',(0.,-1.,0.));
#2695=DIRECTION('',(-1.,0.,0.));
#2696=DIRECTION('',(0.,0.,1.));
#2697=DIRECTION('',(1.,0.,0.));
#2698=DIRECTION('',(0.,0.,1.));
#2699=DIRECTION('',(1.,0.,0.));
#2700=DIRECTION('',(0.,0.,1.));
#2701=DIRECTION('',(1.,0.,0.));
#2702=DIRECTION('',(0.,0.,1.));
#2703=DIRECTION('',(1.,0.,0.));
#2704=DIRECTION('',(1.,0.,0.));
#2705=DIRECTION('',(0.,1.,0.));
#2706=DIRECTION('',(-1.,0.,0.));
#2707=DIRECTION('',(0.,0.,-1.));
#2708=DIRECTION('',(1.,0.,0.));
#2709=DIRECTION('',(0.,-1.,0.));
#2710=DIRECTION('',(1.,0.,0.));
#2711=DIRECTION('',(0.,1.,0.));
#2712=DIRECTION('',(-1.,0.,0.));
#2713=DIRECTION('',(0.,0.,-1.));
#2714=DIRECTION('',(1.,0.,0.));
#2715=DIRECTION('',(0.,-1.,0.));
#2716=DIRECTION('',(-1.,0.,0.));
#2717=DIRECTION('',(0.,-1.,0.));
#2718=DIRECTION('',(1.,0.,0.));
#2719=DIRECTION('',(0.,0.,1.));
#2720=DIRECTION('',(1.,0.,0.));
#2721=DIRECTION('',(0.,-1.,0.));
#2722=DIRECTION('',(-1.,0.,0.));
#2723=DIRECTION('',(0.,-1.,0.));
#2724=DIRECTION('',(1.,0.,0.));
#2725=DIRECTION('',(0.,-1.,0.));
#2726=DIRECTION('',(1.,0.,0.));
#2727=DIRECTION('',(0.,-1.,0.));
#2728=DIRECTION('',(0.,-1.,0.));
#2729=DIRECTION('',(0.,0.,-1.));
#2730=DIRECTION('',(0.,0.,1.));
#2731=DIRECTION('',(1.,0.,0.));
#2732=DIRECTION('',(-1.,0.,0.));
#2733=DIRECTION('',(0.,0.,1.));
#2734=DIRECTION('',(0.,0.,1.));
#2735=DIRECTION('',(0.,-1.,0.));
#2736=DIRECTION('',(0.,0.,-1.));
#2737=DIRECTION('',(1.,0.,0.));
#2738=DIRECTION('',(1.,0.,0.));
#2739=DIRECTION('',(0.,0.,-1.));
#2740=DIRECTION('',(0.,-1.,0.));
#2741=DIRECTION('',(0.,0.,-1.));
#2742=DIRECTION('',(0.,0.,-1.));
#2743=DIRECTION('',(1.,0.,0.));
#2744=DIRECTION('',(0.,0.,-1.));
#2745=DIRECTION('',(0.,0.,-1.));
#2746=DIRECTION('',(-1.,0.,0.));
#2747=DIRECTION('',(0.,0.,1.));
#2748=DIRECTION('',(1.,0.,0.));
#2749=DIRECTION('',(0.,0.,1.));
#2750=DIRECTION('',(1.,0.,0.));
#2751=DIRECTION('',(0.,0.,-1.));
#2752=DIRECTION('',(-1.,0.,0.));
#2753=DIRECTION('',(0.,0.,1.));
#2754=DIRECTION('',(1.,0.,0.));
#2755=DIRECTION('',(0.,0.,1.));
#2756=DIRECTION('',(1.,0.,0.));
#2757=DIRECTION('',(0.,0.,1.));
#2758=DIRECTION('',(1.,0.,0.));
#2759=DIRECTION('',(0.,0.,-1.));
#2760=DIRECTION('',(-1.,0.,0.));
#2761=DIRECTION('',(0.,0.,1.));
#2762=DIRECTION('',(1.,0.,0.));
#2763=DIRECTION('',(0.,0.,1.));
#2764=DIRECTION('',(1.,0.,0.));
#2765=DIRECTION('',(0.,0.,-1.));
#2766=DIRECTION('',(-1.,0.,0.));
#2767=DIRECTION('',(0.,0.,1.));
#2768=DIRECTION('',(1.,0.,0.));
#2769=DIRECTION('',(0.,0.,1.));
#2770=DIRECTION('',(1.,0.,0.));
#2771=DIRECTION('',(0.,0.,1.));
#2772=DIRECTION('',(1.,0.,0.));
#2773=DIRECTION('',(0.,0.,-1.));
#2774=DIRECTION('',(-1.,0.,0.));
#2775=DIRECTION('',(0.,0.,1.));
#2776=DIRECTION('',(1.,0.,0.));
#2777=DIRECTION('',(0.,0.,1.));
#2778=DIRECTION('',(1.,0.,0.));
#2779=DIRECTION('',(0.,0.,-1.));
#2780=DIRECTION('',(-1.,0.,0.));
#2781=DIRECTION('',(0.,0.,1.));
#2782=DIRECTION('',(1.,0.,0.));
#2783=DIRECTION('',(0.,0.,1.));
#2784=DIRECTION('',(1.,0.,0.));
#2785=DIRECTION('',(0.,0.,1.));
#2786=DIRECTION('',(1.,0.,0.));
#2787=DIRECTION('',(0.,0.,-1.));
#2788=DIRECTION('',(-1.,0.,0.));
#2789=DIRECTION('',(0.,0.,1.));
#2790=DIRECTION('',(1.,0.,0.));
#2791=DIRECTION('',(0.,0.,1.));
#2792=DIRECTION('',(1.,0.,0.));
#2793=DIRECTION('',(0.,0.,-1.));
#2794=DIRECTION('',(-1.,0.,0.));
#2795=DIRECTION('',(0.,0.,1.));
#2796=DIRECTION('',(1.,0.,0.));
#2797=DIRECTION('',(0.,0.,1.));
#2798=DIRECTION('',(1.,0.,0.));
#2799=DIRECTION('',(0.,0.,1.));
#2800=DIRECTION('',(1.,0.,0.));
#2801=DIRECTION('',(0.,0.,-1.));
#2802=DIRECTION('',(-1.,0.,0.));
#2803=DIRECTION('',(0.,0.,1.));
#2804=DIRECTION('',(1.,0.,0.));
#2805=DIRECTION('',(0.,0.,1.));
#2806=DIRECTION('',(1.,0.,0.));
#2807=DIRECTION('',(0.,0.,-1.));
#2808=DIRECTION('',(-1.,0.,0.));
#2809=DIRECTION('',(0.,0.,1.));
#2810=DIRECTION('',(1.,0.,0.));
#2811=DIRECTION('',(0.,0.,1.));
#2812=DIRECTION('',(1.,0.,0.));
#2813=DIRECTION('',(0.,0.,1.));
#2814=DIRECTION('',(1.,0.,0.));
#2815=DIRECTION('',(0.,0.,-1.));
#2816=DIRECTION('',(-1.,0.,0.));
#2817=DIRECTION('',(0.,0.,1.));
#2818=DIRECTION('',(1.,0.,0.));
#2819=DIRECTION('',(0.,0.,1.));
#2820=DIRECTION('',(1.,0.,0.));
#2821=DIRECTION('',(0.,0.,-1.));
#2822=DIRECTION('',(-1.,0.,0.));
#2823=DIRECTION('',(0.,0.,1.));
#2824=DIRECTION('',(1.,0.,0.));
#2825=DIRECTION('',(0.,0.,1.));
#2826=DIRECTION('',(1.,0.,0.));
#2827=DIRECTION('',(0.,0.,1.));
#2828=DIRECTION('',(1.,0.,0.));
#2829=DIRECTION('',(0.,0.,-1.));
#2830=DIRECTION('',(-1.,0.,0.));
#2831=DIRECTION('',(0.,0.,1.));
#2832=DIRECTION('',(1.,0.,0.));
#2833=DIRECTION('',(0.,0.,1.));
#2834=DIRECTION('',(1.,0.,0.));
#2835=DIRECTION('',(0.,0.,-1.));
#2836=DIRECTION('',(-1.,0.,0.));
#2837=DIRECTION('',(0.,0.,1.));
#2838=DIRECTION('',(1.,0.,0.));
#2839=DIRECTION('',(0.,0.,1.));
#2840=DIRECTION('',(1.,0.,0.));
#2841=DIRECTION('',(0.,0.,1.));
#2842=DIRECTION('',(1.,0.,0.));
#2843=DIRECTION('',(0.,0.,-1.));
#2844=DIRECTION('',(-1.,0.,0.));
#2845=DIRECTION('',(0.,0.,1.));
#2846=DIRECTION('',(1.,0.,0.));
#2847=DIRECTION('',(0.,0.,1.));
#2848=DIRECTION('',(1.,0.,0.));
#2849=DIRECTION('',(0.,0.,-1.));
#2850=DIRECTION('',(-1.,0.,0.));
#2851=DIRECTION('',(0.,0.,1.));
#2852=DIRECTION('',(1.,0.,0.));
#2853=DIRECTION('',(0.,0.,1.));
#2854=DIRECTION('',(1.,0.,0.));
#2855=DIRECTION('',(0.,0.,1.));
#2856=DIRECTION('',(1.,0.,0.));
#2857=DIRECTION('',(0.,0.,1.));
#2858=DIRECTION('',(1.,0.,0.));
#2859=DIRECTION('',(0.,0.,1.));
#2860=DIRECTION('',(1.,0.,0.));
#2861=DIRECTION('',(0.,0.,1.));
#2862=DIRECTION('',(1.,0.,0.));
#2863=DIRECTION('',(0.,0.,1.));
#2864=DIRECTION('',(1.,0.,0.));
#2865=DIRECTION('',(0.,0.,1.));
#2866=DIRECTION('',(1.,0.,0.));
#2867=DIRECTION('',(0.,0.,1.));
#2868=DIRECTION('',(1.,0.,0.));
#2869=DIRECTION('',(6.53085497215815E-17,-1.3570054120634E-16,-1.));
#2870=DIRECTION('',(0.,1.,-1.3570054120634E-16));
#2871=DIRECTION('',(6.53085497215815E-17,-1.3570054120634E-16,-1.));
#2872=DIRECTION('',(6.53085497215815E-17,-1.3570054120634E-16,-1.));
#2873=DIRECTION('',(1.,7.21455949148088E-18,6.53085497215815E-17));
#2874=DIRECTION('',(6.53085497215815E-17,0.,-1.));
#2875=DIRECTION('',(6.53085497215815E-17,-1.3570054120634E-16,-1.));
#2876=DIRECTION('',(7.21455949148093E-18,1.,-1.3570054120634E-16));
#2877=DIRECTION('',(0.,1.3570054120634E-16,1.));
#2878=DIRECTION('',(6.53085497215815E-17,-1.3570054120634E-16,-1.));
#2879=DIRECTION('',(-1.,-7.21455949148088E-18,-6.53085497215815E-17));
#2880=DIRECTION('',(-6.53085497215815E-17,0.,1.));
#2881=DIRECTION('',(-1.08847565222816E-16,-1.35700541206356E-16,-1.));
#2882=DIRECTION('',(0.,1.,-1.35700541206356E-16));
#2883=DIRECTION('',(-1.08847565222816E-16,-1.35700541206356E-16,-1.));
#2884=DIRECTION('',(-1.08847565222816E-16,-1.35700541206356E-16,-1.));
#2885=DIRECTION('',(1.,-1.44747282075673E-16,-1.08847565222816E-16));
#2886=DIRECTION('',(1.44747282075673E-16,1.,0.));
#2887=DIRECTION('',(-1.08847565222816E-16,-1.35700541206356E-16,-1.));
#2888=DIRECTION('',(7.21455949148067E-18,1.,-1.35700541206356E-16));
#2889=DIRECTION('',(0.,1.35700541206356E-16,1.));
#2890=DIRECTION('',(-1.08847565222816E-16,-1.35700541206356E-16,-1.));
#2891=DIRECTION('',(-1.,1.44747282075673E-16,1.08847565222816E-16));
#2892=DIRECTION('',(-1.44747282075673E-16,-1.,0.));
#2893=DIRECTION('',(0.,0.,-1.));
#2894=DIRECTION('',(-1.,0.,0.));
#2895=DIRECTION('',(0.,-1.,0.));
#2896=DIRECTION('',(0.,-1.,0.));
#2897=DIRECTION('',(0.,-1.,0.));
#2898=DIRECTION('',(0.,0.,-1.));
#2899=DIRECTION('',(0.,-1.,0.));
#2900=DIRECTION('',(0.,-1.,0.));
#2901=DIRECTION('',(0.,0.,-1.));
#2902=DIRECTION('',(0.,-1.,0.));
#2903=DIRECTION('',(2.53861972094167E-16,0.,-1.));
#2904=DIRECTION('',(-1.,0.,-2.53861972094167E-16));
#2905=DIRECTION('',(0.,-1.,0.));
#2906=DIRECTION('',(1.,0.,2.53861972094167E-16));
#2907=DIRECTION('',(0.,-1.,0.));
#2908=DIRECTION('',(0.,0.,-1.));
#2909=DIRECTION('',(0.,-1.,0.));
#2910=DIRECTION('',(0.,-1.,0.));
#2911=DIRECTION('',(0.,0.,-1.));
#2912=DIRECTION('',(0.,-1.,0.));
#2913=DIRECTION('',(0.,0.,-1.));
#2914=DIRECTION('',(0.,-1.,0.));
#2915=DIRECTION('',(0.,0.,-1.));
#2916=DIRECTION('',(0.,0.,1.));
#2917=DIRECTION('',(1.,0.,0.));
#2918=DIRECTION('',(0.,0.,1.));
#2919=DIRECTION('',(1.,0.,0.));
#2920=DIRECTION('',(0.,0.,1.));
#2921=DIRECTION('',(1.,0.,0.));
#2922=DIRECTION('',(0.,0.,1.));
#2923=DIRECTION('',(1.,0.,0.));
#2924=DIRECTION('',(0.,0.,1.));
#2925=DIRECTION('',(1.,0.,0.));
#2926=DIRECTION('',(0.,0.,1.));
#2927=DIRECTION('',(1.,0.,0.));
#2928=DIRECTION('',(0.,0.,1.));
#2929=DIRECTION('',(1.,0.,0.));
#2930=DIRECTION('',(0.,0.,1.));
#2931=DIRECTION('',(1.,0.,0.));
#2932=DIRECTION('',(0.,0.,1.));
#2933=DIRECTION('',(1.,0.,0.));
#2934=DIRECTION('',(0.,0.,1.));
#2935=DIRECTION('',(1.,0.,0.));
#2936=DIRECTION('',(0.,0.,1.));
#2937=DIRECTION('',(1.,0.,0.));
#2938=DIRECTION('',(0.,0.,1.));
#2939=DIRECTION('',(1.,0.,0.));
#2940=DIRECTION('',(0.,1.,0.));
#2941=DIRECTION('',(0.,0.,1.));
#2942=DIRECTION('',(0.,0.,-1.));
#2943=DIRECTION('',(1.,0.,0.));
#2944=DIRECTION('',(0.,0.,-1.));
#2945=DIRECTION('',(0.,1.,0.));
#2946=DIRECTION('',(0.,0.,1.));
#2947=DIRECTION('',(0.,0.,-1.));
#2948=DIRECTION('',(1.,0.,0.));
#2949=DIRECTION('',(0.,0.,-1.));
#2950=DIRECTION('',(1.,0.,0.));
#2951=DIRECTION('',(0.,0.,-1.));
#2952=DIRECTION('',(0.,0.,-1.));
#2953=DIRECTION('',(0.,-1.,0.));
#2954=DIRECTION('',(0.,0.,-1.));
#2955=DIRECTION('',(1.,0.,0.));
#2956=DIRECTION('',(0.,0.,-1.));
#2957=DIRECTION('',(0.,0.,-1.));
#2958=DIRECTION('',(0.,-1.,0.));
#2959=DIRECTION('',(0.,0.,-1.));
#2960=DIRECTION('',(0.,1.,0.));
#2961=DIRECTION('',(0.,0.,1.));
#2962=DIRECTION('',(0.,0.,-1.));
#2963=DIRECTION('',(1.,0.,0.));
#2964=DIRECTION('',(0.,0.,-1.));
#2965=DIRECTION('',(0.,1.,0.));
#2966=DIRECTION('',(0.,0.,1.));
#2967=DIRECTION('',(0.,0.,-1.));
#2968=DIRECTION('',(1.,0.,0.));
#2969=DIRECTION('',(0.,0.,-1.));
#2970=DIRECTION('',(0.,1.,0.));
#2971=DIRECTION('',(0.,0.,1.));
#2972=DIRECTION('',(0.,0.,-1.));
#2973=DIRECTION('',(1.,0.,0.));
#2974=DIRECTION('',(0.,0.,-1.));
#2975=DIRECTION('',(1.,0.,0.));
#2976=DIRECTION('',(0.,0.,-1.));
#2977=DIRECTION('',(0.,0.,-1.));
#2978=DIRECTION('',(-1.,0.,0.));
#2979=DIRECTION('',(0.,0.,1.));
#2980=DIRECTION('',(-1.,0.,0.));
#2981=DIRECTION('',(0.,0.,1.));
#2982=DIRECTION('',(0.,1.,0.));
#2983=DIRECTION('',(0.,0.,1.));
#2984=DIRECTION('',(0.,0.,-1.));
#2985=DIRECTION('',(1.,0.,0.));
#2986=DIRECTION('',(1.,0.,0.));
#2987=DIRECTION('',(0.,0.,-1.));
#2988=DIRECTION('',(-1.,0.,0.));
#2989=DIRECTION('',(0.,0.,1.));
#2990=DIRECTION('',(-1.,0.,0.));
#2991=DIRECTION('',(0.,0.,1.));
#2992=DIRECTION('',(0.,1.,0.));
#2993=DIRECTION('',(0.,0.,1.));
#2994=DIRECTION('',(0.,0.,-1.));
#2995=DIRECTION('',(1.,0.,0.));
#2996=DIRECTION('',(0.,0.,-1.));
#2997=DIRECTION('',(1.,0.,0.));
#2998=DIRECTION('',(0.,0.,-1.));
#2999=DIRECTION('',(0.,0.,-1.));
#3000=DIRECTION('',(-1.,0.,0.));
#3001=DIRECTION('',(0.,0.,1.));
#3002=DIRECTION('',(-1.,0.,0.));
#3003=DIRECTION('',(0.,0.,1.));
#3004=DIRECTION('',(0.,1.,0.));
#3005=DIRECTION('',(0.,0.,1.));
#3006=DIRECTION('',(0.,0.,-1.));
#3007=DIRECTION('',(1.,0.,0.));
#3008=DIRECTION('',(1.,0.,0.));
#3009=DIRECTION('',(0.,0.,-1.));
#3010=DIRECTION('',(-1.,0.,0.));
#3011=DIRECTION('',(0.,0.,1.));
#3012=DIRECTION('',(-1.,0.,0.));
#3013=DIRECTION('',(0.,0.,1.));
#3014=DIRECTION('',(0.,1.,0.));
#3015=DIRECTION('',(0.,0.,1.));
#3016=DIRECTION('',(0.,0.,-1.));
#3017=DIRECTION('',(0.,-1.,0.));
#3018=DIRECTION('',(0.,0.,-1.));
#3019=DIRECTION('',(0.,-1.,0.));
#3020=DIRECTION('',(0.,0.,-1.));
#3021=DIRECTION('',(0.,0.,-1.));
#3022=DIRECTION('',(1.,0.,0.));
#3023=DIRECTION('',(0.,0.,-1.));
#3024=DIRECTION('',(0.,0.,-1.));
#3025=DIRECTION('',(0.,-1.,0.));
#3026=DIRECTION('',(0.,1.,0.));
#3027=DIRECTION('',(0.,0.,1.));
#3028=DIRECTION('',(0.,0.,-1.));
#3029=DIRECTION('',(0.,-1.,0.));
#3030=DIRECTION('',(0.,0.,-1.));
#3031=DIRECTION('',(0.,-1.,0.));
#3032=DIRECTION('',(0.,0.,-1.));
#3033=DIRECTION('',(1.,0.,0.));
#3034=DIRECTION('',(0.,0.,-1.));
#3035=DIRECTION('',(0.,-1.,0.));
#3036=DIRECTION('',(-1.,0.,0.));
#3037=DIRECTION('',(0.,0.,1.));
#3038=DIRECTION('',(-1.,0.,0.));
#3039=DIRECTION('',(0.,0.,1.));
#3040=DIRECTION('',(-1.,0.,0.));
#3041=DIRECTION('',(0.,0.,1.));
#3042=DIRECTION('',(-1.,0.,0.));
#3043=DIRECTION('',(0.,0.,1.));
#3044=DIRECTION('',(0.,-1.,0.));
#3045=DIRECTION('',(0.,0.,-1.));
#3046=DIRECTION('',(0.,-1.,0.));
#3047=DIRECTION('',(0.,0.,-1.));
#3048=DIRECTION('',(0.,-1.,0.));
#3049=DIRECTION('',(0.,0.,-1.));
#3050=DIRECTION('',(0.,-1.,0.));
#3051=DIRECTION('',(0.,-1.,0.));
#3052=DIRECTION('',(0.,0.,1.));
#3053=DIRECTION('',(0.,-1.,0.));
#3054=DIRECTION('',(-1.,0.,0.));
#3055=DIRECTION('',(0.,0.,1.));
#3056=DIRECTION('',(0.,0.,-1.));
#3057=DIRECTION('',(-1.,0.,0.));
#3058=DIRECTION('',(0.,0.,1.));
#3059=DIRECTION('',(0.,-1.,0.));
#3060=DIRECTION('',(0.,0.,-1.));
#3061=DIRECTION('',(0.,-1.,0.));
#3062=DIRECTION('',(0.,0.,-1.));
#3063=DIRECTION('',(0.,-1.,0.));
#3064=DIRECTION('',(0.,1.,0.));
#3065=DIRECTION('',(0.,0.,1.));
#3066=DIRECTION('',(0.707106781186546,0.,0.707106781186549));
#3067=DIRECTION('',(0.707106781186549,0.,-0.707106781186546));
#3068=DIRECTION('',(-0.707106781186549,0.,0.707106781186546));
#3069=DIRECTION('',(-0.707106781186549,0.,0.707106781186546));
#3070=DIRECTION('',(0.707106781186546,0.,0.707106781186549));
#3071=DIRECTION('',(-0.707106781186546,0.,-0.707106781186549));
#3072=DIRECTION('',(0.,1.,0.));
#3073=DIRECTION('',(-1.,0.,0.));
#3074=CARTESIAN_POINT('',(0.,0.,0.));
#3075=CARTESIAN_POINT('',(0.167,0.003,0.003));
#3076=CARTESIAN_POINT('',(0.1485,0.003,0.018));
#3077=CARTESIAN_POINT('',(0.1485,0.003,0.011));
#3078=CARTESIAN_POINT('',(0.0215,0.003,0.018));
#3079=CARTESIAN_POINT('',(0.0215,0.003,0.011));
#3080=CARTESIAN_POINT('',(0.0645,0.003,0.04125));
#3081=CARTESIAN_POINT('',(0.0645,0.003,0.0625));
#3082=CARTESIAN_POINT('',(0.0494739808997859,0.003,0.0562760191002141));
#3083=CARTESIAN_POINT('',(0.0484133207280061,0.003,0.0573366792719939));
#3084=CARTESIAN_POINT('',(0.0473526605562262,0.003,0.0583973394437738));
#3085=CARTESIAN_POINT('',(0.0645,0.003,0.04125));
#3086=CARTESIAN_POINT('',(0.04025,0.003,0.04125));
#3087=CARTESIAN_POINT('',(0.04025,0.003,0.022125));
#3088=CARTESIAN_POINT('',(0.04025,0.003,0.003));
#3089=CARTESIAN_POINT('',(0.126,0.003,0.003));
#3090=CARTESIAN_POINT('',(0.01,0.003,0.003));
#3091=CARTESIAN_POINT('',(0.01,0.003,0.003));
#3092=CARTESIAN_POINT('',(0.01,0.003,0.083));
#3093=CARTESIAN_POINT('',(0.003,0.003,0.083));
#3094=CARTESIAN_POINT('',(0.16,0.003,0.083));
#3095=CARTESIAN_POINT('',(0.16,0.003,0.003));
#3096=CARTESIAN_POINT('',(0.16,0.003,0.003));
#3097=CARTESIAN_POINT('',(0.126,0.003,0.003));
#3098=CARTESIAN_POINT('',(0.12975,0.003,0.003));
#3099=CARTESIAN_POINT('',(0.12975,0.003,0.022125));
#3100=CARTESIAN_POINT('',(0.12975,0.003,0.04125));
#3101=CARTESIAN_POINT('',(0.1055,0.003,0.04125));
#3102=CARTESIAN_POINT('',(0.122647339443774,0.003,0.0583973394437738));
#3103=CARTESIAN_POINT('',(0.121586679271994,0.003,0.057336679271994));
#3104=CARTESIAN_POINT('',(0.120526019100214,0.003,0.0562760191002141));
#3105=CARTESIAN_POINT('',(0.1055,0.003,0.04125));
#3106=CARTESIAN_POINT('',(0.1055,0.003,0.0625));
#3107=CARTESIAN_POINT('',(0.085,0.003,0.0625));
#3108=CARTESIAN_POINT('',(0.,0.,0.));
#3109=CARTESIAN_POINT('',(0.1485,0.,0.018));
#3110=CARTESIAN_POINT('',(0.1485,0.,0.011));
#3111=CARTESIAN_POINT('',(0.0215,0.,0.018));
#3112=CARTESIAN_POINT('',(0.0215,0.,0.011));
#3113=CARTESIAN_POINT('',(0.,0.,0.));
#3114=CARTESIAN_POINT('',(0.,0.,0.));
#3115=CARTESIAN_POINT('',(0.17,0.,0.));
#3116=CARTESIAN_POINT('',(0.17,0.,0.));
#3117=CARTESIAN_POINT('',(0.17,0.,0.083));
#3118=CARTESIAN_POINT('',(0.,0.,0.083));
#3119=CARTESIAN_POINT('',(0.,0.,0.083));
#3120=CARTESIAN_POINT('',(0.,0.,0.));
#3121=CARTESIAN_POINT('',(0.0645,0.,0.04125));
#3122=CARTESIAN_POINT('',(0.0645,0.,0.0625));
#3123=CARTESIAN_POINT('',(0.0645,0.,0.02));
#3124=CARTESIAN_POINT('',(0.085,0.,0.0625));
#3125=CARTESIAN_POINT('',(0.1055,0.,0.0625));
#3126=CARTESIAN_POINT('',(0.1055,0.,0.04125));
#3127=CARTESIAN_POINT('',(0.1055,0.,0.02));
#3128=CARTESIAN_POINT('',(0.085,0.,0.02));
#3129=CARTESIAN_POINT('',(0.085,0.07,0.));
#3130=CARTESIAN_POINT('',(0.1275,0.078,0.));
#3131=CARTESIAN_POINT('',(0.1495,0.078,3.32047926090261E-18));
#3132=CARTESIAN_POINT('',(0.105500000044703,0.078,0.));
#3133=CARTESIAN_POINT('',(0.1495,0.07,0.));
#3134=CARTESIAN_POINT('',(0.1495,0.081,0.));
#3135=CARTESIAN_POINT('',(0.085,0.081,0.));
#3136=CARTESIAN_POINT('',(0.105500000044703,0.081,0.));
#3137=CARTESIAN_POINT('',(0.105500000044703,0.07,0.));
#3138=CARTESIAN_POINT('',(0.1605,0.078,0.));
#3139=CARTESIAN_POINT('',(0.162,0.078,0.));
#3140=CARTESIAN_POINT('',(0.1275,0.048,0.));
#3141=CARTESIAN_POINT('',(0.129,0.048,0.));
#3142=CARTESIAN_POINT('',(0.0095,0.078,0.));
#3143=CARTESIAN_POINT('',(0.011,0.078,0.));
#3144=CARTESIAN_POINT('',(0.0755,0.078,0.));
#3145=CARTESIAN_POINT('',(0.077,0.078,0.));
#3146=CARTESIAN_POINT('',(0.0425,0.048,0.));
#3147=CARTESIAN_POINT('',(0.044,0.048,0.));
#3148=CARTESIAN_POINT('',(0.0945,0.078,0.));
#3149=CARTESIAN_POINT('',(0.096,0.078,0.));
#3150=CARTESIAN_POINT('',(0.1575,0.12,0.));
#3151=CARTESIAN_POINT('',(0.145,0.12,0.));
#3152=CARTESIAN_POINT('',(0.17,0.12,0.));
#3153=CARTESIAN_POINT('',(0.145,0.1105,0.));
#3154=CARTESIAN_POINT('',(0.145,0.101,0.));
#3155=CARTESIAN_POINT('',(0.1575,0.101,0.));
#3156=CARTESIAN_POINT('',(0.17,0.101,0.));
#3157=CARTESIAN_POINT('',(0.17,0.,0.));
#3158=CARTESIAN_POINT('',(0.,0.14,0.));
#3159=CARTESIAN_POINT('',(0.,0.14,0.));
#3160=CARTESIAN_POINT('',(0.17,0.14,0.));
#3161=CARTESIAN_POINT('',(0.17,0.14,0.));
#3162=CARTESIAN_POINT('',(0.17,0.,0.));
#3163=CARTESIAN_POINT('',(0.0425,0.078,0.));
#3164=CARTESIAN_POINT('',(0.0645,0.078,-4.01624886591329E-18));
#3165=CARTESIAN_POINT('',(0.0205000000447035,0.078,0.));
#3166=CARTESIAN_POINT('',(0.0645,0.07,0.));
#3167=CARTESIAN_POINT('',(0.0645,0.081,0.));
#3168=CARTESIAN_POINT('',(0.085,0.081,0.));
#3169=CARTESIAN_POINT('',(0.0205000000447035,0.081,0.));
#3170=CARTESIAN_POINT('',(0.0205000000447035,0.07,0.));
#3171=CARTESIAN_POINT('',(0.167,0.137,0.003));
#3172=CARTESIAN_POINT('',(0.167,0.07,0.0565));
#3173=CARTESIAN_POINT('',(0.167,0.071,0.0565));
#3174=CARTESIAN_POINT('',(0.167,0.07,0.0285));
#3175=CARTESIAN_POINT('',(0.167,0.071,0.0285));
#3176=CARTESIAN_POINT('',(0.167,0.07,0.048));
#3177=CARTESIAN_POINT('',(0.167,0.0745,0.048));
#3178=CARTESIAN_POINT('',(0.167,0.105,0.083));
#3179=CARTESIAN_POINT('',(0.167,0.13,0.083));
#3180=CARTESIAN_POINT('',(0.167,0.0100000001490116,0.083));
#3181=CARTESIAN_POINT('',(0.167,0.13,0.083));
#3182=CARTESIAN_POINT('',(0.167,0.13,0.003));
#3183=CARTESIAN_POINT('',(0.167,0.1035,0.003));
#3184=CARTESIAN_POINT('',(0.167,0.12,0.003));
#3185=CARTESIAN_POINT('',(0.167,0.12,0.003));
#3186=CARTESIAN_POINT('',(0.167,0.12,0.007));
#3187=CARTESIAN_POINT('',(0.167,0.1105,0.007));
#3188=CARTESIAN_POINT('',(0.167,0.101,0.007));
#3189=CARTESIAN_POINT('',(0.167,0.101,0.003));
#3190=CARTESIAN_POINT('',(0.167,0.101,0.003));
#3191=CARTESIAN_POINT('',(0.167,0.1035,0.003));
#3192=CARTESIAN_POINT('',(0.167,0.0100000001490116,0.003));
#3193=CARTESIAN_POINT('',(0.167,0.0100000001490116,0.003));
#3194=CARTESIAN_POINT('',(0.085,0.07,0.003));
#3195=CARTESIAN_POINT('',(0.04025,0.01,0.003));
#3196=CARTESIAN_POINT('',(0.04025,0.01,0.003));
#3197=CARTESIAN_POINT('',(0.126,0.01,0.003));
#3198=CARTESIAN_POINT('',(0.12975,0.01,0.003));
#3199=CARTESIAN_POINT('',(0.12975,0.01,0.003));
#3200=CARTESIAN_POINT('',(0.16,0.0390000000596046,0.003));
#3201=CARTESIAN_POINT('',(0.16,0.0100000000993411,0.003));
#3202=CARTESIAN_POINT('',(0.085,0.0100000001490116,0.003));
#3203=CARTESIAN_POINT('',(0.1575,0.101,0.003));
#3204=CARTESIAN_POINT('',(0.145,0.101,0.003));
#3205=CARTESIAN_POINT('',(0.145,0.1105,0.003));
#3206=CARTESIAN_POINT('',(0.145,0.12,0.003));
#3207=CARTESIAN_POINT('',(0.1575,0.12,0.003));
#3208=CARTESIAN_POINT('',(0.1635,0.13,0.003));
#3209=CARTESIAN_POINT('',(0.16,0.13,0.003));
#3210=CARTESIAN_POINT('',(0.16,0.135,0.003));
#3211=CARTESIAN_POINT('',(0.16,0.14,0.00300000035920193));
#3212=CARTESIAN_POINT('',(0.17,0.14,0.00300000035920193));
#3213=CARTESIAN_POINT('',(0.01,0.14,0.003));
#3214=CARTESIAN_POINT('',(0.01,0.100999999940395,0.003));
#3215=CARTESIAN_POINT('',(0.01,0.13,0.003));
#3216=CARTESIAN_POINT('',(0.044,0.129999999850988,0.003));
#3217=CARTESIAN_POINT('',(0.003,0.129999999850988,0.003));
#3218=CARTESIAN_POINT('',(0.003,0.0365,0.003));
#3219=CARTESIAN_POINT('',(0.003,0.0100000001490116,0.003));
#3220=CARTESIAN_POINT('',(0.0465000000596046,0.0100000001490116,0.003));
#3221=CARTESIAN_POINT('',(0.01,0.01,0.003));
#3222=CARTESIAN_POINT('',(0.01,0.07,0.003));
#3223=CARTESIAN_POINT('',(0.152825,0.052,0.003));
#3224=CARTESIAN_POINT('',(0.151825,0.052,0.003));
#3225=CARTESIAN_POINT('',(0.153825,0.052,0.003));
#3226=CARTESIAN_POINT('',(0.153825,0.0505,0.003));
#3227=CARTESIAN_POINT('',(0.153825,0.049,0.003));
#3228=CARTESIAN_POINT('',(0.152825,0.049,0.003));
#3229=CARTESIAN_POINT('',(0.151825,0.049,0.003));
#3230=CARTESIAN_POINT('',(0.151825,0.0505,0.003));
#3231=CARTESIAN_POINT('',(0.057,0.016825,0.003));
#3232=CARTESIAN_POINT('',(0.0555,0.016825,0.003));
#3233=CARTESIAN_POINT('',(0.0585,0.016825,0.003));
#3234=CARTESIAN_POINT('',(0.0585,0.015825,0.003));
#3235=CARTESIAN_POINT('',(0.0585,0.014825,0.003));
#3236=CARTESIAN_POINT('',(0.057,0.014825,0.003));
#3237=CARTESIAN_POINT('',(0.0555,0.014825,0.003));
#3238=CARTESIAN_POINT('',(0.0555,0.015825,0.003));
#3239=CARTESIAN_POINT('',(0.113,0.028475,0.003));
#3240=CARTESIAN_POINT('',(0.1115,0.028475,0.003));
#3241=CARTESIAN_POINT('',(0.1145,0.028475,0.003));
#3242=CARTESIAN_POINT('',(0.1145,0.027475,0.003));
#3243=CARTESIAN_POINT('',(0.1145,0.026475,0.003));
#3244=CARTESIAN_POINT('',(0.113,0.026475,0.003));
#3245=CARTESIAN_POINT('',(0.1115,0.026475,0.003));
#3246=CARTESIAN_POINT('',(0.1115,0.027475,0.003));
#3247=CARTESIAN_POINT('',(0.113,0.016825,0.003));
#3248=CARTESIAN_POINT('',(0.1115,0.016825,0.003));
#3249=CARTESIAN_POINT('',(0.1145,0.016825,0.003));
#3250=CARTESIAN_POINT('',(0.1145,0.015825,0.003));
#3251=CARTESIAN_POINT('',(0.1145,0.014825,0.003));
#3252=CARTESIAN_POINT('',(0.113,0.014825,0.003));
#3253=CARTESIAN_POINT('',(0.1115,0.014825,0.003));
#3254=CARTESIAN_POINT('',(0.1115,0.015825,0.003));
#3255=CARTESIAN_POINT('',(0.141175,0.052,0.003));
#3256=CARTESIAN_POINT('',(0.140175,0.052,0.003));
#3257=CARTESIAN_POINT('',(0.142175,0.052,0.003));
#3258=CARTESIAN_POINT('',(0.142175,0.0505,0.003));
#3259=CARTESIAN_POINT('',(0.142175,0.049,0.003));
#3260=CARTESIAN_POINT('',(0.141175,0.049,0.003));
#3261=CARTESIAN_POINT('',(0.140175,0.049,0.003));
#3262=CARTESIAN_POINT('',(0.140175,0.0505,0.003));
#3263=CARTESIAN_POINT('',(0.057,0.028475,0.003));
#3264=CARTESIAN_POINT('',(0.0555,0.028475,0.003));
#3265=CARTESIAN_POINT('',(0.0585,0.028475,0.003));
#3266=CARTESIAN_POINT('',(0.0585,0.027475,0.003));
#3267=CARTESIAN_POINT('',(0.0585,0.026475,0.003));
#3268=CARTESIAN_POINT('',(0.057,0.026475,0.003));
#3269=CARTESIAN_POINT('',(0.0555,0.026475,0.003));
#3270=CARTESIAN_POINT('',(0.0555,0.027475,0.003));
#3271=CARTESIAN_POINT('',(0.0425,0.078,0.0030000000000001));
#3272=CARTESIAN_POINT('',(0.0205000000223517,0.078,0.00300000000000011));
#3273=CARTESIAN_POINT('',(0.0645,0.078,0.0030000000000001));
#3274=CARTESIAN_POINT('',(0.0205000000447035,0.078,0.00300000000000011));
#3275=CARTESIAN_POINT('',(0.0205000000447035,0.081,0.003));
#3276=CARTESIAN_POINT('',(0.0425000000111759,0.081,0.0030000000000001));
#3277=CARTESIAN_POINT('',(0.0645,0.081,0.0030000000000001));
#3278=CARTESIAN_POINT('',(0.0645,0.081,0.0030000000000001));
#3279=CARTESIAN_POINT('',(0.1275,0.078,0.003));
#3280=CARTESIAN_POINT('',(0.105500000022352,0.078,0.003));
#3281=CARTESIAN_POINT('',(0.1495,0.078,0.003));
#3282=CARTESIAN_POINT('',(0.105500000044703,0.078,0.003));
#3283=CARTESIAN_POINT('',(0.105500000044703,0.081,0.003));
#3284=CARTESIAN_POINT('',(0.127500000011176,0.081,0.003));
#3285=CARTESIAN_POINT('',(0.1495,0.081,0.003));
#3286=CARTESIAN_POINT('',(0.1495,0.081,0.003));
#3287=CARTESIAN_POINT('',(0.1605,0.078,0.003));
#3288=CARTESIAN_POINT('',(0.162,0.078,0.003));
#3289=CARTESIAN_POINT('',(0.1275,0.048,0.003));
#3290=CARTESIAN_POINT('',(0.129,0.048,0.003));
#3291=CARTESIAN_POINT('',(0.0095,0.078,0.003));
#3292=CARTESIAN_POINT('',(0.011,0.078,0.003));
#3293=CARTESIAN_POINT('',(0.0755,0.078,0.003));
#3294=CARTESIAN_POINT('',(0.077,0.078,0.003));
#3295=CARTESIAN_POINT('',(0.0425,0.048,0.003));
#3296=CARTESIAN_POINT('',(0.044,0.048,0.003));
#3297=CARTESIAN_POINT('',(0.0945,0.078,0.003));
#3298=CARTESIAN_POINT('',(0.096,0.078,0.003));
#3299=CARTESIAN_POINT('',(0.113,0.036,0.003));
#3300=CARTESIAN_POINT('',(0.1157,0.036,0.003));
#3301=CARTESIAN_POINT('',(0.096,0.086,0.003));
#3302=CARTESIAN_POINT('',(0.099,0.086,0.003));
#3303=CARTESIAN_POINT('',(0.154,0.086,0.003));
#3304=CARTESIAN_POINT('',(0.157,0.086,0.003));
#3305=CARTESIAN_POINT('',(0.096,0.135,0.003));
#3306=CARTESIAN_POINT('',(0.099,0.135,0.003));
#3307=CARTESIAN_POINT('',(0.057,0.036,0.003));
#3308=CARTESIAN_POINT('',(0.0597,0.036,0.003));
#3309=CARTESIAN_POINT('',(0.057,0.055,0.003));
#3310=CARTESIAN_POINT('',(0.0597,0.055,0.003));
#3311=CARTESIAN_POINT('',(0.113,0.055,0.003));
#3312=CARTESIAN_POINT('',(0.1157,0.055,0.003));
#3313=CARTESIAN_POINT('',(0.154,0.135,0.003));
#3314=CARTESIAN_POINT('',(0.157,0.135,0.003));
#3315=CARTESIAN_POINT('',(0.17,0.,0.));
#3316=CARTESIAN_POINT('',(0.17,0.1105,0.007));
#3317=CARTESIAN_POINT('',(0.17,0.12,0.007));
#3318=CARTESIAN_POINT('',(0.17,0.101,0.007));
#3319=CARTESIAN_POINT('',(0.17,0.12,0.));
#3320=CARTESIAN_POINT('',(0.17,0.14,0.));
#3321=CARTESIAN_POINT('',(0.17,0.14,0.083));
#3322=CARTESIAN_POINT('',(0.17,0.,0.083));
#3323=CARTESIAN_POINT('',(0.17,0.101,0.));
#3324=CARTESIAN_POINT('',(0.17,0.07,0.048));
#3325=CARTESIAN_POINT('',(0.17,0.0745,0.048));
#3326=CARTESIAN_POINT('',(0.17,0.07,0.0285));
#3327=CARTESIAN_POINT('',(0.17,0.07,0.0265));
#3328=CARTESIAN_POINT('',(0.17,0.07,0.0565));
#3329=CARTESIAN_POINT('',(0.17,0.07,0.0545));
#3330=CARTESIAN_POINT('',(0.17,0.14,0.));
#3331=CARTESIAN_POINT('',(0.16,0.14,0.083000000179601));
#3332=CARTESIAN_POINT('',(0.16,0.14,0.083000000179601));
#3333=CARTESIAN_POINT('',(0.17,0.14,0.083));
#3334=CARTESIAN_POINT('',(0.,0.14,0.));
#3335=CARTESIAN_POINT('',(0.,0.14,0.083));
#3336=CARTESIAN_POINT('',(0.17,0.14,0.083));
#3337=CARTESIAN_POINT('',(0.01,0.14,0.083));
#3338=CARTESIAN_POINT('',(0.01,0.14,0.0415));
#3339=CARTESIAN_POINT('',(0.,0.14,0.));
#3340=CARTESIAN_POINT('',(0.,0.07,0.048));
#3341=CARTESIAN_POINT('',(0.,0.0745,0.048));
#3342=CARTESIAN_POINT('',(0.,0.07,0.0565));
#3343=CARTESIAN_POINT('',(0.,0.068,0.0565));
#3344=CARTESIAN_POINT('',(0.,0.07,0.0285));
#3345=CARTESIAN_POINT('',(0.,0.068,0.0285));
#3346=CARTESIAN_POINT('',(0.,0.14,0.083));
#3347=CARTESIAN_POINT('',(0.003,0.003,0.003));
#3348=CARTESIAN_POINT('',(0.003,0.07,0.0565));
#3349=CARTESIAN_POINT('',(0.003,0.071,0.0565));
#3350=CARTESIAN_POINT('',(0.003,0.07,0.0285));
#3351=CARTESIAN_POINT('',(0.003,0.071,0.0285));
#3352=CARTESIAN_POINT('',(0.003,0.07,0.048));
#3353=CARTESIAN_POINT('',(0.003,0.0745,0.048));
#3354=CARTESIAN_POINT('',(0.003,0.129999999850988,0.003));
#3355=CARTESIAN_POINT('',(0.003,0.129999999850988,0.083));
#3356=CARTESIAN_POINT('',(0.003,0.137,0.083));
#3357=CARTESIAN_POINT('',(0.003,0.0100000001490116,0.083));
#3358=CARTESIAN_POINT('',(0.003,0.0100000001490116,0.003));
#3359=CARTESIAN_POINT('',(0.01,0.131999999880791,0.003));
#3360=CARTESIAN_POINT('',(0.01,0.01,0.003));
#3361=CARTESIAN_POINT('',(0.01,0.01,0.083));
#3362=CARTESIAN_POINT('',(0.01,0.07,0.083));
#3363=CARTESIAN_POINT('',(0.00800000011920929,0.0100000001490116,0.003));
#3364=CARTESIAN_POINT('',(0.003,0.0100000001490116,0.083));
#3365=CARTESIAN_POINT('',(0.003,0.129999999850988,0.003));
#3366=CARTESIAN_POINT('',(0.01,0.13,0.003));
#3367=CARTESIAN_POINT('',(0.01,0.13,0.083));
#3368=CARTESIAN_POINT('',(0.003,0.129999999850988,0.083));
#3369=CARTESIAN_POINT('',(0.01,0.131999999880791,0.003));
#3370=CARTESIAN_POINT('',(0.01,0.105,0.083));
#3371=CARTESIAN_POINT('',(0.00800000011920929,0.0100000001490116,0.003));
#3372=CARTESIAN_POINT('',(0.16,0.0100000000993411,0.003));
#3373=CARTESIAN_POINT('',(0.16,0.0100000000993411,0.083));
#3374=CARTESIAN_POINT('',(0.085,0.0100000001490116,0.083));
#3375=CARTESIAN_POINT('',(0.16,0.00800000011920929,0.003));
#3376=CARTESIAN_POINT('',(0.16,0.003,0.083));
#3377=CARTESIAN_POINT('',(0.17,0.07,0.0565));
#3378=CARTESIAN_POINT('',(0.168,0.07,0.0565));
#3379=CARTESIAN_POINT('',(0.168,0.07,0.0555));
#3380=CARTESIAN_POINT('',(0.17,0.07,0.0565));
#3381=CARTESIAN_POINT('',(0.002,0.07,0.0565));
#3382=CARTESIAN_POINT('',(0.002,0.07,0.0575));
#3383=CARTESIAN_POINT('',(0.17,0.07,0.0285));
#3384=CARTESIAN_POINT('',(0.168,0.07,0.0285));
#3385=CARTESIAN_POINT('',(0.168,0.071,0.0285));
#3386=CARTESIAN_POINT('',(0.17,0.07,0.0285));
#3387=CARTESIAN_POINT('',(0.002,0.07,0.0285));
#3388=CARTESIAN_POINT('',(0.002,0.071,0.0285));
#3389=CARTESIAN_POINT('',(0.17,0.07,0.048));
#3390=CARTESIAN_POINT('',(0.17,0.07,0.048));
#3391=CARTESIAN_POINT('',(0.085,0.07,0.083));
#3392=CARTESIAN_POINT('',(0.16,0.135,0.083));
#3393=CARTESIAN_POINT('',(0.16,0.13,0.083));
#3394=CARTESIAN_POINT('',(0.1635,0.13,0.083));
#3395=CARTESIAN_POINT('',(0.00500000007450581,0.134999999925494,0.083));
#3396=CARTESIAN_POINT('',(0.00700000007450581,0.134999999925494,0.083));
#3397=CARTESIAN_POINT('',(0.165,0.135,0.083));
#3398=CARTESIAN_POINT('',(0.167,0.135,0.083));
#3399=CARTESIAN_POINT('',(0.164999999925494,0.00500000007450581,0.083));
#3400=CARTESIAN_POINT('',(0.166999999925494,0.00500000007450581,0.083));
#3401=CARTESIAN_POINT('',(0.00500000007450581,0.00500000007450581,0.083));
#3402=CARTESIAN_POINT('',(0.00700000007450581,0.00500000007450581,0.083));
#3403=CARTESIAN_POINT('',(0.168,0.07,0.0285));
#3404=CARTESIAN_POINT('',(0.168,0.07,0.0285));
#3405=CARTESIAN_POINT('',(0.168,0.07,0.0265));
#3406=CARTESIAN_POINT('',(0.,0.07,0.0285));
#3407=CARTESIAN_POINT('',(0.168,0.07,0.0285));
#3408=CARTESIAN_POINT('',(0.168,0.07,0.0565));
#3409=CARTESIAN_POINT('',(0.168,0.07,0.0545));
#3410=CARTESIAN_POINT('',(0.,0.07,0.0565));
#3411=CARTESIAN_POINT('',(0.002,0.07,0.0285));
#3412=CARTESIAN_POINT('',(0.002,0.07,0.0565));
#3413=CARTESIAN_POINT('',(0.002,0.07,0.0585));
#3414=CARTESIAN_POINT('',(0.,0.07,0.0565));
#3415=CARTESIAN_POINT('',(0.002,0.07,0.0285));
#3416=CARTESIAN_POINT('',(0.002,0.07,0.0285));
#3417=CARTESIAN_POINT('',(0.002,0.068,0.0285));
#3418=CARTESIAN_POINT('',(0.,0.07,0.0285));
#3419=CARTESIAN_POINT('',(0.1575,0.12,0.));
#3420=CARTESIAN_POINT('',(0.145,0.12,0.));
#3421=CARTESIAN_POINT('',(0.1575,0.12,0.007));
#3422=CARTESIAN_POINT('',(0.145,0.1105,0.));
#3423=CARTESIAN_POINT('',(0.145,0.101,0.));
#3424=CARTESIAN_POINT('',(0.1575,0.101,0.));
#3425=CARTESIAN_POINT('',(0.1575,0.101,0.007));
#3426=CARTESIAN_POINT('',(0.167,0.1105,0.007));
#3427=CARTESIAN_POINT('',(0.1635,0.13,0.083));
#3428=CARTESIAN_POINT('',(0.16,0.13,0.083));
#3429=CARTESIAN_POINT('',(0.16,0.135,0.083));
#3430=CARTESIAN_POINT('',(0.154,0.135,0.009));
#3431=CARTESIAN_POINT('',(0.154,0.135,0.009));
#3432=CARTESIAN_POINT('',(0.1556,0.135,0.009));
#3433=CARTESIAN_POINT('',(0.154,0.135,0.003));
#3434=CARTESIAN_POINT('',(0.1556,0.135,0.003));
#3435=CARTESIAN_POINT('',(0.154,0.135,0.009));
#3436=CARTESIAN_POINT('',(0.154,0.135,0.009));
#3437=CARTESIAN_POINT('',(0.157,0.135,0.009));
#3438=CARTESIAN_POINT('',(0.08499875,0.07149875,0.009));
#3439=CARTESIAN_POINT('',(0.085,0.07,0.003));
#3440=CARTESIAN_POINT('',(0.113,0.055,0.009));
#3441=CARTESIAN_POINT('',(0.113,0.055,0.009));
#3442=CARTESIAN_POINT('',(0.1146,0.055,0.009));
#3443=CARTESIAN_POINT('',(0.113,0.055,0.003));
#3444=CARTESIAN_POINT('',(0.1146,0.055,0.003));
#3445=CARTESIAN_POINT('',(0.113,0.055,0.009));
#3446=CARTESIAN_POINT('',(0.113,0.055,0.009));
#3447=CARTESIAN_POINT('',(0.1157,0.055,0.009));
#3448=CARTESIAN_POINT('',(0.08499875,0.07149875,0.009));
#3449=CARTESIAN_POINT('',(0.085,0.07,0.003));
#3450=CARTESIAN_POINT('',(0.057,0.055,0.009));
#3451=CARTESIAN_POINT('',(0.057,0.055,0.009));
#3452=CARTESIAN_POINT('',(0.0586,0.055,0.009));
#3453=CARTESIAN_POINT('',(0.057,0.055,0.003));
#3454=CARTESIAN_POINT('',(0.0586,0.055,0.003));
#3455=CARTESIAN_POINT('',(0.057,0.055,0.009));
#3456=CARTESIAN_POINT('',(0.057,0.055,0.009));
#3457=CARTESIAN_POINT('',(0.0597,0.055,0.009));
#3458=CARTESIAN_POINT('',(0.08499875,0.07149875,0.009));
#3459=CARTESIAN_POINT('',(0.085,0.07,0.003));
#3460=CARTESIAN_POINT('',(0.057,0.036,0.009));
#3461=CARTESIAN_POINT('',(0.057,0.036,0.009));
#3462=CARTESIAN_POINT('',(0.0586,0.036,0.009));
#3463=CARTESIAN_POINT('',(0.057,0.036,0.003));
#3464=CARTESIAN_POINT('',(0.0586,0.036,0.003));
#3465=CARTESIAN_POINT('',(0.057,0.036,0.009));
#3466=CARTESIAN_POINT('',(0.057,0.036,0.009));
#3467=CARTESIAN_POINT('',(0.0597,0.036,0.009));
#3468=CARTESIAN_POINT('',(0.08499875,0.07149875,0.009));
#3469=CARTESIAN_POINT('',(0.085,0.07,0.003));
#3470=CARTESIAN_POINT('',(0.096,0.135,0.009));
#3471=CARTESIAN_POINT('',(0.096,0.135,0.009));
#3472=CARTESIAN_POINT('',(0.0976,0.135,0.009));
#3473=CARTESIAN_POINT('',(0.096,0.135,0.003));
#3474=CARTESIAN_POINT('',(0.0976,0.135,0.003));
#3475=CARTESIAN_POINT('',(0.096,0.135,0.009));
#3476=CARTESIAN_POINT('',(0.096,0.135,0.009));
#3477=CARTESIAN_POINT('',(0.099,0.135,0.009));
#3478=CARTESIAN_POINT('',(0.08499875,0.07149875,0.009));
#3479=CARTESIAN_POINT('',(0.085,0.07,0.003));
#3480=CARTESIAN_POINT('',(0.154,0.086,0.009));
#3481=CARTESIAN_POINT('',(0.154,0.086,0.009));
#3482=CARTESIAN_POINT('',(0.1556,0.086,0.009));
#3483=CARTESIAN_POINT('',(0.154,0.086,0.003));
#3484=CARTESIAN_POINT('',(0.1556,0.086,0.003));
#3485=CARTESIAN_POINT('',(0.154,0.086,0.009));
#3486=CARTESIAN_POINT('',(0.154,0.086,0.009));
#3487=CARTESIAN_POINT('',(0.157,0.086,0.009));
#3488=CARTESIAN_POINT('',(0.08499875,0.07149875,0.009));
#3489=CARTESIAN_POINT('',(0.085,0.07,0.003));
#3490=CARTESIAN_POINT('',(0.096,0.086,0.009));
#3491=CARTESIAN_POINT('',(0.096,0.086,0.009));
#3492=CARTESIAN_POINT('',(0.0976,0.086,0.009));
#3493=CARTESIAN_POINT('',(0.096,0.086,0.003));
#3494=CARTESIAN_POINT('',(0.0976,0.086,0.003));
#3495=CARTESIAN_POINT('',(0.096,0.086,0.009));
#3496=CARTESIAN_POINT('',(0.096,0.086,0.009));
#3497=CARTESIAN_POINT('',(0.099,0.086,0.009));
#3498=CARTESIAN_POINT('',(0.08499875,0.07149875,0.009));
#3499=CARTESIAN_POINT('',(0.085,0.07,0.003));
#3500=CARTESIAN_POINT('',(0.113,0.036,0.009));
#3501=CARTESIAN_POINT('',(0.113,0.036,0.009));
#3502=CARTESIAN_POINT('',(0.1146,0.036,0.009));
#3503=CARTESIAN_POINT('',(0.113,0.036,0.003));
#3504=CARTESIAN_POINT('',(0.1146,0.036,0.003));
#3505=CARTESIAN_POINT('',(0.113,0.036,0.009));
#3506=CARTESIAN_POINT('',(0.113,0.036,0.009));
#3507=CARTESIAN_POINT('',(0.1157,0.036,0.009));
#3508=CARTESIAN_POINT('',(0.08499875,0.07149875,0.009));
#3509=CARTESIAN_POINT('',(0.085,0.07,0.003));
#3510=CARTESIAN_POINT('',(0.0945,0.078,0.));
#3511=CARTESIAN_POINT('',(0.0425,0.048,0.));
#3512=CARTESIAN_POINT('',(0.0755,0.078,0.));
#3513=CARTESIAN_POINT('',(0.0095,0.078,0.));
#3514=CARTESIAN_POINT('',(0.1275,0.048,0.));
#3515=CARTESIAN_POINT('',(0.1605,0.078,0.));
#3516=CARTESIAN_POINT('',(0.1275,0.078,0.003));
#3517=CARTESIAN_POINT('',(0.105500000022352,0.078,0.003));
#3518=CARTESIAN_POINT('',(0.1495,0.078,0.003));
#3519=CARTESIAN_POINT('',(0.1495,0.081,0.003));
#3520=CARTESIAN_POINT('',(0.1495,0.081,0.003));
#3521=CARTESIAN_POINT('',(0.127500000011176,0.081,0.003));
#3522=CARTESIAN_POINT('',(0.105500000044703,0.081,0.003));
#3523=CARTESIAN_POINT('',(0.105500000044703,0.078,0.003));
#3524=CARTESIAN_POINT('',(0.0425,0.078,0.0030000000000001));
#3525=CARTESIAN_POINT('',(0.0205000000223517,0.078,0.00300000000000011));
#3526=CARTESIAN_POINT('',(0.0645,0.078,0.0030000000000001));
#3527=CARTESIAN_POINT('',(0.0645,0.081,0.0030000000000001));
#3528=CARTESIAN_POINT('',(0.0645,0.081,0.0030000000000001));
#3529=CARTESIAN_POINT('',(0.0425000000111759,0.081,0.0030000000000001));
#3530=CARTESIAN_POINT('',(0.0205000000447035,0.081,0.0030000000000001));
#3531=CARTESIAN_POINT('',(0.0205000000447035,0.078,0.00300000000000011));
#3532=CARTESIAN_POINT('',(0.085,0.003,0.0625));
#3533=CARTESIAN_POINT('',(0.0645,0.003,0.0625));
#3534=CARTESIAN_POINT('',(0.1055,0.003,0.0625));
#3535=CARTESIAN_POINT('',(0.0645,0.003,0.04125));
#3536=CARTESIAN_POINT('',(0.0645,0.003,0.02));
#3537=CARTESIAN_POINT('',(0.0645,0.01,0.02));
#3538=CARTESIAN_POINT('',(0.0645,0.01,0.04125));
#3539=CARTESIAN_POINT('',(0.0494739808997859,0.01,0.0562760191002141));
#3540=CARTESIAN_POINT('',(0.0494739808997859,0.01,0.0562760191002141));
#3541=CARTESIAN_POINT('',(0.085,0.003,0.02));
#3542=CARTESIAN_POINT('',(0.1055,0.003,0.02));
#3543=CARTESIAN_POINT('',(0.1055,0.01,0.02));
#3544=CARTESIAN_POINT('',(0.085,0.01,0.02));
#3545=CARTESIAN_POINT('',(0.1055,0.003,0.04125));
#3546=CARTESIAN_POINT('',(0.120526019100214,0.01,0.0562760191002141));
#3547=CARTESIAN_POINT('',(0.120526019100214,0.01,0.0562760191002141));
#3548=CARTESIAN_POINT('',(0.1055,0.01,0.04125));
#3549=CARTESIAN_POINT('',(0.0215,0.003,0.018));
#3550=CARTESIAN_POINT('',(0.1485,0.003,0.018));
#3551=CARTESIAN_POINT('',(0.165,0.135,0.003));
#3552=CARTESIAN_POINT('',(0.165,0.135,0.073));
#3553=CARTESIAN_POINT('',(0.167,0.135,0.073));
#3554=CARTESIAN_POINT('',(0.164999999925494,0.00500000007450581,0.003));
#3555=CARTESIAN_POINT('',(0.164999999925494,0.00500000007450581,0.073));
#3556=CARTESIAN_POINT('',(0.166999999925494,0.00500000007450581,0.073));
#3557=CARTESIAN_POINT('',(0.00500000007450581,0.134999999925494,0.003));
#3558=CARTESIAN_POINT('',(0.00500000007450581,0.134999999925494,0.073));
#3559=CARTESIAN_POINT('',(0.00700000007450581,0.134999999925494,0.073));
#3560=CARTESIAN_POINT('',(0.00500000007450581,0.00500000007450581,0.003));
#3561=CARTESIAN_POINT('',(0.00500000007450581,0.00500000007450581,0.073));
#3562=CARTESIAN_POINT('',(0.00700000007450581,0.00500000007450581,0.073));
#3563=CARTESIAN_POINT('',(0.085,0.07,0.073));
#3564=CARTESIAN_POINT('',(0.085,0.07,0.073));
#3565=CARTESIAN_POINT('',(0.085,0.07,0.073));
#3566=CARTESIAN_POINT('',(0.085,0.07,0.073));
#3567=CARTESIAN_POINT('',(0.057,0.028475,0.007));
#3568=CARTESIAN_POINT('',(0.0555,0.028475,0.007));
#3569=CARTESIAN_POINT('',(0.0555,0.028475,0.007));
#3570=CARTESIAN_POINT('',(0.057,0.028475,0.007));
#3571=CARTESIAN_POINT('',(0.0585,0.028475,0.007));
#3572=CARTESIAN_POINT('',(0.0585,0.028475,0.007));
#3573=CARTESIAN_POINT('',(0.057,0.026475,0.007));
#3574=CARTESIAN_POINT('',(0.0585,0.026475,0.007));
#3575=CARTESIAN_POINT('',(0.0585,0.026475,0.007));
#3576=CARTESIAN_POINT('',(0.057,0.026475,0.007));
#3577=CARTESIAN_POINT('',(0.0555,0.026475,0.007));
#3578=CARTESIAN_POINT('',(0.0555,0.026475,0.007));
#3579=CARTESIAN_POINT('',(0.140175,0.0505,0.007));
#3580=CARTESIAN_POINT('',(0.140175,0.049,0.007));
#3581=CARTESIAN_POINT('',(0.140175,0.049,0.007));
#3582=CARTESIAN_POINT('',(0.140175,0.0505,0.007));
#3583=CARTESIAN_POINT('',(0.140175,0.052,0.007));
#3584=CARTESIAN_POINT('',(0.140175,0.052,0.007));
#3585=CARTESIAN_POINT('',(0.142175,0.0505,0.007));
#3586=CARTESIAN_POINT('',(0.142175,0.052,0.007));
#3587=CARTESIAN_POINT('',(0.142175,0.052,0.007));
#3588=CARTESIAN_POINT('',(0.142175,0.0505,0.007));
#3589=CARTESIAN_POINT('',(0.142175,0.049,0.007));
#3590=CARTESIAN_POINT('',(0.142175,0.049,0.007));
#3591=CARTESIAN_POINT('',(0.113,0.016825,0.007));
#3592=CARTESIAN_POINT('',(0.1115,0.016825,0.007));
#3593=CARTESIAN_POINT('',(0.1115,0.016825,0.007));
#3594=CARTESIAN_POINT('',(0.113,0.016825,0.007));
#3595=CARTESIAN_POINT('',(0.1145,0.016825,0.007));
#3596=CARTESIAN_POINT('',(0.1145,0.016825,0.007));
#3597=CARTESIAN_POINT('',(0.113,0.014825,0.007));
#3598=CARTESIAN_POINT('',(0.1145,0.014825,0.007));
#3599=CARTESIAN_POINT('',(0.1145,0.014825,0.007));
#3600=CARTESIAN_POINT('',(0.113,0.014825,0.007));
#3601=CARTESIAN_POINT('',(0.1115,0.014825,0.007));
#3602=CARTESIAN_POINT('',(0.1115,0.014825,0.007));
#3603=CARTESIAN_POINT('',(0.113,0.028475,0.007));
#3604=CARTESIAN_POINT('',(0.1115,0.028475,0.007));
#3605=CARTESIAN_POINT('',(0.1115,0.028475,0.007));
#3606=CARTESIAN_POINT('',(0.113,0.028475,0.007));
#3607=CARTESIAN_POINT('',(0.1145,0.028475,0.007));
#3608=CARTESIAN_POINT('',(0.1145,0.028475,0.007));
#3609=CARTESIAN_POINT('',(0.1115,0.027475,0.007));
#3610=CARTESIAN_POINT('',(0.1115,0.026475,0.007));
#3611=CARTESIAN_POINT('',(0.1115,0.026475,0.007));
#3612=CARTESIAN_POINT('',(0.1115,0.02165,0.007));
#3613=CARTESIAN_POINT('',(0.1115,0.02165,0.007));
#3614=CARTESIAN_POINT('',(0.113,0.026475,0.007));
#3615=CARTESIAN_POINT('',(0.1145,0.026475,0.007));
#3616=CARTESIAN_POINT('',(0.1145,0.026475,0.007));
#3617=CARTESIAN_POINT('',(0.113,0.026475,0.007));
#3618=CARTESIAN_POINT('',(0.1145,0.027475,0.007));
#3619=CARTESIAN_POINT('',(0.1145,0.02165,0.007));
#3620=CARTESIAN_POINT('',(0.1145,0.02165,0.007));
#3621=CARTESIAN_POINT('',(0.057,0.016825,0.007));
#3622=CARTESIAN_POINT('',(0.0555,0.016825,0.007));
#3623=CARTESIAN_POINT('',(0.0555,0.016825,0.007));
#3624=CARTESIAN_POINT('',(0.057,0.016825,0.007));
#3625=CARTESIAN_POINT('',(0.0585,0.016825,0.007));
#3626=CARTESIAN_POINT('',(0.0585,0.016825,0.007));
#3627=CARTESIAN_POINT('',(0.0555,0.015825,0.007));
#3628=CARTESIAN_POINT('',(0.0555,0.014825,0.007));
#3629=CARTESIAN_POINT('',(0.0555,0.014825,0.007));
#3630=CARTESIAN_POINT('',(0.0555,0.02165,0.007));
#3631=CARTESIAN_POINT('',(0.0555,0.02165,0.007));
#3632=CARTESIAN_POINT('',(0.057,0.014825,0.007));
#3633=CARTESIAN_POINT('',(0.0585,0.014825,0.007));
#3634=CARTESIAN_POINT('',(0.0585,0.014825,0.007));
#3635=CARTESIAN_POINT('',(0.057,0.014825,0.007));
#3636=CARTESIAN_POINT('',(0.0585,0.015825,0.007));
#3637=CARTESIAN_POINT('',(0.0585,0.02165,0.007));
#3638=CARTESIAN_POINT('',(0.0585,0.02165,0.007));
#3639=CARTESIAN_POINT('',(0.152825,0.052,0.007));
#3640=CARTESIAN_POINT('',(0.151825,0.052,0.007));
#3641=CARTESIAN_POINT('',(0.151825,0.052,0.007));
#3642=CARTESIAN_POINT('',(0.147,0.052,0.007));
#3643=CARTESIAN_POINT('',(0.147,0.052,0.007));
#3644=CARTESIAN_POINT('',(0.153825,0.052,0.007));
#3645=CARTESIAN_POINT('',(0.153825,0.052,0.007));
#3646=CARTESIAN_POINT('',(0.151825,0.0505,0.007));
#3647=CARTESIAN_POINT('',(0.151825,0.049,0.007));
#3648=CARTESIAN_POINT('',(0.151825,0.049,0.007));
#3649=CARTESIAN_POINT('',(0.151825,0.0505,0.007));
#3650=CARTESIAN_POINT('',(0.152825,0.049,0.007));
#3651=CARTESIAN_POINT('',(0.153825,0.049,0.007));
#3652=CARTESIAN_POINT('',(0.153825,0.049,0.007));
#3653=CARTESIAN_POINT('',(0.147,0.049,0.007));
#3654=CARTESIAN_POINT('',(0.147,0.049,0.007));
#3655=CARTESIAN_POINT('',(0.153825,0.0505,0.007));
#3656=CARTESIAN_POINT('',(0.153825,0.0505,0.007));
#3657=CARTESIAN_POINT('',(0.0585,0.02165,0.007));
#3658=CARTESIAN_POINT('',(0.0585,0.02165,0.007));
#3659=CARTESIAN_POINT('',(0.1145,0.02165,0.007));
#3660=CARTESIAN_POINT('',(0.1145,0.02165,0.007));
#3661=CARTESIAN_POINT('',(0.147,0.052,0.007));
#3662=CARTESIAN_POINT('',(0.147,0.052,0.007));
#3663=CARTESIAN_POINT('',(0.1055,0.01,0.04125));
#3664=CARTESIAN_POINT('',(0.12975,0.01,0.04125));
#3665=CARTESIAN_POINT('',(0.12975,0.01,0.04125));
#3666=CARTESIAN_POINT('',(0.1055,0.01,0.04125));
#3667=CARTESIAN_POINT('',(0.122647339443774,0.01,0.0583973394437738));
#3668=CARTESIAN_POINT('',(0.122647339443774,0.01,0.0583973394437738));
#3669=CARTESIAN_POINT('',(0.12975,0.01,0.022125));
#3670=CARTESIAN_POINT('',(0.12975,0.01,0.022125));
#3671=CARTESIAN_POINT('',(0.04025,0.01,0.022125));
#3672=CARTESIAN_POINT('',(0.04025,0.01,0.04125));
#3673=CARTESIAN_POINT('',(0.04025,0.01,0.04125));
#3674=CARTESIAN_POINT('',(0.04025,0.01,0.022125));
#3675=CARTESIAN_POINT('',(0.0645,0.01,0.04125));
#3676=CARTESIAN_POINT('',(0.0473526605562262,0.01,0.0583973394437738));
#3677=CARTESIAN_POINT('',(0.0473526605562262,0.01,0.0583973394437738));
#3678=CARTESIAN_POINT('',(0.0645,0.01,0.04125));
#3679=CARTESIAN_POINT('',(0.0484133207280061,0.01,0.0573366792719939));
#3680=CARTESIAN_POINT('',(0.0484133207280061,0.01,0.0573366792719939));
#3681=CARTESIAN_POINT('',(0.121586679271994,0.01,0.057336679271994));
#3682=CARTESIAN_POINT('',(0.121586679271994,0.01,0.057336679271994));
#3683=CARTESIAN_POINT('',(0.0850012375,0.01,0.043));
#3684=MECHANICAL_DESIGN_GEOMETRIC_PRESENTATION_REPRESENTATION('',(#2197),
#3685);
#3685=(
GEOMETRIC_REPRESENTATION_CONTEXT(3)
GLOBAL_UNCERTAINTY_ASSIGNED_CONTEXT((#3686))
GLOBAL_UNIT_ASSIGNED_CONTEXT((#3689,#3688,#3687))
REPRESENTATION_CONTEXT('enclosure_v2 v36','TOP_LEVEL_ASSEMBLY_PART')
);
#3686=UNCERTAINTY_MEASURE_WITH_UNIT(LENGTH_MEASURE(2.E-6),#3689,
'DISTANCE_ACCURACY_VALUE','Maximum Tolerance applied to model');
#3687=(
NAMED_UNIT(*)
SI_UNIT($,.STERADIAN.)
SOLID_ANGLE_UNIT()
);
#3688=(
NAMED_UNIT(*)
PLANE_ANGLE_UNIT()
SI_UNIT($,.RADIAN.)
);
#3689=(
LENGTH_UNIT()
NAMED_UNIT(*)
SI_UNIT($,.METRE.)
);
#3690=PRODUCT_DEFINITION_SHAPE('','',#3691);
#3691=PRODUCT_DEFINITION('','',#3693,#3692);
#3692=PRODUCT_DEFINITION_CONTEXT('',#3699,'design');
#3693=PRODUCT_DEFINITION_FORMATION_WITH_SPECIFIED_SOURCE('','',#3695,
 .NOT_KNOWN.);
#3694=PRODUCT_RELATED_PRODUCT_CATEGORY('','',(#3695));
#3695=PRODUCT('enclosure_v2 v36','enclosure_v2 v36','enclosure_v2 v36',
(#3697));
#3696=PRODUCT_CATEGORY('','');
#3697=PRODUCT_CONTEXT('',#3699,'mechanical');
#3698=APPLICATION_PROTOCOL_DEFINITION('international standard',
'ap242_managed_model_based_3d_engineering',2011,#3699);
#3699=APPLICATION_CONTEXT('managed model based 3d engineering');
ENDSEC;
END-ISO-10303-21;
