ISO-10303-21;
HEADER;
/* Generated by software containing ST-Developer
 * from STEP Tools, Inc. (www.steptools.com) 
 */
/* OPTION: using custom renumber hook */

FILE_DESCRIPTION(
/* description */ ('STEP AP242',
'CAx-IF Rec.Pracs.---Representation and Presentation of Product Manufa
cturing Information (PMI)---4.0---2014-10-13',
'CAx-IF Rec.Pracs.---3D Tessellated Geometry---0.4---2014-09-14','2;1'),

/* implementation_level */ '2;1');

FILE_NAME(
/* name */ '689219d92c87ce63323cc1c2',
/* time_stamp */ '2025-08-05T14:48:59Z',
/* author */ (''),
/* organization */ (''),
/* preprocessor_version */ 'ST-DEVELOPER v20',
/* originating_system */ 'ONSHAPE BY PTC INC, 1.201',
/* authorisation */ '  ');

FILE_SCHEMA (('AP242_MANAGED_MODEL_BASED_3D_ENGINEERING_MIM_LF { 1 0 10303 442 1 1 4 }'));
ENDSEC;

DATA;
#10=(
BOUNDED_SURFACE()
B_SPLINE_SURFACE(1,2,((#3243,#3244,#3245,#3246,#3247,#3248,#3249,#3250,
#3251,#3252,#3253,#3254,#3255,#3256,#3257,#3258,#3259,#3260,#3261,#3262,
#3263,#3264,#3265,#3266,#3267,#3268,#3269,#3270,#3271,#3272,#3273,#3274,
#3275,#3276,#3277,#3278,#3279,#3280,#3281,#3282,#3283,#3284,#3285,#3286,
#3287,#3288,#3289,#3290,#3291,#3292,#3293,#3294,#3295,#3296,#3297,#3298,
#3299,#3300,#3301,#3302,#3303,#3304,#3305,#3306,#3307,#3308,#3309,#3310,
#3311,#3312,#3313,#3314,#3315,#3316,#3317,#3318,#3319,#3320,#3321,#3322,
#3323,#3324,#3325,#3326,#3327,#3328,#3329,#3330,#3331,#3332,#3333,#3334,
#3335,#3336,#3337,#3338,#3339,#3340,#3341,#3342,#3343,#3344,#3345,#3346,
#3347,#3348,#3349,#3350,#3351,#3352,#3353,#3354,#3355),(#3356,#3357,#3358,
#3359,#3360,#3361,#3362,#3363,#3364,#3365,#3366,#3367,#3368,#3369,#3370,
#3371,#3372,#3373,#3374,#3375,#3376,#3377,#3378,#3379,#3380,#3381,#3382,
#3383,#3384,#3385,#3386,#3387,#3388,#3389,#3390,#3391,#3392,#3393,#3394,
#3395,#3396,#3397,#3398,#3399,#3400,#3401,#3402,#3403,#3404,#3405,#3406,
#3407,#3408,#3409,#3410,#3411,#3412,#3413,#3414,#3415,#3416,#3417,#3418,
#3419,#3420,#3421,#3422,#3423,#3424,#3425,#3426,#3427,#3428,#3429,#3430,
#3431,#3432,#3433,#3434,#3435,#3436,#3437,#3438,#3439,#3440,#3441,#3442,
#3443,#3444,#3445,#3446,#3447,#3448,#3449,#3450,#3451,#3452,#3453,#3454,
#3455,#3456,#3457,#3458,#3459,#3460,#3461,#3462,#3463,#3464,#3465,#3466,
#3467,#3468),(#3469,#3470,#3471,#3472,#3473,#3474,#3475,#3476,#3477,#3478,
#3479,#3480,#3481,#3482,#3483,#3484,#3485,#3486,#3487,#3488,#3489,#3490,
#3491,#3492,#3493,#3494,#3495,#3496,#3497,#3498,#3499,#3500,#3501,#3502,
#3503,#3504,#3505,#3506,#3507,#3508,#3509,#3510,#3511,#3512,#3513,#3514,
#3515,#3516,#3517,#3518,#3519,#3520,#3521,#3522,#3523,#3524,#3525,#3526,
#3527,#3528,#3529,#3530,#3531,#3532,#3533,#3534,#3535,#3536,#3537,#3538,
#3539,#3540,#3541,#3542,#3543,#3544,#3545,#3546,#3547,#3548,#3549,#3550,
#3551,#3552,#3553,#3554,#3555,#3556,#3557,#3558,#3559,#3560,#3561,#3562,
#3563,#3564,#3565,#3566,#3567,#3568,#3569,#3570,#3571,#3572,#3573,#3574,
#3575,#3576,#3577,#3578,#3579,#3580,#3581)),.RULED_SURF.,.F.,.F.,.F.)
B_SPLINE_SURFACE_WITH_KNOTS((2,1,2),(3,2,2,2,2,2,2,2,2,2,2,2,2,2,2,2,2,
2,2,2,2,2,2,2,2,2,2,2,2,2,2,2,2,2,2,2,2,2,2,2,2,2,2,2,2,2,2,2,2,2,2,2,2,
2,2,2,3),(-0.00474175064665215,0.,0.757698380602394),(0.,0.0166666666666666,
0.0333333333333333,0.05,0.0666666666666667,0.0833333333333333,0.1,0.116666666666667,
0.133333333333333,0.15,0.166666666666667,0.183333333333334,0.2,0.216666666666667,
0.233333333333334,0.25,0.266666666666666,0.283333333333334,0.3,0.316666666666666,
0.333333333333334,0.35,0.366666666666666,0.383333333333334,0.4,0.416666666666667,
0.433333333333334,0.45,0.466666666666667,0.483333333333333,0.5,0.516666666666667,
0.533333333333333,0.55,0.566666666666667,0.583333333333333,0.6,0.616666666666667,
0.633333333333333,0.65,0.666666666666667,0.683333333333333,0.7,0.716666666666667,
0.733333333333333,0.75,0.766666666666667,0.783333333333333,0.8,0.816666666666667,
0.833333333333333,0.85,0.866666666666667,0.883333333333333,0.9,0.916666666666667,
0.920074231887153),.PIECEWISE_BEZIER_KNOTS.)
GEOMETRIC_REPRESENTATION_ITEM()
RATIONAL_B_SPLINE_SURFACE(((1.,0.866025403784439,1.,0.866025403784439,1.,
0.866025403784439,1.,0.866025403784439,1.,0.866025403784439,1.,0.866025403784439,
1.,0.866025403784439,1.,0.866025403784439,1.,0.866025403784439,1.,0.866025403784439,
1.,0.866025403784439,1.,0.866025403784439,1.,0.866025403784439,1.,0.866025403784439,
1.,0.866025403784439,1.,0.866025403784439,1.,0.866025403784439,1.,0.866025403784439,
1.,0.866025403784439,1.,0.866025403784439,1.,0.866025403784439,1.,0.866025403784439,
1.,0.866025403784439,1.,0.866025403784439,1.,0.866025403784439,1.,0.866025403784439,
1.,0.866025403784439,1.,0.866025403784439,1.,0.866025403784439,1.,0.866025403784439,
1.,0.866025403784439,1.,0.866025403784439,1.,0.866025403784439,1.,0.866025403784439,
1.,0.866025403784439,1.,0.866025403784439,1.,0.866025403784439,1.,0.866025403784439,
1.,0.866025403784439,1.,0.866025403784439,1.,0.866025403784439,1.,0.866025403784439,
1.,0.866025403784439,1.,0.866025403784439,1.,0.866025403784439,1.,0.866025403784439,
1.,0.866025403784439,1.,0.866025403784439,1.,0.866025403784439,1.,0.866025403784439,
1.,0.866025403784439,1.,0.866025403784439,1.,0.866025403784439,1.,0.866025403784439,
1.,0.866025403784439,1.,0.972608369530432,0.956417391139324),(1.,0.866025403784439,
1.,0.866025403784439,1.,0.866025403784439,1.,0.866025403784439,1.,0.866025403784439,
1.,0.866025403784439,1.,0.866025403784439,1.,0.866025403784439,1.,0.866025403784439,
1.,0.866025403784439,1.,0.866025403784439,1.,0.866025403784439,1.,0.866025403784439,
1.,0.866025403784439,1.,0.866025403784439,1.,0.866025403784439,1.,0.866025403784439,
1.,0.866025403784439,1.,0.866025403784439,1.,0.866025403784439,1.,0.866025403784439,
1.,0.866025403784439,1.,0.866025403784439,1.,0.866025403784439,1.,0.866025403784439,
1.,0.866025403784439,1.,0.866025403784439,1.,0.866025403784439,1.,0.866025403784439,
1.,0.866025403784439,1.,0.866025403784439,1.,0.866025403784439,1.,0.866025403784439,
1.,0.866025403784439,1.,0.866025403784439,1.,0.866025403784439,1.,0.866025403784439,
1.,0.866025403784439,1.,0.866025403784439,1.,0.866025403784439,1.,0.866025403784439,
1.,0.866025403784439,1.,0.866025403784439,1.,0.866025403784439,1.,0.866025403784439,
1.,0.866025403784439,1.,0.866025403784439,1.,0.866025403784439,1.,0.866025403784439,
1.,0.866025403784439,1.,0.866025403784439,1.,0.866025403784439,1.,0.866025403784439,
1.,0.866025403784439,1.,0.866025403784439,1.,0.972608369530432,0.956417391139324),
(1.,0.866025403784439,1.,0.866025403784439,1.,0.866025403784439,1.,0.866025403784439,
1.,0.866025403784439,1.,0.866025403784439,1.,0.866025403784439,1.,0.866025403784439,
1.,0.866025403784439,1.,0.866025403784439,1.,0.866025403784439,1.,0.866025403784439,
1.,0.866025403784439,1.,0.866025403784439,1.,0.866025403784439,1.,0.866025403784439,
1.,0.866025403784439,1.,0.866025403784439,1.,0.866025403784439,1.,0.866025403784439,
1.,0.866025403784439,1.,0.866025403784439,1.,0.866025403784439,1.,0.866025403784439,
1.,0.866025403784439,1.,0.866025403784439,1.,0.866025403784439,1.,0.866025403784439,
1.,0.866025403784439,1.,0.866025403784439,1.,0.866025403784439,1.,0.866025403784439,
1.,0.866025403784439,1.,0.866025403784439,1.,0.866025403784439,1.,0.866025403784439,
1.,0.866025403784439,1.,0.866025403784439,1.,0.866025403784439,1.,0.866025403784439,
1.,0.866025403784439,1.,0.866025403784439,1.,0.866025403784439,1.,0.866025403784439,
1.,0.866025403784439,1.,0.866025403784439,1.,0.866025403784439,1.,0.866025403784439,
1.,0.866025403784439,1.,0.866025403784439,1.,0.866025403784439,1.,0.866025403784439,
1.,0.866025403784439,1.,0.866025403784439,1.,0.866025403784439,1.,0.972608369530432,
0.956417391139324)))
REPRESENTATION_ITEM('')
SURFACE()
);
#11=(
BOUNDED_SURFACE()
B_SPLINE_SURFACE(1,2,((#4041,#4042,#4043,#4044,#4045,#4046,#4047,#4048,
#4049,#4050,#4051,#4052,#4053,#4054,#4055,#4056,#4057,#4058,#4059,#4060,
#4061,#4062,#4063,#4064,#4065,#4066,#4067,#4068,#4069,#4070,#4071,#4072,
#4073,#4074,#4075,#4076,#4077,#4078,#4079,#4080,#4081,#4082,#4083,#4084,
#4085,#4086,#4087,#4088,#4089,#4090,#4091,#4092,#4093,#4094,#4095,#4096,
#4097,#4098,#4099,#4100,#4101,#4102,#4103,#4104,#4105,#4106,#4107,#4108,
#4109,#4110,#4111,#4112,#4113,#4114,#4115,#4116,#4117,#4118,#4119,#4120,
#4121,#4122,#4123,#4124,#4125,#4126,#4127,#4128,#4129,#4130,#4131,#4132,
#4133,#4134,#4135,#4136,#4137,#4138,#4139,#4140,#4141,#4142,#4143,#4144,
#4145,#4146,#4147,#4148,#4149,#4150,#4151,#4152,#4153),(#4154,#4155,#4156,
#4157,#4158,#4159,#4160,#4161,#4162,#4163,#4164,#4165,#4166,#4167,#4168,
#4169,#4170,#4171,#4172,#4173,#4174,#4175,#4176,#4177,#4178,#4179,#4180,
#4181,#4182,#4183,#4184,#4185,#4186,#4187,#4188,#4189,#4190,#4191,#4192,
#4193,#4194,#4195,#4196,#4197,#4198,#4199,#4200,#4201,#4202,#4203,#4204,
#4205,#4206,#4207,#4208,#4209,#4210,#4211,#4212,#4213,#4214,#4215,#4216,
#4217,#4218,#4219,#4220,#4221,#4222,#4223,#4224,#4225,#4226,#4227,#4228,
#4229,#4230,#4231,#4232,#4233,#4234,#4235,#4236,#4237,#4238,#4239,#4240,
#4241,#4242,#4243,#4244,#4245,#4246,#4247,#4248,#4249,#4250,#4251,#4252,
#4253,#4254,#4255,#4256,#4257,#4258,#4259,#4260,#4261,#4262,#4263,#4264,
#4265,#4266),(#4267,#4268,#4269,#4270,#4271,#4272,#4273,#4274,#4275,#4276,
#4277,#4278,#4279,#4280,#4281,#4282,#4283,#4284,#4285,#4286,#4287,#4288,
#4289,#4290,#4291,#4292,#4293,#4294,#4295,#4296,#4297,#4298,#4299,#4300,
#4301,#4302,#4303,#4304,#4305,#4306,#4307,#4308,#4309,#4310,#4311,#4312,
#4313,#4314,#4315,#4316,#4317,#4318,#4319,#4320,#4321,#4322,#4323,#4324,
#4325,#4326,#4327,#4328,#4329,#4330,#4331,#4332,#4333,#4334,#4335,#4336,
#4337,#4338,#4339,#4340,#4341,#4342,#4343,#4344,#4345,#4346,#4347,#4348,
#4349,#4350,#4351,#4352,#4353,#4354,#4355,#4356,#4357,#4358,#4359,#4360,
#4361,#4362,#4363,#4364,#4365,#4366,#4367,#4368,#4369,#4370,#4371,#4372,
#4373,#4374,#4375,#4376,#4377,#4378,#4379),(#4380,#4381,#4382,#4383,#4384,
#4385,#4386,#4387,#4388,#4389,#4390,#4391,#4392,#4393,#4394,#4395,#4396,
#4397,#4398,#4399,#4400,#4401,#4402,#4403,#4404,#4405,#4406,#4407,#4408,
#4409,#4410,#4411,#4412,#4413,#4414,#4415,#4416,#4417,#4418,#4419,#4420,
#4421,#4422,#4423,#4424,#4425,#4426,#4427,#4428,#4429,#4430,#4431,#4432,
#4433,#4434,#4435,#4436,#4437,#4438,#4439,#4440,#4441,#4442,#4443,#4444,
#4445,#4446,#4447,#4448,#4449,#4450,#4451,#4452,#4453,#4454,#4455,#4456,
#4457,#4458,#4459,#4460,#4461,#4462,#4463,#4464,#4465,#4466,#4467,#4468,
#4469,#4470,#4471,#4472,#4473,#4474,#4475,#4476,#4477,#4478,#4479,#4480,
#4481,#4482,#4483,#4484,#4485,#4486,#4487,#4488,#4489,#4490,#4491,#4492)),
 .RULED_SURF.,.F.,.F.,.F.)
B_SPLINE_SURFACE_WITH_KNOTS((2,1,1,2),(3,2,2,2,2,2,2,2,2,2,2,2,2,2,2,2,
2,2,2,2,2,2,2,2,2,2,2,2,2,2,2,2,2,2,2,2,2,2,2,2,2,2,2,2,2,2,2,2,2,2,2,2,
2,2,2,2,3),(0.241332468884481,1.,1.09855080220293,1.2080254558919),(0.0059069122204841,
0.0166666666666666,0.0333333333333333,0.05,0.0666666666666667,0.0833333333333333,
0.1,0.116666666666667,0.133333333333333,0.15,0.166666666666667,0.183333333333334,
0.2,0.216666666666667,0.233333333333334,0.25,0.266666666666666,0.283333333333334,
0.3,0.316666666666666,0.333333333333334,0.35,0.366666666666666,0.383333333333334,
0.4,0.416666666666667,0.433333333333334,0.45,0.466666666666667,0.483333333333333,
0.5,0.516666666666667,0.533333333333333,0.55,0.566666666666667,0.583333333333333,
0.6,0.616666666666667,0.633333333333333,0.65,0.666666666666667,0.683333333333333,
0.7,0.716666666666667,0.733333333333333,0.75,0.766666666666667,0.783333333333333,
0.8,0.816666666666667,0.833333333333333,0.85,0.866666666666667,0.883333333333333,
0.9,0.916666666666667,0.920074231891893),.PIECEWISE_BEZIER_KNOTS.)
GEOMETRIC_REPRESENTATION_ITEM()
RATIONAL_B_SPLINE_SURFACE(((0.938691903755652,0.913507974561646,1.,0.866025403784439,
1.,0.866025403784439,1.,0.866025403784439,1.,0.866025403784439,1.,0.866025403784439,
1.,0.866025403784439,1.,0.866025403784439,1.,0.866025403784439,1.,0.866025403784439,
1.,0.866025403784439,1.,0.866025403784439,1.,0.866025403784439,1.,0.866025403784439,
1.,0.866025403784439,1.,0.866025403784439,1.,0.866025403784439,1.,0.866025403784439,
1.,0.866025403784439,1.,0.866025403784439,1.,0.866025403784439,1.,0.866025403784439,
1.,0.866025403784439,1.,0.866025403784439,1.,0.866025403784439,1.,0.866025403784439,
1.,0.866025403784439,1.,0.866025403784439,1.,0.866025403784439,1.,0.866025403784439,
1.,0.866025403784439,1.,0.866025403784439,1.,0.866025403784439,1.,0.866025403784439,
1.,0.866025403784439,1.,0.866025403784439,1.,0.866025403784439,1.,0.866025403784439,
1.,0.866025403784439,1.,0.866025403784439,1.,0.866025403784439,1.,0.866025403784439,
1.,0.866025403784439,1.,0.866025403784439,1.,0.866025403784439,1.,0.866025403784439,
1.,0.866025403784439,1.,0.866025403784439,1.,0.866025403784439,1.,0.866025403784439,
1.,0.866025403784439,1.,0.866025403784439,1.,0.866025403784439,1.,0.866025403784439,
1.,0.866025403784439,1.,0.972608369492328,0.956417391094279),(0.938691903755652,
0.913507974561646,1.,0.866025403784439,1.,0.866025403784439,1.,0.866025403784439,
1.,0.866025403784439,1.,0.866025403784439,1.,0.866025403784439,1.,0.866025403784439,
1.,0.866025403784439,1.,0.866025403784439,1.,0.866025403784439,1.,0.866025403784439,
1.,0.866025403784439,1.,0.866025403784439,1.,0.866025403784439,1.,0.866025403784439,
1.,0.866025403784439,1.,0.866025403784439,1.,0.866025403784439,1.,0.866025403784439,
1.,0.866025403784439,1.,0.866025403784439,1.,0.866025403784439,1.,0.866025403784439,
1.,0.866025403784439,1.,0.866025403784439,1.,0.866025403784439,1.,0.866025403784439,
1.,0.866025403784439,1.,0.866025403784439,1.,0.866025403784439,1.,0.866025403784439,
1.,0.866025403784439,1.,0.866025403784439,1.,0.866025403784439,1.,0.866025403784439,
1.,0.866025403784439,1.,0.866025403784439,1.,0.866025403784439,1.,0.866025403784439,
1.,0.866025403784439,1.,0.866025403784439,1.,0.866025403784439,1.,0.866025403784439,
1.,0.866025403784439,1.,0.866025403784439,1.,0.866025403784439,1.,0.866025403784439,
1.,0.866025403784439,1.,0.866025403784439,1.,0.866025403784439,1.,0.866025403784439,
1.,0.866025403784439,1.,0.866025403784439,1.,0.866025403784439,1.,0.972608369492328,
0.956417391094279),(0.938691903755652,0.913507974561646,1.,0.866025403784439,
1.,0.866025403784439,1.,0.866025403784439,1.,0.866025403784439,1.,0.866025403784439,
1.,0.866025403784439,1.,0.866025403784439,1.,0.866025403784439,1.,0.866025403784439,
1.,0.866025403784439,1.,0.866025403784439,1.,0.866025403784439,1.,0.866025403784439,
1.,0.866025403784439,1.,0.866025403784439,1.,0.866025403784439,1.,0.866025403784439,
1.,0.866025403784439,1.,0.866025403784439,1.,0.866025403784439,1.,0.866025403784439,
1.,0.866025403784439,1.,0.866025403784439,1.,0.866025403784439,1.,0.866025403784439,
1.,0.866025403784439,1.,0.866025403784439,1.,0.866025403784439,1.,0.866025403784439,
1.,0.866025403784439,1.,0.866025403784439,1.,0.866025403784439,1.,0.866025403784439,
1.,0.866025403784439,1.,0.866025403784439,1.,0.866025403784439,1.,0.866025403784439,
1.,0.866025403784439,1.,0.866025403784439,1.,0.866025403784439,1.,0.866025403784439,
1.,0.866025403784439,1.,0.866025403784439,1.,0.866025403784439,1.,0.866025403784439,
1.,0.866025403784439,1.,0.866025403784439,1.,0.866025403784439,1.,0.866025403784439,
1.,0.866025403784439,1.,0.866025403784439,1.,0.866025403784439,1.,0.866025403784439,
1.,0.866025403784439,1.,0.972608369492328,0.956417391094279),(0.938691903755652,
0.913507974561646,1.,0.866025403784439,1.,0.866025403784439,1.,0.866025403784439,
1.,0.866025403784439,1.,0.866025403784439,1.,0.866025403784439,1.,0.866025403784439,
1.,0.866025403784439,1.,0.866025403784439,1.,0.866025403784439,1.,0.866025403784439,
1.,0.866025403784439,1.,0.866025403784439,1.,0.866025403784439,1.,0.866025403784439,
1.,0.866025403784439,1.,0.866025403784439,1.,0.866025403784439,1.,0.866025403784439,
1.,0.866025403784439,1.,0.866025403784439,1.,0.866025403784439,1.,0.866025403784439,
1.,0.866025403784439,1.,0.866025403784439,1.,0.866025403784439,1.,0.866025403784439,
1.,0.866025403784439,1.,0.866025403784439,1.,0.866025403784439,1.,0.866025403784439,
1.,0.866025403784439,1.,0.866025403784439,1.,0.866025403784439,1.,0.866025403784439,
1.,0.866025403784439,1.,0.866025403784439,1.,0.866025403784439,1.,0.866025403784439,
1.,0.866025403784439,1.,0.866025403784439,1.,0.866025403784439,1.,0.866025403784439,
1.,0.866025403784439,1.,0.866025403784439,1.,0.866025403784439,1.,0.866025403784439,
1.,0.866025403784439,1.,0.866025403784439,1.,0.866025403784439,1.,0.866025403784439,
1.,0.866025403784439,1.,0.866025403784439,1.,0.866025403784439,1.,0.972608369492328,
0.956417391094279)))
REPRESENTATION_ITEM('')
SURFACE()
);
#12=LINE('',#3049,#70);
#13=LINE('',#3052,#71);
#14=LINE('',#3054,#72);
#15=LINE('',#3056,#73);
#16=LINE('',#3058,#74);
#17=LINE('',#3066,#75);
#18=LINE('',#3073,#76);
#19=LINE('',#3080,#77);
#20=LINE('',#3086,#78);
#21=LINE('',#3089,#79);
#22=LINE('',#3090,#80);
#23=LINE('',#3092,#81);
#24=LINE('',#3094,#82);
#25=LINE('',#3096,#83);
#26=LINE('',#3099,#84);
#27=LINE('',#3100,#85);
#28=LINE('',#3102,#86);
#29=LINE('',#3110,#87);
#30=LINE('',#3117,#88);
#31=LINE('',#3124,#89);
#32=LINE('',#3130,#90);
#33=LINE('',#3132,#91);
#34=LINE('',#3134,#92);
#35=LINE('',#3135,#93);
#36=LINE('',#3137,#94);
#37=LINE('',#3138,#95);
#38=LINE('',#4040,#96);
#39=LINE('',#9743,#97);
#40=LINE('',#9750,#98);
#41=LINE('',#9752,#99);
#42=LINE('',#9754,#100);
#43=LINE('',#9766,#101);
#44=LINE('',#9778,#102);
#45=LINE('',#9786,#103);
#46=LINE('',#9793,#104);
#47=LINE('',#9800,#105);
#48=LINE('',#9806,#106);
#49=LINE('',#9809,#107);
#50=LINE('',#9811,#108);
#51=LINE('',#9813,#109);
#52=LINE('',#9815,#110);
#53=LINE('',#9817,#111);
#54=LINE('',#9819,#112);
#55=LINE('',#9822,#113);
#56=LINE('',#9823,#114);
#57=LINE('',#9825,#115);
#58=LINE('',#9833,#116);
#59=LINE('',#9840,#117);
#60=LINE('',#9847,#118);
#61=LINE('',#9853,#119);
#62=LINE('',#9856,#120);
#63=LINE('',#9857,#121);
#64=LINE('',#9859,#122);
#65=LINE('',#9861,#123);
#66=LINE('',#9863,#124);
#67=LINE('',#9864,#125);
#68=LINE('',#9866,#126);
#69=LINE('',#9867,#127);
#70=VECTOR('',#1873,1.);
#71=VECTOR('',#1874,1.);
#72=VECTOR('',#1875,1.);
#73=VECTOR('',#1876,1.);
#74=VECTOR('',#1879,1.);
#75=VECTOR('',#1880,1.);
#76=VECTOR('',#1881,1.);
#77=VECTOR('',#1882,1.);
#78=VECTOR('',#1883,1.);
#79=VECTOR('',#1884,1.);
#80=VECTOR('',#1885,1.);
#81=VECTOR('',#1886,1.);
#82=VECTOR('',#1887,1.);
#83=VECTOR('',#1890,1.);
#84=VECTOR('',#1891,1.);
#85=VECTOR('',#1892,1.);
#86=VECTOR('',#1895,1.);
#87=VECTOR('',#1896,1.);
#88=VECTOR('',#1897,1.);
#89=VECTOR('',#1898,1.);
#90=VECTOR('',#1899,1.);
#91=VECTOR('',#1900,1.);
#92=VECTOR('',#1901,1.);
#93=VECTOR('',#1902,1.);
#94=VECTOR('',#1905,1.);
#95=VECTOR('',#1906,1.);
#96=VECTOR('',#1923,1.);
#97=VECTOR('',#1928,1.);
#98=VECTOR('',#1933,1.);
#99=VECTOR('',#1934,1.);
#100=VECTOR('',#1937,1.);
#101=VECTOR('',#1960,1.);
#102=VECTOR('',#1983,1.);
#103=VECTOR('',#1984,1.);
#104=VECTOR('',#1985,1.);
#105=VECTOR('',#1986,1.);
#106=VECTOR('',#1987,1.);
#107=VECTOR('',#1988,1.);
#108=VECTOR('',#1989,1.);
#109=VECTOR('',#1990,1.);
#110=VECTOR('',#1991,1.);
#111=VECTOR('',#1992,1.);
#112=VECTOR('',#1995,1.);
#113=VECTOR('',#1996,1.);
#114=VECTOR('',#1997,1.);
#115=VECTOR('',#2000,1.);
#116=VECTOR('',#2001,1.);
#117=VECTOR('',#2002,1.);
#118=VECTOR('',#2003,1.);
#119=VECTOR('',#2004,1.);
#120=VECTOR('',#2005,1.);
#121=VECTOR('',#2006,1.);
#122=VECTOR('',#2007,1.);
#123=VECTOR('',#2008,1.);
#124=VECTOR('',#2011,1.);
#125=VECTOR('',#2012,1.);
#126=VECTOR('',#2015,1.);
#127=VECTOR('',#2016,1.);
#128=GEOMETRICALLY_BOUNDED_WIREFRAME_SHAPE_REPRESENTATION('',(#138),#9991);
#129=DRAUGHTING_PRE_DEFINED_COLOUR('black');
#130=CURVE_STYLE('',#132,POSITIVE_LENGTH_MEASURE(0.352777777777778),#1683);
#131=CURVE_STYLE('',#133,POSITIVE_LENGTH_MEASURE(0.352777777777778),#129);
#132=DRAUGHTING_PRE_DEFINED_CURVE_FONT('continuous');
#133=DRAUGHTING_PRE_DEFINED_CURVE_FONT('continuous');
#134=TRIMMED_CURVE('',#135,(PARAMETER_VALUE(0.)),(PARAMETER_VALUE(1.)),
 .T.,.PARAMETER.);
#135=(
BOUNDED_CURVE()
B_SPLINE_CURVE(2,(#2277,#2278,#2279,#2280,#2281,#2282,#2283,#2284,#2285,
#2286,#2287,#2288,#2289,#2290,#2291,#2292,#2293,#2294,#2295,#2296,#2297,
#2298,#2299,#2300,#2301,#2302,#2303,#2304,#2305,#2306,#2307,#2308,#2309,
#2310,#2311,#2312,#2313,#2314,#2315,#2316,#2317,#2318,#2319,#2320,#2321,
#2322,#2323,#2324,#2325,#2326,#2327,#2328,#2329,#2330,#2331,#2332,#2333,
#2334,#2335,#2336,#2337,#2338,#2339,#2340,#2341,#2342,#2343,#2344,#2345,
#2346,#2347,#2348,#2349,#2350,#2351,#2352,#2353,#2354,#2355,#2356,#2357,
#2358,#2359,#2360,#2361,#2362,#2363,#2364,#2365,#2366,#2367,#2368,#2369,
#2370,#2371,#2372,#2373,#2374,#2375,#2376,#2377,#2378,#2379,#2380,#2381,
#2382,#2383,#2384,#2385,#2386,#2387,#2388,#2389,#2390,#2391,#2392,#2393,
#2394,#2395,#2396,#2397,#2398,#2399,#2400,#2401,#2402,#2403,#2404,#2405,
#2406,#2407,#2408,#2409,#2410,#2411,#2412,#2413,#2414,#2415,#2416,#2417,
#2418,#2419,#2420,#2421,#2422,#2423,#2424,#2425,#2426,#2427,#2428,#2429,
#2430,#2431,#2432,#2433,#2434,#2435,#2436,#2437,#2438,#2439,#2440,#2441,
#2442,#2443,#2444,#2445,#2446,#2447,#2448,#2449,#2450,#2451,#2452,#2453,
#2454,#2455,#2456,#2457,#2458,#2459,#2460,#2461,#2462,#2463,#2464,#2465,
#2466,#2467,#2468,#2469,#2470,#2471,#2472,#2473,#2474,#2475,#2476,#2477,
#2478,#2479,#2480,#2481,#2482,#2483,#2484,#2485,#2486,#2487,#2488,#2489,
#2490,#2491,#2492,#2493,#2494,#2495,#2496,#2497,#2498,#2499,#2500,#2501,
#2502,#2503,#2504,#2505,#2506,#2507,#2508,#2509,#2510,#2511,#2512,#2513,
#2514,#2515,#2516,#2517,#2518,#2519,#2520,#2521,#2522,#2523,#2524,#2525,
#2526,#2527,#2528,#2529,#2530,#2531,#2532,#2533,#2534,#2535,#2536,#2537,
#2538,#2539,#2540,#2541,#2542,#2543,#2544,#2545,#2546,#2547,#2548,#2549,
#2550,#2551,#2552,#2553,#2554,#2555,#2556,#2557,#2558,#2559,#2560,#2561,
#2562,#2563,#2564,#2565,#2566,#2567,#2568,#2569,#2570,#2571,#2572,#2573,
#2574,#2575,#2576,#2577,#2578,#2579,#2580,#2581,#2582,#2583,#2584,#2585,
#2586,#2587,#2588,#2589,#2590,#2591,#2592,#2593,#2594,#2595,#2596,#2597,
#2598,#2599,#2600,#2601,#2602,#2603,#2604,#2605,#2606,#2607,#2608,#2609,
#2610,#2611,#2612,#2613,#2614,#2615,#2616,#2617,#2618,#2619,#2620,#2621,
#2622,#2623,#2624,#2625,#2626,#2627,#2628,#2629,#2630,#2631,#2632,#2633,
#2634,#2635,#2636,#2637,#2638,#2639,#2640,#2641,#2642,#2643,#2644,#2645,
#2646,#2647,#2648,#2649,#2650,#2651,#2652,#2653,#2654,#2655,#2656,#2657,
#2658,#2659,#2660,#2661,#2662,#2663,#2664,#2665,#2666,#2667,#2668,#2669,
#2670,#2671,#2672,#2673,#2674,#2675,#2676,#2677,#2678,#2679,#2680,#2681,
#2682,#2683,#2684,#2685,#2686,#2687,#2688,#2689,#2690,#2691,#2692,#2693,
#2694,#2695,#2696,#2697,#2698,#2699,#2700,#2701,#2702,#2703,#2704,#2705,
#2706,#2707,#2708,#2709,#2710,#2711,#2712,#2713,#2714,#2715,#2716,#2717,
#2718,#2719,#2720,#2721,#2722,#2723,#2724,#2725,#2726,#2727,#2728,#2729,
#2730,#2731,#2732,#2733,#2734,#2735,#2736,#2737,#2738,#2739,#2740,#2741,
#2742,#2743,#2744,#2745,#2746,#2747,#2748,#2749,#2750,#2751,#2752,#2753,
#2754,#2755,#2756,#2757,#2758,#2759,#2760,#2761,#2762,#2763,#2764,#2765,
#2766,#2767,#2768,#2769,#2770,#2771,#2772,#2773,#2774,#2775,#2776,#2777,
#2778,#2779,#2780,#2781,#2782,#2783,#2784,#2785,#2786,#2787,#2788,#2789,
#2790,#2791,#2792,#2793,#2794,#2795,#2796,#2797,#2798,#2799,#2800,#2801,
#2802,#2803,#2804,#2805,#2806,#2807,#2808,#2809,#2810,#2811,#2812,#2813,
#2814,#2815,#2816,#2817,#2818,#2819,#2820,#2821,#2822,#2823,#2824,#2825,
#2826,#2827,#2828,#2829),.UNSPECIFIED.,.F.,.F.)
B_SPLINE_CURVE_WITH_KNOTS((3,2,2,2,2,2,2,2,2,2,2,2,2,2,2,2,2,2,2,2,2,2,
2,2,2,2,2,2,2,2,2,2,2,2,2,2,2,2,2,2,2,2,2,2,2,2,2,2,2,2,2,2,2,2,2,2,2,2,
2,2,2,2,2,2,2,2,2,2,2,2,2,2,2,2,2,2,2,2,2,2,2,2,2,2,2,2,2,2,2,2,2,2,2,2,
2,2,2,2,2,2,2,2,2,2,2,2,2,2,2,2,2,2,2,2,2,2,2,2,2,2,2,2,2,2,2,2,2,2,2,2,
2,2,2,2,2,2,2,2,2,2,2,2,2,2,2,2,2,2,2,2,2,2,2,2,2,2,2,2,2,2,2,2,2,2,2,2,
2,2,2,2,2,2,2,2,2,2,2,2,2,2,2,2,2,2,2,2,2,2,2,2,2,2,2,2,2,2,2,2,2,2,2,2,
2,2,2,2,2,2,2,2,2,2,2,2,2,2,2,2,2,2,2,2,2,2,2,2,2,2,2,2,2,2,2,2,2,2,2,2,
2,2,2,2,2,2,2,2,2,2,2,2,2,2,2,2,2,2,2,2,2,2,2,2,2,2,2,2,2,2,2,2,2,2,2,2,
2,2,3),(0.,0.0036231884057971,0.0072463768115942,0.0108695652173913,0.0144927536231884,
0.0181159420289855,0.0217391304347826,0.0253623188405797,0.0289855072463768,
0.0326086956521739,0.036231884057971,0.0398550724637681,0.0434782608695652,
0.0471014492753623,0.0507246376811594,0.0543478260869565,0.0579710144927536,
0.0615942028985507,0.0652173913043478,0.0688405797101449,0.072463768115942,
0.0760869565217391,0.0797101449275362,0.0833333333333333,0.0869565217391304,
0.0905797101449275,0.0942028985507246,0.0978260869565217,0.101449275362319,
0.105072463768116,0.108695652173913,0.11231884057971,0.115942028985507,
0.119565217391304,0.123188405797101,0.126811594202899,0.130434782608696,
0.134057971014493,0.13768115942029,0.141304347826087,0.144927536231884,
0.148550724637681,0.152173913043478,0.155797101449275,0.159420289855073,
0.16304347826087,0.166666666666667,0.170289855072464,0.173913043478261,
0.177536231884058,0.181159420289855,0.184782608695652,0.18840579710145,
0.192028985507247,0.195652173913044,0.199275362318841,0.202898550724637,
0.206521739130435,0.210144927536232,0.213768115942029,0.217391304347826,
0.221014492753623,0.224637681159421,0.228260869565218,0.231884057971014,
0.235507246376812,0.239130434782609,0.242753623188406,0.246376811594203,
0.25,0.253623188405797,0.257246376811594,0.260869565217392,0.264492753623189,
0.268115942028985,0.271739130434782,0.275362318840579,0.278985507246377,
0.282608695652174,0.286231884057971,0.289855072463768,0.293478260869565,
0.297101449275363,0.30072463768116,0.304347826086956,0.307971014492753,
0.31159420289855,0.315217391304348,0.318840579710145,0.322463768115942,
0.326086956521739,0.329710144927536,0.333333333333334,0.33695652173913,
0.340579710144927,0.344202898550725,0.347826086956522,0.351449275362319,
0.355072463768116,0.358695652173913,0.36231884057971,0.365942028985507,
0.369565217391304,0.373188405797101,0.376811594202899,0.380434782608696,
0.384057971014493,0.38768115942029,0.391304347826087,0.394927536231884,
0.398550724637681,0.402173913043478,0.405797101449275,0.409420289855073,
0.41304347826087,0.416666666666667,0.420289855072464,0.423913043478261,
0.427536231884058,0.431159420289855,0.434782608695652,0.43840579710145,
0.442028985507247,0.445652173913043,0.449275362318841,0.452898550724638,
0.456521739130435,0.460144927536232,0.463768115942029,0.467391304347826,
0.471014492753623,0.47463768115942,0.478260869565217,0.481884057971015,
0.485507246376812,0.489130434782609,0.492753623188406,0.496376811594203,
0.5,0.503623188405797,0.507246376811594,0.510869565217391,0.514492753623188,
0.518115942028986,0.521739130434783,0.52536231884058,0.528985507246377,
0.532608695652174,0.536231884057971,0.539855072463768,0.543478260869565,
0.547101449275362,0.550724637681159,0.554347826086957,0.557971014492754,
0.561594202898551,0.565217391304348,0.568840579710145,0.572463768115942,
0.576086956521739,0.579710144927536,0.583333333333333,0.586956521739131,
0.590579710144928,0.594202898550725,0.597826086956522,0.601449275362319,
0.605072463768116,0.608695652173913,0.61231884057971,0.615942028985507,
0.619565217391304,0.623188405797101,0.626811594202899,0.630434782608696,
0.634057971014493,0.63768115942029,0.641304347826087,0.644927536231884,
0.648550724637681,0.652173913043478,0.655797101449275,0.659420289855073,
0.66304347826087,0.666666666666667,0.670289855072464,0.673913043478261,
0.677536231884058,0.681159420289855,0.684782608695652,0.688405797101449,
0.692028985507246,0.695652173913044,0.699275362318841,0.702898550724638,
0.706521739130435,0.710144927536232,0.713768115942029,0.717391304347826,
0.721014492753623,0.72463768115942,0.728260869565217,0.731884057971015,
0.735507246376812,0.739130434782609,0.742753623188406,0.746376811594203,
0.75,0.753623188405797,0.757246376811594,0.760869565217391,0.764492753623188,
0.768115942028986,0.771739130434783,0.77536231884058,0.778985507246377,
0.782608695652174,0.786231884057971,0.789855072463768,0.793478260869565,
0.797101449275362,0.800724637681159,0.804347826086957,0.807971014492754,
0.811594202898551,0.815217391304348,0.818840579710145,0.822463768115942,
0.826086956521739,0.829710144927536,0.833333333333333,0.836956521739131,
0.840579710144928,0.844202898550725,0.847826086956522,0.851449275362319,
0.855072463768116,0.858695652173913,0.86231884057971,0.865942028985507,
0.869565217391304,0.873188405797101,0.876811594202899,0.880434782608696,
0.884057971014493,0.88768115942029,0.891304347826087,0.894927536231884,
0.898550724637681,0.902173913043478,0.905797101449275,0.909420289855073,
0.91304347826087,0.916666666666667,0.920289855072464,0.923913043478261,
0.927536231884058,0.931159420289855,0.934782608695652,0.938405797101449,
0.942028985507246,0.945652173913043,0.949275362318841,0.952898550724638,
0.956521739130435,0.960144927536232,0.963768115942029,0.967391304347826,
0.971014492753623,0.97463768115942,0.978260869565217,0.981884057971015,
0.985507246376812,0.989130434782609,0.992753623188406,0.996376811594203,
1.),.UNSPECIFIED.)
CURVE()
GEOMETRIC_REPRESENTATION_ITEM()
RATIONAL_B_SPLINE_CURVE((1.,0.994521895368273,1.,0.994521895368273,1.,0.994521895368273,
1.,0.994521895368273,1.,0.994521895368273,1.,0.994521895368273,1.,0.994521895368273,
1.,0.994521895368273,1.,0.994521895368273,1.,0.994521895368273,1.,0.994521895368273,
1.,0.994521895368273,1.,0.994521895368273,1.,0.994521895368273,1.,0.994521895368273,
1.,0.994521895368273,1.,0.994521895368273,1.,0.994521895368273,1.,0.994521895368273,
1.,0.994521895368273,1.,0.994521895368273,1.,0.994521895368273,1.,0.994521895368273,
1.,0.994521895368273,1.,0.994521895368273,1.,0.994521895368273,1.,0.994521895368273,
1.,0.994521895368273,1.,0.994521895368273,1.,0.994521895368273,1.,0.994521895368273,
1.,0.994521895368273,1.,0.994521895368273,1.,0.994521895368273,1.,0.994521895368273,
1.,0.994521895368273,1.,0.994521895368273,1.,0.994521895368273,1.,0.994521895368273,
1.,0.994521895368273,1.,0.994521895368273,1.,0.994521895368273,1.,0.994521895368273,
1.,0.994521895368273,1.,0.994521895368273,1.,0.994521895368273,1.,0.994521895368273,
1.,0.994521895368273,1.,0.994521895368273,1.,0.994521895368273,1.,0.994521895368273,
1.,0.994521895368273,1.,0.994521895368273,1.,0.994521895368273,1.,0.994521895368273,
1.,0.994521895368273,1.,0.994521895368273,1.,0.994521895368273,1.,0.994521895368273,
1.,0.994521895368273,1.,0.994521895368273,1.,0.994521895368273,1.,0.994521895368273,
1.,0.994521895368273,1.,0.994521895368273,1.,0.994521895368273,1.,0.994521895368273,
1.,0.994521895368273,1.,0.994521895368273,1.,0.994521895368273,1.,0.994521895368273,
1.,0.994521895368273,1.,0.994521895368273,1.,0.994521895368273,1.,0.994521895368273,
1.,0.994521895368273,1.,0.994521895368273,1.,0.994521895368273,1.,0.994521895368273,
1.,0.994521895368273,1.,0.994521895368273,1.,0.994521895368273,1.,0.994521895368273,
1.,0.994521895368273,1.,0.994521895368273,1.,0.994521895368273,1.,0.994521895368273,
1.,0.994521895368273,1.,0.994521895368273,1.,0.994521895368273,1.,0.994521895368273,
1.,0.994521895368273,1.,0.994521895368273,1.,0.994521895368273,1.,0.994521895368273,
1.,0.994521895368273,1.,0.994521895368273,1.,0.994521895368273,1.,0.994521895368273,
1.,0.994521895368273,1.,0.994521895368273,1.,0.994521895368273,1.,0.994521895368273,
1.,0.994521895368273,1.,0.994521895368273,1.,0.994521895368273,1.,0.994521895368273,
1.,0.994521895368273,1.,0.994521895368273,1.,0.994521895368273,1.,0.994521895368273,
1.,0.994521895368273,1.,0.994521895368273,1.,0.994521895368273,1.,0.994521895368273,
1.,0.994521895368273,1.,0.994521895368273,1.,0.994521895368273,1.,0.994521895368273,
1.,0.994521895368273,1.,0.994521895368273,1.,0.994521895368273,1.,0.994521895368273,
1.,0.994521895368273,1.,0.994521895368273,1.,0.994521895368273,1.,0.994521895368273,
1.,0.994521895368273,1.,0.994521895368273,1.,0.994521895368273,1.,0.994521895368273,
1.,0.994521895368273,1.,0.994521895368273,1.,0.994521895368273,1.,0.994521895368273,
1.,0.994521895368273,1.,0.994521895368273,1.,0.994521895368273,1.,0.994521895368273,
1.,0.994521895368273,1.,0.994521895368273,1.,0.994521895368273,1.,0.994521895368273,
1.,0.994521895368273,1.,0.994521895368273,1.,0.994521895368273,1.,0.994521895368273,
1.,0.994521895368273,1.,0.994521895368273,1.,0.994521895368273,1.,0.994521895368273,
1.,0.994521895368273,1.,0.994521895368273,1.,0.994521895368273,1.,0.994521895368273,
1.,0.994521895368273,1.,0.994521895368273,1.,0.994521895368273,1.,0.994521895368273,
1.,0.994521895368273,1.,0.994521895368273,1.,0.994521895368273,1.,0.994521895368273,
1.,0.994521895368273,1.,0.994521895368273,1.,0.994521895368273,1.,0.994521895368273,
1.,0.994521895368273,1.,0.994521895368273,1.,0.994521895368273,1.,0.994521895368273,
1.,0.994521895368273,1.,0.994521895368273,1.,0.994521895368273,1.,0.994521895368273,
1.,0.994521895368273,1.,0.994521895368273,1.,0.994521895368273,1.,0.994521895368273,
1.,0.994521895368273,1.,0.994521895368273,1.,0.994521895368273,1.,0.994521895368273,
1.,0.994521895368273,1.,0.994521895368273,1.,0.994521895368273,1.,0.994521895368273,
1.,0.994521895368273,1.,0.994521895368273,1.,0.994521895368273,1.,0.994521895368273,
1.,0.994521895368273,1.,0.994521895368273,1.,0.994521895368273,1.,0.994521895368273,
1.,0.994521895368273,1.,0.994521895368273,1.,0.994521895368273,1.,0.994521895368273,
1.,0.994521895368273,1.,0.994521895368273,1.,0.994521895368273,1.,0.994521895368273,
1.,0.994521895368273,1.,0.994521895368273,1.,0.994521895368273,1.,0.994521895368273,
1.,0.994521895368273,1.,0.994521895368273,1.,0.994521895368273,1.,0.994521895368273,
1.,0.994521895368273,1.,0.994521895368273,1.,0.994521895368273,1.,0.994521895368273,
1.,0.994521895368273,1.,0.994521895368273,1.,0.994521895368273,1.,0.994521895368273,
1.,0.994521895368273,1.,0.994521895368273,1.,0.994521895368273,1.,0.994521895368273,
1.,0.994521895368273,1.,0.994521895368273,1.,0.994521895368273,1.,0.994521895368273,
1.,0.994521895368273,1.,0.994521895368273,1.,0.994521895368273,1.,0.994521895368273,
1.,0.994521895368273,1.,0.994521895368273,1.,0.994521895368273,1.,0.994521895368273,
1.,0.994521895368273,1.,0.994521895368273,1.,0.994521895368273,1.,0.994521895368273,
1.,0.994521895368273,1.,0.994521895368273,1.,0.994521895368273,1.,0.994521895368273,
1.,0.994521895368273,1.,0.994521895368273,1.,0.994521895368273,1.,0.994521895368273,
1.,0.994521895368273,1.,0.994521895368273,1.,0.994521895368273,1.,0.994521895368273,
1.,0.994521895368273,1.,0.994521895368273,1.,0.994521895368273,1.,0.994521895368273,
1.,0.994521895368273,1.,0.994521895368273,1.,0.994521895368273,1.,0.994521895368273,
1.,0.994521895368273,1.,0.994521895368273,1.,0.994521895368273,1.,0.994521895368273,
1.,0.994521895368273,1.,0.994521895368273,1.,0.994521895368273,1.,0.994521895368273,
1.,0.994521895368273,1.,0.994521895368273,1.,0.994521895368273,1.,0.994521895368273,
1.,0.994521895368273,1.,0.994521895368273,1.,0.994521895368273,1.,0.994521895368273,
1.,0.994521895368273,1.))
REPRESENTATION_ITEM('')
);
#136=(
BOUNDED_CURVE()
B_SPLINE_CURVE(2,(#3918,#3919,#3920,#3921,#3922,#3923,#3924,#3925,#3926,
#3927,#3928,#3929,#3930,#3931,#3932,#3933,#3934,#3935,#3936,#3937,#3938,
#3939,#3940,#3941,#3942,#3943,#3944,#3945,#3946,#3947,#3948,#3949,#3950,
#3951,#3952,#3953,#3954,#3955,#3956,#3957,#3958,#3959,#3960,#3961,#3962,
#3963,#3964,#3965,#3966,#3967,#3968,#3969,#3970,#3971,#3972,#3973,#3974,
#3975,#3976,#3977,#3978,#3979,#3980,#3981,#3982,#3983,#3984,#3985,#3986,
#3987,#3988,#3989,#3990,#3991,#3992,#3993,#3994,#3995,#3996,#3997,#3998,
#3999,#4000,#4001,#4002,#4003,#4004,#4005,#4006,#4007,#4008,#4009,#4010,
#4011,#4012,#4013,#4014,#4015,#4016,#4017,#4018,#4019,#4020,#4021,#4022,
#4023,#4024,#4025,#4026,#4027,#4028,#4029,#4030,#4031,#4032,#4033,#4034,
#4035,#4036,#4037,#4038),.UNSPECIFIED.,.F.,.F.)
B_SPLINE_CURVE_WITH_KNOTS((3,2,2,2,2,2,2,2,2,2,2,2,2,2,2,2,2,2,2,2,2,2,
2,2,2,2,2,2,2,2,2,2,2,2,2,2,2,2,2,2,2,2,2,2,2,2,2,2,2,2,2,2,2,2,2,2,2,2,
2,2,3),(0.,0.0166666666666666,0.0333333333333333,0.05,0.0666666666666667,
0.0833333333333333,0.1,0.116666666666667,0.133333333333333,0.15,0.166666666666667,
0.183333333333334,0.2,0.216666666666667,0.233333333333334,0.25,0.266666666666666,
0.283333333333334,0.3,0.316666666666666,0.333333333333334,0.35,0.366666666666666,
0.383333333333334,0.4,0.416666666666667,0.433333333333334,0.45,0.466666666666667,
0.483333333333333,0.5,0.516666666666667,0.533333333333333,0.55,0.566666666666667,
0.583333333333333,0.6,0.616666666666667,0.633333333333333,0.65,0.666666666666667,
0.683333333333333,0.7,0.716666666666667,0.733333333333333,0.75,0.766666666666667,
0.783333333333333,0.8,0.816666666666667,0.833333333333333,0.85,0.866666666666667,
0.883333333333333,0.9,0.916666666666667,0.933333333333333,0.95,0.966666666666667,
0.983333333333333,1.),.UNSPECIFIED.)
CURVE()
GEOMETRIC_REPRESENTATION_ITEM()
RATIONAL_B_SPLINE_CURVE((1.,0.866025403784439,1.,0.866025403784439,1.,0.866025403784439,
1.,0.866025403784439,1.,0.866025403784439,1.,0.866025403784439,1.,0.866025403784439,
1.,0.866025403784439,1.,0.866025403784439,1.,0.866025403784439,1.,0.866025403784439,
1.,0.866025403784439,1.,0.866025403784439,1.,0.866025403784439,1.,0.866025403784439,
1.,0.866025403784439,1.,0.866025403784439,1.,0.866025403784439,1.,0.866025403784439,
1.,0.866025403784439,1.,0.866025403784439,1.,0.866025403784439,1.,0.866025403784439,
1.,0.866025403784439,1.,0.866025403784439,1.,0.866025403784439,1.,0.866025403784439,
1.,0.866025403784439,1.,0.866025403784439,1.,0.866025403784439,1.,0.866025403784439,
1.,0.866025403784439,1.,0.866025403784439,1.,0.866025403784439,1.,0.866025403784439,
1.,0.866025403784439,1.,0.866025403784439,1.,0.866025403784439,1.,0.866025403784439,
1.,0.866025403784439,1.,0.866025403784439,1.,0.866025403784439,1.,0.866025403784439,
1.,0.866025403784439,1.,0.866025403784439,1.,0.866025403784439,1.,0.866025403784439,
1.,0.866025403784439,1.,0.866025403784439,1.,0.866025403784439,1.,0.866025403784439,
1.,0.866025403784439,1.,0.866025403784439,1.,0.866025403784439,1.,0.866025403784439,
1.,0.866025403784439,1.,0.866025403784439,1.,0.866025403784439,1.,0.866025403784439,
1.,0.866025403784439,1.))
REPRESENTATION_ITEM('')
);
#137=(
BOUNDED_CURVE()
B_SPLINE_CURVE(2,(#4535,#4536,#4537,#4538,#4539,#4540,#4541,#4542,#4543,
#4544,#4545,#4546,#4547,#4548,#4549,#4550,#4551,#4552,#4553,#4554,#4555,
#4556,#4557,#4558,#4559,#4560,#4561,#4562,#4563,#4564,#4565,#4566,#4567,
#4568,#4569,#4570,#4571,#4572,#4573,#4574,#4575,#4576,#4577,#4578,#4579,
#4580,#4581,#4582,#4583,#4584,#4585,#4586,#4587,#4588,#4589,#4590,#4591,
#4592,#4593,#4594,#4595,#4596,#4597,#4598,#4599,#4600,#4601,#4602,#4603,
#4604,#4605,#4606,#4607,#4608,#4609,#4610,#4611,#4612,#4613,#4614,#4615,
#4616,#4617,#4618,#4619,#4620,#4621,#4622,#4623,#4624,#4625,#4626,#4627,
#4628,#4629,#4630,#4631,#4632,#4633,#4634,#4635,#4636,#4637,#4638,#4639,
#4640,#4641,#4642,#4643,#4644,#4645,#4646,#4647,#4648,#4649,#4650,#4651,
#4652,#4653,#4654,#4655),.UNSPECIFIED.,.F.,.F.)
B_SPLINE_CURVE_WITH_KNOTS((3,2,2,2,2,2,2,2,2,2,2,2,2,2,2,2,2,2,2,2,2,2,
2,2,2,2,2,2,2,2,2,2,2,2,2,2,2,2,2,2,2,2,2,2,2,2,2,2,2,2,2,2,2,2,2,2,2,2,
2,2,3),(0.,0.0166666666666666,0.0333333333333333,0.05,0.0666666666666667,
0.0833333333333333,0.1,0.116666666666667,0.133333333333333,0.15,0.166666666666667,
0.183333333333334,0.2,0.216666666666667,0.233333333333334,0.25,0.266666666666666,
0.283333333333334,0.3,0.316666666666666,0.333333333333334,0.35,0.366666666666666,
0.383333333333334,0.4,0.416666666666667,0.433333333333334,0.45,0.466666666666667,
0.483333333333333,0.5,0.516666666666667,0.533333333333333,0.55,0.566666666666667,
0.583333333333333,0.6,0.616666666666667,0.633333333333333,0.65,0.666666666666667,
0.683333333333333,0.7,0.716666666666667,0.733333333333333,0.75,0.766666666666667,
0.783333333333333,0.8,0.816666666666667,0.833333333333333,0.85,0.866666666666667,
0.883333333333333,0.9,0.916666666666667,0.933333333333333,0.95,0.966666666666667,
0.983333333333333,1.),.UNSPECIFIED.)
CURVE()
GEOMETRIC_REPRESENTATION_ITEM()
RATIONAL_B_SPLINE_CURVE((1.,0.866025403784439,1.,0.866025403784439,1.,0.866025403784439,
1.,0.866025403784439,1.,0.866025403784439,1.,0.866025403784439,1.,0.866025403784439,
1.,0.866025403784439,1.,0.866025403784439,1.,0.866025403784439,1.,0.866025403784439,
1.,0.866025403784439,1.,0.866025403784439,1.,0.866025403784439,1.,0.866025403784439,
1.,0.866025403784439,1.,0.866025403784439,1.,0.866025403784439,1.,0.866025403784439,
1.,0.866025403784439,1.,0.866025403784439,1.,0.866025403784439,1.,0.866025403784439,
1.,0.866025403784439,1.,0.866025403784439,1.,0.866025403784439,1.,0.866025403784439,
1.,0.866025403784439,1.,0.866025403784439,1.,0.866025403784439,1.,0.866025403784439,
1.,0.866025403784439,1.,0.866025403784439,1.,0.866025403784439,1.,0.866025403784439,
1.,0.866025403784439,1.,0.866025403784439,1.,0.866025403784439,1.,0.866025403784439,
1.,0.866025403784439,1.,0.866025403784439,1.,0.866025403784439,1.,0.866025403784439,
1.,0.866025403784439,1.,0.866025403784439,1.,0.866025403784439,1.,0.866025403784439,
1.,0.866025403784439,1.,0.866025403784439,1.,0.866025403784439,1.,0.866025403784439,
1.,0.866025403784439,1.,0.866025403784439,1.,0.866025403784439,1.,0.866025403784439,
1.,0.866025403784439,1.,0.866025403784439,1.,0.866025403784439,1.,0.866025403784439,
1.,0.866025403784439,1.))
REPRESENTATION_ITEM('')
);
#138=GEOMETRIC_CURVE_SET('',(#134));
#139=B_SPLINE_CURVE_WITH_KNOTS('',3,(#2145,#2146,#2147,#2148,#2149,#2150,
#2151,#2152,#2153,#2154,#2155),.UNSPECIFIED.,.T.,.F.,(1,1,1,1,1,1,1,1,1,
1,1,1,1,1,1),(-0.375,-0.25,-0.125,0.,0.125,0.25,0.375,0.5,0.625,0.75,0.875,
1.,1.125,1.25,1.375),.UNSPECIFIED.);
#140=B_SPLINE_CURVE_WITH_KNOTS('',3,(#2161,#2162,#2163,#2164,#2165,#2166,
#2167,#2168,#2169,#2170,#2171,#2172,#2173,#2174,#2175,#2176,#2177,#2178,
#2179),.UNSPECIFIED.,.T.,.F.,(1,1,1,1,1,1,1,1,1,1,1,1,1,1,1,1,1,1,1,1,1,
1,1),(-0.190789473684211,-0.128289473684211,-0.0657894736842105,0.,0.059375,
0.12171875,0.1842109375,0.246710546875,0.30921052734375,0.371710526367187,
0.434210526318359,0.496710526315918,0.559210526315796,0.62171052631579,
0.684210526315789,0.746710526315789,0.809210526315789,0.871710526315789,
0.934210526315789,1.,1.059375,1.12171875,1.1842109375),.UNSPECIFIED.);
#141=B_SPLINE_CURVE_WITH_KNOTS('',3,(#2835,#2836,#2837,#2838,#2839,#2840,
#2841,#2842,#2843,#2844,#2845),.UNSPECIFIED.,.T.,.F.,(1,1,1,1,1,1,1,1,1,
1,1,1,1,1,1),(-0.375,-0.25,-0.125,0.,0.125,0.25,0.375,0.5,0.625,0.75,0.875,
1.,1.125,1.25,1.375),.UNSPECIFIED.);
#142=B_SPLINE_CURVE_WITH_KNOTS('',3,(#2848,#2849,#2850,#2851,#2852,#2853,
#2854,#2855,#2856,#2857,#2858,#2859,#2860,#2861,#2862,#2863,#2864,#2865,
#2866),.UNSPECIFIED.,.T.,.F.,(1,1,1,1,1,1,1,1,1,1,1,1,1,1,1,1,1,1,1,1,1,
1,1),(-0.190789473684211,-0.128289473684211,-0.0657894736842105,0.,0.059375,
0.12171875,0.1842109375,0.246710546875,0.30921052734375,0.371710526367187,
0.434210526318359,0.496710526315918,0.559210526315796,0.62171052631579,
0.684210526315789,0.746710526315789,0.809210526315789,0.871710526315789,
0.934210526315789,1.,1.059375,1.12171875,1.1842109375),.UNSPECIFIED.);
#143=B_SPLINE_CURVE_WITH_KNOTS('',3,(#3061,#3062,#3063,#3064),
 .UNSPECIFIED.,.F.,.F.,(4,4),(0.,1.),.UNSPECIFIED.);
#144=B_SPLINE_CURVE_WITH_KNOTS('',3,(#3068,#3069,#3070,#3071),
 .UNSPECIFIED.,.F.,.F.,(4,4),(0.,1.),.UNSPECIFIED.);
#145=B_SPLINE_CURVE_WITH_KNOTS('',3,(#3075,#3076,#3077,#3078),
 .UNSPECIFIED.,.F.,.F.,(4,4),(0.,1.),.UNSPECIFIED.);
#146=B_SPLINE_CURVE_WITH_KNOTS('',3,(#3082,#3083,#3084,#3085),
 .UNSPECIFIED.,.F.,.F.,(4,4),(0.,1.),.UNSPECIFIED.);
#147=B_SPLINE_CURVE_WITH_KNOTS('',3,(#3105,#3106,#3107,#3108),
 .UNSPECIFIED.,.F.,.F.,(4,4),(0.,1.),.UNSPECIFIED.);
#148=B_SPLINE_CURVE_WITH_KNOTS('',3,(#3112,#3113,#3114,#3115),
 .UNSPECIFIED.,.F.,.F.,(4,4),(0.,1.),.UNSPECIFIED.);
#149=B_SPLINE_CURVE_WITH_KNOTS('',3,(#3119,#3120,#3121,#3122),
 .UNSPECIFIED.,.F.,.F.,(4,4),(0.,1.),.UNSPECIFIED.);
#150=B_SPLINE_CURVE_WITH_KNOTS('',3,(#3126,#3127,#3128,#3129),
 .UNSPECIFIED.,.F.,.F.,(4,4),(0.,1.),.UNSPECIFIED.);
#151=B_SPLINE_CURVE_WITH_KNOTS('',3,(#3143,#3144,#3145,#3146),
 .UNSPECIFIED.,.F.,.F.,(4,4),(0.,1.),.UNSPECIFIED.);
#152=B_SPLINE_CURVE_WITH_KNOTS('',3,(#3147,#3148,#3149,#3150),
 .UNSPECIFIED.,.F.,.F.,(4,4),(0.,1.),.UNSPECIFIED.);
#153=B_SPLINE_CURVE_WITH_KNOTS('',3,(#3152,#3153,#3154,#3155),
 .UNSPECIFIED.,.F.,.F.,(4,4),(0.,1.),.UNSPECIFIED.);
#154=B_SPLINE_CURVE_WITH_KNOTS('',3,(#3156,#3157,#3158,#3159),
 .UNSPECIFIED.,.F.,.F.,(4,4),(0.,1.),.UNSPECIFIED.);
#155=B_SPLINE_CURVE_WITH_KNOTS('',3,(#3161,#3162,#3163,#3164),
 .UNSPECIFIED.,.F.,.F.,(4,4),(0.,1.),.UNSPECIFIED.);
#156=B_SPLINE_CURVE_WITH_KNOTS('',3,(#3165,#3166,#3167,#3168),
 .UNSPECIFIED.,.F.,.F.,(4,4),(0.,1.),.UNSPECIFIED.);
#157=B_SPLINE_CURVE_WITH_KNOTS('',3,(#3170,#3171,#3172,#3173),
 .UNSPECIFIED.,.F.,.F.,(4,4),(0.,1.),.UNSPECIFIED.);
#158=B_SPLINE_CURVE_WITH_KNOTS('',3,(#3174,#3175,#3176,#3177),
 .UNSPECIFIED.,.F.,.F.,(4,4),(0.,1.),.UNSPECIFIED.);
#159=B_SPLINE_CURVE_WITH_KNOTS('',3,(#3582,#3583,#3584,#3585),
 .UNSPECIFIED.,.F.,.F.,(4,4),(0.,0.00201758290788679),.UNSPECIFIED.);
#160=B_SPLINE_CURVE_WITH_KNOTS('',3,(#3588,#3589,#3590,#3591,#3592,#3593,
#3594,#3595,#3596,#3597,#3598),.UNSPECIFIED.,.F.,.F.,(4,1,1,1,1,1,1,1,4),
(4.66246207702164E-8,0.125000040796543,0.250000034968466,0.375000029140388,
0.50000002331231,0.625000017484233,0.750000011656155,0.875000005828078,
1.),.UNSPECIFIED.);
#161=B_SPLINE_CURVE_WITH_KNOTS('',3,(#3600,#3601,#3602,#3603),
 .UNSPECIFIED.,.F.,.F.,(4,4),(0.,0.00404641834677336),.UNSPECIFIED.);
#162=B_SPLINE_CURVE_WITH_KNOTS('',3,(#3605,#3606,#3607,#3608,#3609,#3610,
#3611,#3612,#3613,#3614,#3615),.UNSPECIFIED.,.F.,.F.,(4,1,1,1,1,1,1,1,4),
(3.55554040142482E-8,0.125000029840623,0.250000024125841,0.37500001841106,
0.500000012696279,0.625000006981498,0.750000001266716,0.874999995551935,
0.999999989837154),.UNSPECIFIED.);
#163=B_SPLINE_CURVE_WITH_KNOTS('',3,(#3617,#3618,#3619,#3620),
 .UNSPECIFIED.,.F.,.F.,(4,4),(0.,0.00404674140494388),.UNSPECIFIED.);
#164=B_SPLINE_CURVE_WITH_KNOTS('',3,(#3622,#3623,#3624,#3625,#3626,#3627,
#3628,#3629,#3630,#3631,#3632),.UNSPECIFIED.,.F.,.F.,(4,1,1,1,1,1,1,1,4),
(1.36468888851768E-8,0.125000011941028,0.250000010235167,0.375000008529306,
0.500000006823444,0.625000005117583,0.750000003411722,0.875000001705861,
1.),.UNSPECIFIED.);
#165=B_SPLINE_CURVE_WITH_KNOTS('',3,(#3634,#3635,#3636,#3637),
 .UNSPECIFIED.,.F.,.F.,(4,4),(0.,0.0040455507713582),.UNSPECIFIED.);
#166=B_SPLINE_CURVE_WITH_KNOTS('',3,(#3639,#3640,#3641,#3642,#3643,#3644,
#3645,#3646,#3647,#3648,#3649),.UNSPECIFIED.,.F.,.F.,(4,1,1,1,1,1,1,1,4),
(2.75113566151318E-8,0.125000021707334,0.250000015903312,0.37500001009929,
0.500000004295268,0.624999998491246,0.749999992687223,0.874999986883201,
0.999999981079179),.UNSPECIFIED.);
#167=B_SPLINE_CURVE_WITH_KNOTS('',3,(#3651,#3652,#3653,#3654),
 .UNSPECIFIED.,.F.,.F.,(4,4),(0.,0.00404701048918927),.UNSPECIFIED.);
#168=B_SPLINE_CURVE_WITH_KNOTS('',3,(#3656,#3657,#3658,#3659,#3660,#3661,
#3662,#3663,#3664,#3665,#3666,#3667,#3668,#3669),.UNSPECIFIED.,.F.,.F.,
(4,1,1,1,1,1,1,1,1,1,1,4),(0.,0.125,0.25,0.3125,0.375,0.4375,0.5,0.5625,
0.625,0.75,0.875,1.),.UNSPECIFIED.);
#169=B_SPLINE_CURVE_WITH_KNOTS('',3,(#3671,#3672,#3673,#3674),
 .UNSPECIFIED.,.F.,.F.,(4,4),(0.,0.00404588955439095),.UNSPECIFIED.);
#170=B_SPLINE_CURVE_WITH_KNOTS('',3,(#3676,#3677,#3678,#3679,#3680,#3681,
#3682,#3683,#3684,#3685,#3686),.UNSPECIFIED.,.F.,.F.,(4,1,1,1,1,1,1,1,4),
(1.02293342230857E-8,0.125000008950667,0.250000007672001,0.375000006393334,
0.500000005114667,0.625000003836,0.750000002557334,0.875000001278667,1.),
 .UNSPECIFIED.);
#171=B_SPLINE_CURVE_WITH_KNOTS('',3,(#3688,#3689,#3690,#3691),
 .UNSPECIFIED.,.F.,.F.,(4,4),(0.,0.00404736466223508),.UNSPECIFIED.);
#172=B_SPLINE_CURVE_WITH_KNOTS('',3,(#3693,#3694,#3695,#3696,#3697,#3698,
#3699,#3700,#3701,#3702,#3703),.UNSPECIFIED.,.F.,.F.,(4,1,1,1,1,1,1,1,4),
(0.,0.125,0.25,0.375,0.5,0.625,0.75,0.875,1.),.UNSPECIFIED.);
#173=B_SPLINE_CURVE_WITH_KNOTS('',3,(#3705,#3706,#3707,#3708),
 .UNSPECIFIED.,.F.,.F.,(4,4),(0.,0.00404623436261299),.UNSPECIFIED.);
#174=B_SPLINE_CURVE_WITH_KNOTS('',3,(#3710,#3711,#3712,#3713,#3714,#3715,
#3716,#3717,#3718,#3719,#3720),.UNSPECIFIED.,.F.,.F.,(4,1,1,1,1,1,1,1,4),
(0.,0.125,0.25,0.375,0.5,0.625,0.75,0.875,1.),.UNSPECIFIED.);
#175=B_SPLINE_CURVE_WITH_KNOTS('',3,(#3722,#3723,#3724,#3725),
 .UNSPECIFIED.,.F.,.F.,(4,4),(0.,0.00404678247592184),.UNSPECIFIED.);
#176=B_SPLINE_CURVE_WITH_KNOTS('',3,(#3727,#3728,#3729,#3730,#3731,#3732,
#3733,#3734,#3735,#3736,#3737),.UNSPECIFIED.,.F.,.F.,(4,1,1,1,1,1,1,1,4),
(0.,0.125,0.25,0.375,0.5,0.625,0.75,0.875,1.),.UNSPECIFIED.);
#177=B_SPLINE_CURVE_WITH_KNOTS('',3,(#3739,#3740,#3741,#3742),
 .UNSPECIFIED.,.F.,.F.,(4,4),(0.,0.00404608565569017),.UNSPECIFIED.);
#178=B_SPLINE_CURVE_WITH_KNOTS('',3,(#3744,#3745,#3746,#3747,#3748,#3749,
#3750,#3751,#3752,#3753,#3754),.UNSPECIFIED.,.F.,.F.,(4,1,1,1,1,1,1,1,4),
(0.,0.125,0.25,0.375,0.5,0.625,0.75,0.875,1.),.UNSPECIFIED.);
#179=B_SPLINE_CURVE_WITH_KNOTS('',3,(#3756,#3757,#3758,#3759),
 .UNSPECIFIED.,.F.,.F.,(4,4),(0.,0.0040473668526427),.UNSPECIFIED.);
#180=B_SPLINE_CURVE_WITH_KNOTS('',3,(#3761,#3762,#3763,#3764,#3765,#3766,
#3767,#3768,#3769,#3770,#3771),.UNSPECIFIED.,.F.,.F.,(4,1,1,1,1,1,1,1,4),
(0.,0.124999997332648,0.249999994665296,0.374999991997943,0.499999989330591,
0.624999986663239,0.749999983995887,0.874999981328534,0.999999978661182),
 .UNSPECIFIED.);
#181=B_SPLINE_CURVE_WITH_KNOTS('',3,(#3773,#3774,#3775,#3776),
 .UNSPECIFIED.,.F.,.F.,(4,4),(0.,0.00404730292079814),.UNSPECIFIED.);
#182=B_SPLINE_CURVE_WITH_KNOTS('',3,(#3778,#3779,#3780,#3781,#3782,#3783,
#3784,#3785,#3786,#3787,#3788),.UNSPECIFIED.,.F.,.F.,(4,1,1,1,1,1,1,1,4),
(0.,0.125,0.25,0.375,0.5,0.625,0.75,0.875,1.),.UNSPECIFIED.);
#183=B_SPLINE_CURVE_WITH_KNOTS('',3,(#3790,#3791,#3792,#3793),
 .UNSPECIFIED.,.F.,.F.,(4,4),(0.,0.00404699600933358),.UNSPECIFIED.);
#184=B_SPLINE_CURVE_WITH_KNOTS('',3,(#3795,#3796,#3797,#3798,#3799,#3800,
#3801,#3802,#3803,#3804,#3805),.UNSPECIFIED.,.F.,.F.,(4,1,1,1,1,1,1,1,4),
(0.,0.125,0.25,0.375,0.5,0.625,0.75,0.875,1.),.UNSPECIFIED.);
#185=B_SPLINE_CURVE_WITH_KNOTS('',3,(#3807,#3808,#3809,#3810),
 .UNSPECIFIED.,.F.,.F.,(4,4),(0.,0.00404808320187118),.UNSPECIFIED.);
#186=B_SPLINE_CURVE_WITH_KNOTS('',3,(#3812,#3813,#3814,#3815,#3816,#3817,
#3818,#3819,#3820,#3821,#3822),.UNSPECIFIED.,.F.,.F.,(4,1,1,1,1,1,1,1,4),
(0.,0.125,0.25,0.375,0.5,0.625,0.75,0.875,1.),.UNSPECIFIED.);
#187=B_SPLINE_CURVE_WITH_KNOTS('',3,(#3824,#3825,#3826,#3827),
 .UNSPECIFIED.,.F.,.F.,(4,4),(0.,0.00404618513617328),.UNSPECIFIED.);
#188=B_SPLINE_CURVE_WITH_KNOTS('',3,(#3829,#3830,#3831,#3832,#3833,#3834,
#3835,#3836,#3837,#3838,#3839),.UNSPECIFIED.,.F.,.F.,(4,1,1,1,1,1,1,1,4),
(0.,0.125,0.25,0.375,0.5,0.625,0.75,0.875,1.),.UNSPECIFIED.);
#189=B_SPLINE_CURVE_WITH_KNOTS('',3,(#3841,#3842,#3843,#3844),
 .UNSPECIFIED.,.F.,.F.,(4,4),(0.,0.00404832610917847),.UNSPECIFIED.);
#190=B_SPLINE_CURVE_WITH_KNOTS('',3,(#3846,#3847,#3848,#3849,#3850,#3851,
#3852,#3853,#3854,#3855,#3856),.UNSPECIFIED.,.F.,.F.,(4,1,1,1,1,1,1,1,4),
(1.92371410307049E-8,0.125000016832498,0.250000014427856,0.375000012023213,
0.50000000961857,0.625000007213928,0.750000004809285,0.875000002404643,
1.),.UNSPECIFIED.);
#191=B_SPLINE_CURVE_WITH_KNOTS('',3,(#3858,#3859,#3860,#3861),
 .UNSPECIFIED.,.F.,.F.,(4,4),(0.,0.0040465780459517),.UNSPECIFIED.);
#192=B_SPLINE_CURVE_WITH_KNOTS('',3,(#3863,#3864,#3865,#3866,#3867,#3868,
#3869,#3870,#3871,#3872,#3873),.UNSPECIFIED.,.F.,.F.,(4,1,1,1,1,1,1,1,4),
(0.,0.125,0.25,0.375,0.5,0.625,0.75,0.875,1.),.UNSPECIFIED.);
#193=B_SPLINE_CURVE_WITH_KNOTS('',3,(#3875,#3876,#3877,#3878),
 .UNSPECIFIED.,.F.,.F.,(4,4),(0.,0.00404842668402789),.UNSPECIFIED.);
#194=B_SPLINE_CURVE_WITH_KNOTS('',3,(#3880,#3881,#3882,#3883,#3884,#3885,
#3886,#3887,#3888,#3889,#3890),.UNSPECIFIED.,.F.,.F.,(4,1,1,1,1,1,1,1,4),
(2.25692026645778E-8,0.125000019748052,0.250000016926902,0.375000014105752,
0.500000011284601,0.625000008463451,0.750000005642301,0.87500000282115,
1.),.UNSPECIFIED.);
#195=B_SPLINE_CURVE_WITH_KNOTS('',3,(#3892,#3893,#3894,#3895),
 .UNSPECIFIED.,.F.,.F.,(4,4),(0.,0.000544600166926554),.UNSPECIFIED.);
#196=B_SPLINE_CURVE_WITH_KNOTS('',3,(#3897,#3898,#3899,#3900),
 .UNSPECIFIED.,.F.,.F.,(4,4),(9.05811821999446E-18,0.0033993662901852),
 .UNSPECIFIED.);
#197=B_SPLINE_CURVE_WITH_KNOTS('',3,(#3902,#3903,#3904,#3905),
 .UNSPECIFIED.,.F.,.F.,(4,4),(0.,0.00012900834913981),.UNSPECIFIED.);
#198=B_SPLINE_CURVE_WITH_KNOTS('',3,(#3907,#3908,#3909,#3910,#3911),
 .UNSPECIFIED.,.F.,.F.,(4,1,4),(9.05631026955205E-8,0.500000045281551,1.),
 .UNSPECIFIED.);
#199=B_SPLINE_CURVE_WITH_KNOTS('',3,(#3913,#3914,#3915,#3916),
 .UNSPECIFIED.,.F.,.F.,(4,4),(0.,0.752499310073388),.UNSPECIFIED.);
#200=B_SPLINE_CURVE_WITH_KNOTS('',3,(#4493,#4494,#4495,#4496),
 .UNSPECIFIED.,.F.,.F.,(4,4),(8.67361737988403E-19,0.00405090731478187),
 .UNSPECIFIED.);
#201=B_SPLINE_CURVE_WITH_KNOTS('',3,(#4499,#4500,#4501,#4502,#4503,#4504,
#4505,#4506,#4507,#4508,#4509),.UNSPECIFIED.,.F.,.F.,(4,1,1,1,1,1,1,1,4),
(0.908659900960709,0.913986634352767,0.919313367744824,0.924640101136882,
0.92996683452894,0.935293567920998,0.940620301313056,0.945947034705114,
0.951273768097171),.UNSPECIFIED.);
#202=B_SPLINE_CURVE_WITH_KNOTS('',3,(#4511,#4512,#4513,#4514),
 .UNSPECIFIED.,.F.,.F.,(4,4),(0.,0.00407733068217397),.UNSPECIFIED.);
#203=B_SPLINE_CURVE_WITH_KNOTS('',3,(#4516,#4517,#4518,#4519,#4520,#4521,
#4522,#4523,#4524,#4525),.UNSPECIFIED.,.F.,.F.,(4,1,1,1,1,1,1,4),(0.96368324040442,
0.972762430303315,0.977302025252762,0.98184162020221,0.986381215151658,
0.990920810101105,0.995460405050552,1.),.UNSPECIFIED.);
#204=B_SPLINE_CURVE_WITH_KNOTS('',3,(#4527,#4528,#4529,#4530,#4531,#4532,
#4533),.UNSPECIFIED.,.F.,.F.,(4,1,1,1,4),(0.,0.00310080871143803,0.00620161742287606,
0.00930242613431409,0.0124032348457521),.UNSPECIFIED.);
#205=B_SPLINE_CURVE_WITH_KNOTS('',3,(#4657,#4658,#4659,#4660),
 .UNSPECIFIED.,.F.,.F.,(4,4),(0.247825435301715,0.999799790462981),
 .UNSPECIFIED.);
#206=B_SPLINE_CURVE_WITH_KNOTS('',3,(#4662,#4663,#4664,#4665,#4666),
 .UNSPECIFIED.,.F.,.F.,(4,1,4),(6.24828783105667E-9,0.00794347805360964,
0.0158869498589314),.UNSPECIFIED.);
#207=B_SPLINE_CURVE_WITH_KNOTS('',3,(#4668,#4669,#4670,#4671),
 .UNSPECIFIED.,.F.,.F.,(4,4),(0.,0.00404946397520668),.UNSPECIFIED.);
#208=B_SPLINE_CURVE_WITH_KNOTS('',3,(#4673,#4674,#4675,#4676,#4677,#4678,
#4679,#4680,#4681,#4682,#4683),.UNSPECIFIED.,.F.,.F.,(4,1,1,1,1,1,1,1,4),
(0.0282942309214137,0.0336210388715384,0.0389478468216631,0.0442746547717878,
0.0496014627219125,0.0549282706720373,0.060255078622162,0.0655818865722867,
0.0709086945224114),.UNSPECIFIED.);
#209=B_SPLINE_CURVE_WITH_KNOTS('',3,(#4685,#4686,#4687,#4688),
 .UNSPECIFIED.,.F.,.F.,(4,4),(0.,0.00405018332049321),.UNSPECIFIED.);
#210=B_SPLINE_CURVE_WITH_KNOTS('',3,(#4690,#4691,#4692,#4693,#4694,#4695,
#4696,#4697,#4698,#4699,#4700),.UNSPECIFIED.,.F.,.F.,(4,1,1,1,1,1,1,1,4),
(0.0833178107412017,0.0886445219885762,0.0939712332359506,0.0992979444833251,
0.1046246557307,0.109951366978074,0.115278078225448,0.120604789472823,0.125931500720197),
 .UNSPECIFIED.);
#211=B_SPLINE_CURVE_WITH_KNOTS('',3,(#4702,#4703,#4704,#4705),
 .UNSPECIFIED.,.F.,.F.,(4,4),(0.,0.00404870639584734),.UNSPECIFIED.);
#212=B_SPLINE_CURVE_WITH_KNOTS('',3,(#4707,#4708,#4709,#4710,#4711,#4712,
#4713,#4714,#4715,#4716,#4717),.UNSPECIFIED.,.F.,.F.,(4,1,1,1,1,1,1,1,4),
(0.138336668023928,0.14366382467036,0.148990981316791,0.154318137963223,
0.159645294609654,0.164972451256086,0.170299607902518,0.175626764548949,
0.180953921195381),.UNSPECIFIED.);
#213=B_SPLINE_CURVE_WITH_KNOTS('',3,(#4719,#4720,#4721,#4722),
 .UNSPECIFIED.,.F.,.F.,(4,4),(0.,0.004050408371554),.UNSPECIFIED.);
#214=B_SPLINE_CURVE_WITH_KNOTS('',3,(#4724,#4725,#4726,#4727,#4728,#4729,
#4730,#4731,#4732,#4733,#4734),.UNSPECIFIED.,.F.,.F.,(4,1,1,1,1,1,1,1,4),
(0.193363613489696,0.198690239583653,0.20401686567761,0.209343491771566,
0.214670117865523,0.21999674395948,0.225323370053437,0.230649996147394,
0.23597662224135),.UNSPECIFIED.);
#215=B_SPLINE_CURVE_WITH_KNOTS('',3,(#4736,#4737,#4738,#4739),
 .UNSPECIFIED.,.F.,.F.,(4,4),(0.,0.0040486809347179),.UNSPECIFIED.);
#216=B_SPLINE_CURVE_WITH_KNOTS('',3,(#4741,#4742,#4743,#4744,#4745,#4746,
#4747,#4748,#4749,#4750,#4751),.UNSPECIFIED.,.F.,.F.,(4,1,1,1,1,1,1,1,4),
(0.248381698579569,0.25370887877048,0.259036058961391,0.264363239152302,
0.269690419343212,0.275017599534123,0.280344779725034,0.285671959915945,
0.290999140106856),.UNSPECIFIED.);
#217=B_SPLINE_CURVE_WITH_KNOTS('',3,(#4753,#4754,#4755,#4756),
 .UNSPECIFIED.,.F.,.F.,(4,4),(0.,0.00405045320146383),.UNSPECIFIED.);
#218=B_SPLINE_CURVE_WITH_KNOTS('',3,(#4758,#4759,#4760,#4761,#4762,#4763,
#4764,#4765,#4766,#4767,#4768),.UNSPECIFIED.,.F.,.F.,(4,1,1,1,1,1,1,1,4),
(0.3034089110983,0.30873560835959,0.314062305620879,0.319389002882168,0.324715700143457,
0.330042397404746,0.335369094666036,0.340695791927325,0.346022489188614),
 .UNSPECIFIED.);
#219=B_SPLINE_CURVE_WITH_KNOTS('',3,(#4770,#4771,#4772,#4773),
 .UNSPECIFIED.,.F.,.F.,(4,4),(0.,0.00404956965369295),.UNSPECIFIED.);
#220=B_SPLINE_CURVE_WITH_KNOTS('',3,(#4775,#4776,#4777,#4778,#4779,#4780,
#4781,#4782,#4783,#4784,#4785),.UNSPECIFIED.,.F.,.F.,(4,1,1,1,1,1,1,1,4),
(0.358430009035465,0.363756995576592,0.369083982117718,0.374410968658845,
0.379737955199971,0.385064941741098,0.390391928282224,0.39571891482335,
0.401045901364477),.UNSPECIFIED.);
#221=B_SPLINE_CURVE_WITH_KNOTS('',3,(#4787,#4788,#4789,#4790),
 .UNSPECIFIED.,.F.,.F.,(4,4),(0.,0.0040499129203404),.UNSPECIFIED.);
#222=B_SPLINE_CURVE_WITH_KNOTS('',3,(#4792,#4793,#4794,#4795,#4796,#4797,
#4798,#4799,#4800,#4801,#4802),.UNSPECIFIED.,.F.,.F.,(4,1,1,1,1,1,1,1,4),
(0.413454110800298,0.418780828023438,0.424107545246578,0.429434262469717,
0.434760979692857,0.440087696915997,0.445414414139137,0.450741131362276,
0.456067848585416),.UNSPECIFIED.);
#223=B_SPLINE_CURVE_WITH_KNOTS('',3,(#4804,#4805,#4806,#4807),
 .UNSPECIFIED.,.F.,.F.,(4,4),(0.,0.00405019485511007),.UNSPECIFIED.);
#224=B_SPLINE_CURVE_WITH_KNOTS('',3,(#4809,#4810,#4811,#4812,#4813,#4814,
#4815,#4816,#4817,#4818,#4819),.UNSPECIFIED.,.F.,.F.,(4,1,1,1,1,1,1,1,4),
(0.468477044575102,0.473804306447222,0.479131568319342,0.484458830191462,
0.489786092063582,0.495113353935701,0.500440615807821,0.505767877679941,
0.511095139552061),.UNSPECIFIED.);
#225=B_SPLINE_CURVE_WITH_KNOTS('',3,(#4821,#4822,#4823,#4824),
 .UNSPECIFIED.,.F.,.F.,(4,4),(0.,0.00404911561618532),.UNSPECIFIED.);
#226=B_SPLINE_CURVE_WITH_KNOTS('',3,(#4826,#4827,#4828,#4829,#4830,#4831,
#4832,#4833,#4834,#4835,#4836),.UNSPECIFIED.,.F.,.F.,(4,1,1,1,1,1,1,1,4),
(0.5235010987371,0.528827682961316,0.534154267185531,0.539480851409747,
0.544807435633962,0.550134019858178,0.555460604082394,0.560787188306609,
0.566113772530825),.UNSPECIFIED.);
#227=B_SPLINE_CURVE_WITH_KNOTS('',3,(#4838,#4839,#4840,#4841),
 .UNSPECIFIED.,.F.,.F.,(4,4),(0.,0.00404978448214481),.UNSPECIFIED.);
#228=B_SPLINE_CURVE_WITH_KNOTS('',3,(#4843,#4844,#4845,#4846,#4847,#4848,
#4849,#4850,#4851,#4852,#4853),.UNSPECIFIED.,.F.,.F.,(4,1,1,1,1,1,1,1,4),
(0.578521748586908,0.583848999489274,0.589176250391641,0.594503501294007,
0.599830752196373,0.60515800309874,0.610485254001106,0.615812504903472,
0.621139755805838),.UNSPECIFIED.);
#229=B_SPLINE_CURVE_WITH_KNOTS('',3,(#4855,#4856,#4857,#4858),
 .UNSPECIFIED.,.F.,.F.,(4,4),(0.,0.00404956186690932),.UNSPECIFIED.);
#230=B_SPLINE_CURVE_WITH_KNOTS('',3,(#4860,#4861,#4862,#4863,#4864,#4865,
#4866,#4867,#4868,#4869,#4870),.UNSPECIFIED.,.F.,.F.,(4,1,1,1,1,1,1,1,4),
(0.63354682463137,0.63887337289838,0.64419992116539,0.6495264694324,0.65485301769941,
0.66017956596642,0.66550611423343,0.67083266250044,0.67615921076745),
 .UNSPECIFIED.);
#231=B_SPLINE_CURVE_WITH_KNOTS('',3,(#4872,#4873,#4874,#4875),
 .UNSPECIFIED.,.F.,.F.,(4,4),(0.,0.00405062861738226),.UNSPECIFIED.);
#232=B_SPLINE_CURVE_WITH_KNOTS('',3,(#4877,#4878,#4879,#4880,#4881,#4882,
#4883,#4884,#4885,#4886,#4887),.UNSPECIFIED.,.F.,.F.,(4,1,1,1,1,1,1,1,4),
(0.688569545600656,0.693896557732322,0.699223569863988,0.704550581995654,
0.70987759412732,0.715204606258986,0.720531618390652,0.725858630522318,
0.731185642653984),.UNSPECIFIED.);
#233=B_SPLINE_CURVE_WITH_KNOTS('',3,(#4889,#4890,#4891,#4892),
 .UNSPECIFIED.,.F.,.F.,(4,4),(0.,0.00404978465672651),.UNSPECIFIED.);
#234=B_SPLINE_CURVE_WITH_KNOTS('',3,(#4894,#4895,#4896,#4897,#4898,#4899,
#4900,#4901,#4902,#4903,#4904),.UNSPECIFIED.,.F.,.F.,(4,1,1,1,1,1,1,1,4),
(0.743606013380468,0.748930727110325,0.754255440840182,0.759580154570039,
0.764904868299896,0.770229582029753,0.77555429575961,0.780879009489467,
0.786203723219324),.UNSPECIFIED.);
#235=B_SPLINE_CURVE_WITH_KNOTS('',3,(#4906,#4907,#4908,#4909),
 .UNSPECIFIED.,.F.,.F.,(4,4),(1.73472347597681E-18,0.00405073343979204),
 .UNSPECIFIED.);
#236=B_SPLINE_CURVE_WITH_KNOTS('',3,(#4911,#4912,#4913,#4914,#4915,#4916,
#4917,#4918,#4919,#4920,#4921),.UNSPECIFIED.,.F.,.F.,(4,1,1,1,1,1,1,1,4),
(0.798614393120839,0.803941524037822,0.809268654954806,0.814595785871789,
0.819922916788772,0.825250047705756,0.830577178622739,0.835904309539722,
0.841231440456706),.UNSPECIFIED.);
#237=B_SPLINE_CURVE_WITH_KNOTS('',3,(#4923,#4924,#4925,#4926),
 .UNSPECIFIED.,.F.,.F.,(4,4),(2.95189846095279E-17,0.00404954659276713),
 .UNSPECIFIED.);
#238=B_SPLINE_CURVE_WITH_KNOTS('',3,(#4928,#4929,#4930,#4931,#4932,#4933,
#4934,#4935,#4936,#4937,#4938),.UNSPECIFIED.,.F.,.F.,(4,1,1,1,1,1,1,1,4),
(0.853638424151928,0.858964706470397,0.864290988788865,0.869617271107333,
0.874943553425801,0.88026983574427,0.885596118062738,0.890922400381206,
0.896248682699674),.UNSPECIFIED.);
#239=B_SPLINE_CURVE_WITH_KNOTS('',3,(#5203,#5204,#5205,#5206,#5207,#5208,
#5209,#5210,#5211),.UNSPECIFIED.,.F.,.F.,(4,1,1,1,1,1,4),(0.,0.25,0.375,
0.5,0.625,0.75,1.),.UNSPECIFIED.);
#240=B_SPLINE_CURVE_WITH_KNOTS('',3,(#5212,#5213,#5214,#5215,#5216,#5217,
#5218),.UNSPECIFIED.,.F.,.F.,(4,1,1,1,4),(0.,0.25,0.5,0.75,1.),
 .UNSPECIFIED.);
#241=B_SPLINE_CURVE_WITH_KNOTS('',3,(#5479,#5480,#5481,#5482,#5483,#5484,
#5485,#5486,#5487),.UNSPECIFIED.,.F.,.F.,(4,1,1,1,1,1,4),(0.,0.25,0.375,
0.5,0.625,0.75,1.),.UNSPECIFIED.);
#242=B_SPLINE_CURVE_WITH_KNOTS('',3,(#5488,#5489,#5490,#5491,#5492,#5493,
#5494),.UNSPECIFIED.,.F.,.F.,(4,1,1,1,4),(0.,0.25,0.375,0.5,1.),
 .UNSPECIFIED.);
#243=B_SPLINE_CURVE_WITH_KNOTS('',3,(#5771,#5772,#5773,#5774,#5775,#5776,
#5777,#5778,#5779),.UNSPECIFIED.,.F.,.F.,(4,1,1,1,1,1,4),(0.,0.25,0.375,
0.5,0.625,0.75,1.),.UNSPECIFIED.);
#244=B_SPLINE_CURVE_WITH_KNOTS('',3,(#5780,#5781,#5782,#5783,#5784,#5785,
#5786),.UNSPECIFIED.,.F.,.F.,(4,1,1,1,4),(0.,0.25,0.5,0.75,1.),
 .UNSPECIFIED.);
#245=B_SPLINE_CURVE_WITH_KNOTS('',3,(#6007,#6008,#6009,#6010,#6011,#6012,
#6013,#6014,#6015),.UNSPECIFIED.,.F.,.F.,(4,1,1,1,1,1,4),(0.,0.25,0.375,
0.5,0.625,0.75,1.),.UNSPECIFIED.);
#246=B_SPLINE_CURVE_WITH_KNOTS('',3,(#6016,#6017,#6018,#6019,#6020,#6021,
#6022),.UNSPECIFIED.,.F.,.F.,(4,1,1,1,4),(0.,0.25,0.5,0.75,1.),
 .UNSPECIFIED.);
#247=B_SPLINE_CURVE_WITH_KNOTS('',3,(#6223,#6224,#6225,#6226,#6227,#6228,
#6229,#6230,#6231),.UNSPECIFIED.,.F.,.F.,(4,1,1,1,1,1,4),(0.,0.25,0.375,
0.5,0.625,0.75,1.),.UNSPECIFIED.);
#248=B_SPLINE_CURVE_WITH_KNOTS('',3,(#6232,#6233,#6234,#6235,#6236,#6237,
#6238),.UNSPECIFIED.,.F.,.F.,(4,1,1,1,4),(0.,0.25,0.5,0.75,1.),
 .UNSPECIFIED.);
#249=B_SPLINE_CURVE_WITH_KNOTS('',3,(#6459,#6460,#6461,#6462,#6463,#6464,
#6465,#6466,#6467),.UNSPECIFIED.,.F.,.F.,(4,1,1,1,1,1,4),(0.,0.25,0.375,
0.5,0.625,0.75,1.),.UNSPECIFIED.);
#250=B_SPLINE_CURVE_WITH_KNOTS('',3,(#6468,#6469,#6470,#6471,#6472,#6473,
#6474),.UNSPECIFIED.,.F.,.F.,(4,1,1,1,4),(0.,0.25,0.5,0.75,1.),
 .UNSPECIFIED.);
#251=B_SPLINE_CURVE_WITH_KNOTS('',3,(#6735,#6736,#6737,#6738,#6739,#6740,
#6741,#6742,#6743),.UNSPECIFIED.,.F.,.F.,(4,1,1,1,1,1,4),(0.,0.25,0.375,
0.5,0.625,0.75,1.),.UNSPECIFIED.);
#252=B_SPLINE_CURVE_WITH_KNOTS('',3,(#6744,#6745,#6746,#6747,#6748,#6749,
#6750),.UNSPECIFIED.,.F.,.F.,(4,1,1,1,4),(0.,0.25,0.5,0.75,1.),
 .UNSPECIFIED.);
#253=B_SPLINE_CURVE_WITH_KNOTS('',3,(#6951,#6952,#6953,#6954,#6955,#6956,
#6957,#6958,#6959),.UNSPECIFIED.,.F.,.F.,(4,1,1,1,1,1,4),(0.,0.25,0.375,
0.5,0.625,0.75,1.),.UNSPECIFIED.);
#254=B_SPLINE_CURVE_WITH_KNOTS('',3,(#6960,#6961,#6962,#6963,#6964,#6965,
#6966),.UNSPECIFIED.,.F.,.F.,(4,1,1,1,4),(0.,0.25,0.5,0.75,1.),
 .UNSPECIFIED.);
#255=B_SPLINE_CURVE_WITH_KNOTS('',3,(#7087,#7088,#7089,#7090,#7091,#7092,
#7093,#7094,#7095),.UNSPECIFIED.,.F.,.F.,(4,1,1,1,1,1,4),(0.,0.25,0.375,
0.5,0.625,0.75,1.),.UNSPECIFIED.);
#256=B_SPLINE_CURVE_WITH_KNOTS('',3,(#7096,#7097,#7098,#7099),
 .UNSPECIFIED.,.F.,.F.,(4,4),(0.,1.),.UNSPECIFIED.);
#257=B_SPLINE_CURVE_WITH_KNOTS('',3,(#7364,#7365,#7366,#7367,#7368),
 .UNSPECIFIED.,.F.,.F.,(4,1,4),(0.,0.5,1.),.UNSPECIFIED.);
#258=B_SPLINE_CURVE_WITH_KNOTS('',3,(#7370,#7371,#7372,#7373),
 .UNSPECIFIED.,.F.,.F.,(4,4),(4.23394184994336E-6,0.473754642795355),
 .UNSPECIFIED.);
#259=B_SPLINE_CURVE_WITH_KNOTS('',3,(#7374,#7375,#7376,#7377,#7378,#7379,
#7380),.UNSPECIFIED.,.F.,.F.,(4,1,1,1,4),(0.,0.25,0.5,0.75,1.),
 .UNSPECIFIED.);
#260=B_SPLINE_CURVE_WITH_KNOTS('',3,(#7621,#7622,#7623,#7624,#7625,#7626,
#7627,#7628,#7629),.UNSPECIFIED.,.F.,.F.,(4,1,1,1,1,1,4),(0.,0.25,0.375,
0.5,0.625,0.75,1.),.UNSPECIFIED.);
#261=B_SPLINE_CURVE_WITH_KNOTS('',3,(#7630,#7631,#7632,#7633,#7634,#7635,
#7636,#7637,#7638),.UNSPECIFIED.,.F.,.F.,(4,1,1,1,1,1,4),(0.,0.25,0.375,
0.5,0.625,0.75,1.),.UNSPECIFIED.);
#262=B_SPLINE_CURVE_WITH_KNOTS('',3,(#7903,#7904,#7905,#7906,#7907,#7908,
#7909,#7910,#7911),.UNSPECIFIED.,.F.,.F.,(4,1,1,1,1,1,4),(0.,0.25,0.375,
0.5,0.625,0.75,1.),.UNSPECIFIED.);
#263=B_SPLINE_CURVE_WITH_KNOTS('',3,(#7912,#7913,#7914,#7915,#7916,#7917,
#7918,#7919,#7920),.UNSPECIFIED.,.F.,.F.,(4,1,1,1,1,1,4),(0.,0.25,0.375,
0.5,0.625,0.75,1.),.UNSPECIFIED.);
#264=B_SPLINE_CURVE_WITH_KNOTS('',3,(#8181,#8182,#8183,#8184,#8185,#8186,
#8187,#8188,#8189),.UNSPECIFIED.,.F.,.F.,(4,1,1,1,1,1,4),(0.,0.25,0.375,
0.5,0.625,0.75,1.),.UNSPECIFIED.);
#265=B_SPLINE_CURVE_WITH_KNOTS('',3,(#8190,#8191,#8192,#8193,#8194,#8195,
#8196,#8197),.UNSPECIFIED.,.F.,.F.,(4,1,1,1,1,4),(0.,0.25,0.375,0.5,0.75,
1.),.UNSPECIFIED.);
#266=B_SPLINE_CURVE_WITH_KNOTS('',3,(#8418,#8419,#8420,#8421,#8422,#8423,
#8424,#8425,#8426),.UNSPECIFIED.,.F.,.F.,(4,1,1,1,1,1,4),(0.,0.25,0.375,
0.5,0.625,0.75,1.),.UNSPECIFIED.);
#267=B_SPLINE_CURVE_WITH_KNOTS('',3,(#8427,#8428,#8429,#8430,#8431,#8432,
#8433,#8434),.UNSPECIFIED.,.F.,.F.,(4,1,1,1,1,4),(0.,0.25,0.375,0.5,0.75,
1.),.UNSPECIFIED.);
#268=B_SPLINE_CURVE_WITH_KNOTS('',3,(#8695,#8696,#8697,#8698,#8699,#8700,
#8701,#8702,#8703),.UNSPECIFIED.,.F.,.F.,(4,1,1,1,1,1,4),(0.,0.25,0.375,
0.5,0.625,0.75,1.),.UNSPECIFIED.);
#269=B_SPLINE_CURVE_WITH_KNOTS('',3,(#8704,#8705,#8706,#8707,#8708,#8709,
#8710,#8711,#8712),.UNSPECIFIED.,.F.,.F.,(4,1,1,1,1,1,4),(0.,0.25,0.375,
0.5,0.625,0.75,1.),.UNSPECIFIED.);
#270=B_SPLINE_CURVE_WITH_KNOTS('',3,(#8933,#8934,#8935,#8936,#8937,#8938,
#8939,#8940,#8941),.UNSPECIFIED.,.F.,.F.,(4,1,1,1,1,1,4),(0.,0.25,0.375,
0.5,0.625,0.75,1.),.UNSPECIFIED.);
#271=B_SPLINE_CURVE_WITH_KNOTS('',3,(#8942,#8943,#8944,#8945,#8946,#8947,
#8948,#8949),.UNSPECIFIED.,.F.,.F.,(4,1,1,1,1,4),(0.,0.25,0.375,0.5,0.75,
1.),.UNSPECIFIED.);
#272=B_SPLINE_CURVE_WITH_KNOTS('',3,(#9170,#9171,#9172,#9173,#9174,#9175,
#9176,#9177,#9178),.UNSPECIFIED.,.F.,.F.,(4,1,1,1,1,1,4),(0.,0.25,0.375,
0.5,0.625,0.75,1.),.UNSPECIFIED.);
#273=B_SPLINE_CURVE_WITH_KNOTS('',3,(#9179,#9180,#9181,#9182,#9183,#9184,
#9185,#9186),.UNSPECIFIED.,.F.,.F.,(4,1,1,1,1,4),(0.,0.25,0.375,0.5,0.75,
1.),.UNSPECIFIED.);
#274=B_SPLINE_CURVE_WITH_KNOTS('',3,(#9475,#9476,#9477,#9478,#9479,#9480,
#9481,#9482,#9483),.UNSPECIFIED.,.F.,.F.,(4,1,1,1,1,1,4),(0.,0.25,0.375,
0.5,0.625,0.75,1.),.UNSPECIFIED.);
#275=B_SPLINE_CURVE_WITH_KNOTS('',3,(#9484,#9485,#9486,#9487,#9488,#9489,
#9490,#9491,#9492),.UNSPECIFIED.,.F.,.F.,(4,1,1,1,1,1,4),(0.,0.25,0.375,
0.5,0.625,0.75,1.),.UNSPECIFIED.);
#276=B_SPLINE_CURVE_WITH_KNOTS('',3,(#9723,#9724,#9725,#9726,#9727,#9728,
#9729,#9730,#9731),.UNSPECIFIED.,.F.,.F.,(4,1,1,1,1,1,4),(0.,0.25,0.375,
0.5,0.625,0.75,1.),.UNSPECIFIED.);
#277=B_SPLINE_CURVE_WITH_KNOTS('',3,(#9732,#9733,#9734,#9735,#9736,#9737,
#9738,#9739),.UNSPECIFIED.,.F.,.F.,(4,1,1,1,1,4),(0.,0.25,0.375,0.5,0.75,
1.),.UNSPECIFIED.);
#278=B_SPLINE_CURVE_WITH_KNOTS('',3,(#9744,#9745,#9746,#9747),
 .UNSPECIFIED.,.F.,.F.,(4,4),(0.,0.999162628875987),.UNSPECIFIED.);
#279=B_SPLINE_CURVE_WITH_KNOTS('',3,(#9781,#9782,#9783,#9784),
 .UNSPECIFIED.,.F.,.F.,(4,4),(0.,1.),.UNSPECIFIED.);
#280=B_SPLINE_CURVE_WITH_KNOTS('',3,(#9788,#9789,#9790,#9791),
 .UNSPECIFIED.,.F.,.F.,(4,4),(0.,1.),.UNSPECIFIED.);
#281=B_SPLINE_CURVE_WITH_KNOTS('',3,(#9795,#9796,#9797,#9798),
 .UNSPECIFIED.,.F.,.F.,(4,4),(0.,1.),.UNSPECIFIED.);
#282=B_SPLINE_CURVE_WITH_KNOTS('',3,(#9802,#9803,#9804,#9805),
 .UNSPECIFIED.,.F.,.F.,(4,4),(0.,1.),.UNSPECIFIED.);
#283=B_SPLINE_CURVE_WITH_KNOTS('',3,(#9828,#9829,#9830,#9831),
 .UNSPECIFIED.,.F.,.F.,(4,4),(0.,1.),.UNSPECIFIED.);
#284=B_SPLINE_CURVE_WITH_KNOTS('',3,(#9835,#9836,#9837,#9838),
 .UNSPECIFIED.,.F.,.F.,(4,4),(0.,1.),.UNSPECIFIED.);
#285=B_SPLINE_CURVE_WITH_KNOTS('',3,(#9842,#9843,#9844,#9845),
 .UNSPECIFIED.,.F.,.F.,(4,4),(0.,1.),.UNSPECIFIED.);
#286=B_SPLINE_CURVE_WITH_KNOTS('',3,(#9849,#9850,#9851,#9852),
 .UNSPECIFIED.,.F.,.F.,(4,4),(0.,1.),.UNSPECIFIED.);
#287=B_SPLINE_CURVE_WITH_KNOTS('',3,(#9872,#9873,#9874,#9875),
 .UNSPECIFIED.,.F.,.F.,(4,4),(0.,1.),.UNSPECIFIED.);
#288=B_SPLINE_CURVE_WITH_KNOTS('',3,(#9876,#9877,#9878,#9879),
 .UNSPECIFIED.,.F.,.F.,(4,4),(0.,1.),.UNSPECIFIED.);
#289=B_SPLINE_CURVE_WITH_KNOTS('',3,(#9881,#9882,#9883,#9884),
 .UNSPECIFIED.,.F.,.F.,(4,4),(0.,1.),.UNSPECIFIED.);
#290=B_SPLINE_CURVE_WITH_KNOTS('',3,(#9885,#9886,#9887,#9888),
 .UNSPECIFIED.,.F.,.F.,(4,4),(0.,1.),.UNSPECIFIED.);
#291=B_SPLINE_CURVE_WITH_KNOTS('',3,(#9890,#9891,#9892,#9893),
 .UNSPECIFIED.,.F.,.F.,(4,4),(0.,1.),.UNSPECIFIED.);
#292=B_SPLINE_CURVE_WITH_KNOTS('',3,(#9894,#9895,#9896,#9897),
 .UNSPECIFIED.,.F.,.F.,(4,4),(0.,1.),.UNSPECIFIED.);
#293=B_SPLINE_CURVE_WITH_KNOTS('',3,(#9899,#9900,#9901,#9902),
 .UNSPECIFIED.,.F.,.F.,(4,4),(0.,1.),.UNSPECIFIED.);
#294=B_SPLINE_CURVE_WITH_KNOTS('',3,(#9903,#9904,#9905,#9906),
 .UNSPECIFIED.,.F.,.F.,(4,4),(0.,1.),.UNSPECIFIED.);
#295=B_SPLINE_SURFACE_WITH_KNOTS('',3,3,((#2063,#2064,#2065,#2066,#2067,
#2068,#2069,#2070,#2071,#2072,#2073,#2074,#2075,#2076,#2077,#2078,#2079,
#2080,#2081),(#2082,#2083,#2084,#2085,#2086,#2087,#2088,#2089,#2090,#2091,
#2092,#2093,#2094,#2095,#2096,#2097,#2098,#2099,#2100),(#2101,#2102,#2103,
#2104,#2105,#2106,#2107,#2108,#2109,#2110,#2111,#2112,#2113,#2114,#2115,
#2116,#2117,#2118,#2119),(#2120,#2121,#2122,#2123,#2124,#2125,#2126,#2127,
#2128,#2129,#2130,#2131,#2132,#2133,#2134,#2135,#2136,#2137,#2138)),
 .UNSPECIFIED.,.F.,.T.,.F.,(4,4),(1,1,1,1,1,1,1,1,1,1,1,1,1,1,1,1,1,1,1,
1,1,1,1),(0.,1.),(-1.17809724509617,-0.785398163397448,-0.392699081698725,
0.,0.392699081698724,0.785398163397448,1.17809724509617,1.5707963267949,
1.96349540849362,2.35619449019234,2.74889357189107,3.14159265358979,3.53429173528852,
3.92699081698724,4.31968989868597,4.71238898038469,5.10508806208341,5.49778714378214,
5.89048622548086,6.28318530717959,6.67588438887831,7.06858347057703,7.46128255227576),
 .UNSPECIFIED.);
#296=B_SPLINE_SURFACE_WITH_KNOTS('',3,3,((#2181,#2182,#2183,#2184,#2185,
#2186,#2187,#2188,#2189,#2190,#2191,#2192,#2193,#2194,#2195,#2196,#2197,
#2198,#2199),(#2200,#2201,#2202,#2203,#2204,#2205,#2206,#2207,#2208,#2209,
#2210,#2211,#2212,#2213,#2214,#2215,#2216,#2217,#2218),(#2219,#2220,#2221,
#2222,#2223,#2224,#2225,#2226,#2227,#2228,#2229,#2230,#2231,#2232,#2233,
#2234,#2235,#2236,#2237),(#2238,#2239,#2240,#2241,#2242,#2243,#2244,#2245,
#2246,#2247,#2248,#2249,#2250,#2251,#2252,#2253,#2254,#2255,#2256),(#2257,
#2258,#2259,#2260,#2261,#2262,#2263,#2264,#2265,#2266,#2267,#2268,#2269,
#2270,#2271,#2272,#2273,#2274,#2275)),.UNSPECIFIED.,.F.,.T.,.F.,(4,1,4),
(1,1,1,1,1,1,1,1,1,1,1,1,1,1,1,1,1,1,1,1,1,1,1),(0.,0.503000023898054,1.00600004779611),
(-1.17809724509617,-0.785398163397448,-0.392699081698725,0.,0.392699081698724,
0.785398163397448,1.17809724509617,1.5707963267949,1.96349540849362,2.35619449019234,
2.74889357189107,3.14159265358979,3.53429173528852,3.92699081698724,4.31968989868597,
4.71238898038469,5.10508806208341,5.49778714378214,5.89048622548086,6.28318530717959,
6.67588438887831,7.06858347057703,7.46128255227576),.UNSPECIFIED.);
#297=B_SPLINE_SURFACE_WITH_KNOTS('',3,3,((#2873,#2874,#2875,#2876,#2877,
#2878,#2879,#2880,#2881,#2882,#2883,#2884,#2885,#2886,#2887,#2888,#2889,
#2890,#2891),(#2892,#2893,#2894,#2895,#2896,#2897,#2898,#2899,#2900,#2901,
#2902,#2903,#2904,#2905,#2906,#2907,#2908,#2909,#2910),(#2911,#2912,#2913,
#2914,#2915,#2916,#2917,#2918,#2919,#2920,#2921,#2922,#2923,#2924,#2925,
#2926,#2927,#2928,#2929),(#2930,#2931,#2932,#2933,#2934,#2935,#2936,#2937,
#2938,#2939,#2940,#2941,#2942,#2943,#2944,#2945,#2946,#2947,#2948)),
 .UNSPECIFIED.,.F.,.T.,.F.,(4,4),(1,1,1,1,1,1,1,1,1,1,1,1,1,1,1,1,1,1,1,
1,1,1,1),(0.,1.),(-1.17809724509617,-0.785398163397448,-0.392699081698725,
0.,0.392699081698724,0.785398163397448,1.17809724509617,1.5707963267949,
1.96349540849362,2.35619449019234,2.74889357189107,3.14159265358979,3.53429173528852,
3.92699081698724,4.31968989868597,4.71238898038469,5.10508806208341,5.49778714378214,
5.89048622548086,6.28318530717959,6.67588438887831,7.06858347057703,7.46128255227576),
 .UNSPECIFIED.);
#298=B_SPLINE_SURFACE_WITH_KNOTS('',3,3,((#2952,#2953,#2954,#2955,#2956,
#2957,#2958,#2959,#2960,#2961,#2962,#2963,#2964,#2965,#2966,#2967,#2968,
#2969,#2970),(#2971,#2972,#2973,#2974,#2975,#2976,#2977,#2978,#2979,#2980,
#2981,#2982,#2983,#2984,#2985,#2986,#2987,#2988,#2989),(#2990,#2991,#2992,
#2993,#2994,#2995,#2996,#2997,#2998,#2999,#3000,#3001,#3002,#3003,#3004,
#3005,#3006,#3007,#3008),(#3009,#3010,#3011,#3012,#3013,#3014,#3015,#3016,
#3017,#3018,#3019,#3020,#3021,#3022,#3023,#3024,#3025,#3026,#3027),(#3028,
#3029,#3030,#3031,#3032,#3033,#3034,#3035,#3036,#3037,#3038,#3039,#3040,
#3041,#3042,#3043,#3044,#3045,#3046)),.UNSPECIFIED.,.F.,.T.,.F.,(4,1,4),
(1,1,1,1,1,1,1,1,1,1,1,1,1,1,1,1,1,1,1,1,1,1,1),(0.000157980471619248,0.50007899023581,
1.),(-1.17809724509617,-0.785398163397448,-0.392699081698725,0.,0.392699081698724,
0.785398163397448,1.17809724509617,1.5707963267949,1.96349540849362,2.35619449019234,
2.74889357189107,3.14159265358979,3.53429173528852,3.92699081698724,4.31968989868597,
4.71238898038469,5.10508806208341,5.49778714378214,5.89048622548086,6.28318530717959,
6.67588438887831,7.06858347057703,7.46128255227576),.UNSPECIFIED.);
#299=B_SPLINE_SURFACE_WITH_KNOTS('',5,1,((#3178,#3179),(#3180,#3181),(#3182,
#3183),(#3184,#3185),(#3186,#3187),(#3188,#3189),(#3190,#3191),(#3192,#3193)),
 .SURF_OF_LINEAR_EXTRUSION.,.F.,.F.,.F.,(6,2,6),(2,2),(0.,0.5,1.),(0.,1.),
 .UNSPECIFIED.);
#300=B_SPLINE_SURFACE_WITH_KNOTS('',5,1,((#3194,#3195),(#3196,#3197),(#3198,
#3199),(#3200,#3201),(#3202,#3203),(#3204,#3205),(#3206,#3207),(#3208,#3209)),
 .SURF_OF_LINEAR_EXTRUSION.,.F.,.F.,.F.,(6,2,6),(2,2),(0.,0.5,1.),(0.,1.),
 .UNSPECIFIED.);
#301=B_SPLINE_SURFACE_WITH_KNOTS('',5,1,((#3210,#3211),(#3212,#3213),(#3214,
#3215),(#3216,#3217),(#3218,#3219),(#3220,#3221),(#3222,#3223),(#3224,#3225)),
 .SURF_OF_LINEAR_EXTRUSION.,.F.,.F.,.F.,(6,2,6),(2,2),(0.,0.5,1.),(0.,1.),
 .UNSPECIFIED.);
#302=B_SPLINE_SURFACE_WITH_KNOTS('',5,1,((#3226,#3227),(#3228,#3229),(#3230,
#3231),(#3232,#3233),(#3234,#3235),(#3236,#3237),(#3238,#3239),(#3240,#3241)),
 .SURF_OF_LINEAR_EXTRUSION.,.F.,.F.,.F.,(6,2,6),(2,2),(0.,0.5,1.),(0.,1.),
 .UNSPECIFIED.);
#303=B_SPLINE_SURFACE_WITH_KNOTS('',3,3,((#4939,#4940,#4941,#4942,#4943,
#4944,#4945,#4946,#4947,#4948,#4949,#4950,#4951,#4952,#4953,#4954,#4955,
#4956,#4957,#4958,#4959,#4960),(#4961,#4962,#4963,#4964,#4965,#4966,#4967,
#4968,#4969,#4970,#4971,#4972,#4973,#4974,#4975,#4976,#4977,#4978,#4979,
#4980,#4981,#4982),(#4983,#4984,#4985,#4986,#4987,#4988,#4989,#4990,#4991,
#4992,#4993,#4994,#4995,#4996,#4997,#4998,#4999,#5000,#5001,#5002,#5003,
#5004),(#5005,#5006,#5007,#5008,#5009,#5010,#5011,#5012,#5013,#5014,#5015,
#5016,#5017,#5018,#5019,#5020,#5021,#5022,#5023,#5024,#5025,#5026),(#5027,
#5028,#5029,#5030,#5031,#5032,#5033,#5034,#5035,#5036,#5037,#5038,#5039,
#5040,#5041,#5042,#5043,#5044,#5045,#5046,#5047,#5048),(#5049,#5050,#5051,
#5052,#5053,#5054,#5055,#5056,#5057,#5058,#5059,#5060,#5061,#5062,#5063,
#5064,#5065,#5066,#5067,#5068,#5069,#5070),(#5071,#5072,#5073,#5074,#5075,
#5076,#5077,#5078,#5079,#5080,#5081,#5082,#5083,#5084,#5085,#5086,#5087,
#5088,#5089,#5090,#5091,#5092),(#5093,#5094,#5095,#5096,#5097,#5098,#5099,
#5100,#5101,#5102,#5103,#5104,#5105,#5106,#5107,#5108,#5109,#5110,#5111,
#5112,#5113,#5114),(#5115,#5116,#5117,#5118,#5119,#5120,#5121,#5122,#5123,
#5124,#5125,#5126,#5127,#5128,#5129,#5130,#5131,#5132,#5133,#5134,#5135,
#5136),(#5137,#5138,#5139,#5140,#5141,#5142,#5143,#5144,#5145,#5146,#5147,
#5148,#5149,#5150,#5151,#5152,#5153,#5154,#5155,#5156,#5157,#5158),(#5159,
#5160,#5161,#5162,#5163,#5164,#5165,#5166,#5167,#5168,#5169,#5170,#5171,
#5172,#5173,#5174,#5175,#5176,#5177,#5178,#5179,#5180),(#5181,#5182,#5183,
#5184,#5185,#5186,#5187,#5188,#5189,#5190,#5191,#5192,#5193,#5194,#5195,
#5196,#5197,#5198,#5199,#5200,#5201,#5202)),.UNSPECIFIED.,.F.,.F.,.F.,(4,
2,2,2,2,4),(4,2,2,2,2,2,2,2,2,2,4),(-0.00384829812885814,0.122384426087053,
0.248617150302964,0.501082598734787,0.75354804716661,1.0048204842303),(0.046226576427368,
0.0469485630965937,0.0491145232917521,0.0501975033893313,0.0512804834869106,
0.0523634635844898,0.0545294237796482,0.0556124038772274,0.0577783640723858,
0.0599443242675442,0.0606663006706026),.UNSPECIFIED.);
#304=B_SPLINE_SURFACE_WITH_KNOTS('',3,3,((#5219,#5220,#5221,#5222,#5223,
#5224,#5225,#5226,#5227,#5228,#5229,#5230,#5231,#5232,#5233,#5234,#5235,
#5236,#5237,#5238,#5239,#5240,#5241,#5242,#5243,#5244),(#5245,#5246,#5247,
#5248,#5249,#5250,#5251,#5252,#5253,#5254,#5255,#5256,#5257,#5258,#5259,
#5260,#5261,#5262,#5263,#5264,#5265,#5266,#5267,#5268,#5269,#5270),(#5271,
#5272,#5273,#5274,#5275,#5276,#5277,#5278,#5279,#5280,#5281,#5282,#5283,
#5284,#5285,#5286,#5287,#5288,#5289,#5290,#5291,#5292,#5293,#5294,#5295,
#5296),(#5297,#5298,#5299,#5300,#5301,#5302,#5303,#5304,#5305,#5306,#5307,
#5308,#5309,#5310,#5311,#5312,#5313,#5314,#5315,#5316,#5317,#5318,#5319,
#5320,#5321,#5322),(#5323,#5324,#5325,#5326,#5327,#5328,#5329,#5330,#5331,
#5332,#5333,#5334,#5335,#5336,#5337,#5338,#5339,#5340,#5341,#5342,#5343,
#5344,#5345,#5346,#5347,#5348),(#5349,#5350,#5351,#5352,#5353,#5354,#5355,
#5356,#5357,#5358,#5359,#5360,#5361,#5362,#5363,#5364,#5365,#5366,#5367,
#5368,#5369,#5370,#5371,#5372,#5373,#5374),(#5375,#5376,#5377,#5378,#5379,
#5380,#5381,#5382,#5383,#5384,#5385,#5386,#5387,#5388,#5389,#5390,#5391,
#5392,#5393,#5394,#5395,#5396,#5397,#5398,#5399,#5400),(#5401,#5402,#5403,
#5404,#5405,#5406,#5407,#5408,#5409,#5410,#5411,#5412,#5413,#5414,#5415,
#5416,#5417,#5418,#5419,#5420,#5421,#5422,#5423,#5424,#5425,#5426),(#5427,
#5428,#5429,#5430,#5431,#5432,#5433,#5434,#5435,#5436,#5437,#5438,#5439,
#5440,#5441,#5442,#5443,#5444,#5445,#5446,#5447,#5448,#5449,#5450,#5451,
#5452),(#5453,#5454,#5455,#5456,#5457,#5458,#5459,#5460,#5461,#5462,#5463,
#5464,#5465,#5466,#5467,#5468,#5469,#5470,#5471,#5472,#5473,#5474,#5475,
#5476,#5477,#5478)),.UNSPECIFIED.,.F.,.F.,.F.,(4,2,2,2,4),(4,2,2,2,2,2,
2,2,2,2,2,2,4),(-0.00384829812885814,0.248617150302964,0.501082598734787,
0.75354804716661,1.00522793281292),(0.0829556638679108,0.0836776389653359,
0.084760601610728,0.0858435642561202,0.0869265269015123,0.0890924521922966,
0.0901754148376887,0.0912583774830808,0.092341340128473,0.0945072654192572,
0.0966731907100415,0.0972146720327376,0.0973951659121379),.UNSPECIFIED.);
#305=B_SPLINE_SURFACE_WITH_KNOTS('',3,3,((#5495,#5496,#5497,#5498,#5499,
#5500,#5501,#5502,#5503,#5504,#5505,#5506,#5507,#5508,#5509,#5510,#5511,
#5512,#5513,#5514,#5515,#5516,#5517),(#5518,#5519,#5520,#5521,#5522,#5523,
#5524,#5525,#5526,#5527,#5528,#5529,#5530,#5531,#5532,#5533,#5534,#5535,
#5536,#5537,#5538,#5539,#5540),(#5541,#5542,#5543,#5544,#5545,#5546,#5547,
#5548,#5549,#5550,#5551,#5552,#5553,#5554,#5555,#5556,#5557,#5558,#5559,
#5560,#5561,#5562,#5563),(#5564,#5565,#5566,#5567,#5568,#5569,#5570,#5571,
#5572,#5573,#5574,#5575,#5576,#5577,#5578,#5579,#5580,#5581,#5582,#5583,
#5584,#5585,#5586),(#5587,#5588,#5589,#5590,#5591,#5592,#5593,#5594,#5595,
#5596,#5597,#5598,#5599,#5600,#5601,#5602,#5603,#5604,#5605,#5606,#5607,
#5608,#5609),(#5610,#5611,#5612,#5613,#5614,#5615,#5616,#5617,#5618,#5619,
#5620,#5621,#5622,#5623,#5624,#5625,#5626,#5627,#5628,#5629,#5630,#5631,
#5632),(#5633,#5634,#5635,#5636,#5637,#5638,#5639,#5640,#5641,#5642,#5643,
#5644,#5645,#5646,#5647,#5648,#5649,#5650,#5651,#5652,#5653,#5654,#5655),
(#5656,#5657,#5658,#5659,#5660,#5661,#5662,#5663,#5664,#5665,#5666,#5667,
#5668,#5669,#5670,#5671,#5672,#5673,#5674,#5675,#5676,#5677,#5678),(#5679,
#5680,#5681,#5682,#5683,#5684,#5685,#5686,#5687,#5688,#5689,#5690,#5691,
#5692,#5693,#5694,#5695,#5696,#5697,#5698,#5699,#5700,#5701),(#5702,#5703,
#5704,#5705,#5706,#5707,#5708,#5709,#5710,#5711,#5712,#5713,#5714,#5715,
#5716,#5717,#5718,#5719,#5720,#5721,#5722,#5723,#5724),(#5725,#5726,#5727,
#5728,#5729,#5730,#5731,#5732,#5733,#5734,#5735,#5736,#5737,#5738,#5739,
#5740,#5741,#5742,#5743,#5744,#5745,#5746,#5747),(#5748,#5749,#5750,#5751,
#5752,#5753,#5754,#5755,#5756,#5757,#5758,#5759,#5760,#5761,#5762,#5763,
#5764,#5765,#5766,#5767,#5768,#5769,#5770)),.UNSPECIFIED.,.F.,.F.,.F.,(4,
2,2,2,2,4),(4,2,2,2,1,2,2,2,2,2,2,4),(-0.00384829812885814,0.248617150302964,
0.501082598734787,0.75354804716661,0.879780771382521,1.00488202771258),
(0.119685686118793,0.12040776160656,0.121490865657407,0.123657073759101,
0.124740177809948,0.125823281860795,0.126906385911643,0.129072594013337,
0.131238802115031,0.132321906165878,0.133405010216725,0.134127083429345),
 .UNSPECIFIED.);
#306=B_SPLINE_SURFACE_WITH_KNOTS('',3,3,((#5787,#5788,#5789,#5790,#5791,
#5792,#5793,#5794,#5795,#5796,#5797,#5798,#5799,#5800,#5801,#5802,#5803,
#5804,#5805,#5806,#5807,#5808),(#5809,#5810,#5811,#5812,#5813,#5814,#5815,
#5816,#5817,#5818,#5819,#5820,#5821,#5822,#5823,#5824,#5825,#5826,#5827,
#5828,#5829,#5830),(#5831,#5832,#5833,#5834,#5835,#5836,#5837,#5838,#5839,
#5840,#5841,#5842,#5843,#5844,#5845,#5846,#5847,#5848,#5849,#5850,#5851,
#5852),(#5853,#5854,#5855,#5856,#5857,#5858,#5859,#5860,#5861,#5862,#5863,
#5864,#5865,#5866,#5867,#5868,#5869,#5870,#5871,#5872,#5873,#5874),(#5875,
#5876,#5877,#5878,#5879,#5880,#5881,#5882,#5883,#5884,#5885,#5886,#5887,
#5888,#5889,#5890,#5891,#5892,#5893,#5894,#5895,#5896),(#5897,#5898,#5899,
#5900,#5901,#5902,#5903,#5904,#5905,#5906,#5907,#5908,#5909,#5910,#5911,
#5912,#5913,#5914,#5915,#5916,#5917,#5918),(#5919,#5920,#5921,#5922,#5923,
#5924,#5925,#5926,#5927,#5928,#5929,#5930,#5931,#5932,#5933,#5934,#5935,
#5936,#5937,#5938,#5939,#5940),(#5941,#5942,#5943,#5944,#5945,#5946,#5947,
#5948,#5949,#5950,#5951,#5952,#5953,#5954,#5955,#5956,#5957,#5958,#5959,
#5960,#5961,#5962),(#5963,#5964,#5965,#5966,#5967,#5968,#5969,#5970,#5971,
#5972,#5973,#5974,#5975,#5976,#5977,#5978,#5979,#5980,#5981,#5982,#5983,
#5984),(#5985,#5986,#5987,#5988,#5989,#5990,#5991,#5992,#5993,#5994,#5995,
#5996,#5997,#5998,#5999,#6000,#6001,#6002,#6003,#6004,#6005,#6006)),
 .UNSPECIFIED.,.F.,.F.,.F.,(4,2,2,2,4),(4,2,2,2,2,2,2,2,2,2,4),(-0.00384829812885814,
0.248617150302964,0.501082598734787,0.75354804716661,1.00513194546757),
(0.156428212074077,0.15715021960162,0.158233230890745,0.160399253468994,
0.161482264758118,0.163648287336368,0.165814309914617,0.166897321203742,
0.167980332492866,0.169063343781991,0.170868362597369),.UNSPECIFIED.);
#307=B_SPLINE_SURFACE_WITH_KNOTS('',3,3,((#6023,#6024,#6025,#6026,#6027,
#6028,#6029,#6030,#6031,#6032,#6033,#6034,#6035,#6036,#6037,#6038,#6039,
#6040,#6041,#6042),(#6043,#6044,#6045,#6046,#6047,#6048,#6049,#6050,#6051,
#6052,#6053,#6054,#6055,#6056,#6057,#6058,#6059,#6060,#6061,#6062),(#6063,
#6064,#6065,#6066,#6067,#6068,#6069,#6070,#6071,#6072,#6073,#6074,#6075,
#6076,#6077,#6078,#6079,#6080,#6081,#6082),(#6083,#6084,#6085,#6086,#6087,
#6088,#6089,#6090,#6091,#6092,#6093,#6094,#6095,#6096,#6097,#6098,#6099,
#6100,#6101,#6102),(#6103,#6104,#6105,#6106,#6107,#6108,#6109,#6110,#6111,
#6112,#6113,#6114,#6115,#6116,#6117,#6118,#6119,#6120,#6121,#6122),(#6123,
#6124,#6125,#6126,#6127,#6128,#6129,#6130,#6131,#6132,#6133,#6134,#6135,
#6136,#6137,#6138,#6139,#6140,#6141,#6142),(#6143,#6144,#6145,#6146,#6147,
#6148,#6149,#6150,#6151,#6152,#6153,#6154,#6155,#6156,#6157,#6158,#6159,
#6160,#6161,#6162),(#6163,#6164,#6165,#6166,#6167,#6168,#6169,#6170,#6171,
#6172,#6173,#6174,#6175,#6176,#6177,#6178,#6179,#6180,#6181,#6182),(#6183,
#6184,#6185,#6186,#6187,#6188,#6189,#6190,#6191,#6192,#6193,#6194,#6195,
#6196,#6197,#6198,#6199,#6200,#6201,#6202),(#6203,#6204,#6205,#6206,#6207,
#6208,#6209,#6210,#6211,#6212,#6213,#6214,#6215,#6216,#6217,#6218,#6219,
#6220,#6221,#6222)),.UNSPECIFIED.,.F.,.F.,.F.,(4,2,2,2,4),(4,2,2,2,2,2,
2,2,2,4),(-0.00384829812885814,0.248617150302964,0.501082598734787,0.75354804716661,
1.00458084819272),(0.193144538811553,0.194949780387402,0.196032925332105,
0.197116070276806,0.198199215221508,0.200365505110913,0.202531795000317,
0.203614939945019,0.205781229834423,0.207586471409722),.UNSPECIFIED.);
#308=B_SPLINE_SURFACE_WITH_KNOTS('',3,3,((#6239,#6240,#6241,#6242,#6243,
#6244,#6245,#6246,#6247,#6248,#6249,#6250,#6251,#6252,#6253,#6254,#6255,
#6256,#6257,#6258,#6259,#6260),(#6261,#6262,#6263,#6264,#6265,#6266,#6267,
#6268,#6269,#6270,#6271,#6272,#6273,#6274,#6275,#6276,#6277,#6278,#6279,
#6280,#6281,#6282),(#6283,#6284,#6285,#6286,#6287,#6288,#6289,#6290,#6291,
#6292,#6293,#6294,#6295,#6296,#6297,#6298,#6299,#6300,#6301,#6302,#6303,
#6304),(#6305,#6306,#6307,#6308,#6309,#6310,#6311,#6312,#6313,#6314,#6315,
#6316,#6317,#6318,#6319,#6320,#6321,#6322,#6323,#6324,#6325,#6326),(#6327,
#6328,#6329,#6330,#6331,#6332,#6333,#6334,#6335,#6336,#6337,#6338,#6339,
#6340,#6341,#6342,#6343,#6344,#6345,#6346,#6347,#6348),(#6349,#6350,#6351,
#6352,#6353,#6354,#6355,#6356,#6357,#6358,#6359,#6360,#6361,#6362,#6363,
#6364,#6365,#6366,#6367,#6368,#6369,#6370),(#6371,#6372,#6373,#6374,#6375,
#6376,#6377,#6378,#6379,#6380,#6381,#6382,#6383,#6384,#6385,#6386,#6387,
#6388,#6389,#6390,#6391,#6392),(#6393,#6394,#6395,#6396,#6397,#6398,#6399,
#6400,#6401,#6402,#6403,#6404,#6405,#6406,#6407,#6408,#6409,#6410,#6411,
#6412,#6413,#6414),(#6415,#6416,#6417,#6418,#6419,#6420,#6421,#6422,#6423,
#6424,#6425,#6426,#6427,#6428,#6429,#6430,#6431,#6432,#6433,#6434,#6435,
#6436),(#6437,#6438,#6439,#6440,#6441,#6442,#6443,#6444,#6445,#6446,#6447,
#6448,#6449,#6450,#6451,#6452,#6453,#6454,#6455,#6456,#6457,#6458)),
 .UNSPECIFIED.,.F.,.F.,.F.,(4,2,2,2,4),(4,1,2,1,2,2,2,2,2,2,2,4),(-0.00384829812885814,
0.248617150302964,0.501082598734787,0.75354804716661,1.00481960807443),
(0.229878380456449,0.230600430210993,0.232225041103647,0.232766578067864,
0.234932725924736,0.237098873781607,0.238181947710043,0.239265021638478,
0.240348095566913,0.242514243423785,0.243597317352221,0.244319366641004),
 .UNSPECIFIED.);
#309=B_SPLINE_SURFACE_WITH_KNOTS('',3,3,((#6475,#6476,#6477,#6478,#6479,
#6480,#6481,#6482,#6483,#6484,#6485,#6486,#6487,#6488,#6489,#6490,#6491,
#6492,#6493,#6494,#6495,#6496,#6497,#6498,#6499,#6500),(#6501,#6502,#6503,
#6504,#6505,#6506,#6507,#6508,#6509,#6510,#6511,#6512,#6513,#6514,#6515,
#6516,#6517,#6518,#6519,#6520,#6521,#6522,#6523,#6524,#6525,#6526),(#6527,
#6528,#6529,#6530,#6531,#6532,#6533,#6534,#6535,#6536,#6537,#6538,#6539,
#6540,#6541,#6542,#6543,#6544,#6545,#6546,#6547,#6548,#6549,#6550,#6551,
#6552),(#6553,#6554,#6555,#6556,#6557,#6558,#6559,#6560,#6561,#6562,#6563,
#6564,#6565,#6566,#6567,#6568,#6569,#6570,#6571,#6572,#6573,#6574,#6575,
#6576,#6577,#6578),(#6579,#6580,#6581,#6582,#6583,#6584,#6585,#6586,#6587,
#6588,#6589,#6590,#6591,#6592,#6593,#6594,#6595,#6596,#6597,#6598,#6599,
#6600,#6601,#6602,#6603,#6604),(#6605,#6606,#6607,#6608,#6609,#6610,#6611,
#6612,#6613,#6614,#6615,#6616,#6617,#6618,#6619,#6620,#6621,#6622,#6623,
#6624,#6625,#6626,#6627,#6628,#6629,#6630),(#6631,#6632,#6633,#6634,#6635,
#6636,#6637,#6638,#6639,#6640,#6641,#6642,#6643,#6644,#6645,#6646,#6647,
#6648,#6649,#6650,#6651,#6652,#6653,#6654,#6655,#6656),(#6657,#6658,#6659,
#6660,#6661,#6662,#6663,#6664,#6665,#6666,#6667,#6668,#6669,#6670,#6671,
#6672,#6673,#6674,#6675,#6676,#6677,#6678,#6679,#6680,#6681,#6682),(#6683,
#6684,#6685,#6686,#6687,#6688,#6689,#6690,#6691,#6692,#6693,#6694,#6695,
#6696,#6697,#6698,#6699,#6700,#6701,#6702,#6703,#6704,#6705,#6706,#6707,
#6708),(#6709,#6710,#6711,#6712,#6713,#6714,#6715,#6716,#6717,#6718,#6719,
#6720,#6721,#6722,#6723,#6724,#6725,#6726,#6727,#6728,#6729,#6730,#6731,
#6732,#6733,#6734)),.UNSPECIFIED.,.F.,.F.,.F.,(4,2,2,2,4),(4,2,2,2,2,2,
2,2,2,2,2,2,4),(-0.00384829812885814,0.248617150302964,0.501082598734787,
0.75354804716661,1.00572880142406),(0.266609477239731,0.267331438579164,
0.268414370109931,0.269497301640698,0.271663164702232,0.272746096232999,
0.273829027763766,0.274911959294533,0.277077822356067,0.278160753886834,
0.279243685417601,0.280326616948368,0.281048571359218),.UNSPECIFIED.);
#310=B_SPLINE_SURFACE_WITH_KNOTS('',3,3,((#6751,#6752,#6753,#6754,#6755,
#6756,#6757,#6758,#6759,#6760,#6761,#6762,#6763,#6764,#6765,#6766,#6767,
#6768,#6769,#6770),(#6771,#6772,#6773,#6774,#6775,#6776,#6777,#6778,#6779,
#6780,#6781,#6782,#6783,#6784,#6785,#6786,#6787,#6788,#6789,#6790),(#6791,
#6792,#6793,#6794,#6795,#6796,#6797,#6798,#6799,#6800,#6801,#6802,#6803,
#6804,#6805,#6806,#6807,#6808,#6809,#6810),(#6811,#6812,#6813,#6814,#6815,
#6816,#6817,#6818,#6819,#6820,#6821,#6822,#6823,#6824,#6825,#6826,#6827,
#6828,#6829,#6830),(#6831,#6832,#6833,#6834,#6835,#6836,#6837,#6838,#6839,
#6840,#6841,#6842,#6843,#6844,#6845,#6846,#6847,#6848,#6849,#6850),(#6851,
#6852,#6853,#6854,#6855,#6856,#6857,#6858,#6859,#6860,#6861,#6862,#6863,
#6864,#6865,#6866,#6867,#6868,#6869,#6870),(#6871,#6872,#6873,#6874,#6875,
#6876,#6877,#6878,#6879,#6880,#6881,#6882,#6883,#6884,#6885,#6886,#6887,
#6888,#6889,#6890),(#6891,#6892,#6893,#6894,#6895,#6896,#6897,#6898,#6899,
#6900,#6901,#6902,#6903,#6904,#6905,#6906,#6907,#6908,#6909,#6910),(#6911,
#6912,#6913,#6914,#6915,#6916,#6917,#6918,#6919,#6920,#6921,#6922,#6923,
#6924,#6925,#6926,#6927,#6928,#6929,#6930),(#6931,#6932,#6933,#6934,#6935,
#6936,#6937,#6938,#6939,#6940,#6941,#6942,#6943,#6944,#6945,#6946,#6947,
#6948,#6949,#6950)),.UNSPECIFIED.,.F.,.F.,.F.,(4,2,2,2,4),(4,2,2,1,1,1,
1,2,2,2,2,4),(-0.00384829812885814,0.248617150302964,0.501082598734787,
0.75354804716661,1.0058846779319),(0.303338264377266,0.304060262061305,
0.306226278641155,0.308392295221005,0.308933799365967,0.30947530351093,
0.310558311800855,0.31164132009078,0.31380733667063,0.314890344960556,0.317056361540406,
0.317778367019998),.UNSPECIFIED.);
#311=B_SPLINE_SURFACE_WITH_KNOTS('',3,3,((#6967,#6968,#6969,#6970,#6971,
#6972,#6973,#6974,#6975,#6976,#6977,#6978),(#6979,#6980,#6981,#6982,#6983,
#6984,#6985,#6986,#6987,#6988,#6989,#6990),(#6991,#6992,#6993,#6994,#6995,
#6996,#6997,#6998,#6999,#7000,#7001,#7002),(#7003,#7004,#7005,#7006,#7007,
#7008,#7009,#7010,#7011,#7012,#7013,#7014),(#7015,#7016,#7017,#7018,#7019,
#7020,#7021,#7022,#7023,#7024,#7025,#7026),(#7027,#7028,#7029,#7030,#7031,
#7032,#7033,#7034,#7035,#7036,#7037,#7038),(#7039,#7040,#7041,#7042,#7043,
#7044,#7045,#7046,#7047,#7048,#7049,#7050),(#7051,#7052,#7053,#7054,#7055,
#7056,#7057,#7058,#7059,#7060,#7061,#7062),(#7063,#7064,#7065,#7066,#7067,
#7068,#7069,#7070,#7071,#7072,#7073,#7074),(#7075,#7076,#7077,#7078,#7079,
#7080,#7081,#7082,#7083,#7084,#7085,#7086)),.UNSPECIFIED.,.F.,.F.,.F.,(4,
2,2,2,4),(4,2,2,2,2,4),(-0.00384829812885814,0.248617150302964,0.501082598734787,
0.75354804716661,1.00601349559843),(0.340122696010456,0.340385790285231,
0.341185627124141,0.34278530080196,0.34358513764087,0.345490142067581),
 .UNSPECIFIED.);
#312=B_SPLINE_SURFACE_WITH_KNOTS('',3,3,((#7100,#7101,#7102,#7103,#7104,
#7105,#7106,#7107,#7108,#7109,#7110,#7111,#7112,#7113,#7114,#7115,#7116,
#7117,#7118,#7119,#7120,#7121),(#7122,#7123,#7124,#7125,#7126,#7127,#7128,
#7129,#7130,#7131,#7132,#7133,#7134,#7135,#7136,#7137,#7138,#7139,#7140,
#7141,#7142,#7143),(#7144,#7145,#7146,#7147,#7148,#7149,#7150,#7151,#7152,
#7153,#7154,#7155,#7156,#7157,#7158,#7159,#7160,#7161,#7162,#7163,#7164,
#7165),(#7166,#7167,#7168,#7169,#7170,#7171,#7172,#7173,#7174,#7175,#7176,
#7177,#7178,#7179,#7180,#7181,#7182,#7183,#7184,#7185,#7186,#7187),(#7188,
#7189,#7190,#7191,#7192,#7193,#7194,#7195,#7196,#7197,#7198,#7199,#7200,
#7201,#7202,#7203,#7204,#7205,#7206,#7207,#7208,#7209),(#7210,#7211,#7212,
#7213,#7214,#7215,#7216,#7217,#7218,#7219,#7220,#7221,#7222,#7223,#7224,
#7225,#7226,#7227,#7228,#7229,#7230,#7231),(#7232,#7233,#7234,#7235,#7236,
#7237,#7238,#7239,#7240,#7241,#7242,#7243,#7244,#7245,#7246,#7247,#7248,
#7249,#7250,#7251,#7252,#7253),(#7254,#7255,#7256,#7257,#7258,#7259,#7260,
#7261,#7262,#7263,#7264,#7265,#7266,#7267,#7268,#7269,#7270,#7271,#7272,
#7273,#7274,#7275),(#7276,#7277,#7278,#7279,#7280,#7281,#7282,#7283,#7284,
#7285,#7286,#7287,#7288,#7289,#7290,#7291,#7292,#7293,#7294,#7295,#7296,
#7297),(#7298,#7299,#7300,#7301,#7302,#7303,#7304,#7305,#7306,#7307,#7308,
#7309,#7310,#7311,#7312,#7313,#7314,#7315,#7316,#7317,#7318,#7319),(#7320,
#7321,#7322,#7323,#7324,#7325,#7326,#7327,#7328,#7329,#7330,#7331,#7332,
#7333,#7334,#7335,#7336,#7337,#7338,#7339,#7340,#7341),(#7342,#7343,#7344,
#7345,#7346,#7347,#7348,#7349,#7350,#7351,#7352,#7353,#7354,#7355,#7356,
#7357,#7358,#7359,#7360,#7361,#7362,#7363)),.UNSPECIFIED.,.F.,.F.,.F.,(4,
2,2,2,2,4),(4,2,2,2,2,2,2,2,2,2,4),(-0.00384829812885814,0.248617150302964,
0.501082598734787,0.75354804716661,0.879780771382521,1.00590119204292),
(0.0094930830429685,0.0102152388008447,0.0123817060748543,0.014548173348864,
0.0156314069858688,0.0177978742598785,0.0188811078968833,0.0199643415338881,
0.021047575170893,0.0232140424449027,0.0239361982025813),.UNSPECIFIED.);
#313=B_SPLINE_SURFACE_WITH_KNOTS('',3,3,((#7381,#7382,#7383,#7384,#7385,
#7386,#7387,#7388,#7389,#7390,#7391,#7392,#7393,#7394,#7395,#7396,#7397,
#7398,#7399,#7400,#7401,#7402,#7403,#7404),(#7405,#7406,#7407,#7408,#7409,
#7410,#7411,#7412,#7413,#7414,#7415,#7416,#7417,#7418,#7419,#7420,#7421,
#7422,#7423,#7424,#7425,#7426,#7427,#7428),(#7429,#7430,#7431,#7432,#7433,
#7434,#7435,#7436,#7437,#7438,#7439,#7440,#7441,#7442,#7443,#7444,#7445,
#7446,#7447,#7448,#7449,#7450,#7451,#7452),(#7453,#7454,#7455,#7456,#7457,
#7458,#7459,#7460,#7461,#7462,#7463,#7464,#7465,#7466,#7467,#7468,#7469,
#7470,#7471,#7472,#7473,#7474,#7475,#7476),(#7477,#7478,#7479,#7480,#7481,
#7482,#7483,#7484,#7485,#7486,#7487,#7488,#7489,#7490,#7491,#7492,#7493,
#7494,#7495,#7496,#7497,#7498,#7499,#7500),(#7501,#7502,#7503,#7504,#7505,
#7506,#7507,#7508,#7509,#7510,#7511,#7512,#7513,#7514,#7515,#7516,#7517,
#7518,#7519,#7520,#7521,#7522,#7523,#7524),(#7525,#7526,#7527,#7528,#7529,
#7530,#7531,#7532,#7533,#7534,#7535,#7536,#7537,#7538,#7539,#7540,#7541,
#7542,#7543,#7544,#7545,#7546,#7547,#7548),(#7549,#7550,#7551,#7552,#7553,
#7554,#7555,#7556,#7557,#7558,#7559,#7560,#7561,#7562,#7563,#7564,#7565,
#7566,#7567,#7568,#7569,#7570,#7571,#7572),(#7573,#7574,#7575,#7576,#7577,
#7578,#7579,#7580,#7581,#7582,#7583,#7584,#7585,#7586,#7587,#7588,#7589,
#7590,#7591,#7592,#7593,#7594,#7595,#7596),(#7597,#7598,#7599,#7600,#7601,
#7602,#7603,#7604,#7605,#7606,#7607,#7608,#7609,#7610,#7611,#7612,#7613,
#7614,#7615,#7616,#7617,#7618,#7619,#7620)),.UNSPECIFIED.,.F.,.F.,.F.,(4,
2,2,2,4),(4,2,2,2,2,2,2,2,2,2,2,4),(-0.00384829812885814,0.248617150302964,
0.501082598734787,0.75354804716661,1.00551183026556),(0.0278572729158756,
0.0285793503719103,0.0307455939133254,0.0318287156840329,0.0329118374547403,
0.0339949592254479,0.0361612027668628,0.0372443245375704,0.0383274463082778,
0.0394105680789854,0.0415768116204003,0.0422988935134311),.UNSPECIFIED.);
#314=B_SPLINE_SURFACE_WITH_KNOTS('',3,3,((#7639,#7640,#7641,#7642,#7643,
#7644,#7645,#7646,#7647,#7648,#7649,#7650,#7651,#7652,#7653,#7654,#7655,
#7656,#7657,#7658,#7659,#7660),(#7661,#7662,#7663,#7664,#7665,#7666,#7667,
#7668,#7669,#7670,#7671,#7672,#7673,#7674,#7675,#7676,#7677,#7678,#7679,
#7680,#7681,#7682),(#7683,#7684,#7685,#7686,#7687,#7688,#7689,#7690,#7691,
#7692,#7693,#7694,#7695,#7696,#7697,#7698,#7699,#7700,#7701,#7702,#7703,
#7704),(#7705,#7706,#7707,#7708,#7709,#7710,#7711,#7712,#7713,#7714,#7715,
#7716,#7717,#7718,#7719,#7720,#7721,#7722,#7723,#7724,#7725,#7726),(#7727,
#7728,#7729,#7730,#7731,#7732,#7733,#7734,#7735,#7736,#7737,#7738,#7739,
#7740,#7741,#7742,#7743,#7744,#7745,#7746,#7747,#7748),(#7749,#7750,#7751,
#7752,#7753,#7754,#7755,#7756,#7757,#7758,#7759,#7760,#7761,#7762,#7763,
#7764,#7765,#7766,#7767,#7768,#7769,#7770),(#7771,#7772,#7773,#7774,#7775,
#7776,#7777,#7778,#7779,#7780,#7781,#7782,#7783,#7784,#7785,#7786,#7787,
#7788,#7789,#7790,#7791,#7792),(#7793,#7794,#7795,#7796,#7797,#7798,#7799,
#7800,#7801,#7802,#7803,#7804,#7805,#7806,#7807,#7808,#7809,#7810,#7811,
#7812,#7813,#7814),(#7815,#7816,#7817,#7818,#7819,#7820,#7821,#7822,#7823,
#7824,#7825,#7826,#7827,#7828,#7829,#7830,#7831,#7832,#7833,#7834,#7835,
#7836),(#7837,#7838,#7839,#7840,#7841,#7842,#7843,#7844,#7845,#7846,#7847,
#7848,#7849,#7850,#7851,#7852,#7853,#7854,#7855,#7856,#7857,#7858),(#7859,
#7860,#7861,#7862,#7863,#7864,#7865,#7866,#7867,#7868,#7869,#7870,#7871,
#7872,#7873,#7874,#7875,#7876,#7877,#7878,#7879,#7880),(#7881,#7882,#7883,
#7884,#7885,#7886,#7887,#7888,#7889,#7890,#7891,#7892,#7893,#7894,#7895,
#7896,#7897,#7898,#7899,#7900,#7901,#7902)),.UNSPECIFIED.,.F.,.F.,.F.,(4,
2,2,2,2,4),(4,2,2,2,2,2,2,2,2,2,4),(-0.00384829812885814,0.122384426087053,
0.248617150302964,0.501082598734787,0.75354804716661,1.00541755128858),
(0.0645876618875307,0.0653099236372991,0.0674767090723033,0.0685601017898054,
0.0707268872248097,0.0718102799423118,0.072893672659814,0.0739770653773161,
0.0761438508123204,0.0783106362473246,0.0790328878097458),.UNSPECIFIED.);
#315=B_SPLINE_SURFACE_WITH_KNOTS('',3,3,((#7921,#7922,#7923,#7924,#7925,
#7926,#7927,#7928,#7929,#7930,#7931,#7932,#7933,#7934,#7935,#7936,#7937,
#7938,#7939,#7940,#7941,#7942,#7943,#7944,#7945,#7946),(#7947,#7948,#7949,
#7950,#7951,#7952,#7953,#7954,#7955,#7956,#7957,#7958,#7959,#7960,#7961,
#7962,#7963,#7964,#7965,#7966,#7967,#7968,#7969,#7970,#7971,#7972),(#7973,
#7974,#7975,#7976,#7977,#7978,#7979,#7980,#7981,#7982,#7983,#7984,#7985,
#7986,#7987,#7988,#7989,#7990,#7991,#7992,#7993,#7994,#7995,#7996,#7997,
#7998),(#7999,#8000,#8001,#8002,#8003,#8004,#8005,#8006,#8007,#8008,#8009,
#8010,#8011,#8012,#8013,#8014,#8015,#8016,#8017,#8018,#8019,#8020,#8021,
#8022,#8023,#8024),(#8025,#8026,#8027,#8028,#8029,#8030,#8031,#8032,#8033,
#8034,#8035,#8036,#8037,#8038,#8039,#8040,#8041,#8042,#8043,#8044,#8045,
#8046,#8047,#8048,#8049,#8050),(#8051,#8052,#8053,#8054,#8055,#8056,#8057,
#8058,#8059,#8060,#8061,#8062,#8063,#8064,#8065,#8066,#8067,#8068,#8069,
#8070,#8071,#8072,#8073,#8074,#8075,#8076),(#8077,#8078,#8079,#8080,#8081,
#8082,#8083,#8084,#8085,#8086,#8087,#8088,#8089,#8090,#8091,#8092,#8093,
#8094,#8095,#8096,#8097,#8098,#8099,#8100,#8101,#8102),(#8103,#8104,#8105,
#8106,#8107,#8108,#8109,#8110,#8111,#8112,#8113,#8114,#8115,#8116,#8117,
#8118,#8119,#8120,#8121,#8122,#8123,#8124,#8125,#8126,#8127,#8128),(#8129,
#8130,#8131,#8132,#8133,#8134,#8135,#8136,#8137,#8138,#8139,#8140,#8141,
#8142,#8143,#8144,#8145,#8146,#8147,#8148,#8149,#8150,#8151,#8152,#8153,
#8154),(#8155,#8156,#8157,#8158,#8159,#8160,#8161,#8162,#8163,#8164,#8165,
#8166,#8167,#8168,#8169,#8170,#8171,#8172,#8173,#8174,#8175,#8176,#8177,
#8178,#8179,#8180)),.UNSPECIFIED.,.F.,.F.,.F.,(4,2,2,2,4),(4,2,2,2,2,2,
2,2,2,2,2,2,4),(-0.00384829812885814,0.248617150302964,0.501082598734787,
0.75354804716661,1.00563993764222),(0.101321245283877,0.102043395020216,
0.103126619246508,0.104209843472801,0.105293067699094,0.107459516151679,
0.108542740377972,0.109625964604265,0.110709188830558,0.112875637283143,
0.113958861509436,0.115042085735729,0.115764228910197),.UNSPECIFIED.);
#316=B_SPLINE_SURFACE_WITH_KNOTS('',3,3,((#8198,#8199,#8200,#8201,#8202,
#8203,#8204,#8205,#8206,#8207,#8208,#8209,#8210,#8211,#8212,#8213,#8214,
#8215,#8216,#8217,#8218,#8219),(#8220,#8221,#8222,#8223,#8224,#8225,#8226,
#8227,#8228,#8229,#8230,#8231,#8232,#8233,#8234,#8235,#8236,#8237,#8238,
#8239,#8240,#8241),(#8242,#8243,#8244,#8245,#8246,#8247,#8248,#8249,#8250,
#8251,#8252,#8253,#8254,#8255,#8256,#8257,#8258,#8259,#8260,#8261,#8262,
#8263),(#8264,#8265,#8266,#8267,#8268,#8269,#8270,#8271,#8272,#8273,#8274,
#8275,#8276,#8277,#8278,#8279,#8280,#8281,#8282,#8283,#8284,#8285),(#8286,
#8287,#8288,#8289,#8290,#8291,#8292,#8293,#8294,#8295,#8296,#8297,#8298,
#8299,#8300,#8301,#8302,#8303,#8304,#8305,#8306,#8307),(#8308,#8309,#8310,
#8311,#8312,#8313,#8314,#8315,#8316,#8317,#8318,#8319,#8320,#8321,#8322,
#8323,#8324,#8325,#8326,#8327,#8328,#8329),(#8330,#8331,#8332,#8333,#8334,
#8335,#8336,#8337,#8338,#8339,#8340,#8341,#8342,#8343,#8344,#8345,#8346,
#8347,#8348,#8349,#8350,#8351),(#8352,#8353,#8354,#8355,#8356,#8357,#8358,
#8359,#8360,#8361,#8362,#8363,#8364,#8365,#8366,#8367,#8368,#8369,#8370,
#8371,#8372,#8373),(#8374,#8375,#8376,#8377,#8378,#8379,#8380,#8381,#8382,
#8383,#8384,#8385,#8386,#8387,#8388,#8389,#8390,#8391,#8392,#8393,#8394,
#8395),(#8396,#8397,#8398,#8399,#8400,#8401,#8402,#8403,#8404,#8405,#8406,
#8407,#8408,#8409,#8410,#8411,#8412,#8413,#8414,#8415,#8416,#8417)),
 .UNSPECIFIED.,.F.,.F.,.F.,(4,2,2,2,4),(4,2,2,2,2,2,2,2,1,2,1,4),(-0.00384829812885814,
0.248617150302964,0.501082598734787,0.75354804716661,1.00551154354316),
(0.138051920251359,0.138774405732977,0.139858133950789,0.142025590386415,
0.143109318604228,0.144193046822041,0.145276775039853,0.147444231475479,
0.149611687911105,0.150153552020011,0.151779144346731,0.152501630219971),
 .UNSPECIFIED.);
#317=B_SPLINE_SURFACE_WITH_KNOTS('',3,3,((#8435,#8436,#8437,#8438,#8439,
#8440,#8441,#8442,#8443,#8444,#8445,#8446,#8447,#8448,#8449,#8450,#8451,
#8452,#8453,#8454,#8455,#8456,#8457,#8458,#8459,#8460),(#8461,#8462,#8463,
#8464,#8465,#8466,#8467,#8468,#8469,#8470,#8471,#8472,#8473,#8474,#8475,
#8476,#8477,#8478,#8479,#8480,#8481,#8482,#8483,#8484,#8485,#8486),(#8487,
#8488,#8489,#8490,#8491,#8492,#8493,#8494,#8495,#8496,#8497,#8498,#8499,
#8500,#8501,#8502,#8503,#8504,#8505,#8506,#8507,#8508,#8509,#8510,#8511,
#8512),(#8513,#8514,#8515,#8516,#8517,#8518,#8519,#8520,#8521,#8522,#8523,
#8524,#8525,#8526,#8527,#8528,#8529,#8530,#8531,#8532,#8533,#8534,#8535,
#8536,#8537,#8538),(#8539,#8540,#8541,#8542,#8543,#8544,#8545,#8546,#8547,
#8548,#8549,#8550,#8551,#8552,#8553,#8554,#8555,#8556,#8557,#8558,#8559,
#8560,#8561,#8562,#8563,#8564),(#8565,#8566,#8567,#8568,#8569,#8570,#8571,
#8572,#8573,#8574,#8575,#8576,#8577,#8578,#8579,#8580,#8581,#8582,#8583,
#8584,#8585,#8586,#8587,#8588,#8589,#8590),(#8591,#8592,#8593,#8594,#8595,
#8596,#8597,#8598,#8599,#8600,#8601,#8602,#8603,#8604,#8605,#8606,#8607,
#8608,#8609,#8610,#8611,#8612,#8613,#8614,#8615,#8616),(#8617,#8618,#8619,
#8620,#8621,#8622,#8623,#8624,#8625,#8626,#8627,#8628,#8629,#8630,#8631,
#8632,#8633,#8634,#8635,#8636,#8637,#8638,#8639,#8640,#8641,#8642),(#8643,
#8644,#8645,#8646,#8647,#8648,#8649,#8650,#8651,#8652,#8653,#8654,#8655,
#8656,#8657,#8658,#8659,#8660,#8661,#8662,#8663,#8664,#8665,#8666,#8667,
#8668),(#8669,#8670,#8671,#8672,#8673,#8674,#8675,#8676,#8677,#8678,#8679,
#8680,#8681,#8682,#8683,#8684,#8685,#8686,#8687,#8688,#8689,#8690,#8691,
#8692,#8693,#8694)),.UNSPECIFIED.,.F.,.F.,.F.,(4,2,2,2,4),(4,2,2,2,2,2,
2,2,2,2,2,2,4),(-0.00384829812885814,0.248617150302964,0.501082598734787,
0.75354804716661,1.00571256200315),(0.174789600147707,0.175511267828237,
0.176593769347647,0.177676270867057,0.178217521626762,0.178758772386467,
0.179841273905877,0.182006276944698,0.184171279983518,0.185253781502928,
0.186336283022338,0.187418784541748,0.189222953740835),.UNSPECIFIED.);
#318=B_SPLINE_SURFACE_WITH_KNOTS('',3,3,((#8713,#8714,#8715,#8716,#8717,
#8718,#8719,#8720,#8721,#8722,#8723,#8724,#8725,#8726,#8727,#8728,#8729,
#8730,#8731,#8732,#8733,#8734),(#8735,#8736,#8737,#8738,#8739,#8740,#8741,
#8742,#8743,#8744,#8745,#8746,#8747,#8748,#8749,#8750,#8751,#8752,#8753,
#8754,#8755,#8756),(#8757,#8758,#8759,#8760,#8761,#8762,#8763,#8764,#8765,
#8766,#8767,#8768,#8769,#8770,#8771,#8772,#8773,#8774,#8775,#8776,#8777,
#8778),(#8779,#8780,#8781,#8782,#8783,#8784,#8785,#8786,#8787,#8788,#8789,
#8790,#8791,#8792,#8793,#8794,#8795,#8796,#8797,#8798,#8799,#8800),(#8801,
#8802,#8803,#8804,#8805,#8806,#8807,#8808,#8809,#8810,#8811,#8812,#8813,
#8814,#8815,#8816,#8817,#8818,#8819,#8820,#8821,#8822),(#8823,#8824,#8825,
#8826,#8827,#8828,#8829,#8830,#8831,#8832,#8833,#8834,#8835,#8836,#8837,
#8838,#8839,#8840,#8841,#8842,#8843,#8844),(#8845,#8846,#8847,#8848,#8849,
#8850,#8851,#8852,#8853,#8854,#8855,#8856,#8857,#8858,#8859,#8860,#8861,
#8862,#8863,#8864,#8865,#8866),(#8867,#8868,#8869,#8870,#8871,#8872,#8873,
#8874,#8875,#8876,#8877,#8878,#8879,#8880,#8881,#8882,#8883,#8884,#8885,
#8886,#8887,#8888),(#8889,#8890,#8891,#8892,#8893,#8894,#8895,#8896,#8897,
#8898,#8899,#8900,#8901,#8902,#8903,#8904,#8905,#8906,#8907,#8908,#8909,
#8910),(#8911,#8912,#8913,#8914,#8915,#8916,#8917,#8918,#8919,#8920,#8921,
#8922,#8923,#8924,#8925,#8926,#8927,#8928,#8929,#8930,#8931,#8932)),
 .UNSPECIFIED.,.F.,.F.,.F.,(4,2,2,2,4),(4,2,2,2,2,2,2,2,2,2,4),(-0.00384829812885814,
0.248617150302964,0.501082598734787,0.75354804716661,1.00573900428789),
(0.211511507229073,0.213316614017544,0.214399678090218,0.215482742162892,
0.216565806235566,0.218731934380913,0.220898062526261,0.221981126598935,
0.224147254744282,0.225230318816956,0.225952361532156),.UNSPECIFIED.);
#319=B_SPLINE_SURFACE_WITH_KNOTS('',3,3,((#8950,#8951,#8952,#8953,#8954,
#8955,#8956,#8957,#8958,#8959,#8960,#8961,#8962,#8963,#8964,#8965,#8966,
#8967,#8968,#8969,#8970,#8971),(#8972,#8973,#8974,#8975,#8976,#8977,#8978,
#8979,#8980,#8981,#8982,#8983,#8984,#8985,#8986,#8987,#8988,#8989,#8990,
#8991,#8992,#8993),(#8994,#8995,#8996,#8997,#8998,#8999,#9000,#9001,#9002,
#9003,#9004,#9005,#9006,#9007,#9008,#9009,#9010,#9011,#9012,#9013,#9014,
#9015),(#9016,#9017,#9018,#9019,#9020,#9021,#9022,#9023,#9024,#9025,#9026,
#9027,#9028,#9029,#9030,#9031,#9032,#9033,#9034,#9035,#9036,#9037),(#9038,
#9039,#9040,#9041,#9042,#9043,#9044,#9045,#9046,#9047,#9048,#9049,#9050,
#9051,#9052,#9053,#9054,#9055,#9056,#9057,#9058,#9059),(#9060,#9061,#9062,
#9063,#9064,#9065,#9066,#9067,#9068,#9069,#9070,#9071,#9072,#9073,#9074,
#9075,#9076,#9077,#9078,#9079,#9080,#9081),(#9082,#9083,#9084,#9085,#9086,
#9087,#9088,#9089,#9090,#9091,#9092,#9093,#9094,#9095,#9096,#9097,#9098,
#9099,#9100,#9101,#9102,#9103),(#9104,#9105,#9106,#9107,#9108,#9109,#9110,
#9111,#9112,#9113,#9114,#9115,#9116,#9117,#9118,#9119,#9120,#9121,#9122,
#9123,#9124,#9125),(#9126,#9127,#9128,#9129,#9130,#9131,#9132,#9133,#9134,
#9135,#9136,#9137,#9138,#9139,#9140,#9141,#9142,#9143,#9144,#9145,#9146,
#9147),(#9148,#9149,#9150,#9151,#9152,#9153,#9154,#9155,#9156,#9157,#9158,
#9159,#9160,#9161,#9162,#9163,#9164,#9165,#9166,#9167,#9168,#9169)),
 .UNSPECIFIED.,.F.,.F.,.F.,(4,2,2,2,4),(4,2,2,2,2,1,2,1,2,2,2,4),(-0.00384829812885814,
0.248617150302964,0.501082598734787,0.75354804716661,1.0059184537224),(0.248241027805794,
0.248963229255617,0.25004653711926,0.251129844982902,0.253296460710189,
0.255463076437475,0.256004730369295,0.25762969216476,0.258713000028403,
0.260879615755689,0.261962923619332,0.262685137951508),.UNSPECIFIED.);
#320=B_SPLINE_SURFACE_WITH_KNOTS('',3,3,((#9187,#9188,#9189,#9190,#9191,
#9192,#9193,#9194,#9195,#9196,#9197,#9198,#9199,#9200,#9201,#9202,#9203,
#9204,#9205,#9206,#9207,#9208,#9209,#9210),(#9211,#9212,#9213,#9214,#9215,
#9216,#9217,#9218,#9219,#9220,#9221,#9222,#9223,#9224,#9225,#9226,#9227,
#9228,#9229,#9230,#9231,#9232,#9233,#9234),(#9235,#9236,#9237,#9238,#9239,
#9240,#9241,#9242,#9243,#9244,#9245,#9246,#9247,#9248,#9249,#9250,#9251,
#9252,#9253,#9254,#9255,#9256,#9257,#9258),(#9259,#9260,#9261,#9262,#9263,
#9264,#9265,#9266,#9267,#9268,#9269,#9270,#9271,#9272,#9273,#9274,#9275,
#9276,#9277,#9278,#9279,#9280,#9281,#9282),(#9283,#9284,#9285,#9286,#9287,
#9288,#9289,#9290,#9291,#9292,#9293,#9294,#9295,#9296,#9297,#9298,#9299,
#9300,#9301,#9302,#9303,#9304,#9305,#9306),(#9307,#9308,#9309,#9310,#9311,
#9312,#9313,#9314,#9315,#9316,#9317,#9318,#9319,#9320,#9321,#9322,#9323,
#9324,#9325,#9326,#9327,#9328,#9329,#9330),(#9331,#9332,#9333,#9334,#9335,
#9336,#9337,#9338,#9339,#9340,#9341,#9342,#9343,#9344,#9345,#9346,#9347,
#9348,#9349,#9350,#9351,#9352,#9353,#9354),(#9355,#9356,#9357,#9358,#9359,
#9360,#9361,#9362,#9363,#9364,#9365,#9366,#9367,#9368,#9369,#9370,#9371,
#9372,#9373,#9374,#9375,#9376,#9377,#9378),(#9379,#9380,#9381,#9382,#9383,
#9384,#9385,#9386,#9387,#9388,#9389,#9390,#9391,#9392,#9393,#9394,#9395,
#9396,#9397,#9398,#9399,#9400,#9401,#9402),(#9403,#9404,#9405,#9406,#9407,
#9408,#9409,#9410,#9411,#9412,#9413,#9414,#9415,#9416,#9417,#9418,#9419,
#9420,#9421,#9422,#9423,#9424,#9425,#9426),(#9427,#9428,#9429,#9430,#9431,
#9432,#9433,#9434,#9435,#9436,#9437,#9438,#9439,#9440,#9441,#9442,#9443,
#9444,#9445,#9446,#9447,#9448,#9449,#9450),(#9451,#9452,#9453,#9454,#9455,
#9456,#9457,#9458,#9459,#9460,#9461,#9462,#9463,#9464,#9465,#9466,#9467,
#9468,#9469,#9470,#9471,#9472,#9473,#9474)),.UNSPECIFIED.,.F.,.F.,.F.,(4,
2,2,2,2,4),(4,2,2,2,2,2,2,2,2,2,2,4),(-0.00384829812885814,0.248617150302964,
0.501082598734787,0.75354804716661,0.879780771382521,1.00584631319455),
(0.284973684170183,0.285695888500792,0.287862511091581,0.290029133682369,
0.291112444977764,0.292195756273158,0.293279067568553,0.295445690159342,
0.296529001454737,0.297612312750131,0.298695624045525,0.299417831556658),
 .UNSPECIFIED.);
#321=B_SPLINE_SURFACE_WITH_KNOTS('',3,3,((#9493,#9494,#9495,#9496,#9497,
#9498,#9499,#9500,#9501,#9502,#9503,#9504,#9505,#9506,#9507,#9508,#9509,
#9510,#9511,#9512,#9513,#9514,#9515),(#9516,#9517,#9518,#9519,#9520,#9521,
#9522,#9523,#9524,#9525,#9526,#9527,#9528,#9529,#9530,#9531,#9532,#9533,
#9534,#9535,#9536,#9537,#9538),(#9539,#9540,#9541,#9542,#9543,#9544,#9545,
#9546,#9547,#9548,#9549,#9550,#9551,#9552,#9553,#9554,#9555,#9556,#9557,
#9558,#9559,#9560,#9561),(#9562,#9563,#9564,#9565,#9566,#9567,#9568,#9569,
#9570,#9571,#9572,#9573,#9574,#9575,#9576,#9577,#9578,#9579,#9580,#9581,
#9582,#9583,#9584),(#9585,#9586,#9587,#9588,#9589,#9590,#9591,#9592,#9593,
#9594,#9595,#9596,#9597,#9598,#9599,#9600,#9601,#9602,#9603,#9604,#9605,
#9606,#9607),(#9608,#9609,#9610,#9611,#9612,#9613,#9614,#9615,#9616,#9617,
#9618,#9619,#9620,#9621,#9622,#9623,#9624,#9625,#9626,#9627,#9628,#9629,
#9630),(#9631,#9632,#9633,#9634,#9635,#9636,#9637,#9638,#9639,#9640,#9641,
#9642,#9643,#9644,#9645,#9646,#9647,#9648,#9649,#9650,#9651,#9652,#9653),
(#9654,#9655,#9656,#9657,#9658,#9659,#9660,#9661,#9662,#9663,#9664,#9665,
#9666,#9667,#9668,#9669,#9670,#9671,#9672,#9673,#9674,#9675,#9676),(#9677,
#9678,#9679,#9680,#9681,#9682,#9683,#9684,#9685,#9686,#9687,#9688,#9689,
#9690,#9691,#9692,#9693,#9694,#9695,#9696,#9697,#9698,#9699),(#9700,#9701,
#9702,#9703,#9704,#9705,#9706,#9707,#9708,#9709,#9710,#9711,#9712,#9713,
#9714,#9715,#9716,#9717,#9718,#9719,#9720,#9721,#9722)),.UNSPECIFIED.,.F.,
 .F.,.F.,(4,2,2,2,4),(4,2,2,2,2,2,2,2,2,1,2,4),(-0.00384829812885814,0.248617150302964,
0.501082598734787,0.75354804716661,1.00601349559843),(0.321706768358771,
0.322428812724978,0.324594937516937,0.325677999912917,0.326761062308896,
0.327844124704876,0.330010249496834,0.331093311892814,0.332717905486783,
0.333259436684774,0.335425561476732,0.336147603090494),.UNSPECIFIED.);
#322=B_SPLINE_SURFACE_WITH_KNOTS('',5,1,((#9907,#9908),(#9909,#9910),(#9911,
#9912),(#9913,#9914),(#9915,#9916),(#9917,#9918),(#9919,#9920),(#9921,#9922)),
 .SURF_OF_LINEAR_EXTRUSION.,.F.,.F.,.F.,(6,2,6),(2,2),(0.,0.5,1.),(0.,1.),
 .UNSPECIFIED.);
#323=B_SPLINE_SURFACE_WITH_KNOTS('',5,1,((#9923,#9924),(#9925,#9926),(#9927,
#9928),(#9929,#9930),(#9931,#9932),(#9933,#9934),(#9935,#9936),(#9937,#9938)),
 .SURF_OF_LINEAR_EXTRUSION.,.F.,.F.,.F.,(6,2,6),(2,2),(0.,0.5,1.),(0.,1.),
 .UNSPECIFIED.);
#324=B_SPLINE_SURFACE_WITH_KNOTS('',5,1,((#9939,#9940),(#9941,#9942),(#9943,
#9944),(#9945,#9946),(#9947,#9948),(#9949,#9950),(#9951,#9952),(#9953,#9954)),
 .SURF_OF_LINEAR_EXTRUSION.,.F.,.F.,.F.,(6,2,6),(2,2),(0.,0.5,1.),(0.,1.),
 .UNSPECIFIED.);
#325=B_SPLINE_SURFACE_WITH_KNOTS('',5,1,((#9955,#9956),(#9957,#9958),(#9959,
#9960),(#9961,#9962),(#9963,#9964),(#9965,#9966),(#9967,#9968),(#9969,#9970)),
 .SURF_OF_LINEAR_EXTRUSION.,.F.,.F.,.F.,(6,2,6),(2,2),(0.,0.5,1.),(0.,1.),
 .UNSPECIFIED.);
#326=SHAPE_REPRESENTATION_RELATIONSHIP('','',#1703,#335);
#327=SHAPE_REPRESENTATION_RELATIONSHIP('','',#1704,#336);
#328=SHAPE_REPRESENTATION_RELATIONSHIP('','',#1705,#337);
#329=SHAPE_REPRESENTATION_RELATIONSHIP('','',#1706,#128);
#330=SHAPE_REPRESENTATION_RELATIONSHIP('','',#1707,#338);
#331=SHAPE_REPRESENTATION_RELATIONSHIP('','',#1708,#339);
#332=SHAPE_REPRESENTATION_RELATIONSHIP('','',#1709,#340);
#333=SHAPE_REPRESENTATION_RELATIONSHIP('','',#1710,#341);
#334=SHAPE_REPRESENTATION_RELATIONSHIP('','',#1711,#342);
#335=ADVANCED_BREP_SHAPE_REPRESENTATION('',(#1686),#9988);
#336=ADVANCED_BREP_SHAPE_REPRESENTATION('',(#1687),#9989);
#337=ADVANCED_BREP_SHAPE_REPRESENTATION('',(#1688),#9990);
#338=ADVANCED_BREP_SHAPE_REPRESENTATION('',(#1689),#9992);
#339=ADVANCED_BREP_SHAPE_REPRESENTATION('',(#1690),#9993);
#340=ADVANCED_BREP_SHAPE_REPRESENTATION('',(#1691),#9994);
#341=ADVANCED_BREP_SHAPE_REPRESENTATION('',(#1692),#9995);
#342=ADVANCED_BREP_SHAPE_REPRESENTATION('',(#1693),#9996);
#343=CONICAL_SURFACE('',#1721,0.006,1.0471975511966);
#344=PLANE('',#1716);
#345=PLANE('',#1717);
#346=PLANE('',#1727);
#347=PLANE('',#1728);
#348=PLANE('',#1732);
#349=PLANE('',#1733);
#350=PLANE('',#1736);
#351=PLANE('',#1739);
#352=PLANE('',#1744);
#353=PLANE('',#1746);
#354=PLANE('',#1747);
#355=PLANE('',#1748);
#356=PLANE('',#1749);
#357=PLANE('',#1750);
#358=PLANE('',#1751);
#359=PLANE('',#1752);
#360=PLANE('',#1753);
#361=PLANE('',#1754);
#362=PLANE('',#1755);
#363=PLANE('',#1756);
#364=PLANE('',#1757);
#365=PLANE('',#1761);
#366=PLANE('',#1762);
#367=PLANE('',#1763);
#368=PLANE('',#1764);
#369=PLANE('',#1765);
#370=PLANE('',#1766);
#371=PLANE('',#1767);
#372=PLANE('',#1768);
#373=PLANE('',#1769);
#374=PLANE('',#1770);
#375=PLANE('',#1771);
#376=PLANE('',#1772);
#377=PLANE('',#1773);
#378=PLANE('',#1774);
#379=PLANE('',#1775);
#380=PLANE('',#1776);
#381=PLANE('',#1777);
#382=PLANE('',#1778);
#383=PLANE('',#1779);
#384=PLANE('',#1780);
#385=PLANE('',#1781);
#386=PLANE('',#1782);
#387=PLANE('',#1783);
#388=PLANE('',#1785);
#389=PLANE('',#1786);
#390=PLANE('',#1787);
#391=PLANE('',#1788);
#392=PLANE('',#1789);
#393=PLANE('',#1790);
#394=PLANE('',#1791);
#395=PLANE('',#1792);
#396=PLANE('',#1793);
#397=PLANE('',#1794);
#398=PLANE('',#1795);
#399=PLANE('',#1796);
#400=PLANE('',#1798);
#401=PLANE('',#1802);
#402=ORIENTED_EDGE('',*,*,#864,.F.);
#403=ORIENTED_EDGE('',*,*,#865,.T.);
#404=ORIENTED_EDGE('',*,*,#864,.T.);
#405=ORIENTED_EDGE('',*,*,#866,.F.);
#406=ORIENTED_EDGE('',*,*,#866,.T.);
#407=ORIENTED_EDGE('',*,*,#867,.F.);
#408=ORIENTED_EDGE('',*,*,#867,.T.);
#409=ORIENTED_EDGE('',*,*,#865,.F.);
#410=ORIENTED_EDGE('',*,*,#868,.F.);
#411=ORIENTED_EDGE('',*,*,#869,.T.);
#412=ORIENTED_EDGE('',*,*,#868,.T.);
#413=ORIENTED_EDGE('',*,*,#870,.F.);
#414=ORIENTED_EDGE('',*,*,#870,.T.);
#415=ORIENTED_EDGE('',*,*,#869,.F.);
#416=ORIENTED_EDGE('',*,*,#871,.T.);
#417=ORIENTED_EDGE('',*,*,#872,.F.);
#418=ORIENTED_EDGE('',*,*,#872,.T.);
#419=ORIENTED_EDGE('',*,*,#873,.T.);
#420=ORIENTED_EDGE('',*,*,#873,.F.);
#421=ORIENTED_EDGE('',*,*,#871,.F.);
#422=ORIENTED_EDGE('',*,*,#874,.F.);
#423=ORIENTED_EDGE('',*,*,#875,.T.);
#424=ORIENTED_EDGE('',*,*,#874,.T.);
#425=ORIENTED_EDGE('',*,*,#876,.T.);
#426=ORIENTED_EDGE('',*,*,#877,.F.);
#427=ORIENTED_EDGE('',*,*,#878,.F.);
#428=ORIENTED_EDGE('',*,*,#877,.T.);
#429=ORIENTED_EDGE('',*,*,#878,.T.);
#430=ORIENTED_EDGE('',*,*,#879,.F.);
#431=ORIENTED_EDGE('',*,*,#879,.T.);
#432=ORIENTED_EDGE('',*,*,#875,.F.);
#433=ORIENTED_EDGE('',*,*,#876,.F.);
#434=ORIENTED_EDGE('',*,*,#880,.F.);
#435=ORIENTED_EDGE('',*,*,#881,.T.);
#436=ORIENTED_EDGE('',*,*,#882,.T.);
#437=ORIENTED_EDGE('',*,*,#883,.F.);
#438=ORIENTED_EDGE('',*,*,#884,.F.);
#439=ORIENTED_EDGE('',*,*,#885,.T.);
#440=ORIENTED_EDGE('',*,*,#886,.T.);
#441=ORIENTED_EDGE('',*,*,#887,.T.);
#442=ORIENTED_EDGE('',*,*,#888,.T.);
#443=ORIENTED_EDGE('',*,*,#889,.T.);
#444=ORIENTED_EDGE('',*,*,#890,.F.);
#445=ORIENTED_EDGE('',*,*,#891,.T.);
#446=ORIENTED_EDGE('',*,*,#892,.F.);
#447=ORIENTED_EDGE('',*,*,#893,.T.);
#448=ORIENTED_EDGE('',*,*,#880,.T.);
#449=ORIENTED_EDGE('',*,*,#894,.T.);
#450=ORIENTED_EDGE('',*,*,#895,.F.);
#451=ORIENTED_EDGE('',*,*,#896,.T.);
#452=ORIENTED_EDGE('',*,*,#897,.F.);
#453=ORIENTED_EDGE('',*,*,#898,.T.);
#454=ORIENTED_EDGE('',*,*,#895,.T.);
#455=ORIENTED_EDGE('',*,*,#899,.T.);
#456=ORIENTED_EDGE('',*,*,#900,.F.);
#457=ORIENTED_EDGE('',*,*,#901,.T.);
#458=ORIENTED_EDGE('',*,*,#902,.T.);
#459=ORIENTED_EDGE('',*,*,#903,.T.);
#460=ORIENTED_EDGE('',*,*,#904,.T.);
#461=ORIENTED_EDGE('',*,*,#905,.T.);
#462=ORIENTED_EDGE('',*,*,#906,.F.);
#463=ORIENTED_EDGE('',*,*,#907,.T.);
#464=ORIENTED_EDGE('',*,*,#882,.F.);
#465=ORIENTED_EDGE('',*,*,#908,.T.);
#466=ORIENTED_EDGE('',*,*,#909,.F.);
#467=ORIENTED_EDGE('',*,*,#910,.T.);
#468=ORIENTED_EDGE('',*,*,#897,.T.);
#469=ORIENTED_EDGE('',*,*,#911,.T.);
#470=ORIENTED_EDGE('',*,*,#909,.T.);
#471=ORIENTED_EDGE('',*,*,#912,.T.);
#472=ORIENTED_EDGE('',*,*,#892,.T.);
#473=ORIENTED_EDGE('',*,*,#913,.T.);
#474=ORIENTED_EDGE('',*,*,#883,.T.);
#475=ORIENTED_EDGE('',*,*,#911,.F.);
#476=ORIENTED_EDGE('',*,*,#899,.F.);
#477=ORIENTED_EDGE('',*,*,#894,.F.);
#478=ORIENTED_EDGE('',*,*,#893,.F.);
#479=ORIENTED_EDGE('',*,*,#912,.F.);
#480=ORIENTED_EDGE('',*,*,#908,.F.);
#481=ORIENTED_EDGE('',*,*,#881,.F.);
#482=ORIENTED_EDGE('',*,*,#896,.F.);
#483=ORIENTED_EDGE('',*,*,#898,.F.);
#484=ORIENTED_EDGE('',*,*,#910,.F.);
#485=ORIENTED_EDGE('',*,*,#913,.F.);
#486=ORIENTED_EDGE('',*,*,#904,.F.);
#487=ORIENTED_EDGE('',*,*,#914,.T.);
#488=ORIENTED_EDGE('',*,*,#886,.F.);
#489=ORIENTED_EDGE('',*,*,#915,.T.);
#490=ORIENTED_EDGE('',*,*,#884,.T.);
#491=ORIENTED_EDGE('',*,*,#916,.T.);
#492=ORIENTED_EDGE('',*,*,#906,.T.);
#493=ORIENTED_EDGE('',*,*,#917,.T.);
#494=ORIENTED_EDGE('',*,*,#890,.T.);
#495=ORIENTED_EDGE('',*,*,#918,.T.);
#496=ORIENTED_EDGE('',*,*,#900,.T.);
#497=ORIENTED_EDGE('',*,*,#919,.T.);
#498=ORIENTED_EDGE('',*,*,#902,.F.);
#499=ORIENTED_EDGE('',*,*,#920,.T.);
#500=ORIENTED_EDGE('',*,*,#888,.F.);
#501=ORIENTED_EDGE('',*,*,#921,.T.);
#502=ORIENTED_EDGE('',*,*,#889,.F.);
#503=ORIENTED_EDGE('',*,*,#920,.F.);
#504=ORIENTED_EDGE('',*,*,#901,.F.);
#505=ORIENTED_EDGE('',*,*,#918,.F.);
#506=ORIENTED_EDGE('',*,*,#891,.F.);
#507=ORIENTED_EDGE('',*,*,#919,.F.);
#508=ORIENTED_EDGE('',*,*,#907,.F.);
#509=ORIENTED_EDGE('',*,*,#916,.F.);
#510=ORIENTED_EDGE('',*,*,#887,.F.);
#511=ORIENTED_EDGE('',*,*,#914,.F.);
#512=ORIENTED_EDGE('',*,*,#903,.F.);
#513=ORIENTED_EDGE('',*,*,#921,.F.);
#514=ORIENTED_EDGE('',*,*,#885,.F.);
#515=ORIENTED_EDGE('',*,*,#917,.F.);
#516=ORIENTED_EDGE('',*,*,#905,.F.);
#517=ORIENTED_EDGE('',*,*,#915,.F.);
#518=ORIENTED_EDGE('',*,*,#922,.F.);
#519=ORIENTED_EDGE('',*,*,#923,.T.);
#520=ORIENTED_EDGE('',*,*,#924,.T.);
#521=ORIENTED_EDGE('',*,*,#925,.T.);
#522=ORIENTED_EDGE('',*,*,#926,.F.);
#523=ORIENTED_EDGE('',*,*,#927,.T.);
#524=ORIENTED_EDGE('',*,*,#928,.T.);
#525=ORIENTED_EDGE('',*,*,#929,.T.);
#526=ORIENTED_EDGE('',*,*,#930,.F.);
#527=ORIENTED_EDGE('',*,*,#931,.T.);
#528=ORIENTED_EDGE('',*,*,#932,.T.);
#529=ORIENTED_EDGE('',*,*,#933,.T.);
#530=ORIENTED_EDGE('',*,*,#934,.F.);
#531=ORIENTED_EDGE('',*,*,#935,.T.);
#532=ORIENTED_EDGE('',*,*,#936,.T.);
#533=ORIENTED_EDGE('',*,*,#937,.T.);
#534=ORIENTED_EDGE('',*,*,#938,.F.);
#535=ORIENTED_EDGE('',*,*,#939,.T.);
#536=ORIENTED_EDGE('',*,*,#940,.T.);
#537=ORIENTED_EDGE('',*,*,#941,.T.);
#538=ORIENTED_EDGE('',*,*,#942,.F.);
#539=ORIENTED_EDGE('',*,*,#943,.T.);
#540=ORIENTED_EDGE('',*,*,#944,.T.);
#541=ORIENTED_EDGE('',*,*,#945,.T.);
#542=ORIENTED_EDGE('',*,*,#946,.F.);
#543=ORIENTED_EDGE('',*,*,#947,.T.);
#544=ORIENTED_EDGE('',*,*,#948,.T.);
#545=ORIENTED_EDGE('',*,*,#949,.T.);
#546=ORIENTED_EDGE('',*,*,#950,.F.);
#547=ORIENTED_EDGE('',*,*,#951,.T.);
#548=ORIENTED_EDGE('',*,*,#952,.T.);
#549=ORIENTED_EDGE('',*,*,#953,.T.);
#550=ORIENTED_EDGE('',*,*,#954,.F.);
#551=ORIENTED_EDGE('',*,*,#955,.T.);
#552=ORIENTED_EDGE('',*,*,#956,.T.);
#553=ORIENTED_EDGE('',*,*,#957,.T.);
#554=ORIENTED_EDGE('',*,*,#958,.F.);
#555=ORIENTED_EDGE('',*,*,#959,.T.);
#556=ORIENTED_EDGE('',*,*,#960,.F.);
#557=ORIENTED_EDGE('',*,*,#961,.T.);
#558=ORIENTED_EDGE('',*,*,#962,.F.);
#559=ORIENTED_EDGE('',*,*,#963,.F.);
#560=ORIENTED_EDGE('',*,*,#964,.T.);
#561=ORIENTED_EDGE('',*,*,#965,.F.);
#562=ORIENTED_EDGE('',*,*,#966,.T.);
#563=ORIENTED_EDGE('',*,*,#967,.T.);
#564=ORIENTED_EDGE('',*,*,#968,.T.);
#565=ORIENTED_EDGE('',*,*,#969,.F.);
#566=ORIENTED_EDGE('',*,*,#970,.T.);
#567=ORIENTED_EDGE('',*,*,#971,.F.);
#568=ORIENTED_EDGE('',*,*,#972,.T.);
#569=ORIENTED_EDGE('',*,*,#973,.F.);
#570=ORIENTED_EDGE('',*,*,#974,.T.);
#571=ORIENTED_EDGE('',*,*,#975,.T.);
#572=ORIENTED_EDGE('',*,*,#976,.T.);
#573=ORIENTED_EDGE('',*,*,#977,.F.);
#574=ORIENTED_EDGE('',*,*,#978,.T.);
#575=ORIENTED_EDGE('',*,*,#979,.T.);
#576=ORIENTED_EDGE('',*,*,#980,.T.);
#577=ORIENTED_EDGE('',*,*,#981,.F.);
#578=ORIENTED_EDGE('',*,*,#982,.T.);
#579=ORIENTED_EDGE('',*,*,#983,.T.);
#580=ORIENTED_EDGE('',*,*,#984,.T.);
#581=ORIENTED_EDGE('',*,*,#985,.F.);
#582=ORIENTED_EDGE('',*,*,#986,.T.);
#583=ORIENTED_EDGE('',*,*,#987,.T.);
#584=ORIENTED_EDGE('',*,*,#988,.T.);
#585=ORIENTED_EDGE('',*,*,#989,.F.);
#586=ORIENTED_EDGE('',*,*,#990,.T.);
#587=ORIENTED_EDGE('',*,*,#991,.T.);
#588=ORIENTED_EDGE('',*,*,#992,.T.);
#589=ORIENTED_EDGE('',*,*,#993,.F.);
#590=ORIENTED_EDGE('',*,*,#994,.T.);
#591=ORIENTED_EDGE('',*,*,#995,.T.);
#592=ORIENTED_EDGE('',*,*,#996,.T.);
#593=ORIENTED_EDGE('',*,*,#997,.F.);
#594=ORIENTED_EDGE('',*,*,#998,.T.);
#595=ORIENTED_EDGE('',*,*,#999,.T.);
#596=ORIENTED_EDGE('',*,*,#1000,.T.);
#597=ORIENTED_EDGE('',*,*,#1001,.F.);
#598=ORIENTED_EDGE('',*,*,#1002,.T.);
#599=ORIENTED_EDGE('',*,*,#1003,.T.);
#600=ORIENTED_EDGE('',*,*,#1004,.T.);
#601=ORIENTED_EDGE('',*,*,#1005,.F.);
#602=ORIENTED_EDGE('',*,*,#1004,.F.);
#603=ORIENTED_EDGE('',*,*,#1006,.T.);
#604=ORIENTED_EDGE('',*,*,#927,.F.);
#605=ORIENTED_EDGE('',*,*,#1007,.F.);
#606=ORIENTED_EDGE('',*,*,#1000,.F.);
#607=ORIENTED_EDGE('',*,*,#1008,.T.);
#608=ORIENTED_EDGE('',*,*,#931,.F.);
#609=ORIENTED_EDGE('',*,*,#1009,.F.);
#610=ORIENTED_EDGE('',*,*,#996,.F.);
#611=ORIENTED_EDGE('',*,*,#1010,.T.);
#612=ORIENTED_EDGE('',*,*,#935,.F.);
#613=ORIENTED_EDGE('',*,*,#1011,.F.);
#614=ORIENTED_EDGE('',*,*,#992,.F.);
#615=ORIENTED_EDGE('',*,*,#1012,.T.);
#616=ORIENTED_EDGE('',*,*,#939,.F.);
#617=ORIENTED_EDGE('',*,*,#1013,.F.);
#618=ORIENTED_EDGE('',*,*,#988,.F.);
#619=ORIENTED_EDGE('',*,*,#1014,.T.);
#620=ORIENTED_EDGE('',*,*,#943,.F.);
#621=ORIENTED_EDGE('',*,*,#1015,.F.);
#622=ORIENTED_EDGE('',*,*,#984,.F.);
#623=ORIENTED_EDGE('',*,*,#1016,.T.);
#624=ORIENTED_EDGE('',*,*,#947,.F.);
#625=ORIENTED_EDGE('',*,*,#1017,.F.);
#626=ORIENTED_EDGE('',*,*,#980,.F.);
#627=ORIENTED_EDGE('',*,*,#1018,.T.);
#628=ORIENTED_EDGE('',*,*,#951,.F.);
#629=ORIENTED_EDGE('',*,*,#1019,.F.);
#630=ORIENTED_EDGE('',*,*,#976,.F.);
#631=ORIENTED_EDGE('',*,*,#1020,.T.);
#632=ORIENTED_EDGE('',*,*,#955,.F.);
#633=ORIENTED_EDGE('',*,*,#1021,.F.);
#634=ORIENTED_EDGE('',*,*,#972,.F.);
#635=ORIENTED_EDGE('',*,*,#1022,.F.);
#636=ORIENTED_EDGE('',*,*,#961,.F.);
#637=ORIENTED_EDGE('',*,*,#1023,.F.);
#638=ORIENTED_EDGE('',*,*,#1024,.F.);
#639=ORIENTED_EDGE('',*,*,#968,.F.);
#640=ORIENTED_EDGE('',*,*,#1025,.T.);
#641=ORIENTED_EDGE('',*,*,#923,.F.);
#642=ORIENTED_EDGE('',*,*,#1026,.F.);
#643=ORIENTED_EDGE('',*,*,#925,.F.);
#644=ORIENTED_EDGE('',*,*,#1027,.T.);
#645=ORIENTED_EDGE('',*,*,#966,.F.);
#646=ORIENTED_EDGE('',*,*,#1028,.F.);
#647=ORIENTED_EDGE('',*,*,#929,.F.);
#648=ORIENTED_EDGE('',*,*,#1029,.T.);
#649=ORIENTED_EDGE('',*,*,#1002,.F.);
#650=ORIENTED_EDGE('',*,*,#1030,.F.);
#651=ORIENTED_EDGE('',*,*,#933,.F.);
#652=ORIENTED_EDGE('',*,*,#1031,.T.);
#653=ORIENTED_EDGE('',*,*,#998,.F.);
#654=ORIENTED_EDGE('',*,*,#1032,.F.);
#655=ORIENTED_EDGE('',*,*,#937,.F.);
#656=ORIENTED_EDGE('',*,*,#1033,.T.);
#657=ORIENTED_EDGE('',*,*,#994,.F.);
#658=ORIENTED_EDGE('',*,*,#1034,.F.);
#659=ORIENTED_EDGE('',*,*,#941,.F.);
#660=ORIENTED_EDGE('',*,*,#1035,.T.);
#661=ORIENTED_EDGE('',*,*,#990,.F.);
#662=ORIENTED_EDGE('',*,*,#1036,.F.);
#663=ORIENTED_EDGE('',*,*,#945,.F.);
#664=ORIENTED_EDGE('',*,*,#1037,.T.);
#665=ORIENTED_EDGE('',*,*,#986,.F.);
#666=ORIENTED_EDGE('',*,*,#1038,.F.);
#667=ORIENTED_EDGE('',*,*,#949,.F.);
#668=ORIENTED_EDGE('',*,*,#1039,.T.);
#669=ORIENTED_EDGE('',*,*,#982,.F.);
#670=ORIENTED_EDGE('',*,*,#1040,.F.);
#671=ORIENTED_EDGE('',*,*,#953,.F.);
#672=ORIENTED_EDGE('',*,*,#1041,.T.);
#673=ORIENTED_EDGE('',*,*,#978,.F.);
#674=ORIENTED_EDGE('',*,*,#1042,.F.);
#675=ORIENTED_EDGE('',*,*,#957,.F.);
#676=ORIENTED_EDGE('',*,*,#1043,.T.);
#677=ORIENTED_EDGE('',*,*,#974,.F.);
#678=ORIENTED_EDGE('',*,*,#1044,.F.);
#679=ORIENTED_EDGE('',*,*,#1045,.T.);
#680=ORIENTED_EDGE('',*,*,#963,.T.);
#681=ORIENTED_EDGE('',*,*,#1046,.F.);
#682=ORIENTED_EDGE('',*,*,#970,.F.);
#683=ORIENTED_EDGE('',*,*,#962,.T.);
#684=ORIENTED_EDGE('',*,*,#1022,.T.);
#685=ORIENTED_EDGE('',*,*,#971,.T.);
#686=ORIENTED_EDGE('',*,*,#1046,.T.);
#687=ORIENTED_EDGE('',*,*,#1047,.F.);
#688=ORIENTED_EDGE('',*,*,#964,.F.);
#689=ORIENTED_EDGE('',*,*,#1045,.F.);
#690=ORIENTED_EDGE('',*,*,#1048,.F.);
#691=ORIENTED_EDGE('',*,*,#1024,.T.);
#692=ORIENTED_EDGE('',*,*,#1049,.T.);
#693=ORIENTED_EDGE('',*,*,#1048,.T.);
#694=ORIENTED_EDGE('',*,*,#1044,.T.);
#695=ORIENTED_EDGE('',*,*,#969,.T.);
#696=ORIENTED_EDGE('',*,*,#975,.F.);
#697=ORIENTED_EDGE('',*,*,#1043,.F.);
#698=ORIENTED_EDGE('',*,*,#956,.F.);
#699=ORIENTED_EDGE('',*,*,#1020,.F.);
#700=ORIENTED_EDGE('',*,*,#979,.F.);
#701=ORIENTED_EDGE('',*,*,#1041,.F.);
#702=ORIENTED_EDGE('',*,*,#952,.F.);
#703=ORIENTED_EDGE('',*,*,#1018,.F.);
#704=ORIENTED_EDGE('',*,*,#983,.F.);
#705=ORIENTED_EDGE('',*,*,#1039,.F.);
#706=ORIENTED_EDGE('',*,*,#948,.F.);
#707=ORIENTED_EDGE('',*,*,#1016,.F.);
#708=ORIENTED_EDGE('',*,*,#987,.F.);
#709=ORIENTED_EDGE('',*,*,#1037,.F.);
#710=ORIENTED_EDGE('',*,*,#944,.F.);
#711=ORIENTED_EDGE('',*,*,#1014,.F.);
#712=ORIENTED_EDGE('',*,*,#991,.F.);
#713=ORIENTED_EDGE('',*,*,#1035,.F.);
#714=ORIENTED_EDGE('',*,*,#940,.F.);
#715=ORIENTED_EDGE('',*,*,#1012,.F.);
#716=ORIENTED_EDGE('',*,*,#995,.F.);
#717=ORIENTED_EDGE('',*,*,#1033,.F.);
#718=ORIENTED_EDGE('',*,*,#936,.F.);
#719=ORIENTED_EDGE('',*,*,#1010,.F.);
#720=ORIENTED_EDGE('',*,*,#999,.F.);
#721=ORIENTED_EDGE('',*,*,#1031,.F.);
#722=ORIENTED_EDGE('',*,*,#932,.F.);
#723=ORIENTED_EDGE('',*,*,#1008,.F.);
#724=ORIENTED_EDGE('',*,*,#1003,.F.);
#725=ORIENTED_EDGE('',*,*,#1029,.F.);
#726=ORIENTED_EDGE('',*,*,#928,.F.);
#727=ORIENTED_EDGE('',*,*,#1006,.F.);
#728=ORIENTED_EDGE('',*,*,#967,.F.);
#729=ORIENTED_EDGE('',*,*,#1027,.F.);
#730=ORIENTED_EDGE('',*,*,#924,.F.);
#731=ORIENTED_EDGE('',*,*,#1025,.F.);
#732=ORIENTED_EDGE('',*,*,#1047,.T.);
#733=ORIENTED_EDGE('',*,*,#1049,.F.);
#734=ORIENTED_EDGE('',*,*,#1023,.T.);
#735=ORIENTED_EDGE('',*,*,#922,.T.);
#736=ORIENTED_EDGE('',*,*,#960,.T.);
#737=ORIENTED_EDGE('',*,*,#1050,.T.);
#738=ORIENTED_EDGE('',*,*,#958,.T.);
#739=ORIENTED_EDGE('',*,*,#1042,.T.);
#740=ORIENTED_EDGE('',*,*,#973,.T.);
#741=ORIENTED_EDGE('',*,*,#1021,.T.);
#742=ORIENTED_EDGE('',*,*,#1050,.F.);
#743=ORIENTED_EDGE('',*,*,#959,.F.);
#744=ORIENTED_EDGE('',*,*,#1019,.T.);
#745=ORIENTED_EDGE('',*,*,#954,.T.);
#746=ORIENTED_EDGE('',*,*,#1040,.T.);
#747=ORIENTED_EDGE('',*,*,#977,.T.);
#748=ORIENTED_EDGE('',*,*,#1017,.T.);
#749=ORIENTED_EDGE('',*,*,#950,.T.);
#750=ORIENTED_EDGE('',*,*,#1038,.T.);
#751=ORIENTED_EDGE('',*,*,#981,.T.);
#752=ORIENTED_EDGE('',*,*,#1015,.T.);
#753=ORIENTED_EDGE('',*,*,#946,.T.);
#754=ORIENTED_EDGE('',*,*,#1036,.T.);
#755=ORIENTED_EDGE('',*,*,#985,.T.);
#756=ORIENTED_EDGE('',*,*,#1013,.T.);
#757=ORIENTED_EDGE('',*,*,#942,.T.);
#758=ORIENTED_EDGE('',*,*,#1034,.T.);
#759=ORIENTED_EDGE('',*,*,#989,.T.);
#760=ORIENTED_EDGE('',*,*,#1011,.T.);
#761=ORIENTED_EDGE('',*,*,#938,.T.);
#762=ORIENTED_EDGE('',*,*,#1032,.T.);
#763=ORIENTED_EDGE('',*,*,#993,.T.);
#764=ORIENTED_EDGE('',*,*,#1009,.T.);
#765=ORIENTED_EDGE('',*,*,#934,.T.);
#766=ORIENTED_EDGE('',*,*,#1030,.T.);
#767=ORIENTED_EDGE('',*,*,#997,.T.);
#768=ORIENTED_EDGE('',*,*,#1007,.T.);
#769=ORIENTED_EDGE('',*,*,#930,.T.);
#770=ORIENTED_EDGE('',*,*,#1028,.T.);
#771=ORIENTED_EDGE('',*,*,#1001,.T.);
#772=ORIENTED_EDGE('',*,*,#1005,.T.);
#773=ORIENTED_EDGE('',*,*,#926,.T.);
#774=ORIENTED_EDGE('',*,*,#1026,.T.);
#775=ORIENTED_EDGE('',*,*,#965,.T.);
#776=ORIENTED_EDGE('',*,*,#1051,.F.);
#777=ORIENTED_EDGE('',*,*,#1052,.T.);
#778=ORIENTED_EDGE('',*,*,#1053,.T.);
#779=ORIENTED_EDGE('',*,*,#1054,.T.);
#780=ORIENTED_EDGE('',*,*,#1055,.T.);
#781=ORIENTED_EDGE('',*,*,#1056,.T.);
#782=ORIENTED_EDGE('',*,*,#1057,.F.);
#783=ORIENTED_EDGE('',*,*,#1058,.T.);
#784=ORIENTED_EDGE('',*,*,#1059,.F.);
#785=ORIENTED_EDGE('',*,*,#1060,.T.);
#786=ORIENTED_EDGE('',*,*,#1061,.T.);
#787=ORIENTED_EDGE('',*,*,#1062,.T.);
#788=ORIENTED_EDGE('',*,*,#1063,.T.);
#789=ORIENTED_EDGE('',*,*,#1064,.F.);
#790=ORIENTED_EDGE('',*,*,#1065,.F.);
#791=ORIENTED_EDGE('',*,*,#1066,.T.);
#792=ORIENTED_EDGE('',*,*,#1059,.T.);
#793=ORIENTED_EDGE('',*,*,#1067,.T.);
#794=ORIENTED_EDGE('',*,*,#1068,.F.);
#795=ORIENTED_EDGE('',*,*,#1069,.T.);
#796=ORIENTED_EDGE('',*,*,#1070,.F.);
#797=ORIENTED_EDGE('',*,*,#1071,.T.);
#798=ORIENTED_EDGE('',*,*,#1072,.T.);
#799=ORIENTED_EDGE('',*,*,#1073,.T.);
#800=ORIENTED_EDGE('',*,*,#1074,.T.);
#801=ORIENTED_EDGE('',*,*,#1075,.T.);
#802=ORIENTED_EDGE('',*,*,#1076,.T.);
#803=ORIENTED_EDGE('',*,*,#1077,.T.);
#804=ORIENTED_EDGE('',*,*,#1065,.T.);
#805=ORIENTED_EDGE('',*,*,#1078,.F.);
#806=ORIENTED_EDGE('',*,*,#1079,.F.);
#807=ORIENTED_EDGE('',*,*,#1080,.T.);
#808=ORIENTED_EDGE('',*,*,#1063,.F.);
#809=ORIENTED_EDGE('',*,*,#1081,.T.);
#810=ORIENTED_EDGE('',*,*,#1079,.T.);
#811=ORIENTED_EDGE('',*,*,#1082,.F.);
#812=ORIENTED_EDGE('',*,*,#1061,.F.);
#813=ORIENTED_EDGE('',*,*,#1083,.T.);
#814=ORIENTED_EDGE('',*,*,#1076,.F.);
#815=ORIENTED_EDGE('',*,*,#1084,.T.);
#816=ORIENTED_EDGE('',*,*,#1064,.T.);
#817=ORIENTED_EDGE('',*,*,#1082,.T.);
#818=ORIENTED_EDGE('',*,*,#1078,.T.);
#819=ORIENTED_EDGE('',*,*,#1067,.F.);
#820=ORIENTED_EDGE('',*,*,#1060,.F.);
#821=ORIENTED_EDGE('',*,*,#1066,.F.);
#822=ORIENTED_EDGE('',*,*,#1077,.F.);
#823=ORIENTED_EDGE('',*,*,#1083,.F.);
#824=ORIENTED_EDGE('',*,*,#1062,.F.);
#825=ORIENTED_EDGE('',*,*,#1084,.F.);
#826=ORIENTED_EDGE('',*,*,#1080,.F.);
#827=ORIENTED_EDGE('',*,*,#1081,.F.);
#828=ORIENTED_EDGE('',*,*,#1051,.T.);
#829=ORIENTED_EDGE('',*,*,#1085,.T.);
#830=ORIENTED_EDGE('',*,*,#1068,.T.);
#831=ORIENTED_EDGE('',*,*,#1086,.T.);
#832=ORIENTED_EDGE('',*,*,#1074,.F.);
#833=ORIENTED_EDGE('',*,*,#1087,.T.);
#834=ORIENTED_EDGE('',*,*,#1053,.F.);
#835=ORIENTED_EDGE('',*,*,#1088,.T.);
#836=ORIENTED_EDGE('',*,*,#1072,.F.);
#837=ORIENTED_EDGE('',*,*,#1089,.T.);
#838=ORIENTED_EDGE('',*,*,#1055,.F.);
#839=ORIENTED_EDGE('',*,*,#1090,.T.);
#840=ORIENTED_EDGE('',*,*,#1057,.T.);
#841=ORIENTED_EDGE('',*,*,#1091,.T.);
#842=ORIENTED_EDGE('',*,*,#1070,.T.);
#843=ORIENTED_EDGE('',*,*,#1092,.T.);
#844=ORIENTED_EDGE('',*,*,#1071,.F.);
#845=ORIENTED_EDGE('',*,*,#1091,.F.);
#846=ORIENTED_EDGE('',*,*,#1056,.F.);
#847=ORIENTED_EDGE('',*,*,#1089,.F.);
#848=ORIENTED_EDGE('',*,*,#1073,.F.);
#849=ORIENTED_EDGE('',*,*,#1090,.F.);
#850=ORIENTED_EDGE('',*,*,#1054,.F.);
#851=ORIENTED_EDGE('',*,*,#1087,.F.);
#852=ORIENTED_EDGE('',*,*,#1069,.F.);
#853=ORIENTED_EDGE('',*,*,#1085,.F.);
#854=ORIENTED_EDGE('',*,*,#1058,.F.);
#855=ORIENTED_EDGE('',*,*,#1092,.F.);
#856=ORIENTED_EDGE('',*,*,#1075,.F.);
#857=ORIENTED_EDGE('',*,*,#1088,.F.);
#858=ORIENTED_EDGE('',*,*,#1052,.F.);
#859=ORIENTED_EDGE('',*,*,#1086,.F.);
#860=ORIENTED_EDGE('',*,*,#1093,.F.);
#861=ORIENTED_EDGE('',*,*,#1093,.T.);
#862=ORIENTED_EDGE('',*,*,#1094,.F.);
#863=ORIENTED_EDGE('',*,*,#1094,.T.);
#864=EDGE_CURVE('',#1095,#1095,#1255,.T.);
#865=EDGE_CURVE('',#1096,#1096,#1256,.T.);
#866=EDGE_CURVE('',#1097,#1097,#1257,.T.);
#867=EDGE_CURVE('',#1098,#1098,#1258,.T.);
#868=EDGE_CURVE('',#1099,#1099,#1259,.T.);
#869=EDGE_CURVE('',#1100,#1100,#1260,.T.);
#870=EDGE_CURVE('',#1101,#1101,#1261,.T.);
#871=EDGE_CURVE('',#1102,#1102,#139,.T.);
#872=EDGE_CURVE('',#1103,#1103,#1262,.T.);
#873=EDGE_CURVE('',#1104,#1104,#140,.T.);
#874=EDGE_CURVE('',#1105,#1105,#1263,.T.);
#875=EDGE_CURVE('',#1106,#1106,#141,.T.);
#876=EDGE_CURVE('',#1107,#1107,#142,.T.);
#877=EDGE_CURVE('',#1108,#1108,#1264,.T.);
#878=EDGE_CURVE('',#1109,#1109,#1265,.T.);
#879=EDGE_CURVE('',#1110,#1110,#1266,.T.);
#880=EDGE_CURVE('',#1111,#1112,#12,.T.);
#881=EDGE_CURVE('',#1111,#1113,#13,.T.);
#882=EDGE_CURVE('',#1113,#1114,#14,.T.);
#883=EDGE_CURVE('',#1112,#1114,#15,.T.);
#884=EDGE_CURVE('',#1115,#1116,#16,.T.);
#885=EDGE_CURVE('',#1115,#1117,#143,.T.);
#886=EDGE_CURVE('',#1117,#1118,#17,.T.);
#887=EDGE_CURVE('',#1118,#1119,#144,.T.);
#888=EDGE_CURVE('',#1119,#1120,#18,.T.);
#889=EDGE_CURVE('',#1120,#1121,#145,.T.);
#890=EDGE_CURVE('',#1122,#1121,#19,.T.);
#891=EDGE_CURVE('',#1122,#1116,#146,.T.);
#892=EDGE_CURVE('',#1123,#1124,#20,.T.);
#893=EDGE_CURVE('',#1123,#1111,#21,.F.);
#894=EDGE_CURVE('',#1112,#1125,#22,.T.);
#895=EDGE_CURVE('',#1126,#1125,#23,.T.);
#896=EDGE_CURVE('',#1126,#1124,#24,.T.);
#897=EDGE_CURVE('',#1127,#1128,#25,.T.);
#898=EDGE_CURVE('',#1127,#1126,#26,.T.);
#899=EDGE_CURVE('',#1125,#1128,#27,.T.);
#900=EDGE_CURVE('',#1129,#1130,#28,.T.);
#901=EDGE_CURVE('',#1129,#1131,#147,.T.);
#902=EDGE_CURVE('',#1131,#1132,#29,.T.);
#903=EDGE_CURVE('',#1132,#1133,#148,.T.);
#904=EDGE_CURVE('',#1133,#1134,#30,.T.);
#905=EDGE_CURVE('',#1134,#1135,#149,.T.);
#906=EDGE_CURVE('',#1136,#1135,#31,.T.);
#907=EDGE_CURVE('',#1136,#1130,#150,.T.);
#908=EDGE_CURVE('',#1113,#1137,#32,.F.);
#909=EDGE_CURVE('',#1138,#1137,#33,.T.);
#910=EDGE_CURVE('',#1138,#1127,#34,.T.);
#911=EDGE_CURVE('',#1128,#1114,#35,.T.);
#912=EDGE_CURVE('',#1137,#1123,#36,.T.);
#913=EDGE_CURVE('',#1124,#1138,#37,.T.);
#914=EDGE_CURVE('',#1133,#1118,#151,.T.);
#915=EDGE_CURVE('',#1117,#1134,#152,.T.);
#916=EDGE_CURVE('',#1116,#1136,#153,.T.);
#917=EDGE_CURVE('',#1135,#1115,#154,.T.);
#918=EDGE_CURVE('',#1121,#1129,#155,.T.);
#919=EDGE_CURVE('',#1130,#1122,#156,.T.);
#920=EDGE_CURVE('',#1131,#1120,#157,.T.);
#921=EDGE_CURVE('',#1119,#1132,#158,.T.);
#922=EDGE_CURVE('',#1139,#1140,#159,.T.);
#923=EDGE_CURVE('',#1139,#1141,#160,.T.);
#924=EDGE_CURVE('',#1141,#1142,#161,.T.);
#925=EDGE_CURVE('',#1142,#1143,#162,.T.);
#926=EDGE_CURVE('',#1144,#1143,#163,.T.);
#927=EDGE_CURVE('',#1144,#1145,#164,.T.);
#928=EDGE_CURVE('',#1145,#1146,#165,.T.);
#929=EDGE_CURVE('',#1146,#1147,#166,.T.);
#930=EDGE_CURVE('',#1148,#1147,#167,.T.);
#931=EDGE_CURVE('',#1148,#1149,#168,.T.);
#932=EDGE_CURVE('',#1149,#1150,#169,.T.);
#933=EDGE_CURVE('',#1150,#1151,#170,.T.);
#934=EDGE_CURVE('',#1152,#1151,#171,.T.);
#935=EDGE_CURVE('',#1152,#1153,#172,.T.);
#936=EDGE_CURVE('',#1153,#1154,#173,.T.);
#937=EDGE_CURVE('',#1154,#1155,#174,.T.);
#938=EDGE_CURVE('',#1156,#1155,#175,.T.);
#939=EDGE_CURVE('',#1156,#1157,#176,.T.);
#940=EDGE_CURVE('',#1157,#1158,#177,.T.);
#941=EDGE_CURVE('',#1158,#1159,#178,.T.);
#942=EDGE_CURVE('',#1160,#1159,#179,.T.);
#943=EDGE_CURVE('',#1160,#1161,#180,.T.);
#944=EDGE_CURVE('',#1161,#1162,#181,.T.);
#945=EDGE_CURVE('',#1162,#1163,#182,.T.);
#946=EDGE_CURVE('',#1164,#1163,#183,.T.);
#947=EDGE_CURVE('',#1164,#1165,#184,.T.);
#948=EDGE_CURVE('',#1165,#1166,#185,.T.);
#949=EDGE_CURVE('',#1166,#1167,#186,.T.);
#950=EDGE_CURVE('',#1168,#1167,#187,.T.);
#951=EDGE_CURVE('',#1168,#1169,#188,.T.);
#952=EDGE_CURVE('',#1169,#1170,#189,.T.);
#953=EDGE_CURVE('',#1170,#1171,#190,.T.);
#954=EDGE_CURVE('',#1172,#1171,#191,.T.);
#955=EDGE_CURVE('',#1172,#1173,#192,.T.);
#956=EDGE_CURVE('',#1173,#1174,#193,.T.);
#957=EDGE_CURVE('',#1174,#1175,#194,.T.);
#958=EDGE_CURVE('',#1176,#1175,#195,.T.);
#959=EDGE_CURVE('',#1176,#1177,#196,.T.);
#960=EDGE_CURVE('',#1178,#1177,#197,.T.);
#961=EDGE_CURVE('',#1178,#1179,#198,.T.);
#962=EDGE_CURVE('',#1180,#1179,#199,.T.);
#963=EDGE_CURVE('',#1181,#1180,#136,.T.);
#964=EDGE_CURVE('',#1181,#1140,#38,.F.);
#965=EDGE_CURVE('',#1182,#1183,#200,.T.);
#966=EDGE_CURVE('',#1182,#1184,#201,.T.);
#967=EDGE_CURVE('',#1184,#1185,#202,.T.);
#968=EDGE_CURVE('',#1185,#1186,#203,.T.);
#969=EDGE_CURVE('',#1187,#1186,#204,.T.);
#970=EDGE_CURVE('',#1187,#1188,#137,.T.);
#971=EDGE_CURVE('',#1189,#1188,#205,.T.);
#972=EDGE_CURVE('',#1189,#1190,#206,.T.);
#973=EDGE_CURVE('',#1191,#1190,#207,.T.);
#974=EDGE_CURVE('',#1191,#1192,#208,.T.);
#975=EDGE_CURVE('',#1192,#1193,#209,.T.);
#976=EDGE_CURVE('',#1193,#1194,#210,.T.);
#977=EDGE_CURVE('',#1195,#1194,#211,.T.);
#978=EDGE_CURVE('',#1195,#1196,#212,.T.);
#979=EDGE_CURVE('',#1196,#1197,#213,.T.);
#980=EDGE_CURVE('',#1197,#1198,#214,.T.);
#981=EDGE_CURVE('',#1199,#1198,#215,.T.);
#982=EDGE_CURVE('',#1199,#1200,#216,.T.);
#983=EDGE_CURVE('',#1200,#1201,#217,.T.);
#984=EDGE_CURVE('',#1201,#1202,#218,.T.);
#985=EDGE_CURVE('',#1203,#1202,#219,.T.);
#986=EDGE_CURVE('',#1203,#1204,#220,.T.);
#987=EDGE_CURVE('',#1204,#1205,#221,.T.);
#988=EDGE_CURVE('',#1205,#1206,#222,.T.);
#989=EDGE_CURVE('',#1207,#1206,#223,.T.);
#990=EDGE_CURVE('',#1207,#1208,#224,.T.);
#991=EDGE_CURVE('',#1208,#1209,#225,.T.);
#992=EDGE_CURVE('',#1209,#1210,#226,.T.);
#993=EDGE_CURVE('',#1211,#1210,#227,.T.);
#994=EDGE_CURVE('',#1211,#1212,#228,.T.);
#995=EDGE_CURVE('',#1212,#1213,#229,.T.);
#996=EDGE_CURVE('',#1213,#1214,#230,.T.);
#997=EDGE_CURVE('',#1215,#1214,#231,.T.);
#998=EDGE_CURVE('',#1215,#1216,#232,.T.);
#999=EDGE_CURVE('',#1216,#1217,#233,.T.);
#1000=EDGE_CURVE('',#1217,#1218,#234,.T.);
#1001=EDGE_CURVE('',#1219,#1218,#235,.T.);
#1002=EDGE_CURVE('',#1219,#1220,#236,.T.);
#1003=EDGE_CURVE('',#1220,#1221,#237,.T.);
#1004=EDGE_CURVE('',#1221,#1183,#238,.T.);
#1005=EDGE_CURVE('',#1183,#1144,#239,.T.);
#1006=EDGE_CURVE('',#1221,#1145,#240,.F.);
#1007=EDGE_CURVE('',#1218,#1148,#241,.T.);
#1008=EDGE_CURVE('',#1217,#1149,#242,.F.);
#1009=EDGE_CURVE('',#1214,#1152,#243,.T.);
#1010=EDGE_CURVE('',#1213,#1153,#244,.F.);
#1011=EDGE_CURVE('',#1210,#1156,#245,.T.);
#1012=EDGE_CURVE('',#1209,#1157,#246,.F.);
#1013=EDGE_CURVE('',#1206,#1160,#247,.T.);
#1014=EDGE_CURVE('',#1205,#1161,#248,.F.);
#1015=EDGE_CURVE('',#1202,#1164,#249,.T.);
#1016=EDGE_CURVE('',#1201,#1165,#250,.F.);
#1017=EDGE_CURVE('',#1198,#1168,#251,.T.);
#1018=EDGE_CURVE('',#1197,#1169,#252,.F.);
#1019=EDGE_CURVE('',#1194,#1172,#253,.T.);
#1020=EDGE_CURVE('',#1193,#1173,#254,.F.);
#1021=EDGE_CURVE('',#1190,#1178,#255,.T.);
#1022=EDGE_CURVE('',#1179,#1189,#256,.T.);
#1023=EDGE_CURVE('',#1222,#1139,#257,.T.);
#1024=EDGE_CURVE('',#1186,#1222,#258,.T.);
#1025=EDGE_CURVE('',#1185,#1141,#259,.F.);
#1026=EDGE_CURVE('',#1143,#1182,#260,.T.);
#1027=EDGE_CURVE('',#1142,#1184,#261,.F.);
#1028=EDGE_CURVE('',#1147,#1219,#262,.T.);
#1029=EDGE_CURVE('',#1146,#1220,#263,.F.);
#1030=EDGE_CURVE('',#1151,#1215,#264,.T.);
#1031=EDGE_CURVE('',#1150,#1216,#265,.F.);
#1032=EDGE_CURVE('',#1155,#1211,#266,.T.);
#1033=EDGE_CURVE('',#1154,#1212,#267,.F.);
#1034=EDGE_CURVE('',#1159,#1207,#268,.T.);
#1035=EDGE_CURVE('',#1158,#1208,#269,.F.);
#1036=EDGE_CURVE('',#1163,#1203,#270,.T.);
#1037=EDGE_CURVE('',#1162,#1204,#271,.F.);
#1038=EDGE_CURVE('',#1167,#1199,#272,.T.);
#1039=EDGE_CURVE('',#1166,#1200,#273,.F.);
#1040=EDGE_CURVE('',#1171,#1195,#274,.T.);
#1041=EDGE_CURVE('',#1170,#1196,#275,.F.);
#1042=EDGE_CURVE('',#1175,#1191,#276,.T.);
#1043=EDGE_CURVE('',#1174,#1192,#277,.F.);
#1044=EDGE_CURVE('',#1223,#1187,#1267,.T.);
#1045=EDGE_CURVE('',#1223,#1181,#39,.F.);
#1046=EDGE_CURVE('',#1188,#1180,#278,.T.);
#1047=EDGE_CURVE('',#1140,#1224,#40,.T.);
#1048=EDGE_CURVE('',#1224,#1223,#41,.T.);
#1049=EDGE_CURVE('',#1222,#1224,#42,.T.);
#1050=EDGE_CURVE('',#1177,#1176,#43,.T.);
#1051=EDGE_CURVE('',#1225,#1226,#44,.T.);
#1052=EDGE_CURVE('',#1225,#1227,#279,.T.);
#1053=EDGE_CURVE('',#1227,#1228,#45,.T.);
#1054=EDGE_CURVE('',#1228,#1229,#280,.T.);
#1055=EDGE_CURVE('',#1229,#1230,#46,.T.);
#1056=EDGE_CURVE('',#1230,#1231,#281,.T.);
#1057=EDGE_CURVE('',#1232,#1231,#47,.T.);
#1058=EDGE_CURVE('',#1232,#1226,#282,.T.);
#1059=EDGE_CURVE('',#1233,#1234,#48,.T.);
#1060=EDGE_CURVE('',#1233,#1235,#49,.T.);
#1061=EDGE_CURVE('',#1235,#1236,#50,.T.);
#1062=EDGE_CURVE('',#1236,#1237,#51,.F.);
#1063=EDGE_CURVE('',#1237,#1238,#52,.T.);
#1064=EDGE_CURVE('',#1234,#1238,#53,.T.);
#1065=EDGE_CURVE('',#1239,#1240,#54,.T.);
#1066=EDGE_CURVE('',#1239,#1233,#55,.T.);
#1067=EDGE_CURVE('',#1234,#1240,#56,.T.);
#1068=EDGE_CURVE('',#1241,#1242,#57,.T.);
#1069=EDGE_CURVE('',#1241,#1243,#283,.T.);
#1070=EDGE_CURVE('',#1244,#1243,#58,.T.);
#1071=EDGE_CURVE('',#1244,#1245,#284,.T.);
#1072=EDGE_CURVE('',#1245,#1246,#59,.T.);
#1073=EDGE_CURVE('',#1246,#1247,#285,.T.);
#1074=EDGE_CURVE('',#1247,#1248,#60,.T.);
#1075=EDGE_CURVE('',#1248,#1242,#286,.T.);
#1076=EDGE_CURVE('',#1249,#1250,#61,.T.);
#1077=EDGE_CURVE('',#1250,#1239,#62,.T.);
#1078=EDGE_CURVE('',#1251,#1240,#63,.T.);
#1079=EDGE_CURVE('',#1252,#1251,#64,.T.);
#1080=EDGE_CURVE('',#1252,#1249,#65,.F.);
#1081=EDGE_CURVE('',#1237,#1252,#66,.T.);
#1082=EDGE_CURVE('',#1238,#1251,#67,.T.);
#1083=EDGE_CURVE('',#1235,#1250,#68,.T.);
#1084=EDGE_CURVE('',#1249,#1236,#69,.T.);
#1085=EDGE_CURVE('',#1226,#1241,#287,.T.);
#1086=EDGE_CURVE('',#1242,#1225,#288,.T.);
#1087=EDGE_CURVE('',#1247,#1228,#289,.T.);
#1088=EDGE_CURVE('',#1227,#1248,#290,.T.);
#1089=EDGE_CURVE('',#1245,#1230,#291,.T.);
#1090=EDGE_CURVE('',#1229,#1246,#292,.T.);
#1091=EDGE_CURVE('',#1231,#1244,#293,.T.);
#1092=EDGE_CURVE('',#1243,#1232,#294,.T.);
#1093=EDGE_CURVE('',#1253,#1253,#1268,.T.);
#1094=EDGE_CURVE('',#1254,#1254,#1269,.T.);
#1095=VERTEX_POINT('',#2046);
#1096=VERTEX_POINT('',#2048);
#1097=VERTEX_POINT('',#2052);
#1098=VERTEX_POINT('',#2055);
#1099=VERTEX_POINT('',#2060);
#1100=VERTEX_POINT('',#2062);
#1101=VERTEX_POINT('',#2140);
#1102=VERTEX_POINT('',#2156);
#1103=VERTEX_POINT('',#2158);
#1104=VERTEX_POINT('',#2180);
#1105=VERTEX_POINT('',#2833);
#1106=VERTEX_POINT('',#2846);
#1107=VERTEX_POINT('',#2867);
#1108=VERTEX_POINT('',#2869);
#1109=VERTEX_POINT('',#2872);
#1110=VERTEX_POINT('',#2950);
#1111=VERTEX_POINT('',#3050);
#1112=VERTEX_POINT('',#3051);
#1113=VERTEX_POINT('',#3053);
#1114=VERTEX_POINT('',#3055);
#1115=VERTEX_POINT('',#3059);
#1116=VERTEX_POINT('',#3060);
#1117=VERTEX_POINT('',#3065);
#1118=VERTEX_POINT('',#3067);
#1119=VERTEX_POINT('',#3072);
#1120=VERTEX_POINT('',#3074);
#1121=VERTEX_POINT('',#3079);
#1122=VERTEX_POINT('',#3081);
#1123=VERTEX_POINT('',#3087);
#1124=VERTEX_POINT('',#3088);
#1125=VERTEX_POINT('',#3091);
#1126=VERTEX_POINT('',#3093);
#1127=VERTEX_POINT('',#3097);
#1128=VERTEX_POINT('',#3098);
#1129=VERTEX_POINT('',#3103);
#1130=VERTEX_POINT('',#3104);
#1131=VERTEX_POINT('',#3109);
#1132=VERTEX_POINT('',#3111);
#1133=VERTEX_POINT('',#3116);
#1134=VERTEX_POINT('',#3118);
#1135=VERTEX_POINT('',#3123);
#1136=VERTEX_POINT('',#3125);
#1137=VERTEX_POINT('',#3131);
#1138=VERTEX_POINT('',#3133);
#1139=VERTEX_POINT('',#3586);
#1140=VERTEX_POINT('',#3587);
#1141=VERTEX_POINT('',#3599);
#1142=VERTEX_POINT('',#3604);
#1143=VERTEX_POINT('',#3616);
#1144=VERTEX_POINT('',#3621);
#1145=VERTEX_POINT('',#3633);
#1146=VERTEX_POINT('',#3638);
#1147=VERTEX_POINT('',#3650);
#1148=VERTEX_POINT('',#3655);
#1149=VERTEX_POINT('',#3670);
#1150=VERTEX_POINT('',#3675);
#1151=VERTEX_POINT('',#3687);
#1152=VERTEX_POINT('',#3692);
#1153=VERTEX_POINT('',#3704);
#1154=VERTEX_POINT('',#3709);
#1155=VERTEX_POINT('',#3721);
#1156=VERTEX_POINT('',#3726);
#1157=VERTEX_POINT('',#3738);
#1158=VERTEX_POINT('',#3743);
#1159=VERTEX_POINT('',#3755);
#1160=VERTEX_POINT('',#3760);
#1161=VERTEX_POINT('',#3772);
#1162=VERTEX_POINT('',#3777);
#1163=VERTEX_POINT('',#3789);
#1164=VERTEX_POINT('',#3794);
#1165=VERTEX_POINT('',#3806);
#1166=VERTEX_POINT('',#3811);
#1167=VERTEX_POINT('',#3823);
#1168=VERTEX_POINT('',#3828);
#1169=VERTEX_POINT('',#3840);
#1170=VERTEX_POINT('',#3845);
#1171=VERTEX_POINT('',#3857);
#1172=VERTEX_POINT('',#3862);
#1173=VERTEX_POINT('',#3874);
#1174=VERTEX_POINT('',#3879);
#1175=VERTEX_POINT('',#3891);
#1176=VERTEX_POINT('',#3896);
#1177=VERTEX_POINT('',#3901);
#1178=VERTEX_POINT('',#3906);
#1179=VERTEX_POINT('',#3912);
#1180=VERTEX_POINT('',#3917);
#1181=VERTEX_POINT('',#4039);
#1182=VERTEX_POINT('',#4497);
#1183=VERTEX_POINT('',#4498);
#1184=VERTEX_POINT('',#4510);
#1185=VERTEX_POINT('',#4515);
#1186=VERTEX_POINT('',#4526);
#1187=VERTEX_POINT('',#4534);
#1188=VERTEX_POINT('',#4656);
#1189=VERTEX_POINT('',#4661);
#1190=VERTEX_POINT('',#4667);
#1191=VERTEX_POINT('',#4672);
#1192=VERTEX_POINT('',#4684);
#1193=VERTEX_POINT('',#4689);
#1194=VERTEX_POINT('',#4701);
#1195=VERTEX_POINT('',#4706);
#1196=VERTEX_POINT('',#4718);
#1197=VERTEX_POINT('',#4723);
#1198=VERTEX_POINT('',#4735);
#1199=VERTEX_POINT('',#4740);
#1200=VERTEX_POINT('',#4752);
#1201=VERTEX_POINT('',#4757);
#1202=VERTEX_POINT('',#4769);
#1203=VERTEX_POINT('',#4774);
#1204=VERTEX_POINT('',#4786);
#1205=VERTEX_POINT('',#4791);
#1206=VERTEX_POINT('',#4803);
#1207=VERTEX_POINT('',#4808);
#1208=VERTEX_POINT('',#4820);
#1209=VERTEX_POINT('',#4825);
#1210=VERTEX_POINT('',#4837);
#1211=VERTEX_POINT('',#4842);
#1212=VERTEX_POINT('',#4854);
#1213=VERTEX_POINT('',#4859);
#1214=VERTEX_POINT('',#4871);
#1215=VERTEX_POINT('',#4876);
#1216=VERTEX_POINT('',#4888);
#1217=VERTEX_POINT('',#4893);
#1218=VERTEX_POINT('',#4905);
#1219=VERTEX_POINT('',#4910);
#1220=VERTEX_POINT('',#4922);
#1221=VERTEX_POINT('',#4927);
#1222=VERTEX_POINT('',#7369);
#1223=VERTEX_POINT('',#9742);
#1224=VERTEX_POINT('',#9751);
#1225=VERTEX_POINT('',#9779);
#1226=VERTEX_POINT('',#9780);
#1227=VERTEX_POINT('',#9785);
#1228=VERTEX_POINT('',#9787);
#1229=VERTEX_POINT('',#9792);
#1230=VERTEX_POINT('',#9794);
#1231=VERTEX_POINT('',#9799);
#1232=VERTEX_POINT('',#9801);
#1233=VERTEX_POINT('',#9807);
#1234=VERTEX_POINT('',#9808);
#1235=VERTEX_POINT('',#9810);
#1236=VERTEX_POINT('',#9812);
#1237=VERTEX_POINT('',#9814);
#1238=VERTEX_POINT('',#9816);
#1239=VERTEX_POINT('',#9820);
#1240=VERTEX_POINT('',#9821);
#1241=VERTEX_POINT('',#9826);
#1242=VERTEX_POINT('',#9827);
#1243=VERTEX_POINT('',#9832);
#1244=VERTEX_POINT('',#9834);
#1245=VERTEX_POINT('',#9839);
#1246=VERTEX_POINT('',#9841);
#1247=VERTEX_POINT('',#9846);
#1248=VERTEX_POINT('',#9848);
#1249=VERTEX_POINT('',#9854);
#1250=VERTEX_POINT('',#9855);
#1251=VERTEX_POINT('',#9858);
#1252=VERTEX_POINT('',#9860);
#1253=VERTEX_POINT('',#9974);
#1254=VERTEX_POINT('',#9977);
#1255=CIRCLE('',#1714,0.006);
#1256=CIRCLE('',#1715,0.006);
#1257=CIRCLE('',#1718,0.0053937822173509);
#1258=CIRCLE('',#1720,0.0053937822173509);
#1259=CIRCLE('',#1724,0.0059);
#1260=CIRCLE('',#1725,0.0059);
#1261=CIRCLE('',#1726,0.0025);
#1262=CIRCLE('',#1731,0.005);
#1263=CIRCLE('',#1737,0.006);
#1264=CIRCLE('',#1740,0.00875);
#1265=CIRCLE('',#1742,0.00875);
#1266=CIRCLE('',#1743,0.0064);
#1267=CIRCLE('',#1760,0.0053937822173509);
#1268=CIRCLE('',#1799,0.0053937822173509);
#1269=CIRCLE('',#1801,0.0053937822173509);
#1270=EDGE_LOOP('',(#402));
#1271=EDGE_LOOP('',(#403));
#1272=EDGE_LOOP('',(#404));
#1273=EDGE_LOOP('',(#405));
#1274=EDGE_LOOP('',(#406));
#1275=EDGE_LOOP('',(#407));
#1276=EDGE_LOOP('',(#408));
#1277=EDGE_LOOP('',(#409));
#1278=EDGE_LOOP('',(#410));
#1279=EDGE_LOOP('',(#411));
#1280=EDGE_LOOP('',(#412));
#1281=EDGE_LOOP('',(#413));
#1282=EDGE_LOOP('',(#414));
#1283=EDGE_LOOP('',(#415));
#1284=EDGE_LOOP('',(#416));
#1285=EDGE_LOOP('',(#417));
#1286=EDGE_LOOP('',(#418));
#1287=EDGE_LOOP('',(#419));
#1288=EDGE_LOOP('',(#420));
#1289=EDGE_LOOP('',(#421));
#1290=EDGE_LOOP('',(#422));
#1291=EDGE_LOOP('',(#423));
#1292=EDGE_LOOP('',(#424));
#1293=EDGE_LOOP('',(#425));
#1294=EDGE_LOOP('',(#426));
#1295=EDGE_LOOP('',(#427));
#1296=EDGE_LOOP('',(#428));
#1297=EDGE_LOOP('',(#429));
#1298=EDGE_LOOP('',(#430));
#1299=EDGE_LOOP('',(#431));
#1300=EDGE_LOOP('',(#432));
#1301=EDGE_LOOP('',(#433));
#1302=EDGE_LOOP('',(#434,#435,#436,#437));
#1303=EDGE_LOOP('',(#438,#439,#440,#441,#442,#443,#444,#445));
#1304=EDGE_LOOP('',(#446,#447,#448,#449,#450,#451));
#1305=EDGE_LOOP('',(#452,#453,#454,#455));
#1306=EDGE_LOOP('',(#456,#457,#458,#459,#460,#461,#462,#463));
#1307=EDGE_LOOP('',(#464,#465,#466,#467,#468,#469));
#1308=EDGE_LOOP('',(#470,#471,#472,#473));
#1309=EDGE_LOOP('',(#474,#475,#476,#477));
#1310=EDGE_LOOP('',(#478,#479,#480,#481));
#1311=EDGE_LOOP('',(#482,#483,#484,#485));
#1312=EDGE_LOOP('',(#486,#487,#488,#489));
#1313=EDGE_LOOP('',(#490,#491,#492,#493));
#1314=EDGE_LOOP('',(#494,#495,#496,#497));
#1315=EDGE_LOOP('',(#498,#499,#500,#501));
#1316=EDGE_LOOP('',(#502,#503,#504,#505));
#1317=EDGE_LOOP('',(#506,#507,#508,#509));
#1318=EDGE_LOOP('',(#510,#511,#512,#513));
#1319=EDGE_LOOP('',(#514,#515,#516,#517));
#1320=EDGE_LOOP('',(#518,#519,#520,#521,#522,#523,#524,#525,#526,#527,#528,
#529,#530,#531,#532,#533,#534,#535,#536,#537,#538,#539,#540,#541,#542,#543,
#544,#545,#546,#547,#548,#549,#550,#551,#552,#553,#554,#555,#556,#557,#558,
#559,#560));
#1321=EDGE_LOOP('',(#561,#562,#563,#564,#565,#566,#567,#568,#569,#570,#571,
#572,#573,#574,#575,#576,#577,#578,#579,#580,#581,#582,#583,#584,#585,#586,
#587,#588,#589,#590,#591,#592,#593,#594,#595,#596,#597,#598,#599,#600));
#1322=EDGE_LOOP('',(#601,#602,#603,#604));
#1323=EDGE_LOOP('',(#605,#606,#607,#608));
#1324=EDGE_LOOP('',(#609,#610,#611,#612));
#1325=EDGE_LOOP('',(#613,#614,#615,#616));
#1326=EDGE_LOOP('',(#617,#618,#619,#620));
#1327=EDGE_LOOP('',(#621,#622,#623,#624));
#1328=EDGE_LOOP('',(#625,#626,#627,#628));
#1329=EDGE_LOOP('',(#629,#630,#631,#632));
#1330=EDGE_LOOP('',(#633,#634,#635,#636));
#1331=EDGE_LOOP('',(#637,#638,#639,#640,#641));
#1332=EDGE_LOOP('',(#642,#643,#644,#645));
#1333=EDGE_LOOP('',(#646,#647,#648,#649));
#1334=EDGE_LOOP('',(#650,#651,#652,#653));
#1335=EDGE_LOOP('',(#654,#655,#656,#657));
#1336=EDGE_LOOP('',(#658,#659,#660,#661));
#1337=EDGE_LOOP('',(#662,#663,#664,#665));
#1338=EDGE_LOOP('',(#666,#667,#668,#669));
#1339=EDGE_LOOP('',(#670,#671,#672,#673));
#1340=EDGE_LOOP('',(#674,#675,#676,#677));
#1341=EDGE_LOOP('',(#678,#679,#680,#681,#682));
#1342=EDGE_LOOP('',(#683,#684,#685,#686));
#1343=EDGE_LOOP('',(#687,#688,#689,#690));
#1344=EDGE_LOOP('',(#691,#692,#693,#694,#695));
#1345=EDGE_LOOP('',(#696,#697,#698,#699));
#1346=EDGE_LOOP('',(#700,#701,#702,#703));
#1347=EDGE_LOOP('',(#704,#705,#706,#707));
#1348=EDGE_LOOP('',(#708,#709,#710,#711));
#1349=EDGE_LOOP('',(#712,#713,#714,#715));
#1350=EDGE_LOOP('',(#716,#717,#718,#719));
#1351=EDGE_LOOP('',(#720,#721,#722,#723));
#1352=EDGE_LOOP('',(#724,#725,#726,#727));
#1353=EDGE_LOOP('',(#728,#729,#730,#731));
#1354=EDGE_LOOP('',(#732,#733,#734,#735));
#1355=EDGE_LOOP('',(#736,#737,#738,#739,#740,#741));
#1356=EDGE_LOOP('',(#742,#743));
#1357=EDGE_LOOP('',(#744,#745,#746,#747));
#1358=EDGE_LOOP('',(#748,#749,#750,#751));
#1359=EDGE_LOOP('',(#752,#753,#754,#755));
#1360=EDGE_LOOP('',(#756,#757,#758,#759));
#1361=EDGE_LOOP('',(#760,#761,#762,#763));
#1362=EDGE_LOOP('',(#764,#765,#766,#767));
#1363=EDGE_LOOP('',(#768,#769,#770,#771));
#1364=EDGE_LOOP('',(#772,#773,#774,#775));
#1365=EDGE_LOOP('',(#776,#777,#778,#779,#780,#781,#782,#783));
#1366=EDGE_LOOP('',(#784,#785,#786,#787,#788,#789));
#1367=EDGE_LOOP('',(#790,#791,#792,#793));
#1368=EDGE_LOOP('',(#794,#795,#796,#797,#798,#799,#800,#801));
#1369=EDGE_LOOP('',(#802,#803,#804,#805,#806,#807));
#1370=EDGE_LOOP('',(#808,#809,#810,#811));
#1371=EDGE_LOOP('',(#812,#813,#814,#815));
#1372=EDGE_LOOP('',(#816,#817,#818,#819));
#1373=EDGE_LOOP('',(#820,#821,#822,#823));
#1374=EDGE_LOOP('',(#824,#825,#826,#827));
#1375=EDGE_LOOP('',(#828,#829,#830,#831));
#1376=EDGE_LOOP('',(#832,#833,#834,#835));
#1377=EDGE_LOOP('',(#836,#837,#838,#839));
#1378=EDGE_LOOP('',(#840,#841,#842,#843));
#1379=EDGE_LOOP('',(#844,#845,#846,#847));
#1380=EDGE_LOOP('',(#848,#849,#850,#851));
#1381=EDGE_LOOP('',(#852,#853,#854,#855));
#1382=EDGE_LOOP('',(#856,#857,#858,#859));
#1383=EDGE_LOOP('',(#860));
#1384=EDGE_LOOP('',(#861));
#1385=EDGE_LOOP('',(#862));
#1386=EDGE_LOOP('',(#863));
#1387=FACE_BOUND('',#1270,.T.);
#1388=FACE_BOUND('',#1271,.T.);
#1389=FACE_BOUND('',#1272,.T.);
#1390=FACE_BOUND('',#1273,.T.);
#1391=FACE_BOUND('',#1274,.T.);
#1392=FACE_BOUND('',#1275,.T.);
#1393=FACE_BOUND('',#1276,.T.);
#1394=FACE_BOUND('',#1277,.T.);
#1395=FACE_BOUND('',#1278,.T.);
#1396=FACE_BOUND('',#1279,.T.);
#1397=FACE_BOUND('',#1280,.T.);
#1398=FACE_BOUND('',#1281,.T.);
#1399=FACE_BOUND('',#1282,.T.);
#1400=FACE_BOUND('',#1283,.T.);
#1401=FACE_BOUND('',#1284,.T.);
#1402=FACE_BOUND('',#1285,.T.);
#1403=FACE_BOUND('',#1286,.T.);
#1404=FACE_BOUND('',#1287,.T.);
#1405=FACE_BOUND('',#1288,.T.);
#1406=FACE_BOUND('',#1289,.T.);
#1407=FACE_BOUND('',#1290,.T.);
#1408=FACE_BOUND('',#1291,.T.);
#1409=FACE_BOUND('',#1292,.T.);
#1410=FACE_BOUND('',#1293,.T.);
#1411=FACE_BOUND('',#1294,.T.);
#1412=FACE_BOUND('',#1295,.T.);
#1413=FACE_BOUND('',#1296,.T.);
#1414=FACE_BOUND('',#1297,.T.);
#1415=FACE_BOUND('',#1298,.T.);
#1416=FACE_BOUND('',#1299,.T.);
#1417=FACE_BOUND('',#1300,.T.);
#1418=FACE_BOUND('',#1301,.T.);
#1419=FACE_BOUND('',#1302,.T.);
#1420=FACE_BOUND('',#1303,.T.);
#1421=FACE_BOUND('',#1304,.T.);
#1422=FACE_BOUND('',#1305,.T.);
#1423=FACE_BOUND('',#1306,.T.);
#1424=FACE_BOUND('',#1307,.T.);
#1425=FACE_BOUND('',#1308,.T.);
#1426=FACE_BOUND('',#1309,.T.);
#1427=FACE_BOUND('',#1310,.T.);
#1428=FACE_BOUND('',#1311,.T.);
#1429=FACE_BOUND('',#1312,.T.);
#1430=FACE_BOUND('',#1313,.T.);
#1431=FACE_BOUND('',#1314,.T.);
#1432=FACE_BOUND('',#1315,.T.);
#1433=FACE_BOUND('',#1316,.T.);
#1434=FACE_BOUND('',#1317,.T.);
#1435=FACE_BOUND('',#1318,.T.);
#1436=FACE_BOUND('',#1319,.T.);
#1437=FACE_BOUND('',#1320,.T.);
#1438=FACE_BOUND('',#1321,.T.);
#1439=FACE_BOUND('',#1322,.T.);
#1440=FACE_BOUND('',#1323,.T.);
#1441=FACE_BOUND('',#1324,.T.);
#1442=FACE_BOUND('',#1325,.T.);
#1443=FACE_BOUND('',#1326,.T.);
#1444=FACE_BOUND('',#1327,.T.);
#1445=FACE_BOUND('',#1328,.T.);
#1446=FACE_BOUND('',#1329,.T.);
#1447=FACE_BOUND('',#1330,.T.);
#1448=FACE_BOUND('',#1331,.T.);
#1449=FACE_BOUND('',#1332,.T.);
#1450=FACE_BOUND('',#1333,.T.);
#1451=FACE_BOUND('',#1334,.T.);
#1452=FACE_BOUND('',#1335,.T.);
#1453=FACE_BOUND('',#1336,.T.);
#1454=FACE_BOUND('',#1337,.T.);
#1455=FACE_BOUND('',#1338,.T.);
#1456=FACE_BOUND('',#1339,.T.);
#1457=FACE_BOUND('',#1340,.T.);
#1458=FACE_BOUND('',#1341,.T.);
#1459=FACE_BOUND('',#1342,.T.);
#1460=FACE_BOUND('',#1343,.T.);
#1461=FACE_BOUND('',#1344,.T.);
#1462=FACE_BOUND('',#1345,.T.);
#1463=FACE_BOUND('',#1346,.T.);
#1464=FACE_BOUND('',#1347,.T.);
#1465=FACE_BOUND('',#1348,.T.);
#1466=FACE_BOUND('',#1349,.T.);
#1467=FACE_BOUND('',#1350,.T.);
#1468=FACE_BOUND('',#1351,.T.);
#1469=FACE_BOUND('',#1352,.T.);
#1470=FACE_BOUND('',#1353,.T.);
#1471=FACE_BOUND('',#1354,.T.);
#1472=FACE_BOUND('',#1355,.T.);
#1473=FACE_BOUND('',#1356,.T.);
#1474=FACE_BOUND('',#1357,.T.);
#1475=FACE_BOUND('',#1358,.T.);
#1476=FACE_BOUND('',#1359,.T.);
#1477=FACE_BOUND('',#1360,.T.);
#1478=FACE_BOUND('',#1361,.T.);
#1479=FACE_BOUND('',#1362,.T.);
#1480=FACE_BOUND('',#1363,.T.);
#1481=FACE_BOUND('',#1364,.T.);
#1482=FACE_BOUND('',#1365,.T.);
#1483=FACE_BOUND('',#1366,.T.);
#1484=FACE_BOUND('',#1367,.T.);
#1485=FACE_BOUND('',#1368,.T.);
#1486=FACE_BOUND('',#1369,.T.);
#1487=FACE_BOUND('',#1370,.T.);
#1488=FACE_BOUND('',#1371,.T.);
#1489=FACE_BOUND('',#1372,.T.);
#1490=FACE_BOUND('',#1373,.T.);
#1491=FACE_BOUND('',#1374,.T.);
#1492=FACE_BOUND('',#1375,.T.);
#1493=FACE_BOUND('',#1376,.T.);
#1494=FACE_BOUND('',#1377,.T.);
#1495=FACE_BOUND('',#1378,.T.);
#1496=FACE_BOUND('',#1379,.T.);
#1497=FACE_BOUND('',#1380,.T.);
#1498=FACE_BOUND('',#1381,.T.);
#1499=FACE_BOUND('',#1382,.T.);
#1500=FACE_BOUND('',#1383,.T.);
#1501=FACE_BOUND('',#1384,.T.);
#1502=FACE_BOUND('',#1385,.T.);
#1503=FACE_BOUND('',#1386,.T.);
#1504=CYLINDRICAL_SURFACE('',#1713,0.006);
#1505=CYLINDRICAL_SURFACE('',#1719,0.0053937822173509);
#1506=CYLINDRICAL_SURFACE('',#1723,0.0059);
#1507=CYLINDRICAL_SURFACE('',#1730,0.005);
#1508=CYLINDRICAL_SURFACE('',#1738,0.006);
#1509=CYLINDRICAL_SURFACE('',#1741,0.00875);
#1510=CYLINDRICAL_SURFACE('',#1759,0.0053937822173509);
#1511=CYLINDRICAL_SURFACE('',#1800,0.0053937822173509);
#1512=ADVANCED_FACE('',(#1387,#1388),#1504,.T.);
#1513=ADVANCED_FACE('',(#1389),#344,.T.);
#1514=ADVANCED_FACE('',(#1390),#345,.T.);
#1515=ADVANCED_FACE('',(#1391,#1392),#1505,.T.);
#1516=ADVANCED_FACE('',(#1393,#1394),#343,.F.);
#1517=ADVANCED_FACE('',(#1395,#1396),#1506,.T.);
#1518=ADVANCED_FACE('',(#1397,#1398),#295,.T.);
#1519=ADVANCED_FACE('',(#1399),#346,.T.);
#1520=ADVANCED_FACE('',(#1400),#347,.F.);
#1521=ADVANCED_FACE('',(#1401,#1402),#1507,.T.);
#1522=ADVANCED_FACE('',(#1403),#348,.F.);
#1523=ADVANCED_FACE('',(#1404),#349,.F.);
#1524=ADVANCED_FACE('',(#1405,#1406),#296,.T.);
#1525=ADVANCED_FACE('',(#1407),#350,.T.);
#1526=ADVANCED_FACE('',(#1408,#1409),#1508,.T.);
#1527=ADVANCED_FACE('',(#1410,#1411),#351,.F.);
#1528=ADVANCED_FACE('',(#1412,#1413),#1509,.T.);
#1529=ADVANCED_FACE('',(#1414,#1415),#297,.T.);
#1530=ADVANCED_FACE('',(#1416),#352,.T.);
#1531=ADVANCED_FACE('',(#1417,#1418),#298,.T.);
#1532=ADVANCED_FACE('',(#1419),#353,.T.);
#1533=ADVANCED_FACE('',(#1420,#1421),#354,.F.);
#1534=ADVANCED_FACE('',(#1422),#355,.F.);
#1535=ADVANCED_FACE('',(#1423,#1424),#356,.F.);
#1536=ADVANCED_FACE('',(#1425),#357,.T.);
#1537=ADVANCED_FACE('',(#1426),#358,.F.);
#1538=ADVANCED_FACE('',(#1427),#359,.F.);
#1539=ADVANCED_FACE('',(#1428),#360,.T.);
#1540=ADVANCED_FACE('',(#1429),#361,.F.);
#1541=ADVANCED_FACE('',(#1430),#362,.T.);
#1542=ADVANCED_FACE('',(#1431),#363,.T.);
#1543=ADVANCED_FACE('',(#1432),#364,.F.);
#1544=ADVANCED_FACE('',(#1433),#299,.F.);
#1545=ADVANCED_FACE('',(#1434),#300,.F.);
#1546=ADVANCED_FACE('',(#1435),#301,.F.);
#1547=ADVANCED_FACE('',(#1436),#302,.F.);
#1548=ADVANCED_FACE('',(#1437),#10,.T.);
#1549=ADVANCED_FACE('',(#1438),#11,.T.);
#1550=ADVANCED_FACE('',(#1439),#303,.T.);
#1551=ADVANCED_FACE('',(#1440),#304,.T.);
#1552=ADVANCED_FACE('',(#1441),#305,.T.);
#1553=ADVANCED_FACE('',(#1442),#306,.T.);
#1554=ADVANCED_FACE('',(#1443),#307,.T.);
#1555=ADVANCED_FACE('',(#1444),#308,.T.);
#1556=ADVANCED_FACE('',(#1445),#309,.T.);
#1557=ADVANCED_FACE('',(#1446),#310,.T.);
#1558=ADVANCED_FACE('',(#1447),#311,.T.);
#1559=ADVANCED_FACE('',(#1448),#312,.T.);
#1560=ADVANCED_FACE('',(#1449),#313,.T.);
#1561=ADVANCED_FACE('',(#1450),#314,.T.);
#1562=ADVANCED_FACE('',(#1451),#315,.T.);
#1563=ADVANCED_FACE('',(#1452),#316,.T.);
#1564=ADVANCED_FACE('',(#1453),#317,.T.);
#1565=ADVANCED_FACE('',(#1454),#318,.T.);
#1566=ADVANCED_FACE('',(#1455),#319,.T.);
#1567=ADVANCED_FACE('',(#1456),#320,.T.);
#1568=ADVANCED_FACE('',(#1457),#321,.T.);
#1569=ADVANCED_FACE('',(#1458),#1510,.F.);
#1570=ADVANCED_FACE('',(#1459),#365,.F.);
#1571=ADVANCED_FACE('',(#1460),#366,.T.);
#1572=ADVANCED_FACE('',(#1461),#367,.F.);
#1573=ADVANCED_FACE('',(#1462),#368,.T.);
#1574=ADVANCED_FACE('',(#1463),#369,.T.);
#1575=ADVANCED_FACE('',(#1464),#370,.T.);
#1576=ADVANCED_FACE('',(#1465),#371,.T.);
#1577=ADVANCED_FACE('',(#1466),#372,.T.);
#1578=ADVANCED_FACE('',(#1467),#373,.T.);
#1579=ADVANCED_FACE('',(#1468),#374,.T.);
#1580=ADVANCED_FACE('',(#1469),#375,.T.);
#1581=ADVANCED_FACE('',(#1470),#376,.T.);
#1582=ADVANCED_FACE('',(#1471),#377,.F.);
#1583=ADVANCED_FACE('',(#1472),#378,.F.);
#1584=ADVANCED_FACE('',(#1473),#379,.T.);
#1585=ADVANCED_FACE('',(#1474),#380,.F.);
#1586=ADVANCED_FACE('',(#1475),#381,.F.);
#1587=ADVANCED_FACE('',(#1476),#382,.F.);
#1588=ADVANCED_FACE('',(#1477),#383,.F.);
#1589=ADVANCED_FACE('',(#1478),#384,.F.);
#1590=ADVANCED_FACE('',(#1479),#385,.F.);
#1591=ADVANCED_FACE('',(#1480),#386,.F.);
#1592=ADVANCED_FACE('',(#1481),#387,.F.);
#1593=ADVANCED_FACE('',(#1482,#1483),#388,.T.);
#1594=ADVANCED_FACE('',(#1484),#389,.F.);
#1595=ADVANCED_FACE('',(#1485,#1486),#390,.T.);
#1596=ADVANCED_FACE('',(#1487),#391,.T.);
#1597=ADVANCED_FACE('',(#1488),#392,.T.);
#1598=ADVANCED_FACE('',(#1489),#393,.F.);
#1599=ADVANCED_FACE('',(#1490),#394,.T.);
#1600=ADVANCED_FACE('',(#1491),#395,.F.);
#1601=ADVANCED_FACE('',(#1492),#396,.F.);
#1602=ADVANCED_FACE('',(#1493),#397,.T.);
#1603=ADVANCED_FACE('',(#1494),#398,.T.);
#1604=ADVANCED_FACE('',(#1495),#399,.F.);
#1605=ADVANCED_FACE('',(#1496),#322,.F.);
#1606=ADVANCED_FACE('',(#1497),#323,.F.);
#1607=ADVANCED_FACE('',(#1498),#324,.F.);
#1608=ADVANCED_FACE('',(#1499),#325,.F.);
#1609=ADVANCED_FACE('',(#1500),#400,.F.);
#1610=ADVANCED_FACE('',(#1501,#1502),#1511,.T.);
#1611=ADVANCED_FACE('',(#1503),#401,.T.);
#1612=CLOSED_SHELL('',(#1512,#1513,#1514,#1515,#1516));
#1613=CLOSED_SHELL('',(#1517,#1518,#1519,#1520));
#1614=CLOSED_SHELL('',(#1521,#1522,#1523,#1524));
#1615=CLOSED_SHELL('',(#1525,#1526,#1527,#1528,#1529,#1530,#1531));
#1616=CLOSED_SHELL('',(#1532,#1533,#1534,#1535,#1536,#1537,#1538,#1539,
#1540,#1541,#1542,#1543,#1544,#1545,#1546,#1547));
#1617=CLOSED_SHELL('',(#1548,#1549,#1550,#1551,#1552,#1553,#1554,#1555,
#1556,#1557,#1558,#1559,#1560,#1561,#1562,#1563,#1564,#1565,#1566,#1567,
#1568,#1569,#1570,#1571,#1572,#1573,#1574,#1575,#1576,#1577,#1578,#1579,
#1580,#1581,#1582,#1583,#1584,#1585,#1586,#1587,#1588,#1589,#1590,#1591,
#1592));
#1618=CLOSED_SHELL('',(#1593,#1594,#1595,#1596,#1597,#1598,#1599,#1600,
#1601,#1602,#1603,#1604,#1605,#1606,#1607,#1608));
#1619=CLOSED_SHELL('',(#1609,#1610,#1611));
#1620=STYLED_ITEM('',(#1630),#1686);
#1621=STYLED_ITEM('',(#1631),#1687);
#1622=STYLED_ITEM('',(#1632),#1688);
#1623=STYLED_ITEM('',(#1633),#134);
#1624=STYLED_ITEM('',(#1634),#134);
#1625=STYLED_ITEM('',(#1635),#1689);
#1626=STYLED_ITEM('',(#1636),#1690);
#1627=STYLED_ITEM('',(#1637),#1691);
#1628=STYLED_ITEM('',(#1638),#1692);
#1629=STYLED_ITEM('',(#1639),#1693);
#1630=PRESENTATION_STYLE_ASSIGNMENT((#1640));
#1631=PRESENTATION_STYLE_ASSIGNMENT((#1641));
#1632=PRESENTATION_STYLE_ASSIGNMENT((#1642));
#1633=PRESENTATION_STYLE_ASSIGNMENT((#130));
#1634=PRESENTATION_STYLE_ASSIGNMENT((#131));
#1635=PRESENTATION_STYLE_ASSIGNMENT((#1643));
#1636=PRESENTATION_STYLE_ASSIGNMENT((#1644));
#1637=PRESENTATION_STYLE_ASSIGNMENT((#1645));
#1638=PRESENTATION_STYLE_ASSIGNMENT((#1646));
#1639=PRESENTATION_STYLE_ASSIGNMENT((#1647));
#1640=SURFACE_STYLE_USAGE(.BOTH.,#1648);
#1641=SURFACE_STYLE_USAGE(.BOTH.,#1649);
#1642=SURFACE_STYLE_USAGE(.BOTH.,#1650);
#1643=SURFACE_STYLE_USAGE(.BOTH.,#1651);
#1644=SURFACE_STYLE_USAGE(.BOTH.,#1652);
#1645=SURFACE_STYLE_USAGE(.BOTH.,#1653);
#1646=SURFACE_STYLE_USAGE(.BOTH.,#1654);
#1647=SURFACE_STYLE_USAGE(.BOTH.,#1655);
#1648=SURFACE_SIDE_STYLE('',(#1656));
#1649=SURFACE_SIDE_STYLE('',(#1657));
#1650=SURFACE_SIDE_STYLE('',(#1658));
#1651=SURFACE_SIDE_STYLE('',(#1659));
#1652=SURFACE_SIDE_STYLE('',(#1660));
#1653=SURFACE_SIDE_STYLE('',(#1661));
#1654=SURFACE_SIDE_STYLE('',(#1662));
#1655=SURFACE_SIDE_STYLE('',(#1663));
#1656=SURFACE_STYLE_FILL_AREA(#1664);
#1657=SURFACE_STYLE_FILL_AREA(#1665);
#1658=SURFACE_STYLE_FILL_AREA(#1666);
#1659=SURFACE_STYLE_FILL_AREA(#1667);
#1660=SURFACE_STYLE_FILL_AREA(#1668);
#1661=SURFACE_STYLE_FILL_AREA(#1669);
#1662=SURFACE_STYLE_FILL_AREA(#1670);
#1663=SURFACE_STYLE_FILL_AREA(#1671);
#1664=FILL_AREA_STYLE('',(#1672));
#1665=FILL_AREA_STYLE('',(#1673));
#1666=FILL_AREA_STYLE('',(#1674));
#1667=FILL_AREA_STYLE('',(#1675));
#1668=FILL_AREA_STYLE('',(#1676));
#1669=FILL_AREA_STYLE('',(#1677));
#1670=FILL_AREA_STYLE('',(#1678));
#1671=FILL_AREA_STYLE('',(#1679));
#1672=FILL_AREA_STYLE_COLOUR('',#1680);
#1673=FILL_AREA_STYLE_COLOUR('',#1681);
#1674=FILL_AREA_STYLE_COLOUR('',#1682);
#1675=FILL_AREA_STYLE_COLOUR('',#1682);
#1676=FILL_AREA_STYLE_COLOUR('',#1684);
#1677=FILL_AREA_STYLE_COLOUR('',#1685);
#1678=FILL_AREA_STYLE_COLOUR('',#1684);
#1679=FILL_AREA_STYLE_COLOUR('',#1682);
#1680=COLOUR_RGB('',0.615686274509804,0.811764705882353,0.929411764705882);
#1681=COLOUR_RGB('',0.513725490196078,0.737254901960784,0.407843137254902);
#1682=COLOUR_RGB('',0.301960784313725,0.301960784313725,0.301960784313725);
#1683=COLOUR_RGB('',1.,0.,0.);
#1684=COLOUR_RGB('',0.529411764705882,0.568627450980392,0.6);
#1685=COLOUR_RGB('',0.6,0.6,0.6);
#1686=MANIFOLD_SOLID_BREP('thread OD',#1612);
#1687=MANIFOLD_SOLID_BREP('Part 4',#1613);
#1688=MANIFOLD_SOLID_BREP('Part 2',#1614);
#1689=MANIFOLD_SOLID_BREP('Part 1',#1615);
#1690=MANIFOLD_SOLID_BREP('Part 8',#1616);
#1691=MANIFOLD_SOLID_BREP('Part 5',#1617);
#1692=MANIFOLD_SOLID_BREP('Part 7',#1618);
#1693=MANIFOLD_SOLID_BREP('Part 6',#1619);
#1694=SHAPE_DEFINITION_REPRESENTATION(#10033,#1703);
#1695=SHAPE_DEFINITION_REPRESENTATION(#10034,#1704);
#1696=SHAPE_DEFINITION_REPRESENTATION(#10035,#1705);
#1697=SHAPE_DEFINITION_REPRESENTATION(#10036,#1706);
#1698=SHAPE_DEFINITION_REPRESENTATION(#10037,#1707);
#1699=SHAPE_DEFINITION_REPRESENTATION(#10038,#1708);
#1700=SHAPE_DEFINITION_REPRESENTATION(#10039,#1709);
#1701=SHAPE_DEFINITION_REPRESENTATION(#10040,#1710);
#1702=SHAPE_DEFINITION_REPRESENTATION(#10041,#1711);
#1703=SHAPE_REPRESENTATION('thread OD',(#1712),#9988);
#1704=SHAPE_REPRESENTATION('Part 4',(#1722),#9989);
#1705=SHAPE_REPRESENTATION('Part 2',(#1729),#9990);
#1706=SHAPE_REPRESENTATION('Curve 1',(#1734),#9991);
#1707=SHAPE_REPRESENTATION('Part 1',(#1735),#9992);
#1708=SHAPE_REPRESENTATION('Part 8',(#1745),#9993);
#1709=SHAPE_REPRESENTATION('Part 5',(#1758),#9994);
#1710=SHAPE_REPRESENTATION('Part 7',(#1784),#9995);
#1711=SHAPE_REPRESENTATION('Part 6',(#1797),#9996);
#1712=AXIS2_PLACEMENT_3D('',#2043,#1803,#1804);
#1713=AXIS2_PLACEMENT_3D('',#2044,#1805,#1806);
#1714=AXIS2_PLACEMENT_3D('',#2045,#1807,#1808);
#1715=AXIS2_PLACEMENT_3D('',#2047,#1809,#1810);
#1716=AXIS2_PLACEMENT_3D('',#2049,#1811,#1812);
#1717=AXIS2_PLACEMENT_3D('',#2050,#1813,#1814);
#1718=AXIS2_PLACEMENT_3D('',#2051,#1815,#1816);
#1719=AXIS2_PLACEMENT_3D('',#2053,#1817,#1818);
#1720=AXIS2_PLACEMENT_3D('',#2054,#1819,#1820);
#1721=AXIS2_PLACEMENT_3D('',#2056,#1821,#1822);
#1722=AXIS2_PLACEMENT_3D('',#2057,#1823,#1824);
#1723=AXIS2_PLACEMENT_3D('',#2058,#1825,#1826);
#1724=AXIS2_PLACEMENT_3D('',#2059,#1827,#1828);
#1725=AXIS2_PLACEMENT_3D('',#2061,#1829,#1830);
#1726=AXIS2_PLACEMENT_3D('',#2139,#1831,#1832);
#1727=AXIS2_PLACEMENT_3D('',#2141,#1833,#1834);
#1728=AXIS2_PLACEMENT_3D('',#2142,#1835,#1836);
#1729=AXIS2_PLACEMENT_3D('',#2143,#1837,#1838);
#1730=AXIS2_PLACEMENT_3D('',#2144,#1839,#1840);
#1731=AXIS2_PLACEMENT_3D('',#2157,#1841,#1842);
#1732=AXIS2_PLACEMENT_3D('',#2159,#1843,#1844);
#1733=AXIS2_PLACEMENT_3D('',#2160,#1845,#1846);
#1734=AXIS2_PLACEMENT_3D('',#2276,#1847,#1848);
#1735=AXIS2_PLACEMENT_3D('',#2830,#1849,#1850);
#1736=AXIS2_PLACEMENT_3D('',#2831,#1851,#1852);
#1737=AXIS2_PLACEMENT_3D('',#2832,#1853,#1854);
#1738=AXIS2_PLACEMENT_3D('',#2834,#1855,#1856);
#1739=AXIS2_PLACEMENT_3D('',#2847,#1857,#1858);
#1740=AXIS2_PLACEMENT_3D('',#2868,#1859,#1860);
#1741=AXIS2_PLACEMENT_3D('',#2870,#1861,#1862);
#1742=AXIS2_PLACEMENT_3D('',#2871,#1863,#1864);
#1743=AXIS2_PLACEMENT_3D('',#2949,#1865,#1866);
#1744=AXIS2_PLACEMENT_3D('',#2951,#1867,#1868);
#1745=AXIS2_PLACEMENT_3D('',#3047,#1869,#1870);
#1746=AXIS2_PLACEMENT_3D('',#3048,#1871,#1872);
#1747=AXIS2_PLACEMENT_3D('',#3057,#1877,#1878);
#1748=AXIS2_PLACEMENT_3D('',#3095,#1888,#1889);
#1749=AXIS2_PLACEMENT_3D('',#3101,#1893,#1894);
#1750=AXIS2_PLACEMENT_3D('',#3136,#1903,#1904);
#1751=AXIS2_PLACEMENT_3D('',#3139,#1907,#1908);
#1752=AXIS2_PLACEMENT_3D('',#3140,#1909,#1910);
#1753=AXIS2_PLACEMENT_3D('',#3141,#1911,#1912);
#1754=AXIS2_PLACEMENT_3D('',#3142,#1913,#1914);
#1755=AXIS2_PLACEMENT_3D('',#3151,#1915,#1916);
#1756=AXIS2_PLACEMENT_3D('',#3160,#1917,#1918);
#1757=AXIS2_PLACEMENT_3D('',#3169,#1919,#1920);
#1758=AXIS2_PLACEMENT_3D('',#3242,#1921,#1922);
#1759=AXIS2_PLACEMENT_3D('',#9740,#1924,#1925);
#1760=AXIS2_PLACEMENT_3D('',#9741,#1926,#1927);
#1761=AXIS2_PLACEMENT_3D('',#9748,#1929,#1930);
#1762=AXIS2_PLACEMENT_3D('',#9749,#1931,#1932);
#1763=AXIS2_PLACEMENT_3D('',#9753,#1935,#1936);
#1764=AXIS2_PLACEMENT_3D('',#9755,#1938,#1939);
#1765=AXIS2_PLACEMENT_3D('',#9756,#1940,#1941);
#1766=AXIS2_PLACEMENT_3D('',#9757,#1942,#1943);
#1767=AXIS2_PLACEMENT_3D('',#9758,#1944,#1945);
#1768=AXIS2_PLACEMENT_3D('',#9759,#1946,#1947);
#1769=AXIS2_PLACEMENT_3D('',#9760,#1948,#1949);
#1770=AXIS2_PLACEMENT_3D('',#9761,#1950,#1951);
#1771=AXIS2_PLACEMENT_3D('',#9762,#1952,#1953);
#1772=AXIS2_PLACEMENT_3D('',#9763,#1954,#1955);
#1773=AXIS2_PLACEMENT_3D('',#9764,#1956,#1957);
#1774=AXIS2_PLACEMENT_3D('',#9765,#1958,#1959);
#1775=AXIS2_PLACEMENT_3D('',#9767,#1961,#1962);
#1776=AXIS2_PLACEMENT_3D('',#9768,#1963,#1964);
#1777=AXIS2_PLACEMENT_3D('',#9769,#1965,#1966);
#1778=AXIS2_PLACEMENT_3D('',#9770,#1967,#1968);
#1779=AXIS2_PLACEMENT_3D('',#9771,#1969,#1970);
#1780=AXIS2_PLACEMENT_3D('',#9772,#1971,#1972);
#1781=AXIS2_PLACEMENT_3D('',#9773,#1973,#1974);
#1782=AXIS2_PLACEMENT_3D('',#9774,#1975,#1976);
#1783=AXIS2_PLACEMENT_3D('',#9775,#1977,#1978);
#1784=AXIS2_PLACEMENT_3D('',#9776,#1979,#1980);
#1785=AXIS2_PLACEMENT_3D('',#9777,#1981,#1982);
#1786=AXIS2_PLACEMENT_3D('',#9818,#1993,#1994);
#1787=AXIS2_PLACEMENT_3D('',#9824,#1998,#1999);
#1788=AXIS2_PLACEMENT_3D('',#9862,#2009,#2010);
#1789=AXIS2_PLACEMENT_3D('',#9865,#2013,#2014);
#1790=AXIS2_PLACEMENT_3D('',#9868,#2017,#2018);
#1791=AXIS2_PLACEMENT_3D('',#9869,#2019,#2020);
#1792=AXIS2_PLACEMENT_3D('',#9870,#2021,#2022);
#1793=AXIS2_PLACEMENT_3D('',#9871,#2023,#2024);
#1794=AXIS2_PLACEMENT_3D('',#9880,#2025,#2026);
#1795=AXIS2_PLACEMENT_3D('',#9889,#2027,#2028);
#1796=AXIS2_PLACEMENT_3D('',#9898,#2029,#2030);
#1797=AXIS2_PLACEMENT_3D('',#9971,#2031,#2032);
#1798=AXIS2_PLACEMENT_3D('',#9972,#2033,#2034);
#1799=AXIS2_PLACEMENT_3D('',#9973,#2035,#2036);
#1800=AXIS2_PLACEMENT_3D('',#9975,#2037,#2038);
#1801=AXIS2_PLACEMENT_3D('',#9976,#2039,#2040);
#1802=AXIS2_PLACEMENT_3D('',#9978,#2041,#2042);
#1803=DIRECTION('',(0.,0.,1.));
#1804=DIRECTION('',(1.,0.,0.));
#1805=DIRECTION('',(0.,0.,1.));
#1806=DIRECTION('',(1.,0.,0.));
#1807=DIRECTION('',(0.,0.,1.));
#1808=DIRECTION('',(1.,0.,0.));
#1809=DIRECTION('',(0.,0.,1.));
#1810=DIRECTION('',(1.,0.,0.));
#1811=DIRECTION('',(0.,0.,1.));
#1812=DIRECTION('',(1.,0.,0.));
#1813=DIRECTION('',(0.,0.,-1.));
#1814=DIRECTION('',(-1.,0.,0.));
#1815=DIRECTION('',(0.,0.,1.));
#1816=DIRECTION('',(1.,0.,0.));
#1817=DIRECTION('',(0.,0.,1.));
#1818=DIRECTION('',(1.,0.,0.));
#1819=DIRECTION('',(0.,0.,1.));
#1820=DIRECTION('',(1.,0.,0.));
#1821=DIRECTION('',(0.,0.,-1.));
#1822=DIRECTION('',(-1.,0.,0.));
#1823=DIRECTION('',(0.,0.,1.));
#1824=DIRECTION('',(1.,0.,0.));
#1825=DIRECTION('',(-1.03634470836769E-17,0.,1.));
#1826=DIRECTION('',(1.,0.,1.03634470836769E-17));
#1827=DIRECTION('',(-1.03634470836769E-17,0.,1.));
#1828=DIRECTION('',(1.,0.,1.03634470836769E-17));
#1829=DIRECTION('',(-1.03634470836769E-17,0.,1.));
#1830=DIRECTION('',(1.,0.,1.03634470836769E-17));
#1831=DIRECTION('',(-1.03634470836769E-17,0.,1.));
#1832=DIRECTION('',(1.,0.,1.03634470836769E-17));
#1833=DIRECTION('',(-1.03634470836769E-17,0.,1.));
#1834=DIRECTION('',(1.,0.,1.03634470836769E-17));
#1835=DIRECTION('',(-1.03634470836769E-17,0.,1.));
#1836=DIRECTION('',(1.,0.,1.03634470836769E-17));
#1837=DIRECTION('',(0.,0.,1.));
#1838=DIRECTION('',(1.,0.,0.));
#1839=DIRECTION('',(-1.03634470836769E-17,0.,1.));
#1840=DIRECTION('',(1.,0.,1.03634470836769E-17));
#1841=DIRECTION('',(-1.03634470836769E-17,0.,1.));
#1842=DIRECTION('',(1.,0.,1.03634470836769E-17));
#1843=DIRECTION('',(1.03634470836769E-17,0.,-1.));
#1844=DIRECTION('',(-1.,0.,-1.03634470836769E-17));
#1845=DIRECTION('',(-1.03634470836769E-17,0.,1.));
#1846=DIRECTION('',(1.,0.,1.03634470836769E-17));
#1847=DIRECTION('',(0.,0.,1.));
#1848=DIRECTION('',(1.,0.,0.));
#1849=DIRECTION('',(0.,0.,1.));
#1850=DIRECTION('',(1.,0.,0.));
#1851=DIRECTION('',(1.03634470836769E-17,0.,-1.));
#1852=DIRECTION('',(-1.,0.,-1.03634470836769E-17));
#1853=DIRECTION('',(-1.03634470836769E-17,0.,1.));
#1854=DIRECTION('',(1.,0.,1.03634470836769E-17));
#1855=DIRECTION('',(-1.03634470836769E-17,0.,1.));
#1856=DIRECTION('',(1.,0.,1.03634470836769E-17));
#1857=DIRECTION('',(-1.03634470836769E-17,0.,1.));
#1858=DIRECTION('',(1.,0.,1.03634470836769E-17));
#1859=DIRECTION('',(-1.03634470836769E-17,0.,1.));
#1860=DIRECTION('',(1.,0.,1.03634470836769E-17));
#1861=DIRECTION('',(-1.03634470836769E-17,0.,1.));
#1862=DIRECTION('',(1.,0.,1.03634470836769E-17));
#1863=DIRECTION('',(-1.03634470836769E-17,0.,1.));
#1864=DIRECTION('',(1.,0.,1.03634470836769E-17));
#1865=DIRECTION('',(-1.03634470836769E-17,0.,1.));
#1866=DIRECTION('',(1.,0.,1.03634470836769E-17));
#1867=DIRECTION('',(-1.03634470836769E-17,0.,1.));
#1868=DIRECTION('',(1.,0.,1.03634470836769E-17));
#1869=DIRECTION('',(0.,0.,1.));
#1870=DIRECTION('',(1.,0.,0.));
#1871=DIRECTION('',(0.,1.,0.));
#1872=DIRECTION('',(0.,0.,1.));
#1873=DIRECTION('',(-1.03634470836769E-17,0.,1.));
#1874=DIRECTION('',(-1.,0.,-1.03634470836769E-17));
#1875=DIRECTION('',(-1.03634470836769E-17,0.,1.));
#1876=DIRECTION('',(-1.,0.,-1.03634470836769E-17));
#1877=DIRECTION('',(-1.,0.,-1.03634470836769E-17));
#1878=DIRECTION('',(-1.03634470836769E-17,0.,1.));
#1879=DIRECTION('',(1.03634470836769E-17,0.,-1.));
#1880=DIRECTION('',(0.,1.,0.));
#1881=DIRECTION('',(1.03634470836769E-17,2.89120579329468E-16,-1.));
#1882=DIRECTION('',(0.,1.,0.));
#1883=DIRECTION('',(0.,-1.,0.));
#1884=DIRECTION('',(7.32806370933589E-18,-0.707106781186548,-0.707106781186548));
#1885=DIRECTION('',(0.,-1.,0.));
#1886=DIRECTION('',(-1.03634470836769E-17,0.,1.));
#1887=DIRECTION('',(7.32806370933589E-18,0.707106781186548,-0.707106781186548));
#1888=DIRECTION('',(0.,1.,0.));
#1889=DIRECTION('',(0.,0.,1.));
#1890=DIRECTION('',(-1.03634470836769E-17,0.,1.));
#1891=DIRECTION('',(1.,0.,1.03634470836769E-17));
#1892=DIRECTION('',(-1.,0.,-1.03634470836769E-17));
#1893=DIRECTION('',(1.,-6.19544098563145E-16,1.03634470836769E-17));
#1894=DIRECTION('',(6.19544098563145E-16,1.,0.));
#1895=DIRECTION('',(-6.19544098563145E-16,-1.,0.));
#1896=DIRECTION('',(-1.03634470836771E-17,-2.89120579329468E-16,1.));
#1897=DIRECTION('',(-6.19544098563145E-16,-1.,0.));
#1898=DIRECTION('',(-1.03634470836769E-17,0.,1.));
#1899=DIRECTION('',(4.30755769628771E-16,0.707106781186548,0.707106781186548));
#1900=DIRECTION('',(6.19544098563145E-16,1.,6.42061248146347E-33));
#1901=DIRECTION('',(-4.45411897047443E-16,-0.707106781186548,0.707106781186548));
#1902=DIRECTION('',(6.19544098563145E-16,1.,6.42061248146347E-33));
#1903=DIRECTION('',(1.03634470836769E-17,0.,-1.));
#1904=DIRECTION('',(1.,0.,1.03634470836769E-17));
#1905=DIRECTION('',(1.,0.,1.03634470836769E-17));
#1906=DIRECTION('',(-1.,0.,-1.03634470836769E-17));
#1907=DIRECTION('',(1.03634470836769E-17,0.,-1.));
#1908=DIRECTION('',(1.,0.,1.03634470836769E-17));
#1909=DIRECTION('',(-7.32806370933589E-18,-0.707106781186548,0.707106781186548));
#1910=DIRECTION('',(-1.,0.,-1.03634470836769E-17));
#1911=DIRECTION('',(7.32806370933589E-18,-0.707106781186548,-0.707106781186548));
#1912=DIRECTION('',(1.,0.,1.03634470836769E-17));
#1913=DIRECTION('',(0.,0.,1.));
#1914=DIRECTION('',(1.,0.,0.));
#1915=DIRECTION('',(0.,1.,0.));
#1916=DIRECTION('',(0.,0.,1.));
#1917=DIRECTION('',(0.,0.,1.));
#1918=DIRECTION('',(1.,0.,0.));
#1919=DIRECTION('',(0.,1.,2.89120579329468E-16));
#1920=DIRECTION('',(0.,-2.89120579329468E-16,1.));
#1921=DIRECTION('',(0.,0.,1.));
#1922=DIRECTION('',(1.,0.,0.));
#1923=DIRECTION('',(-0.866025403784439,0.,0.5));
#1924=DIRECTION('',(0.,0.,1.));
#1925=DIRECTION('',(1.,0.,0.));
#1926=DIRECTION('',(0.,0.,1.));
#1927=DIRECTION('',(1.,0.,0.));
#1928=DIRECTION('',(0.,0.,-1.));
#1929=DIRECTION('',(0.951056516295155,-0.309016994374943,0.));
#1930=DIRECTION('',(0.309016994374943,0.951056516295155,0.));
#1931=DIRECTION('',(0.,-1.,0.));
#1932=DIRECTION('',(1.,0.,0.));
#1933=DIRECTION('',(0.,0.,-1.));
#1934=DIRECTION('',(-1.,0.,0.));
#1935=DIRECTION('',(0.,0.,1.));
#1936=DIRECTION('',(1.,0.,0.));
#1937=DIRECTION('',(0.,-1.,0.));
#1938=DIRECTION('',(-1.,0.,0.));
#1939=DIRECTION('',(0.,0.,1.));
#1940=DIRECTION('',(-1.,0.,0.));
#1941=DIRECTION('',(0.,0.,1.));
#1942=DIRECTION('',(-1.,0.,0.));
#1943=DIRECTION('',(0.,0.,1.));
#1944=DIRECTION('',(-1.,0.,0.));
#1945=DIRECTION('',(0.,0.,1.));
#1946=DIRECTION('',(-1.,0.,0.));
#1947=DIRECTION('',(0.,0.,1.));
#1948=DIRECTION('',(-1.,0.,0.));
#1949=DIRECTION('',(0.,0.,1.));
#1950=DIRECTION('',(-1.,0.,0.));
#1951=DIRECTION('',(0.,0.,1.));
#1952=DIRECTION('',(-1.,0.,0.));
#1953=DIRECTION('',(0.,0.,1.));
#1954=DIRECTION('',(-1.,0.,0.));
#1955=DIRECTION('',(0.,0.,1.));
#1956=DIRECTION('',(-1.,0.,0.));
#1957=DIRECTION('',(0.,0.,1.));
#1958=DIRECTION('',(-1.,0.,0.));
#1959=DIRECTION('',(0.,0.,1.));
#1960=DIRECTION('',(0.,-1.,0.));
#1961=DIRECTION('',(0.,0.,-1.));
#1962=DIRECTION('',(-1.,0.,0.));
#1963=DIRECTION('',(-1.,0.,0.));
#1964=DIRECTION('',(0.,0.,1.));
#1965=DIRECTION('',(-1.,0.,0.));
#1966=DIRECTION('',(0.,0.,1.));
#1967=DIRECTION('',(-1.,0.,0.));
#1968=DIRECTION('',(0.,0.,1.));
#1969=DIRECTION('',(-1.,0.,0.));
#1970=DIRECTION('',(0.,0.,1.));
#1971=DIRECTION('',(-1.,0.,0.));
#1972=DIRECTION('',(0.,0.,1.));
#1973=DIRECTION('',(-1.,0.,0.));
#1974=DIRECTION('',(0.,0.,1.));
#1975=DIRECTION('',(-1.,0.,0.));
#1976=DIRECTION('',(0.,0.,1.));
#1977=DIRECTION('',(-1.,0.,0.));
#1978=DIRECTION('',(0.,0.,1.));
#1979=DIRECTION('',(0.,0.,1.));
#1980=DIRECTION('',(1.,0.,0.));
#1981=DIRECTION('',(-1.,0.,-1.03634470836769E-17));
#1982=DIRECTION('',(-1.03634470836769E-17,0.,1.));
#1983=DIRECTION('',(0.,1.,0.));
#1984=DIRECTION('',(1.03634470836769E-17,0.,-1.));
#1985=DIRECTION('',(0.,1.,0.));
#1986=DIRECTION('',(1.03634470836769E-17,2.89120579329468E-16,-1.));
#1987=DIRECTION('',(-1.03634470836769E-17,0.,1.));
#1988=DIRECTION('',(7.32806370933589E-18,-0.707106781186548,-0.707106781186548));
#1989=DIRECTION('',(0.,-1.,0.));
#1990=DIRECTION('',(7.32806370933589E-18,0.707106781186548,-0.707106781186548));
#1991=DIRECTION('',(-1.03634470836769E-17,0.,1.));
#1992=DIRECTION('',(0.,-1.,0.));
#1993=DIRECTION('',(0.,-1.,0.));
#1994=DIRECTION('',(0.,0.,-1.));
#1995=DIRECTION('',(-1.03634470836769E-17,0.,1.));
#1996=DIRECTION('',(-1.,0.,-1.03634470836769E-17));
#1997=DIRECTION('',(1.,0.,1.03634470836769E-17));
#1998=DIRECTION('',(1.,-3.09772049281573E-16,1.03634470836769E-17));
#1999=DIRECTION('',(3.09772049281573E-16,1.,0.));
#2000=DIRECTION('',(-3.09772049281573E-16,-1.,0.));
#2001=DIRECTION('',(-1.0363447083677E-17,-2.89120579329468E-16,1.));
#2002=DIRECTION('',(-3.09772049281573E-16,-1.,0.));
#2003=DIRECTION('',(-1.03634470836769E-17,0.,1.));
#2004=DIRECTION('',(3.09772049281573E-16,1.,3.21030624073174E-33));
#2005=DIRECTION('',(2.11713852959717E-16,0.707106781186548,0.707106781186548));
#2006=DIRECTION('',(3.09772049281573E-16,1.,3.21030624073174E-33));
#2007=DIRECTION('',(-1.03634470836769E-17,0.,1.));
#2008=DIRECTION('',(-2.2636998037839E-16,-0.707106781186548,0.707106781186548));
#2009=DIRECTION('',(0.,-1.,0.));
#2010=DIRECTION('',(0.,0.,-1.));
#2011=DIRECTION('',(1.,0.,1.03634470836769E-17));
#2012=DIRECTION('',(1.,0.,1.03634470836769E-17));
#2013=DIRECTION('',(1.03634470836769E-17,0.,-1.));
#2014=DIRECTION('',(1.,0.,1.03634470836769E-17));
#2015=DIRECTION('',(1.,0.,1.03634470836769E-17));
#2016=DIRECTION('',(-1.,0.,-1.03634470836769E-17));
#2017=DIRECTION('',(1.03634470836769E-17,0.,-1.));
#2018=DIRECTION('',(1.,0.,1.03634470836769E-17));
#2019=DIRECTION('',(7.32806370933589E-18,0.707106781186548,-0.707106781186548));
#2020=DIRECTION('',(-1.,0.,-1.03634470836769E-17));
#2021=DIRECTION('',(-7.32806370933589E-18,0.707106781186548,0.707106781186548));
#2022=DIRECTION('',(1.,0.,1.03634470836769E-17));
#2023=DIRECTION('',(0.,0.,1.));
#2024=DIRECTION('',(1.,0.,0.));
#2025=DIRECTION('',(0.,1.,0.));
#2026=DIRECTION('',(0.,0.,1.));
#2027=DIRECTION('',(0.,0.,1.));
#2028=DIRECTION('',(1.,0.,0.));
#2029=DIRECTION('',(0.,1.,2.89120579329468E-16));
#2030=DIRECTION('',(0.,-2.89120579329468E-16,1.));
#2031=DIRECTION('',(0.,0.,1.));
#2032=DIRECTION('',(1.,0.,0.));
#2033=DIRECTION('',(0.,0.,1.));
#2034=DIRECTION('',(1.,0.,0.));
#2035=DIRECTION('',(0.,0.,1.));
#2036=DIRECTION('',(1.,0.,0.));
#2037=DIRECTION('',(0.,0.,1.));
#2038=DIRECTION('',(1.,0.,0.));
#2039=DIRECTION('',(0.,0.,1.));
#2040=DIRECTION('',(1.,0.,0.));
#2041=DIRECTION('',(0.,0.,1.));
#2042=DIRECTION('',(1.,0.,0.));
#2043=CARTESIAN_POINT('',(0.,0.,0.));
#2044=CARTESIAN_POINT('',(0.,0.,-0.00545));
#2045=CARTESIAN_POINT('',(0.,0.,0.));
#2046=CARTESIAN_POINT('',(0.006,0.,0.));
#2047=CARTESIAN_POINT('',(0.,0.,-0.0069));
#2048=CARTESIAN_POINT('',(0.006,0.,-0.0069));
#2049=CARTESIAN_POINT('',(0.003,0.,-1.0842021724855E-19));
#2050=CARTESIAN_POINT('',(0.0025,0.,-0.0069));
#2051=CARTESIAN_POINT('',(0.,0.,-0.0069));
#2052=CARTESIAN_POINT('',(0.0053937822173509,0.,-0.0069));
#2053=CARTESIAN_POINT('',(0.,0.,-0.00545));
#2054=CARTESIAN_POINT('',(0.,0.,-0.00655));
#2055=CARTESIAN_POINT('',(0.0053937822173509,0.,-0.00655));
#2056=CARTESIAN_POINT('',(0.,0.,-0.0069));
#2057=CARTESIAN_POINT('',(0.,0.,0.));
#2058=CARTESIAN_POINT('',(-4.19719606888915E-20,0.,0.00405));
#2059=CARTESIAN_POINT('',(-6.73624060438999E-20,0.,0.0065));
#2060=CARTESIAN_POINT('',(0.0059,0.,0.0065));
#2061=CARTESIAN_POINT('',(-5.6998958960223E-20,0.,0.0055));
#2062=CARTESIAN_POINT('',(0.0059,0.,0.0055));
#2063=CARTESIAN_POINT('',(0.00236982967895512,-0.000981615593537481,0.0081));
#2064=CARTESIAN_POINT('',(0.00256508516052244,-1.97866896478605E-18,0.0081));
#2065=CARTESIAN_POINT('',(0.00236982967895511,0.000981615593537487,0.0081));
#2066=CARTESIAN_POINT('',(0.0018137891113264,0.0018137891113264,0.0081));
#2067=CARTESIAN_POINT('',(0.000981615593537486,0.00236982967895511,0.0081));
#2068=CARTESIAN_POINT('',(4.2944570425793E-19,0.00256508516052244,0.0081));
#2069=CARTESIAN_POINT('',(-0.000981615593537485,0.00236982967895511,0.0081));
#2070=CARTESIAN_POINT('',(-0.0018137891113264,0.0018137891113264,0.0081));
#2071=CARTESIAN_POINT('',(-0.00236982967895511,0.000981615593537486,0.0081));
#2072=CARTESIAN_POINT('',(-0.00256508516052244,3.82256704673005E-19,0.0081));
#2073=CARTESIAN_POINT('',(-0.00236982967895511,-0.000981615593537486,0.0081));
#2074=CARTESIAN_POINT('',(-0.0018137891113264,-0.0018137891113264,0.0081));
#2075=CARTESIAN_POINT('',(-0.000981615593537486,-0.00236982967895511,0.0081));
#2076=CARTESIAN_POINT('',(-5.11607900141597E-19,-0.00256508516052244,0.0081));
#2077=CARTESIAN_POINT('',(0.000981615593537486,-0.00236982967895511,0.0081));
#2078=CARTESIAN_POINT('',(0.0018137891113264,-0.0018137891113264,0.0081));
#2079=CARTESIAN_POINT('',(0.00236982967895512,-0.000981615593537481,0.0081));
#2080=CARTESIAN_POINT('',(0.00256508516052244,-1.97866896478605E-18,0.0081));
#2081=CARTESIAN_POINT('',(0.00236982967895511,0.000981615593537487,0.0081));
#2082=CARTESIAN_POINT('',(0.00378273552019434,-0.00156686035533493,0.00805605016648769));
#2083=CARTESIAN_POINT('',(0.00409440342282734,-3.27971157176865E-18,0.00805605016648769));
#2084=CARTESIAN_POINT('',(0.00378273552019434,0.00156686035533494,0.00805605016648769));
#2085=CARTESIAN_POINT('',(0.00289518042519462,0.00289518042519462,0.00805605016648769));
#2086=CARTESIAN_POINT('',(0.00156686035533494,0.00378273552019434,0.00805605016648769));
#2087=CARTESIAN_POINT('',(8.51268111990572E-19,0.00409440342282734,0.00805605016648769));
#2088=CARTESIAN_POINT('',(-0.00156686035533494,0.00378273552019434,0.00805605016648769));
#2089=CARTESIAN_POINT('',(-0.00289518042519462,0.00289518042519462,0.00805605016648769));
#2090=CARTESIAN_POINT('',(-0.00378273552019434,0.00156686035533494,0.00805605016648769));
#2091=CARTESIAN_POINT('',(-0.00409440342282734,-2.57408680459152E-19,0.00805605016648769));
#2092=CARTESIAN_POINT('',(-0.00378273552019434,-0.00156686035533494,0.00805605016648769));
#2093=CARTESIAN_POINT('',(-0.00289518042519463,-0.00289518042519462,0.00805605016648769));
#2094=CARTESIAN_POINT('',(-0.00156686035533494,-0.00378273552019433,0.00805605016648769));
#2095=CARTESIAN_POINT('',(-2.60886147754325E-18,-0.00409440342282734,0.00805605016648769));
#2096=CARTESIAN_POINT('',(0.00156686035533494,-0.00378273552019434,0.00805605016648769));
#2097=CARTESIAN_POINT('',(0.00289518042519463,-0.00289518042519462,0.00805605016648769));
#2098=CARTESIAN_POINT('',(0.00378273552019434,-0.00156686035533493,0.00805605016648769));
#2099=CARTESIAN_POINT('',(0.00409440342282734,-3.27971157176865E-18,0.00805605016648769));
#2100=CARTESIAN_POINT('',(0.00378273552019434,0.00156686035533494,0.00805605016648769));
#2101=CARTESIAN_POINT('',(0.00489872321049839,-0.00202911759210029,0.0073646493256092));
#2102=CARTESIAN_POINT('',(0.00530233979443477,-4.77048955893622E-18,0.0073646493256092));
#2103=CARTESIAN_POINT('',(0.00489872321049839,0.00202911759210031,0.0073646493256092));
#2104=CARTESIAN_POINT('',(0.00374932042480011,0.00374932042480011,0.0073646493256092));
#2105=CARTESIAN_POINT('',(0.0020291175921003,0.00489872321049839,0.0073646493256092));
#2106=CARTESIAN_POINT('',(1.49416611895659E-18,0.00530233979443477,0.0073646493256092));
#2107=CARTESIAN_POINT('',(-0.0020291175921003,0.00489872321049839,0.0073646493256092));
#2108=CARTESIAN_POINT('',(-0.00374932042480011,0.00374932042480011,0.0073646493256092));
#2109=CARTESIAN_POINT('',(-0.00489872321049839,0.0020291175921003,0.0073646493256092));
#2110=CARTESIAN_POINT('',(-0.00530233979443476,7.55391261550776E-19,0.0073646493256092));
#2111=CARTESIAN_POINT('',(-0.0048987232104984,-0.0020291175921003,0.0073646493256092));
#2112=CARTESIAN_POINT('',(-0.00374932042480011,-0.00374932042480011,0.0073646493256092));
#2113=CARTESIAN_POINT('',(-0.00202911759210031,-0.00489872321049838,0.0073646493256092));
#2114=CARTESIAN_POINT('',(2.99510850149121E-18,-0.00530233979443477,0.00736464932560921));
#2115=CARTESIAN_POINT('',(0.0020291175921003,-0.00489872321049839,0.0073646493256092));
#2116=CARTESIAN_POINT('',(0.00374932042480011,-0.00374932042480011,0.0073646493256092));
#2117=CARTESIAN_POINT('',(0.00489872321049839,-0.00202911759210029,0.0073646493256092));
#2118=CARTESIAN_POINT('',(0.00530233979443477,-4.77048955893622E-18,0.0073646493256092));
#2119=CARTESIAN_POINT('',(0.00489872321049839,0.00202911759210031,0.0073646493256092));
#2120=CARTESIAN_POINT('',(0.00559279804233407,-0.00231661280074845,0.0065));
#2121=CARTESIAN_POINT('',(0.00605360097883296,-4.33680868994202E-18,0.0065));
#2122=CARTESIAN_POINT('',(0.00559279804233407,0.00231661280074847,0.0065));
#2123=CARTESIAN_POINT('',(0.00428054230273031,0.00428054230273031,0.0065));
#2124=CARTESIAN_POINT('',(0.00231661280074847,0.00559279804233407,0.0065));
#2125=CARTESIAN_POINT('',(9.9272261418204E-19,0.00605360097883297,0.0065));
#2126=CARTESIAN_POINT('',(-0.00231661280074847,0.00559279804233407,0.0065));
#2127=CARTESIAN_POINT('',(-0.00428054230273031,0.00428054230273031,0.0065));
#2128=CARTESIAN_POINT('',(-0.00559279804233407,0.00231661280074847,0.0065));
#2129=CARTESIAN_POINT('',(-0.00605360097883297,7.41779177390603E-19,0.0065));
#2130=CARTESIAN_POINT('',(-0.00559279804233407,-0.00231661280074847,0.0065));
#2131=CARTESIAN_POINT('',(-0.00428054230273031,-0.00428054230273031,0.0065));
#2132=CARTESIAN_POINT('',(-0.00231661280074847,-0.00559279804233407,0.0065));
#2133=CARTESIAN_POINT('',(-2.5410988417629E-18,-0.00605360097883297,0.0065));
#2134=CARTESIAN_POINT('',(0.00231661280074847,-0.00559279804233407,0.0065));
#2135=CARTESIAN_POINT('',(0.00428054230273032,-0.00428054230273031,0.0065));
#2136=CARTESIAN_POINT('',(0.00559279804233407,-0.00231661280074845,0.0065));
#2137=CARTESIAN_POINT('',(0.00605360097883296,-4.33680868994202E-18,0.0065));
#2138=CARTESIAN_POINT('',(0.00559279804233407,0.00231661280074847,0.0065));
#2139=CARTESIAN_POINT('',(-8.3943921377783E-20,0.,0.0081));
#2140=CARTESIAN_POINT('',(0.0025,0.,0.0081));
#2141=CARTESIAN_POINT('',(0.00125,0.,0.0081));
#2142=CARTESIAN_POINT('',(0.00295,0.,0.0055));
#2143=CARTESIAN_POINT('',(0.,0.,0.));
#2144=CARTESIAN_POINT('',(-4.19719606888915E-20,0.,0.00405));
#2145=CARTESIAN_POINT('',(0.00391805812445614,-0.0039180581244561,-0.0096));
#2146=CARTESIAN_POINT('',(0.00554097093777194,-6.17995238316738E-18,-0.0096));
#2147=CARTESIAN_POINT('',(0.00391805812445612,0.00391805812445613,-0.0096));
#2148=CARTESIAN_POINT('',(-5.39390580811538E-18,0.00554097093777194,-0.0096));
#2149=CARTESIAN_POINT('',(-0.00391805812445613,0.00391805812445612,-0.0096));
#2150=CARTESIAN_POINT('',(-0.00554097093777194,-1.17068423640017E-17,-0.0096));
#2151=CARTESIAN_POINT('',(-0.00391805812445611,-0.00391805812445613,-0.0096));
#2152=CARTESIAN_POINT('',(1.99493199737333E-17,-0.00554097093777194,-0.0096));
#2153=CARTESIAN_POINT('',(0.00391805812445614,-0.0039180581244561,-0.0096));
#2154=CARTESIAN_POINT('',(0.00554097093777194,-6.17995238316738E-18,-0.0096));
#2155=CARTESIAN_POINT('',(0.00391805812445612,0.00391805812445613,-0.0096));
#2156=CARTESIAN_POINT('',(0.005,0.,-0.0096));
#2157=CARTESIAN_POINT('',(7.15077848773707E-20,0.,-0.0069));
#2158=CARTESIAN_POINT('',(0.005,0.,-0.0069));
#2159=CARTESIAN_POINT('',(0.0025,0.,-0.0069));
#2160=CARTESIAN_POINT('',(0.0025,0.,-0.0099));
#2161=CARTESIAN_POINT('',(0.00443478490303368,0.00191168039870385,-0.0099));
#2162=CARTESIAN_POINT('',(0.00482235392277549,6.2408161038261E-5,-0.00990000000000001));
#2163=CARTESIAN_POINT('',(0.00447432111690559,-0.0017809812230297,-0.0099));
#2164=CARTESIAN_POINT('',(0.00347912567797045,-0.00333900971395263,-0.0099));
#2165=CARTESIAN_POINT('',(0.00193811564230465,-0.0044157238406386,-0.0099));
#2166=CARTESIAN_POINT('',(0.000100843865020281,-0.00482133547965348,-0.0099));
#2167=CARTESIAN_POINT('',(-0.00175187446566917,-0.00449291585050841,-0.0099));
#2168=CARTESIAN_POINT('',(-0.00333788521016007,-0.00348050272403375,-0.0099));
#2169=CARTESIAN_POINT('',(-0.00441573457286821,-0.00193821107968438,-0.0099));
#2170=CARTESIAN_POINT('',(-0.00482132807720184,-0.000100845353768639,-0.0099));
#2171=CARTESIAN_POINT('',(-0.0044929180948326,0.0017518737071599,-0.0099));
#2172=CARTESIAN_POINT('',(-0.00348050233551365,0.00333788469592201,-0.0099));
#2173=CARTESIAN_POINT('',(-0.00193821054061928,0.00441573717834891,-0.0099));
#2174=CARTESIAN_POINT('',(-0.000100847909551022,0.00482131816270966,-0.0099));
#2175=CARTESIAN_POINT('',(0.00175188339058642,0.00449295514721702,-0.0099));
#2176=CARTESIAN_POINT('',(0.00333784851796739,0.00348036404047524,-0.0099));
#2177=CARTESIAN_POINT('',(0.00443478490303368,0.00191168039870385,-0.0099));
#2178=CARTESIAN_POINT('',(0.00482235392277549,6.2408161038261E-5,-0.00990000000000001));
#2179=CARTESIAN_POINT('',(0.00447432111690559,-0.0017809812230297,-0.0099));
#2180=CARTESIAN_POINT('',(0.0047,-5.42101086242752E-19,-0.0099));
#2181=CARTESIAN_POINT('',(-0.00473965785747293,0.0019632425018868,-0.0096));
#2182=CARTESIAN_POINT('',(-0.00513017107126355,5.96311194867027E-19,-0.0096));
#2183=CARTESIAN_POINT('',(-0.00473965785747286,-0.0019632425018868,-0.0096));
#2184=CARTESIAN_POINT('',(-0.00362757031288935,-0.00362759912969892,-0.0096));
#2185=CARTESIAN_POINT('',(-0.0019632136850772,-0.00473968667428236,-0.0096));
#2186=CARTESIAN_POINT('',(2.88168096153389E-8,-0.005130199888073,-0.0096));
#2187=CARTESIAN_POINT('',(0.00196327131869642,-0.00473968667428229,-0.0096));
#2188=CARTESIAN_POINT('',(0.00362762794650853,-0.0036275991296988,-0.0096));
#2189=CARTESIAN_POINT('',(0.00473971549109198,-0.00196324250188664,-0.0096));
#2190=CARTESIAN_POINT('',(0.00513022870488261,1.7440308460548E-16,-0.0096));
#2191=CARTESIAN_POINT('',(0.00473971549109191,0.00196324250188698,-0.0096));
#2192=CARTESIAN_POINT('',(0.00362762794650841,0.00362759912969909,-0.0096));
#2193=CARTESIAN_POINT('',(0.00196327131869625,0.00473968667428254,-0.0096));
#2194=CARTESIAN_POINT('',(2.88168094386054E-8,0.00513019988807317,-0.0096));
#2195=CARTESIAN_POINT('',(-0.00196321368507736,0.00473968667428247,-0.0096));
#2196=CARTESIAN_POINT('',(-0.00362757031288948,0.00362759912969897,-0.0096));
#2197=CARTESIAN_POINT('',(-0.00473965785747293,0.0019632425018868,-0.0096));
#2198=CARTESIAN_POINT('',(-0.00513017107126355,5.96311194867027E-19,-0.0096));
#2199=CARTESIAN_POINT('',(-0.00473965785747286,-0.0019632425018868,-0.0096));
#2200=CARTESIAN_POINT('',(-0.0047441481745153,0.00196510245210511,-0.00967173536477938));
#2201=CARTESIAN_POINT('',(-0.00513503135540706,4.87890977618477E-19,-0.00967173536477937));
#2202=CARTESIAN_POINT('',(-0.00474414817451523,-0.00196510245210511,-0.00967173536477938));
#2203=CARTESIAN_POINT('',(-0.00363100705276572,-0.00363103586957529,-0.00967173536477938));
#2204=CARTESIAN_POINT('',(-0.0019650736352955,-0.00474417699132474,-0.00967173536477938));
#2205=CARTESIAN_POINT('',(2.88168096151017E-8,-0.0051350601722165,-0.00967173536477938));
#2206=CARTESIAN_POINT('',(0.00196513126891472,-0.00474417699132467,-0.00967173536477938));
#2207=CARTESIAN_POINT('',(0.0036310646863849,-0.00363103586957516,-0.00967173536477938));
#2208=CARTESIAN_POINT('',(0.00474420580813435,-0.00196510245210494,-0.00967173536477938));
#2209=CARTESIAN_POINT('',(0.00513508898902611,1.74731448838884E-16,-0.00967173536477938));
#2210=CARTESIAN_POINT('',(0.00474420580813428,0.00196510245210528,-0.00967173536477938));
#2211=CARTESIAN_POINT('',(0.00363106468638478,0.00363103586957546,-0.00967173536477938));
#2212=CARTESIAN_POINT('',(0.00196513126891456,0.00474417699132491,-0.00967173536477938));
#2213=CARTESIAN_POINT('',(2.8816809439029E-8,0.00513506017221667,-0.00967173536477938));
#2214=CARTESIAN_POINT('',(-0.00196507363529567,0.00474417699132484,-0.00967173536477938));
#2215=CARTESIAN_POINT('',(-0.00363100705276585,0.00363103586957533,-0.00967173536477938));
#2216=CARTESIAN_POINT('',(-0.0047441481745153,0.00196510245210511,-0.00967173536477938));
#2217=CARTESIAN_POINT('',(-0.00513503135540706,4.87890977618477E-19,-0.00967173536477937));
#2218=CARTESIAN_POINT('',(-0.00474414817451523,-0.00196510245210511,-0.00967173536477938));
#2219=CARTESIAN_POINT('',(-0.00470286589728621,0.00194800277299117,-0.00986379914518472));
#2220=CARTESIAN_POINT('',(-0.00509034774052398,-1.02999206386123E-18,-0.00986379914518471));
#2221=CARTESIAN_POINT('',(-0.00470286589728613,-0.00194800277299118,-0.00986379914518471));
#2222=CARTESIAN_POINT('',(-0.00359941096567396,-0.00359943978248353,-0.00986379914518471));
#2223=CARTESIAN_POINT('',(-0.00194797395618157,-0.00470289471409565,-0.00986379914518471));
#2224=CARTESIAN_POINT('',(2.88168096169347E-8,-0.00509037655733342,-0.00986379914518471));
#2225=CARTESIAN_POINT('',(0.00194803158980079,-0.00470289471409557,-0.00986379914518471));
#2226=CARTESIAN_POINT('',(0.00359946859929315,-0.00359943978248341,-0.00986379914518472));
#2227=CARTESIAN_POINT('',(0.00470292353090526,-0.00194800277299101,-0.00986379914518471));
#2228=CARTESIAN_POINT('',(0.00509040537414304,1.76164909827047E-16,-0.00986379914518471));
#2229=CARTESIAN_POINT('',(0.00470292353090519,0.00194800277299135,-0.00986379914518472));
#2230=CARTESIAN_POINT('',(0.00359946859929302,0.00359943978248371,-0.00986379914518471));
#2231=CARTESIAN_POINT('',(0.00194803158980062,0.00470289471409582,-0.00986379914518472));
#2232=CARTESIAN_POINT('',(2.88168094366234E-8,0.0050903765573336,-0.00986379914518472));
#2233=CARTESIAN_POINT('',(-0.00194797395618173,0.00470289471409575,-0.00986379914518472));
#2234=CARTESIAN_POINT('',(-0.0035994109656741,0.00359943978248358,-0.00986379914518472));
#2235=CARTESIAN_POINT('',(-0.00470286589728621,0.00194800277299117,-0.00986379914518472));
#2236=CARTESIAN_POINT('',(-0.00509034774052398,-1.02999206386123E-18,-0.00986379914518471));
#2237=CARTESIAN_POINT('',(-0.00470286589728613,-0.00194800277299118,-0.00986379914518471));
#2238=CARTESIAN_POINT('',(-0.00452037690380704,0.00187241335690828,-0.00990485197795023));
#2239=CARTESIAN_POINT('',(-0.00489282307734292,-9.48676900924816E-19,-0.00990485197795022));
#2240=CARTESIAN_POINT('',(-0.00452037690380697,-0.00187241335690829,-0.00990485197795022));
#2241=CARTESIAN_POINT('',(-0.00345973993688705,-0.00345976875369662,-0.00990485197795022));
#2242=CARTESIAN_POINT('',(-0.00187238454009868,-0.00452040572061648,-0.00990485197795022));
#2243=CARTESIAN_POINT('',(2.88168096165671E-8,-0.00489285189415236,-0.00990485197795022));
#2244=CARTESIAN_POINT('',(0.0018724421737179,-0.00452040572061641,-0.00990485197795022));
#2245=CARTESIAN_POINT('',(0.00345979757050623,-0.00345976875369649,-0.00990485197795022));
#2246=CARTESIAN_POINT('',(0.00452043453742609,-0.00187241335690812,-0.00990485197795022));
#2247=CARTESIAN_POINT('',(0.00489288071096198,1.75691769134112E-16,-0.00990485197795022));
#2248=CARTESIAN_POINT('',(0.00452043453742602,0.00187241335690846,-0.00990485197795023));
#2249=CARTESIAN_POINT('',(0.00345979757050611,0.00345976875369679,-0.00990485197795022));
#2250=CARTESIAN_POINT('',(0.00187244217371773,0.00452040572061665,-0.00990485197795023));
#2251=CARTESIAN_POINT('',(2.88168094380159E-8,0.00489285189415254,-0.00990485197795022));
#2252=CARTESIAN_POINT('',(-0.00187238454009885,0.00452040572061658,-0.00990485197795023));
#2253=CARTESIAN_POINT('',(-0.00345973993688718,0.00345976875369666,-0.00990485197795023));
#2254=CARTESIAN_POINT('',(-0.00452037690380704,0.00187241335690828,-0.00990485197795023));
#2255=CARTESIAN_POINT('',(-0.00489282307734292,-9.48676900924816E-19,-0.00990485197795022));
#2256=CARTESIAN_POINT('',(-0.00452037690380697,-0.00187241335690829,-0.00990485197795022));
#2257=CARTESIAN_POINT('',(-0.00445271885955669,0.00184438847737615,-0.0099));
#2258=CARTESIAN_POINT('',(-0.0048195905379593,-1.35525271560688E-19,-0.0099));
#2259=CARTESIAN_POINT('',(-0.00445271885955661,-0.00184438847737615,-0.0099));
#2260=CARTESIAN_POINT('',(-0.00340795671168538,-0.00340798552849495,-0.0099));
#2261=CARTESIAN_POINT('',(-0.00184435966056655,-0.00445274767636612,-0.0099));
#2262=CARTESIAN_POINT('',(2.881680961572E-8,-0.00481961935476875,-0.0099));
#2263=CARTESIAN_POINT('',(0.00184441729418576,-0.00445274767636605,-0.0099));
#2264=CARTESIAN_POINT('',(0.00340801434530456,-0.00340798552849482,-0.0099));
#2265=CARTESIAN_POINT('',(0.00445277649317574,-0.00184438847737599,-0.0099));
#2266=CARTESIAN_POINT('',(0.00481964817157836,1.7504760719517E-16,-0.0099));
#2267=CARTESIAN_POINT('',(0.00445277649317567,0.00184438847737632,-0.0099));
#2268=CARTESIAN_POINT('',(0.00340801434530444,0.00340798552849512,-0.0099));
#2269=CARTESIAN_POINT('',(0.0018444172941856,0.0044527476763663,-0.0099));
#2270=CARTESIAN_POINT('',(2.88168094386732E-8,0.00481961935476892,-0.0099));
#2271=CARTESIAN_POINT('',(-0.00184435966056671,0.00445274767636623,-0.0099));
#2272=CARTESIAN_POINT('',(-0.00340795671168551,0.00340798552849499,-0.0099));
#2273=CARTESIAN_POINT('',(-0.00445271885955669,0.00184438847737615,-0.0099));
#2274=CARTESIAN_POINT('',(-0.0048195905379593,-1.35525271560688E-19,-0.0099));
#2275=CARTESIAN_POINT('',(-0.00445271885955661,-0.00184438847737615,-0.0099));
#2276=CARTESIAN_POINT('',(0.,0.,0.));
#2277=CARTESIAN_POINT('',(0.006,0.,-0.0069));
#2278=CARTESIAN_POINT('',(0.006,0.000630625411594059,-0.0068875));
#2279=CARTESIAN_POINT('',(0.00586888560440284,0.00124747014490656,-0.006875));
#2280=CARTESIAN_POINT('',(0.00573777120880567,0.00186431487821905,-0.00686250000000001));
#2281=CARTESIAN_POINT('',(0.00548127274585561,0.0024404198584548,-0.00685));
#2282=CARTESIAN_POINT('',(0.00522477428290554,0.00301652483869055,-0.0068375));
#2283=CARTESIAN_POINT('',(0.00485410196624969,0.00352671151375484,-0.006825));
#2284=CARTESIAN_POINT('',(0.00448342964959383,0.00403689818881913,-0.0068125));
#2285=CARTESIAN_POINT('',(0.00401478363815315,0.00445886895286437,-0.0068));
#2286=CARTESIAN_POINT('',(0.00354613762671248,0.00488083971690961,-0.00678750000000001));
#2287=CARTESIAN_POINT('',(0.003,0.00519615242270663,-0.006775));
#2288=CARTESIAN_POINT('',(0.00245386237328753,0.00551146512850367,-0.0067625));
#2289=CARTESIAN_POINT('',(0.00185410196624969,0.00570633909777092,-0.00675));
#2290=CARTESIAN_POINT('',(0.00125434155921184,0.00590121306703819,-0.0067375));
#2291=CARTESIAN_POINT('',(0.000627170779605922,0.00596713137220964,-0.006725));
#2292=CARTESIAN_POINT('',(3.69417748825087E-19,0.0060330496773811,-0.00671250000000001));
#2293=CARTESIAN_POINT('',(-0.00062717077960592,0.00596713137220964,-0.0067));
#2294=CARTESIAN_POINT('',(-0.00125434155921184,0.00590121306703819,-0.0066875));
#2295=CARTESIAN_POINT('',(-0.00185410196624969,0.00570633909777092,-0.006675));
#2296=CARTESIAN_POINT('',(-0.00245386237328753,0.00551146512850367,-0.0066625));
#2297=CARTESIAN_POINT('',(-0.003,0.00519615242270663,-0.00665));
#2298=CARTESIAN_POINT('',(-0.00354613762671248,0.00488083971690961,-0.0066375));
#2299=CARTESIAN_POINT('',(-0.00401478363815315,0.00445886895286437,-0.006625));
#2300=CARTESIAN_POINT('',(-0.00448342964959383,0.00403689818881913,-0.00661250000000001));
#2301=CARTESIAN_POINT('',(-0.00485410196624969,0.00352671151375484,-0.0066));
#2302=CARTESIAN_POINT('',(-0.00522477428290554,0.00301652483869055,-0.0065875));
#2303=CARTESIAN_POINT('',(-0.00548127274585561,0.00244041985845481,-0.006575));
#2304=CARTESIAN_POINT('',(-0.00573777120880567,0.00186431487821905,-0.0065625));
#2305=CARTESIAN_POINT('',(-0.00586888560440283,0.00124747014490656,-0.00655));
#2306=CARTESIAN_POINT('',(-0.006,0.000630625411594061,-0.00653750000000001));
#2307=CARTESIAN_POINT('',(-0.006,7.34788079488412E-19,-0.006525));
#2308=CARTESIAN_POINT('',(-0.006,-0.000630625411594057,-0.0065125));
#2309=CARTESIAN_POINT('',(-0.00586888560440284,-0.00124747014490655,-0.0065));
#2310=CARTESIAN_POINT('',(-0.00573777120880567,-0.00186431487821905,-0.0064875));
#2311=CARTESIAN_POINT('',(-0.00548127274585561,-0.0024404198584548,-0.006475));
#2312=CARTESIAN_POINT('',(-0.00522477428290554,-0.00301652483869055,-0.00646250000000001));
#2313=CARTESIAN_POINT('',(-0.00485410196624969,-0.00352671151375484,-0.00645));
#2314=CARTESIAN_POINT('',(-0.00448342964959383,-0.00403689818881913,-0.0064375));
#2315=CARTESIAN_POINT('',(-0.00401478363815315,-0.00445886895286437,-0.006425));
#2316=CARTESIAN_POINT('',(-0.00354613762671248,-0.00488083971690961,-0.0064125));
#2317=CARTESIAN_POINT('',(-0.003,-0.00519615242270663,-0.0064));
#2318=CARTESIAN_POINT('',(-0.00245386237328753,-0.00551146512850366,-0.00638750000000001));
#2319=CARTESIAN_POINT('',(-0.00185410196624969,-0.00570633909777092,-0.006375));
#2320=CARTESIAN_POINT('',(-0.00125434155921185,-0.00590121306703819,-0.0063625));
#2321=CARTESIAN_POINT('',(-0.000627170779605926,-0.00596713137220964,-0.00635));
#2322=CARTESIAN_POINT('',(-1.10825324647526E-18,-0.0060330496773811,-0.0063375));
#2323=CARTESIAN_POINT('',(0.000627170779605918,-0.00596713137220964,-0.006325));
#2324=CARTESIAN_POINT('',(0.00125434155921184,-0.00590121306703819,-0.00631250000000001));
#2325=CARTESIAN_POINT('',(0.00185410196624969,-0.00570633909777092,-0.0063));
#2326=CARTESIAN_POINT('',(0.00245386237328753,-0.00551146512850367,-0.0062875));
#2327=CARTESIAN_POINT('',(0.003,-0.00519615242270664,-0.006275));
#2328=CARTESIAN_POINT('',(0.00354613762671248,-0.00488083971690961,-0.0062625));
#2329=CARTESIAN_POINT('',(0.00401478363815315,-0.00445886895286437,-0.00625));
#2330=CARTESIAN_POINT('',(0.00448342964959383,-0.00403689818881914,-0.0062375));
#2331=CARTESIAN_POINT('',(0.00485410196624969,-0.00352671151375484,-0.006225));
#2332=CARTESIAN_POINT('',(0.00522477428290554,-0.00301652483869055,-0.0062125));
#2333=CARTESIAN_POINT('',(0.0054812727458556,-0.00244041985845481,-0.0062));
#2334=CARTESIAN_POINT('',(0.00573777120880567,-0.00186431487821905,-0.0061875));
#2335=CARTESIAN_POINT('',(0.00586888560440283,-0.00124747014490656,-0.006175));
#2336=CARTESIAN_POINT('',(0.006,-0.000630625411594064,-0.0061625));
#2337=CARTESIAN_POINT('',(0.006,-1.46957615897682E-18,-0.00615));
#2338=CARTESIAN_POINT('',(0.006,0.000630625411594056,-0.00613750000000001));
#2339=CARTESIAN_POINT('',(0.00586888560440284,0.00124747014490655,-0.006125));
#2340=CARTESIAN_POINT('',(0.00573777120880567,0.00186431487821905,-0.0061125));
#2341=CARTESIAN_POINT('',(0.00548127274585561,0.0024404198584548,-0.0061));
#2342=CARTESIAN_POINT('',(0.00522477428290554,0.00301652483869055,-0.0060875));
#2343=CARTESIAN_POINT('',(0.00485410196624969,0.00352671151375484,-0.006075));
#2344=CARTESIAN_POINT('',(0.00448342964959383,0.00403689818881913,-0.00606250000000001));
#2345=CARTESIAN_POINT('',(0.00401478363815316,0.00445886895286437,-0.00605));
#2346=CARTESIAN_POINT('',(0.00354613762671248,0.0048808397169096,-0.0060375));
#2347=CARTESIAN_POINT('',(0.003,0.00519615242270663,-0.006025));
#2348=CARTESIAN_POINT('',(0.00245386237328753,0.00551146512850366,-0.0060125));
#2349=CARTESIAN_POINT('',(0.00185410196624969,0.00570633909777092,-0.006));
#2350=CARTESIAN_POINT('',(0.00125434155921185,0.00590121306703818,-0.00598750000000001));
#2351=CARTESIAN_POINT('',(0.000627170779605926,0.00596713137220964,-0.005975));
#2352=CARTESIAN_POINT('',(1.84708874412543E-18,0.0060330496773811,-0.0059625));
#2353=CARTESIAN_POINT('',(-0.000627170779605917,0.00596713137220964,-0.00595));
#2354=CARTESIAN_POINT('',(-0.00125434155921184,0.00590121306703819,-0.0059375));
#2355=CARTESIAN_POINT('',(-0.00185410196624969,0.00570633909777092,-0.005925));
#2356=CARTESIAN_POINT('',(-0.00245386237328752,0.00551146512850367,-0.00591250000000001));
#2357=CARTESIAN_POINT('',(-0.003,0.00519615242270664,-0.0059));
#2358=CARTESIAN_POINT('',(-0.00354613762671248,0.00488083971690961,-0.0058875));
#2359=CARTESIAN_POINT('',(-0.00401478363815314,0.00445886895286437,-0.005875));
#2360=CARTESIAN_POINT('',(-0.00448342964959383,0.00403689818881914,-0.0058625));
#2361=CARTESIAN_POINT('',(-0.00485410196624968,0.00352671151375484,-0.00585));
#2362=CARTESIAN_POINT('',(-0.00522477428290554,0.00301652483869055,-0.00583750000000001));
#2363=CARTESIAN_POINT('',(-0.0054812727458556,0.00244041985845481,-0.005825));
#2364=CARTESIAN_POINT('',(-0.00573777120880567,0.00186431487821905,-0.0058125));
#2365=CARTESIAN_POINT('',(-0.00586888560440283,0.00124747014490656,-0.0058));
#2366=CARTESIAN_POINT('',(-0.006,0.000630625411594065,-0.0057875));
#2367=CARTESIAN_POINT('',(-0.006,2.20436423846524E-18,-0.005775));
#2368=CARTESIAN_POINT('',(-0.006,-0.00063062541159405,-0.00576250000000001));
#2369=CARTESIAN_POINT('',(-0.00586888560440284,-0.00124747014490655,-0.00575));
#2370=CARTESIAN_POINT('',(-0.00573777120880567,-0.00186431487821905,-0.0057375));
#2371=CARTESIAN_POINT('',(-0.00548127274585561,-0.0024404198584548,-0.005725));
#2372=CARTESIAN_POINT('',(-0.00522477428290555,-0.00301652483869055,-0.0057125));
#2373=CARTESIAN_POINT('',(-0.00485410196624969,-0.00352671151375484,-0.0057));
#2374=CARTESIAN_POINT('',(-0.00448342964959384,-0.00403689818881913,-0.0056875));
#2375=CARTESIAN_POINT('',(-0.00401478363815316,-0.00445886895286437,-0.005675));
#2376=CARTESIAN_POINT('',(-0.00354613762671248,-0.0048808397169096,-0.0056625));
#2377=CARTESIAN_POINT('',(-0.003,-0.00519615242270663,-0.00565));
#2378=CARTESIAN_POINT('',(-0.00245386237328754,-0.00551146512850366,-0.0056375));
#2379=CARTESIAN_POINT('',(-0.00185410196624969,-0.00570633909777092,-0.005625));
#2380=CARTESIAN_POINT('',(-0.00125434155921185,-0.00590121306703818,-0.0056125));
#2381=CARTESIAN_POINT('',(-0.000627170779605927,-0.00596713137220964,-0.0056));
#2382=CARTESIAN_POINT('',(-2.58592424177561E-18,-0.0060330496773811,-0.0055875));
#2383=CARTESIAN_POINT('',(0.000627170779605911,-0.00596713137220964,-0.005575));
#2384=CARTESIAN_POINT('',(0.00125434155921184,-0.00590121306703819,-0.0055625));
#2385=CARTESIAN_POINT('',(0.00185410196624969,-0.00570633909777092,-0.00555));
#2386=CARTESIAN_POINT('',(0.00245386237328752,-0.00551146512850367,-0.0055375));
#2387=CARTESIAN_POINT('',(0.003,-0.00519615242270664,-0.005525));
#2388=CARTESIAN_POINT('',(0.00354613762671248,-0.00488083971690961,-0.00551250000000001));
#2389=CARTESIAN_POINT('',(0.00401478363815314,-0.00445886895286438,-0.0055));
#2390=CARTESIAN_POINT('',(0.00448342964959383,-0.00403689818881914,-0.0054875));
#2391=CARTESIAN_POINT('',(0.00485410196624968,-0.00352671151375484,-0.005475));
#2392=CARTESIAN_POINT('',(0.00522477428290554,-0.00301652483869055,-0.0054625));
#2393=CARTESIAN_POINT('',(0.0054812727458556,-0.00244041985845481,-0.00545));
#2394=CARTESIAN_POINT('',(0.00573777120880567,-0.00186431487821906,-0.0054375));
#2395=CARTESIAN_POINT('',(0.00586888560440283,-0.00124747014490657,-0.005425));
#2396=CARTESIAN_POINT('',(0.006,-0.000630625411594065,-0.0054125));
#2397=CARTESIAN_POINT('',(0.006,-2.93915231795365E-18,-0.0054));
#2398=CARTESIAN_POINT('',(0.006,0.000630625411594049,-0.0053875));
#2399=CARTESIAN_POINT('',(0.00586888560440284,0.00124747014490655,-0.005375));
#2400=CARTESIAN_POINT('',(0.00573777120880567,0.00186431487821905,-0.00536250000000001));
#2401=CARTESIAN_POINT('',(0.00548127274585561,0.00244041985845479,-0.00535));
#2402=CARTESIAN_POINT('',(0.00522477428290555,0.00301652483869055,-0.0053375));
#2403=CARTESIAN_POINT('',(0.00485410196624969,0.00352671151375484,-0.005325));
#2404=CARTESIAN_POINT('',(0.00448342964959384,0.00403689818881913,-0.0053125));
#2405=CARTESIAN_POINT('',(0.00401478363815316,0.00445886895286436,-0.0053));
#2406=CARTESIAN_POINT('',(0.00354613762671248,0.0048808397169096,-0.0052875));
#2407=CARTESIAN_POINT('',(0.003,0.00519615242270663,-0.005275));
#2408=CARTESIAN_POINT('',(0.00245386237328754,0.00551146512850366,-0.0052625));
#2409=CARTESIAN_POINT('',(0.00185410196624969,0.00570633909777092,-0.00525));
#2410=CARTESIAN_POINT('',(0.00125434155921185,0.00590121306703818,-0.0052375));
#2411=CARTESIAN_POINT('',(0.000627170779605928,0.00596713137220964,-0.005225));
#2412=CARTESIAN_POINT('',(3.32475973942578E-18,0.0060330496773811,-0.00521250000000001));
#2413=CARTESIAN_POINT('',(-0.000627170779605911,0.00596713137220964,-0.0052));
#2414=CARTESIAN_POINT('',(-0.00125434155921184,0.00590121306703819,-0.0051875));
#2415=CARTESIAN_POINT('',(-0.00185410196624968,0.00570633909777092,-0.005175));
#2416=CARTESIAN_POINT('',(-0.00245386237328752,0.00551146512850367,-0.0051625));
#2417=CARTESIAN_POINT('',(-0.003,0.00519615242270664,-0.00515));
#2418=CARTESIAN_POINT('',(-0.00354613762671247,0.00488083971690961,-0.0051375));
#2419=CARTESIAN_POINT('',(-0.00401478363815314,0.00445886895286438,-0.005125));
#2420=CARTESIAN_POINT('',(-0.00448342964959382,0.00403689818881914,-0.0051125));
#2421=CARTESIAN_POINT('',(-0.00485410196624968,0.00352671151375484,-0.0051));
#2422=CARTESIAN_POINT('',(-0.00522477428290554,0.00301652483869055,-0.0050875));
#2423=CARTESIAN_POINT('',(-0.0054812727458556,0.00244041985845481,-0.005075));
#2424=CARTESIAN_POINT('',(-0.00573777120880567,0.00186431487821906,-0.0050625));
#2425=CARTESIAN_POINT('',(-0.00586888560440283,0.00124747014490657,-0.00505));
#2426=CARTESIAN_POINT('',(-0.006,0.000630625411594066,-0.00503750000000001));
#2427=CARTESIAN_POINT('',(-0.006,3.67394039744206E-18,-0.005025));
#2428=CARTESIAN_POINT('',(-0.006,-0.000630625411594048,-0.0050125));
#2429=CARTESIAN_POINT('',(-0.00586888560440284,-0.00124747014490655,-0.005));
#2430=CARTESIAN_POINT('',(-0.00573777120880568,-0.00186431487821904,-0.0049875));
#2431=CARTESIAN_POINT('',(-0.00548127274585561,-0.00244041985845479,-0.004975));
#2432=CARTESIAN_POINT('',(-0.00522477428290555,-0.00301652483869055,-0.00496250000000001));
#2433=CARTESIAN_POINT('',(-0.00485410196624969,-0.00352671151375484,-0.00495));
#2434=CARTESIAN_POINT('',(-0.00448342964959383,-0.00403689818881913,-0.0049375));
#2435=CARTESIAN_POINT('',(-0.00401478363815316,-0.00445886895286435,-0.004925));
#2436=CARTESIAN_POINT('',(-0.00354613762671249,-0.0048808397169096,-0.0049125));
#2437=CARTESIAN_POINT('',(-0.003,-0.00519615242270663,-0.0049));
#2438=CARTESIAN_POINT('',(-0.00245386237328754,-0.00551146512850366,-0.00488750000000001));
#2439=CARTESIAN_POINT('',(-0.00185410196624969,-0.00570633909777092,-0.004875));
#2440=CARTESIAN_POINT('',(-0.00125434155921184,-0.00590121306703819,-0.0048625));
#2441=CARTESIAN_POINT('',(-0.000627170779605939,-0.00596713137220964,-0.00485));
#2442=CARTESIAN_POINT('',(-1.47804442939333E-17,-0.0060330496773811,-0.0048375));
#2443=CARTESIAN_POINT('',(0.00062717077960591,-0.00596713137220964,-0.004825));
#2444=CARTESIAN_POINT('',(0.00125434155921184,-0.00590121306703819,-0.00481250000000001));
#2445=CARTESIAN_POINT('',(0.00185410196624968,-0.00570633909777092,-0.0048));
#2446=CARTESIAN_POINT('',(0.00245386237328753,-0.00551146512850367,-0.0047875));
#2447=CARTESIAN_POINT('',(0.003,-0.00519615242270664,-0.004775));
#2448=CARTESIAN_POINT('',(0.00354613762671247,-0.00488083971690961,-0.0047625));
#2449=CARTESIAN_POINT('',(0.00401478363815314,-0.00445886895286438,-0.00475));
#2450=CARTESIAN_POINT('',(0.00448342964959382,-0.00403689818881914,-0.00473750000000001));
#2451=CARTESIAN_POINT('',(0.00485410196624968,-0.00352671151375485,-0.004725));
#2452=CARTESIAN_POINT('',(0.00522477428290554,-0.00301652483869055,-0.0047125));
#2453=CARTESIAN_POINT('',(0.0054812727458556,-0.00244041985845482,-0.0047));
#2454=CARTESIAN_POINT('',(0.00573777120880567,-0.00186431487821907,-0.0046875));
#2455=CARTESIAN_POINT('',(0.00586888560440283,-0.00124747014490657,-0.004675));
#2456=CARTESIAN_POINT('',(0.006,-0.000630625411594067,-0.0046625));
#2457=CARTESIAN_POINT('',(0.006,-4.40872847693047E-18,-0.00465));
#2458=CARTESIAN_POINT('',(0.006,0.000630625411594058,-0.0046375));
#2459=CARTESIAN_POINT('',(0.00586888560440284,0.00124747014490654,-0.004625));
#2460=CARTESIAN_POINT('',(0.00573777120880568,0.00186431487821904,-0.0046125));
#2461=CARTESIAN_POINT('',(0.00548127274585561,0.00244041985845479,-0.0046));
#2462=CARTESIAN_POINT('',(0.00522477428290555,0.00301652483869055,-0.0045875));
#2463=CARTESIAN_POINT('',(0.00485410196624969,0.00352671151375484,-0.004575));
#2464=CARTESIAN_POINT('',(0.00448342964959383,0.00403689818881913,-0.0045625));
#2465=CARTESIAN_POINT('',(0.00401478363815316,0.00445886895286435,-0.00455));
#2466=CARTESIAN_POINT('',(0.00354613762671249,0.0048808397169096,-0.0045375));
#2467=CARTESIAN_POINT('',(0.003,0.00519615242270663,-0.004525));
#2468=CARTESIAN_POINT('',(0.00245386237328754,0.00551146512850366,-0.0045125));
#2469=CARTESIAN_POINT('',(0.00185410196624969,0.00570633909777092,-0.0045));
#2470=CARTESIAN_POINT('',(0.00125434155921184,0.00590121306703819,-0.0044875));
#2471=CARTESIAN_POINT('',(0.00062717077960594,0.00596713137220964,-0.004475));
#2472=CARTESIAN_POINT('',(1.55192797915835E-17,0.0060330496773811,-0.0044625));
#2473=CARTESIAN_POINT('',(-0.000627170779605909,0.00596713137220964,-0.00445));
#2474=CARTESIAN_POINT('',(-0.00125434155921183,0.00590121306703819,-0.0044375));
#2475=CARTESIAN_POINT('',(-0.00185410196624968,0.00570633909777093,-0.004425));
#2476=CARTESIAN_POINT('',(-0.00245386237328753,0.00551146512850367,-0.0044125));
#2477=CARTESIAN_POINT('',(-0.003,0.00519615242270664,-0.0044));
#2478=CARTESIAN_POINT('',(-0.00354613762671246,0.00488083971690961,-0.0043875));
#2479=CARTESIAN_POINT('',(-0.00401478363815314,0.00445886895286438,-0.004375));
#2480=CARTESIAN_POINT('',(-0.00448342964959382,0.00403689818881914,-0.0043625));
#2481=CARTESIAN_POINT('',(-0.00485410196624968,0.00352671151375485,-0.00435));
#2482=CARTESIAN_POINT('',(-0.00522477428290554,0.00301652483869055,-0.0043375));
#2483=CARTESIAN_POINT('',(-0.0054812727458556,0.00244041985845482,-0.004325));
#2484=CARTESIAN_POINT('',(-0.00573777120880567,0.00186431487821907,-0.0043125));
#2485=CARTESIAN_POINT('',(-0.00586888560440283,0.00124747014490657,-0.0043));
#2486=CARTESIAN_POINT('',(-0.006,0.000630625411594068,-0.0042875));
#2487=CARTESIAN_POINT('',(-0.006,5.14351655641888E-18,-0.004275));
#2488=CARTESIAN_POINT('',(-0.006,-0.000630625411594057,-0.0042625));
#2489=CARTESIAN_POINT('',(-0.00586888560440284,-0.00124747014490654,-0.00425));
#2490=CARTESIAN_POINT('',(-0.00573777120880568,-0.00186431487821904,-0.0042375));
#2491=CARTESIAN_POINT('',(-0.00548127274585561,-0.00244041985845479,-0.004225));
#2492=CARTESIAN_POINT('',(-0.00522477428290555,-0.00301652483869055,-0.0042125));
#2493=CARTESIAN_POINT('',(-0.00485410196624969,-0.00352671151375484,-0.0042));
#2494=CARTESIAN_POINT('',(-0.00448342964959383,-0.00403689818881913,-0.0041875));
#2495=CARTESIAN_POINT('',(-0.00401478363815316,-0.00445886895286435,-0.004175));
#2496=CARTESIAN_POINT('',(-0.00354613762671249,-0.0048808397169096,-0.0041625));
#2497=CARTESIAN_POINT('',(-0.003,-0.00519615242270663,-0.00415));
#2498=CARTESIAN_POINT('',(-0.00245386237328754,-0.00551146512850366,-0.0041375));
#2499=CARTESIAN_POINT('',(-0.00185410196624969,-0.00570633909777092,-0.004125));
#2500=CARTESIAN_POINT('',(-0.00125434155921184,-0.00590121306703819,-0.0041125));
#2501=CARTESIAN_POINT('',(-0.000627170779605941,-0.00596713137220964,-0.0041));
#2502=CARTESIAN_POINT('',(-1.62581152892337E-17,-0.0060330496773811,-0.0040875));
#2503=CARTESIAN_POINT('',(0.000627170779605908,-0.00596713137220964,-0.004075));
#2504=CARTESIAN_POINT('',(0.00125434155921183,-0.00590121306703819,-0.0040625));
#2505=CARTESIAN_POINT('',(0.00185410196624968,-0.00570633909777093,-0.00405));
#2506=CARTESIAN_POINT('',(0.00245386237328753,-0.00551146512850367,-0.0040375));
#2507=CARTESIAN_POINT('',(0.003,-0.00519615242270664,-0.004025));
#2508=CARTESIAN_POINT('',(0.00354613762671246,-0.00488083971690961,-0.0040125));
#2509=CARTESIAN_POINT('',(0.00401478363815314,-0.00445886895286438,-0.004));
#2510=CARTESIAN_POINT('',(0.00448342964959382,-0.00403689818881914,-0.0039875));
#2511=CARTESIAN_POINT('',(0.00485410196624968,-0.00352671151375485,-0.003975));
#2512=CARTESIAN_POINT('',(0.00522477428290554,-0.00301652483869055,-0.0039625));
#2513=CARTESIAN_POINT('',(0.0054812727458556,-0.00244041985845482,-0.00395));
#2514=CARTESIAN_POINT('',(0.00573777120880567,-0.00186431487821907,-0.0039375));
#2515=CARTESIAN_POINT('',(0.00586888560440283,-0.00124747014490657,-0.003925));
#2516=CARTESIAN_POINT('',(0.006,-0.000630625411594068,-0.0039125));
#2517=CARTESIAN_POINT('',(0.006,-5.8783046359073E-18,-0.0039));
#2518=CARTESIAN_POINT('',(0.006,0.000630625411594057,-0.0038875));
#2519=CARTESIAN_POINT('',(0.00586888560440284,0.00124747014490654,-0.003875));
#2520=CARTESIAN_POINT('',(0.00573777120880568,0.00186431487821904,-0.0038625));
#2521=CARTESIAN_POINT('',(0.00548127274585561,0.00244041985845479,-0.00385));
#2522=CARTESIAN_POINT('',(0.00522477428290555,0.00301652483869055,-0.0038375));
#2523=CARTESIAN_POINT('',(0.00485410196624969,0.00352671151375484,-0.003825));
#2524=CARTESIAN_POINT('',(0.00448342964959383,0.00403689818881913,-0.0038125));
#2525=CARTESIAN_POINT('',(0.00401478363815316,0.00445886895286435,-0.0038));
#2526=CARTESIAN_POINT('',(0.00354613762671249,0.0048808397169096,-0.0037875));
#2527=CARTESIAN_POINT('',(0.003,0.00519615242270663,-0.003775));
#2528=CARTESIAN_POINT('',(0.00245386237328754,0.00551146512850366,-0.0037625));
#2529=CARTESIAN_POINT('',(0.00185410196624969,0.00570633909777092,-0.00375));
#2530=CARTESIAN_POINT('',(0.00125434155921185,0.00590121306703819,-0.0037375));
#2531=CARTESIAN_POINT('',(0.000627170779605941,0.00596713137220964,-0.003725));
#2532=CARTESIAN_POINT('',(1.69969507868839E-17,0.0060330496773811,-0.0037125));
#2533=CARTESIAN_POINT('',(-0.000627170779605908,0.00596713137220964,-0.0037));
#2534=CARTESIAN_POINT('',(-0.00125434155921183,0.00590121306703819,-0.0036875));
#2535=CARTESIAN_POINT('',(-0.00185410196624968,0.00570633909777093,-0.003675));
#2536=CARTESIAN_POINT('',(-0.00245386237328751,0.00551146512850368,-0.0036625));
#2537=CARTESIAN_POINT('',(-0.003,0.00519615242270664,-0.00365));
#2538=CARTESIAN_POINT('',(-0.00354613762671246,0.00488083971690962,-0.0036375));
#2539=CARTESIAN_POINT('',(-0.00401478363815314,0.00445886895286438,-0.003625));
#2540=CARTESIAN_POINT('',(-0.00448342964959382,0.00403689818881914,-0.0036125));
#2541=CARTESIAN_POINT('',(-0.00485410196624968,0.00352671151375485,-0.0036));
#2542=CARTESIAN_POINT('',(-0.00522477428290553,0.00301652483869055,-0.0035875));
#2543=CARTESIAN_POINT('',(-0.0054812727458556,0.00244041985845482,-0.003575));
#2544=CARTESIAN_POINT('',(-0.00573777120880567,0.00186431487821907,-0.0035625));
#2545=CARTESIAN_POINT('',(-0.00586888560440283,0.00124747014490657,-0.00355));
#2546=CARTESIAN_POINT('',(-0.006,0.000630625411594069,-0.0035375));
#2547=CARTESIAN_POINT('',(-0.006,6.61309271539571E-18,-0.003525));
#2548=CARTESIAN_POINT('',(-0.006,-0.000630625411594035,-0.0035125));
#2549=CARTESIAN_POINT('',(-0.00586888560440284,-0.00124747014490654,-0.0035));
#2550=CARTESIAN_POINT('',(-0.00573777120880568,-0.00186431487821904,-0.0034875));
#2551=CARTESIAN_POINT('',(-0.00548127274585561,-0.00244041985845479,-0.003475));
#2552=CARTESIAN_POINT('',(-0.00522477428290555,-0.00301652483869055,-0.0034625));
#2553=CARTESIAN_POINT('',(-0.00485410196624969,-0.00352671151375484,-0.00345));
#2554=CARTESIAN_POINT('',(-0.00448342964959385,-0.00403689818881911,-0.0034375));
#2555=CARTESIAN_POINT('',(-0.00401478363815316,-0.00445886895286435,-0.003425));
#2556=CARTESIAN_POINT('',(-0.00354613762671249,-0.00488083971690959,-0.0034125));
#2557=CARTESIAN_POINT('',(-0.003,-0.00519615242270663,-0.0034));
#2558=CARTESIAN_POINT('',(-0.00245386237328754,-0.00551146512850366,-0.0033875));
#2559=CARTESIAN_POINT('',(-0.00185410196624969,-0.00570633909777092,-0.003375));
#2560=CARTESIAN_POINT('',(-0.00125434155921187,-0.00590121306703818,-0.0033625));
#2561=CARTESIAN_POINT('',(-0.000627170779605942,-0.00596713137220964,-0.00335));
#2562=CARTESIAN_POINT('',(-1.7735786284534E-17,-0.0060330496773811,-0.0033375));
#2563=CARTESIAN_POINT('',(0.000627170779605907,-0.00596713137220964,-0.003325));
#2564=CARTESIAN_POINT('',(0.00125434155921183,-0.00590121306703819,-0.0033125));
#2565=CARTESIAN_POINT('',(0.00185410196624968,-0.00570633909777093,-0.0033));
#2566=CARTESIAN_POINT('',(0.00245386237328751,-0.00551146512850368,-0.0032875));
#2567=CARTESIAN_POINT('',(0.003,-0.00519615242270664,-0.003275));
#2568=CARTESIAN_POINT('',(0.00354613762671246,-0.00488083971690962,-0.0032625));
#2569=CARTESIAN_POINT('',(0.00401478363815314,-0.00445886895286438,-0.00325));
#2570=CARTESIAN_POINT('',(0.00448342964959382,-0.00403689818881914,-0.0032375));
#2571=CARTESIAN_POINT('',(0.00485410196624968,-0.00352671151375485,-0.003225));
#2572=CARTESIAN_POINT('',(0.00522477428290553,-0.00301652483869055,-0.0032125));
#2573=CARTESIAN_POINT('',(0.0054812727458556,-0.00244041985845482,-0.0032));
#2574=CARTESIAN_POINT('',(0.00573777120880567,-0.00186431487821907,-0.0031875));
#2575=CARTESIAN_POINT('',(0.00586888560440283,-0.00124747014490657,-0.003175));
#2576=CARTESIAN_POINT('',(0.006,-0.00063062541159407,-0.0031625));
#2577=CARTESIAN_POINT('',(0.006,-7.34788079488412E-18,-0.00315));
#2578=CARTESIAN_POINT('',(0.006,0.000630625411594034,-0.0031375));
#2579=CARTESIAN_POINT('',(0.00586888560440284,0.00124747014490653,-0.003125));
#2580=CARTESIAN_POINT('',(0.00573777120880568,0.00186431487821904,-0.0031125));
#2581=CARTESIAN_POINT('',(0.00548127274585561,0.00244041985845479,-0.0031));
#2582=CARTESIAN_POINT('',(0.00522477428290555,0.00301652483869055,-0.0030875));
#2583=CARTESIAN_POINT('',(0.0048541019662497,0.00352671151375482,-0.003075));
#2584=CARTESIAN_POINT('',(0.00448342964959385,0.00403689818881911,-0.0030625));
#2585=CARTESIAN_POINT('',(0.00401478363815316,0.00445886895286435,-0.00305));
#2586=CARTESIAN_POINT('',(0.00354613762671249,0.00488083971690959,-0.0030375));
#2587=CARTESIAN_POINT('',(0.003,0.00519615242270663,-0.003025));
#2588=CARTESIAN_POINT('',(0.00245386237328754,0.00551146512850366,-0.0030125));
#2589=CARTESIAN_POINT('',(0.00185410196624969,0.00570633909777092,-0.003));
#2590=CARTESIAN_POINT('',(0.00125434155921185,0.00590121306703818,-0.0029875));
#2591=CARTESIAN_POINT('',(0.000627170779605922,0.00596713137220964,-0.002975));
#2592=CARTESIAN_POINT('',(-2.95907633153057E-18,0.0060330496773811,-0.0029625));
#2593=CARTESIAN_POINT('',(-0.000627170779605885,0.00596713137220965,-0.00295));
#2594=CARTESIAN_POINT('',(-0.00125434155921181,0.00590121306703819,-0.0029375));
#2595=CARTESIAN_POINT('',(-0.00185410196624965,0.00570633909777093,-0.002925));
#2596=CARTESIAN_POINT('',(-0.00245386237328751,0.00551146512850368,-0.0029125));
#2597=CARTESIAN_POINT('',(-0.003,0.00519615242270664,-0.0029));
#2598=CARTESIAN_POINT('',(-0.00354613762671246,0.00488083971690962,-0.0028875));
#2599=CARTESIAN_POINT('',(-0.00401478363815314,0.00445886895286438,-0.002875));
#2600=CARTESIAN_POINT('',(-0.00448342964959382,0.00403689818881914,-0.0028625));
#2601=CARTESIAN_POINT('',(-0.00485410196624968,0.00352671151375485,-0.00285));
#2602=CARTESIAN_POINT('',(-0.00522477428290554,0.00301652483869055,-0.0028375));
#2603=CARTESIAN_POINT('',(-0.00548127274585561,0.0024404198584548,-0.002825));
#2604=CARTESIAN_POINT('',(-0.00573777120880567,0.00186431487821905,-0.0028125));
#2605=CARTESIAN_POINT('',(-0.00586888560440283,0.00124747014490659,-0.0028));
#2606=CARTESIAN_POINT('',(-0.006,0.000630625411594092,-0.0027875));
#2607=CARTESIAN_POINT('',(-0.006,2.93989509471756E-17,-0.002775));
#2608=CARTESIAN_POINT('',(-0.006,-0.000630625411594033,-0.0027625));
#2609=CARTESIAN_POINT('',(-0.00586888560440284,-0.00124747014490653,-0.00275));
#2610=CARTESIAN_POINT('',(-0.00573777120880568,-0.00186431487821903,-0.0027375));
#2611=CARTESIAN_POINT('',(-0.00548127274585561,-0.00244041985845479,-0.002725));
#2612=CARTESIAN_POINT('',(-0.00522477428290555,-0.00301652483869055,-0.0027125));
#2613=CARTESIAN_POINT('',(-0.00485410196624969,-0.00352671151375484,-0.0027));
#2614=CARTESIAN_POINT('',(-0.00448342964959383,-0.00403689818881913,-0.0026875));
#2615=CARTESIAN_POINT('',(-0.00401478363815315,-0.00445886895286437,-0.002675));
#2616=CARTESIAN_POINT('',(-0.00354613762671248,-0.00488083971690961,-0.0026625));
#2617=CARTESIAN_POINT('',(-0.00300000000000004,-0.00519615242270661,-0.00265));
#2618=CARTESIAN_POINT('',(-0.00245386237328756,-0.00551146512850365,-0.0026375));
#2619=CARTESIAN_POINT('',(-0.00185410196624971,-0.00570633909777091,-0.002625));
#2620=CARTESIAN_POINT('',(-0.00125434155921187,-0.00590121306703818,-0.0026125));
#2621=CARTESIAN_POINT('',(-0.000627170779605943,-0.00596713137220964,-0.0026));
#2622=CARTESIAN_POINT('',(-1.92134572798344E-17,-0.0060330496773811,-0.0025875));
#2623=CARTESIAN_POINT('',(0.000627170779605906,-0.00596713137220964,-0.002575));
#2624=CARTESIAN_POINT('',(0.00125434155921183,-0.00590121306703819,-0.0025625));
#2625=CARTESIAN_POINT('',(0.00185410196624968,-0.00570633909777093,-0.00255));
#2626=CARTESIAN_POINT('',(0.00245386237328752,-0.00551146512850367,-0.0025375));
#2627=CARTESIAN_POINT('',(0.003,-0.00519615242270663,-0.002525));
#2628=CARTESIAN_POINT('',(0.00354613762671248,-0.0048808397169096,-0.0025125));
#2629=CARTESIAN_POINT('',(0.00401478363815313,-0.00445886895286439,-0.0025));
#2630=CARTESIAN_POINT('',(0.00448342964959381,-0.00403689818881916,-0.0024875));
#2631=CARTESIAN_POINT('',(0.00485410196624967,-0.00352671151375487,-0.002475));
#2632=CARTESIAN_POINT('',(0.00522477428290553,-0.00301652483869055,-0.0024625));
#2633=CARTESIAN_POINT('',(0.0054812727458556,-0.00244041985845483,-0.00245));
#2634=CARTESIAN_POINT('',(0.00573777120880567,-0.00186431487821907,-0.0024375));
#2635=CARTESIAN_POINT('',(0.00586888560440283,-0.00124747014490657,-0.002425));
#2636=CARTESIAN_POINT('',(0.006,-0.000630625411594071,-0.0024125));
#2637=CARTESIAN_POINT('',(0.006,-8.81745695386094E-18,-0.0024));
#2638=CARTESIAN_POINT('',(0.006,0.000630625411594054,-0.0023875));
#2639=CARTESIAN_POINT('',(0.00586888560440284,0.00124747014490655,-0.002375));
#2640=CARTESIAN_POINT('',(0.00573777120880567,0.00186431487821905,-0.0023625));
#2641=CARTESIAN_POINT('',(0.00548127274585562,0.00244041985845477,-0.00235));
#2642=CARTESIAN_POINT('',(0.00522477428290556,0.00301652483869055,-0.0023375));
#2643=CARTESIAN_POINT('',(0.0048541019662497,0.00352671151375482,-0.002325));
#2644=CARTESIAN_POINT('',(0.00448342964959385,0.00403689818881911,-0.0023125));
#2645=CARTESIAN_POINT('',(0.00401478363815317,0.00445886895286435,-0.0023));
#2646=CARTESIAN_POINT('',(0.00354613762671249,0.00488083971690959,-0.0022875));
#2647=CARTESIAN_POINT('',(0.003,0.00519615242270663,-0.002275));
#2648=CARTESIAN_POINT('',(0.00245386237328754,0.00551146512850366,-0.0022625));
#2649=CARTESIAN_POINT('',(0.00185410196624969,0.00570633909777092,-0.00225));
#2650=CARTESIAN_POINT('',(0.00125434155921185,0.00590121306703818,-0.0022375));
#2651=CARTESIAN_POINT('',(0.000627170779605923,0.00596713137220964,-0.002225));
#2652=CARTESIAN_POINT('',(-1.48140533623022E-18,0.0060330496773811,-0.0022125));
#2653=CARTESIAN_POINT('',(-0.000627170779605884,0.00596713137220965,-0.0022));
#2654=CARTESIAN_POINT('',(-0.00125434155921181,0.00590121306703819,-0.0021875));
#2655=CARTESIAN_POINT('',(-0.00185410196624965,0.00570633909777093,-0.002175));
#2656=CARTESIAN_POINT('',(-0.0024538623732875,0.00551146512850368,-0.0021625));
#2657=CARTESIAN_POINT('',(-0.003,0.00519615242270665,-0.00215));
#2658=CARTESIAN_POINT('',(-0.00354613762671246,0.00488083971690962,-0.0021375));
#2659=CARTESIAN_POINT('',(-0.00401478363815314,0.00445886895286438,-0.002125));
#2660=CARTESIAN_POINT('',(-0.00448342964959382,0.00403689818881914,-0.0021125));
#2661=CARTESIAN_POINT('',(-0.00485410196624968,0.00352671151375485,-0.0021));
#2662=CARTESIAN_POINT('',(-0.00522477428290554,0.00301652483869055,-0.0020875));
#2663=CARTESIAN_POINT('',(-0.00548127274585561,0.00244041985845481,-0.002075));
#2664=CARTESIAN_POINT('',(-0.00573777120880566,0.00186431487821909,-0.0020625));
#2665=CARTESIAN_POINT('',(-0.00586888560440283,0.00124747014490659,-0.00205));
#2666=CARTESIAN_POINT('',(-0.006,0.000630625411594093,-0.0020375));
#2667=CARTESIAN_POINT('',(-0.006,3.08685271061523E-17,-0.002025));
#2668=CARTESIAN_POINT('',(-0.00600000000000001,-0.000630625411594032,-0.0020125));
#2669=CARTESIAN_POINT('',(-0.00586888560440284,-0.00124747014490653,-0.002));
#2670=CARTESIAN_POINT('',(-0.00573777120880568,-0.00186431487821903,-0.0019875));
#2671=CARTESIAN_POINT('',(-0.00548127274585561,-0.00244041985845479,-0.001975));
#2672=CARTESIAN_POINT('',(-0.00522477428290555,-0.00301652483869055,-0.0019625));
#2673=CARTESIAN_POINT('',(-0.00485410196624969,-0.00352671151375483,-0.00195));
#2674=CARTESIAN_POINT('',(-0.00448342964959383,-0.00403689818881913,-0.0019375));
#2675=CARTESIAN_POINT('',(-0.00401478363815315,-0.00445886895286437,-0.001925));
#2676=CARTESIAN_POINT('',(-0.00354613762671251,-0.00488083971690958,-0.0019125));
#2677=CARTESIAN_POINT('',(-0.00300000000000004,-0.00519615242270661,-0.0019));
#2678=CARTESIAN_POINT('',(-0.00245386237328756,-0.00551146512850365,-0.0018875));
#2679=CARTESIAN_POINT('',(-0.00185410196624971,-0.00570633909777091,-0.001875));
#2680=CARTESIAN_POINT('',(-0.00125434155921187,-0.00590121306703818,-0.0018625));
#2681=CARTESIAN_POINT('',(-0.000627170779605945,-0.00596713137220964,-0.00185));
#2682=CARTESIAN_POINT('',(-2.06911282751347E-17,-0.0060330496773811,-0.0018375));
#2683=CARTESIAN_POINT('',(0.000627170779605904,-0.00596713137220964,-0.001825));
#2684=CARTESIAN_POINT('',(0.00125434155921183,-0.00590121306703819,-0.0018125));
#2685=CARTESIAN_POINT('',(0.00185410196624968,-0.00570633909777093,-0.0018));
#2686=CARTESIAN_POINT('',(0.00245386237328752,-0.00551146512850367,-0.0017875));
#2687=CARTESIAN_POINT('',(0.003,-0.00519615242270663,-0.001775));
#2688=CARTESIAN_POINT('',(0.00354613762671244,-0.00488083971690963,-0.0017625));
#2689=CARTESIAN_POINT('',(0.00401478363815312,-0.00445886895286439,-0.00175));
#2690=CARTESIAN_POINT('',(0.00448342964959381,-0.00403689818881916,-0.0017375));
#2691=CARTESIAN_POINT('',(0.00485410196624967,-0.00352671151375487,-0.001725));
#2692=CARTESIAN_POINT('',(0.00522477428290553,-0.00301652483869055,-0.0017125));
#2693=CARTESIAN_POINT('',(0.0054812727458556,-0.00244041985845483,-0.0017));
#2694=CARTESIAN_POINT('',(0.00573777120880567,-0.00186431487821907,-0.0016875));
#2695=CARTESIAN_POINT('',(0.00586888560440283,-0.00124747014490657,-0.001675));
#2696=CARTESIAN_POINT('',(0.006,-0.000630625411594073,-0.0016625));
#2697=CARTESIAN_POINT('',(0.006,-1.02870331128378E-17,-0.00165));
#2698=CARTESIAN_POINT('',(0.006,0.000630625411594052,-0.0016375));
#2699=CARTESIAN_POINT('',(0.00586888560440284,0.00124747014490655,-0.001625));
#2700=CARTESIAN_POINT('',(0.00573777120880569,0.00186431487821901,-0.0016125));
#2701=CARTESIAN_POINT('',(0.00548127274585562,0.00244041985845477,-0.0016));
#2702=CARTESIAN_POINT('',(0.00522477428290556,0.00301652483869055,-0.0015875));
#2703=CARTESIAN_POINT('',(0.0048541019662497,0.00352671151375482,-0.001575));
#2704=CARTESIAN_POINT('',(0.00448342964959385,0.00403689818881911,-0.0015625));
#2705=CARTESIAN_POINT('',(0.00401478363815317,0.00445886895286435,-0.00155));
#2706=CARTESIAN_POINT('',(0.00354613762671249,0.00488083971690959,-0.0015375));
#2707=CARTESIAN_POINT('',(0.003,0.00519615242270662,-0.001525));
#2708=CARTESIAN_POINT('',(0.00245386237328754,0.00551146512850366,-0.0015125));
#2709=CARTESIAN_POINT('',(0.00185410196624969,0.00570633909777092,-0.0015));
#2710=CARTESIAN_POINT('',(0.00125434155921185,0.00590121306703818,-0.0014875));
#2711=CARTESIAN_POINT('',(0.000627170779605924,0.00596713137220964,-0.001475));
#2712=CARTESIAN_POINT('',(4.28636618864997E-17,0.0060330496773811,-0.0014625));
#2713=CARTESIAN_POINT('',(-0.000627170779605882,0.00596713137220965,-0.00145));
#2714=CARTESIAN_POINT('',(-0.00125434155921181,0.00590121306703819,-0.0014375));
#2715=CARTESIAN_POINT('',(-0.00185410196624965,0.00570633909777093,-0.001425));
#2716=CARTESIAN_POINT('',(-0.0024538623732875,0.00551146512850368,-0.0014125));
#2717=CARTESIAN_POINT('',(-0.003,0.00519615242270665,-0.0014));
#2718=CARTESIAN_POINT('',(-0.00354613762671245,0.00488083971690962,-0.0013875));
#2719=CARTESIAN_POINT('',(-0.00401478363815314,0.00445886895286438,-0.001375));
#2720=CARTESIAN_POINT('',(-0.00448342964959382,0.00403689818881914,-0.0013625));
#2721=CARTESIAN_POINT('',(-0.00485410196624968,0.00352671151375485,-0.00135));
#2722=CARTESIAN_POINT('',(-0.00522477428290554,0.00301652483869055,-0.0013375));
#2723=CARTESIAN_POINT('',(-0.0054812727458556,0.00244041985845481,-0.001325));
#2724=CARTESIAN_POINT('',(-0.00573777120880566,0.00186431487821909,-0.0013125));
#2725=CARTESIAN_POINT('',(-0.00586888560440283,0.00124747014490659,-0.0013));
#2726=CARTESIAN_POINT('',(-0.006,0.000630625411594095,-0.0012875));
#2727=CARTESIAN_POINT('',(-0.006,3.23381032651292E-17,-0.001275));
#2728=CARTESIAN_POINT('',(-0.00600000000000001,-0.00063062541159403,-0.0012625));
#2729=CARTESIAN_POINT('',(-0.00586888560440284,-0.00124747014490653,-0.00125));
#2730=CARTESIAN_POINT('',(-0.00573777120880568,-0.00186431487821903,-0.0012375));
#2731=CARTESIAN_POINT('',(-0.00548127274585561,-0.00244041985845479,-0.001225));
#2732=CARTESIAN_POINT('',(-0.00522477428290555,-0.00301652483869055,-0.0012125));
#2733=CARTESIAN_POINT('',(-0.00485410196624969,-0.00352671151375483,-0.0012));
#2734=CARTESIAN_POINT('',(-0.00448342964959383,-0.00403689818881913,-0.0011875));
#2735=CARTESIAN_POINT('',(-0.00401478363815316,-0.00445886895286437,-0.001175));
#2736=CARTESIAN_POINT('',(-0.00354613762671251,-0.00488083971690958,-0.0011625));
#2737=CARTESIAN_POINT('',(-0.00300000000000004,-0.00519615242270661,-0.00115));
#2738=CARTESIAN_POINT('',(-0.00245386237328756,-0.00551146512850365,-0.0011375));
#2739=CARTESIAN_POINT('',(-0.00185410196624971,-0.00570633909777091,-0.001125));
#2740=CARTESIAN_POINT('',(-0.00125434155921187,-0.00590121306703818,-0.0011125));
#2741=CARTESIAN_POINT('',(-0.000627170779605947,-0.00596713137220964,-0.0011));
#2742=CARTESIAN_POINT('',(-2.21687992704351E-17,-0.0060330496773811,-0.0010875));
#2743=CARTESIAN_POINT('',(0.000627170779605903,-0.00596713137220964,-0.001075));
#2744=CARTESIAN_POINT('',(0.00125434155921183,-0.00590121306703819,-0.0010625));
#2745=CARTESIAN_POINT('',(0.00185410196624968,-0.00570633909777093,-0.00105));
#2746=CARTESIAN_POINT('',(0.00245386237328752,-0.00551146512850367,-0.0010375));
#2747=CARTESIAN_POINT('',(0.003,-0.00519615242270664,-0.001025));
#2748=CARTESIAN_POINT('',(0.00354613762671244,-0.00488083971690963,-0.0010125));
#2749=CARTESIAN_POINT('',(0.00401478363815312,-0.0044588689528644,-0.001));
#2750=CARTESIAN_POINT('',(0.0044834296495938,-0.00403689818881916,-0.000987500000000001));
#2751=CARTESIAN_POINT('',(0.00485410196624967,-0.00352671151375487,-0.000975));
#2752=CARTESIAN_POINT('',(0.00522477428290553,-0.00301652483869055,-0.0009625));
#2753=CARTESIAN_POINT('',(0.0054812727458556,-0.00244041985845483,-0.00095));
#2754=CARTESIAN_POINT('',(0.00573777120880567,-0.00186431487821907,-0.0009375));
#2755=CARTESIAN_POINT('',(0.00586888560440283,-0.00124747014490657,-0.000925));
#2756=CARTESIAN_POINT('',(0.006,-0.000630625411594074,-0.0009125));
#2757=CARTESIAN_POINT('',(0.006,-1.17566092718146E-17,-0.0009));
#2758=CARTESIAN_POINT('',(0.006,0.000630625411594051,-0.0008875));
#2759=CARTESIAN_POINT('',(0.00586888560440284,0.00124747014490655,-0.000875));
#2760=CARTESIAN_POINT('',(0.00573777120880569,0.00186431487821901,-0.0008625));
#2761=CARTESIAN_POINT('',(0.00548127274585562,0.00244041985845477,-0.00085));
#2762=CARTESIAN_POINT('',(0.00522477428290556,0.00301652483869055,-0.0008375));
#2763=CARTESIAN_POINT('',(0.00485410196624971,0.00352671151375482,-0.000825));
#2764=CARTESIAN_POINT('',(0.00448342964959385,0.00403689818881911,-0.0008125));
#2765=CARTESIAN_POINT('',(0.00401478363815317,0.00445886895286435,-0.0008));
#2766=CARTESIAN_POINT('',(0.0035461376267125,0.00488083971690959,-0.0007875));
#2767=CARTESIAN_POINT('',(0.003,0.00519615242270662,-0.000775));
#2768=CARTESIAN_POINT('',(0.00245386237328754,0.00551146512850366,-0.0007625));
#2769=CARTESIAN_POINT('',(0.00185410196624969,0.00570633909777092,-0.00075));
#2770=CARTESIAN_POINT('',(0.00125434155921185,0.00590121306703818,-0.0007375));
#2771=CARTESIAN_POINT('',(0.000627170779605926,0.00596713137220964,-0.000725));
#2772=CARTESIAN_POINT('',(4.43413328818E-17,0.0060330496773811,-0.0007125));
#2773=CARTESIAN_POINT('',(-0.000627170779605881,0.00596713137220965,-0.0007));
#2774=CARTESIAN_POINT('',(-0.00125434155921181,0.00590121306703819,-0.0006875));
#2775=CARTESIAN_POINT('',(-0.00185410196624965,0.00570633909777093,-0.000675));
#2776=CARTESIAN_POINT('',(-0.0024538623732875,0.00551146512850368,-0.0006625));
#2777=CARTESIAN_POINT('',(-0.003,0.00519615242270665,-0.00065));
#2778=CARTESIAN_POINT('',(-0.00354613762671245,0.00488083971690962,-0.000637499999999999));
#2779=CARTESIAN_POINT('',(-0.00401478363815314,0.00445886895286438,-0.000625));
#2780=CARTESIAN_POINT('',(-0.00448342964959382,0.00403689818881914,-0.0006125));
#2781=CARTESIAN_POINT('',(-0.00485410196624968,0.00352671151375485,-0.0006));
#2782=CARTESIAN_POINT('',(-0.00522477428290554,0.00301652483869055,-0.0005875));
#2783=CARTESIAN_POINT('',(-0.0054812727458556,0.00244041985845481,-0.000575));
#2784=CARTESIAN_POINT('',(-0.00573777120880566,0.00186431487821909,-0.000562499999999999));
#2785=CARTESIAN_POINT('',(-0.00586888560440283,0.0012474701449066,-0.00055));
#2786=CARTESIAN_POINT('',(-0.006,0.000630625411594096,-0.0005375));
#2787=CARTESIAN_POINT('',(-0.006,3.3807679424106E-17,-0.000525));
#2788=CARTESIAN_POINT('',(-0.00600000000000001,-0.000630625411594029,-0.0005125));
#2789=CARTESIAN_POINT('',(-0.00586888560440284,-0.00124747014490653,-0.0005));
#2790=CARTESIAN_POINT('',(-0.00573777120880568,-0.00186431487821903,-0.000487499999999999));
#2791=CARTESIAN_POINT('',(-0.00548127274585561,-0.00244041985845479,-0.000475));
#2792=CARTESIAN_POINT('',(-0.00522477428290555,-0.00301652483869055,-0.0004625));
#2793=CARTESIAN_POINT('',(-0.00485410196624969,-0.00352671151375483,-0.00045));
#2794=CARTESIAN_POINT('',(-0.00448342964959384,-0.00403689818881913,-0.0004375));
#2795=CARTESIAN_POINT('',(-0.00401478363815318,-0.00445886895286433,-0.000425));
#2796=CARTESIAN_POINT('',(-0.00354613762671251,-0.00488083971690958,-0.0004125));
#2797=CARTESIAN_POINT('',(-0.00300000000000004,-0.00519615242270661,-0.0004));
#2798=CARTESIAN_POINT('',(-0.00245386237328756,-0.00551146512850365,-0.0003875));
#2799=CARTESIAN_POINT('',(-0.00185410196624971,-0.00570633909777091,-0.000375));
#2800=CARTESIAN_POINT('',(-0.00125434155921187,-0.00590121306703818,-0.0003625));
#2801=CARTESIAN_POINT('',(-0.000627170779605948,-0.00596713137220964,-0.00035));
#2802=CARTESIAN_POINT('',(-2.36464702657354E-17,-0.0060330496773811,-0.000337499999999999));
#2803=CARTESIAN_POINT('',(0.000627170779605901,-0.00596713137220964,-0.000325));
#2804=CARTESIAN_POINT('',(0.00125434155921183,-0.00590121306703819,-0.0003125));
#2805=CARTESIAN_POINT('',(0.00185410196624968,-0.00570633909777093,-0.0003));
#2806=CARTESIAN_POINT('',(0.00245386237328752,-0.00551146512850367,-0.0002875));
#2807=CARTESIAN_POINT('',(0.00299999999999996,-0.00519615242270666,-0.000275));
#2808=CARTESIAN_POINT('',(0.00354613762671244,-0.00488083971690963,-0.0002625));
#2809=CARTESIAN_POINT('',(0.00401478363815312,-0.0044588689528644,-0.00025));
#2810=CARTESIAN_POINT('',(0.0044834296495938,-0.00403689818881916,-0.0002375));
#2811=CARTESIAN_POINT('',(0.00485410196624967,-0.00352671151375487,-0.000225));
#2812=CARTESIAN_POINT('',(0.00522477428290553,-0.00301652483869055,-0.000212499999999999));
#2813=CARTESIAN_POINT('',(0.0054812727458556,-0.00244041985845483,-0.0002));
#2814=CARTESIAN_POINT('',(0.00573777120880567,-0.00186431487821908,-0.000187499999999999));
#2815=CARTESIAN_POINT('',(0.00586888560440283,-0.00124747014490658,-0.000175));
#2816=CARTESIAN_POINT('',(0.006,-0.000630625411594076,-0.0001625));
#2817=CARTESIAN_POINT('',(0.006,-1.32261854307914E-17,-0.00015));
#2818=CARTESIAN_POINT('',(0.006,0.000630625411594049,-0.0001375));
#2819=CARTESIAN_POINT('',(0.00586888560440285,0.00124747014490651,-0.000125));
#2820=CARTESIAN_POINT('',(0.00573777120880569,0.00186431487821901,-0.0001125));
#2821=CARTESIAN_POINT('',(0.00548127274585562,0.00244041985845477,-0.0001));
#2822=CARTESIAN_POINT('',(0.00522477428290556,0.00301652483869052,-8.74999999999999E-5));
#2823=CARTESIAN_POINT('',(0.00485410196624971,0.00352671151375481,-7.5E-5));
#2824=CARTESIAN_POINT('',(0.00448342964959385,0.00403689818881911,-6.24999999999992E-5));
#2825=CARTESIAN_POINT('',(0.00401478363815317,0.00445886895286435,-5.E-5));
#2826=CARTESIAN_POINT('',(0.0035461376267125,0.00488083971690959,-3.74999999999994E-5));
#2827=CARTESIAN_POINT('',(0.003,0.00519615242270662,-2.5E-5));
#2828=CARTESIAN_POINT('',(0.00245386237328755,0.00551146512850366,-1.24999999999995E-5));
#2829=CARTESIAN_POINT('',(0.0018541019662497,0.00570633909777092,8.67361737988404E-19));
#2830=CARTESIAN_POINT('',(0.,0.,0.));
#2831=CARTESIAN_POINT('',(0.003,0.,-0.001));
#2832=CARTESIAN_POINT('',(1.03634470836769E-20,0.,-0.001));
#2833=CARTESIAN_POINT('',(0.006,0.,-0.001));
#2834=CARTESIAN_POINT('',(-4.19719606888915E-20,0.,0.00405));
#2835=CARTESIAN_POINT('',(0.00470166974934735,0.00470166974934734,-0.0003));
#2836=CARTESIAN_POINT('',(0.00664916512532632,3.67544536472586E-17,-0.0003));
#2837=CARTESIAN_POINT('',(0.00470166974934736,-0.00470166974934734,-0.0003));
#2838=CARTESIAN_POINT('',(2.34187669256869E-17,-0.00664916512532633,-0.0003));
#2839=CARTESIAN_POINT('',(-0.00470166974934734,-0.00470166974934736,-0.0003));
#2840=CARTESIAN_POINT('',(-0.00664916512532633,-1.37592031951989E-17,-0.0003));
#2841=CARTESIAN_POINT('',(-0.00470166974934735,0.00470166974934734,-0.0003));
#2842=CARTESIAN_POINT('',(-7.75204553327136E-18,0.00664916512532633,-0.0003));
#2843=CARTESIAN_POINT('',(0.00470166974934735,0.00470166974934734,-0.0003));
#2844=CARTESIAN_POINT('',(0.00664916512532632,3.67544536472586E-17,-0.0003));
#2845=CARTESIAN_POINT('',(0.00470166974934736,-0.00470166974934734,-0.0003));
#2846=CARTESIAN_POINT('',(0.006,-1.46957615897682E-18,-0.0003));
#2847=CARTESIAN_POINT('',(0.007375,0.,-1.0842021724855E-19));
#2848=CARTESIAN_POINT('',(0.00594451624265622,-0.00256243315388316,-1.23244959971842E-19));
#2849=CARTESIAN_POINT('',(0.00646400089085362,-8.36651046387497E-5,-1.17861308309466E-19));
#2850=CARTESIAN_POINT('',(0.005997499757927,0.00238728851370783,-1.22695868115026E-19));
#2851=CARTESIAN_POINT('',(0.00466349126855519,0.00447571855976428,-1.36520794503807E-19));
#2852=CARTESIAN_POINT('',(0.00259787847322494,0.00591896296571135,-1.57927663403578E-19));
#2853=CARTESIAN_POINT('',(0.000135147523465525,0.00646264653914719,-1.83450045282743E-19));
#2854=CARTESIAN_POINT('',(-0.00234828316664437,0.00602241391052853,-2.09186947825676E-19));
#2855=CARTESIAN_POINT('',(-0.00447420858454074,0.00466534003047328,-2.31218863397888E-19));
#2856=CARTESIAN_POINT('',(-0.00591897807024788,0.00259800561100528,-2.46191655511125E-19));
#2857=CARTESIAN_POINT('',(-0.00646263642454112,0.000135149729344179,-2.51825830097442E-19));
#2858=CARTESIAN_POINT('',(-0.00602241696943438,-0.00234828220295546,-2.47263639069239E-19));
#2859=CARTESIAN_POINT('',(-0.00466533949965429,-0.00447420789346929,-2.33199638522722E-19));
#2860=CARTESIAN_POINT('',(-0.00259800487801803,-0.00591898151676362,-2.11774925567142E-19));
#2861=CARTESIAN_POINT('',(-0.000135153206856358,-0.0064626233204266,-1.86251292598113E-19));
#2862=CARTESIAN_POINT('',(0.00234829537916008,-0.00602246593923651,-1.60514204591899E-19));
#2863=CARTESIAN_POINT('',(0.00447415866611891,-0.00466515672457119,-1.3848293291037E-19));
#2864=CARTESIAN_POINT('',(0.00594451624265622,-0.00256243315388316,-1.23244959971842E-19));
#2865=CARTESIAN_POINT('',(0.00646400089085362,-8.36651046387497E-5,-1.17861308309466E-19));
#2866=CARTESIAN_POINT('',(0.005997499757927,0.00238728851370783,-1.22695868115026E-19));
#2867=CARTESIAN_POINT('',(0.0063,1.0842021724855E-19,-1.19560922863503E-19));
#2868=CARTESIAN_POINT('',(0.,0.,0.));
#2869=CARTESIAN_POINT('',(0.00875,0.,9.06801619821729E-20));
#2870=CARTESIAN_POINT('',(-4.19719606888915E-20,0.,0.00405));
#2871=CARTESIAN_POINT('',(-1.55451706255154E-20,0.,0.0015));
#2872=CARTESIAN_POINT('',(0.00875,0.,0.0015));
#2873=CARTESIAN_POINT('',(0.0060667639781251,-0.00251293591945595,0.0055));
#2874=CARTESIAN_POINT('',(0.00656661801093745,-4.77048955893622E-18,0.0055));
#2875=CARTESIAN_POINT('',(0.00606676397812509,0.00251293591945596,0.0055));
#2876=CARTESIAN_POINT('',(0.00464330012499559,0.00464330012499559,0.0055));
#2877=CARTESIAN_POINT('',(0.00251293591945596,0.00606676397812509,0.0055));
#2878=CARTESIAN_POINT('',(8.2331602473118E-19,0.00656661801093745,0.0055));
#2879=CARTESIAN_POINT('',(-0.00251293591945596,0.00606676397812509,0.0055));
#2880=CARTESIAN_POINT('',(-0.00464330012499559,0.00464330012499559,0.0055));
#2881=CARTESIAN_POINT('',(-0.00606676397812509,0.00251293591945596,0.0055));
#2882=CARTESIAN_POINT('',(-0.00656661801093745,9.22815926253959E-19,0.0055));
#2883=CARTESIAN_POINT('',(-0.00606676397812509,-0.00251293591945596,0.0055));
#2884=CARTESIAN_POINT('',(-0.0046433001249956,-0.00464330012499559,0.0055));
#2885=CARTESIAN_POINT('',(-0.00251293591945596,-0.00606676397812509,0.0055));
#2886=CARTESIAN_POINT('',(-2.70372916763573E-18,-0.00656661801093746,0.0055));
#2887=CARTESIAN_POINT('',(0.00251293591945596,-0.00606676397812509,0.0055));
#2888=CARTESIAN_POINT('',(0.0046433001249956,-0.00464330012499559,0.0055));
#2889=CARTESIAN_POINT('',(0.0060667639781251,-0.00251293591945595,0.0055));
#2890=CARTESIAN_POINT('',(0.00656661801093745,-4.77048955893622E-18,0.0055));
#2891=CARTESIAN_POINT('',(0.00606676397812509,0.00251293591945596,0.0055));
#2892=CARTESIAN_POINT('',(0.00737082496263169,-0.00305309566540018,0.00471435952931644));
#2893=CARTESIAN_POINT('',(0.007978123449273,-8.23993651088983E-18,0.00471435952931643));
#2894=CARTESIAN_POINT('',(0.00737082496263169,0.00305309566540021,0.00471435952931644));
#2895=CARTESIAN_POINT('',(0.00564138519212435,0.00564138519212435,0.00471435952931644));
#2896=CARTESIAN_POINT('',(0.00305309566540021,0.0073708249626317,0.00471435952931644));
#2897=CARTESIAN_POINT('',(-1.95495204226293E-18,0.00797812344927301,0.00471435952931644));
#2898=CARTESIAN_POINT('',(-0.0030530956654002,0.00737082496263169,0.00471435952931644));
#2899=CARTESIAN_POINT('',(-0.00564138519212436,0.00564138519212435,0.00471435952931644));
#2900=CARTESIAN_POINT('',(-0.00737082496263168,0.0030530956654002,0.00471435952931644));
#2901=CARTESIAN_POINT('',(-0.00797812344927301,1.44350957824384E-18,0.00471435952931644));
#2902=CARTESIAN_POINT('',(-0.00737082496263169,-0.0030530956654002,0.00471435952931644));
#2903=CARTESIAN_POINT('',(-0.00564138519212436,-0.00564138519212435,0.00471435952931644));
#2904=CARTESIAN_POINT('',(-0.00305309566540021,-0.00737082496263168,0.00471435952931644));
#2905=CARTESIAN_POINT('',(-1.76182853028894E-18,-0.00797812344927301,0.00471435952931644));
#2906=CARTESIAN_POINT('',(0.00305309566540021,-0.0073708249626317,0.00471435952931644));
#2907=CARTESIAN_POINT('',(0.00564138519212436,-0.00564138519212436,0.00471435952931644));
#2908=CARTESIAN_POINT('',(0.00737082496263169,-0.00305309566540018,0.00471435952931644));
#2909=CARTESIAN_POINT('',(0.007978123449273,-8.23993651088983E-18,0.00471435952931643));
#2910=CARTESIAN_POINT('',(0.00737082496263169,0.00305309566540021,0.00471435952931644));
#2911=CARTESIAN_POINT('',(0.00826068597205266,-0.00342168816412936,0.003177834674716));
#2912=CARTESIAN_POINT('',(0.00894130206521458,-7.58941520739853E-18,0.00317783467471599));
#2913=CARTESIAN_POINT('',(0.00826068597205265,0.00342168816412939,0.00317783467471599));
#2914=CARTESIAN_POINT('',(0.00632245532295052,0.00632245532295051,0.00317783467471599));
#2915=CARTESIAN_POINT('',(0.00342168816412939,0.00826068597205265,0.00317783467471599));
#2916=CARTESIAN_POINT('',(-2.27004829864152E-19,0.00894130206521459,0.00317783467471599));
#2917=CARTESIAN_POINT('',(-0.00342168816412937,0.00826068597205264,0.003177834674716));
#2918=CARTESIAN_POINT('',(-0.00632245532295053,0.00632245532295052,0.003177834674716));
#2919=CARTESIAN_POINT('',(-0.00826068597205265,0.00342168816412938,0.00317783467471599));
#2920=CARTESIAN_POINT('',(-0.00894130206521458,1.02256067323805E-18,0.00317783467471599));
#2921=CARTESIAN_POINT('',(-0.00826068597205266,-0.00342168816412938,0.00317783467471599));
#2922=CARTESIAN_POINT('',(-0.00632245532295052,-0.00632245532295052,0.00317783467471599));
#2923=CARTESIAN_POINT('',(-0.00342168816412939,-0.00826068597205266,0.00317783467471599));
#2924=CARTESIAN_POINT('',(-1.96511643762998E-19,-0.00894130206521459,0.00317783467471599));
#2925=CARTESIAN_POINT('',(0.00342168816412938,-0.00826068597205266,0.003177834674716));
#2926=CARTESIAN_POINT('',(0.00632245532295053,-0.00632245532295051,0.00317783467471599));
#2927=CARTESIAN_POINT('',(0.00826068597205266,-0.00342168816412936,0.003177834674716));
#2928=CARTESIAN_POINT('',(0.00894130206521458,-7.58941520739853E-18,0.00317783467471599));
#2929=CARTESIAN_POINT('',(0.00826068597205265,0.00342168816412939,0.00317783467471599));
#2930=CARTESIAN_POINT('',(0.00829440387634291,-0.00343565457738118,0.0015));
#2931=CARTESIAN_POINT('',(0.00897779806182855,-6.39679281766448E-18,0.0015));
#2932=CARTESIAN_POINT('',(0.0082944038763429,0.0034356545773812,0.0015));
#2933=CARTESIAN_POINT('',(0.00634826188964241,0.00634826188964241,0.0015));
#2934=CARTESIAN_POINT('',(0.0034356545773812,0.0082944038763429,0.0015));
#2935=CARTESIAN_POINT('',(2.04304346877737E-18,0.00897779806182855,0.0015));
#2936=CARTESIAN_POINT('',(-0.0034356545773812,0.0082944038763429,0.0015));
#2937=CARTESIAN_POINT('',(-0.00634826188964242,0.00634826188964241,0.0015));
#2938=CARTESIAN_POINT('',(-0.00829440387634289,0.0034356545773812,0.0015));
#2939=CARTESIAN_POINT('',(-0.00897779806182855,1.1636181287355E-18,0.0015));
#2940=CARTESIAN_POINT('',(-0.0082944038763429,-0.0034356545773812,0.0015));
#2941=CARTESIAN_POINT('',(-0.00634826188964242,-0.00634826188964241,0.0015));
#2942=CARTESIAN_POINT('',(-0.0034356545773812,-0.0082944038763429,0.0015));
#2943=CARTESIAN_POINT('',(-2.21583819001725E-18,-0.00897779806182855,0.0015));
#2944=CARTESIAN_POINT('',(0.0034356545773812,-0.0082944038763429,0.0015));
#2945=CARTESIAN_POINT('',(0.00634826188964242,-0.00634826188964241,0.0015));
#2946=CARTESIAN_POINT('',(0.00829440387634291,-0.00343565457738118,0.0015));
#2947=CARTESIAN_POINT('',(0.00897779806182855,-6.39679281766448E-18,0.0015));
#2948=CARTESIAN_POINT('',(0.0082944038763429,0.0034356545773812,0.0015));
#2949=CARTESIAN_POINT('',(-5.6998958960223E-20,0.,0.0055));
#2950=CARTESIAN_POINT('',(0.0064,0.,0.0055));
#2951=CARTESIAN_POINT('',(0.00615,0.,0.0055));
#2952=CARTESIAN_POINT('',(-0.00597190155054482,0.00247365733886534,-4.73039034957054E-15));
#2953=CARTESIAN_POINT('',(-0.00646394258790454,-1.0842021724855E-19,-4.73042673314283E-15));
#2954=CARTESIAN_POINT('',(-0.00597190155054473,-0.00247365733886534,-4.73044097575307E-15));
#2955=CARTESIAN_POINT('',(-0.00457068722604029,-0.00457072277164803,-4.73043090909298E-15));
#2956=CARTESIAN_POINT('',(-0.00247362179325756,-0.0059719370961524,-4.73039806572028E-15));
#2957=CARTESIAN_POINT('',(3.5545607798264E-8,-0.00646397813351213,-4.73034744574075E-15));
#2958=CARTESIAN_POINT('',(0.00247369288447314,-0.00597193709615232,-4.73028675558741E-15));
#2959=CARTESIAN_POINT('',(0.00457075831725583,-0.00457072277164788,-4.73022523478593E-15));
#2960=CARTESIAN_POINT('',(0.00597197264176019,-0.00247365733886514,-4.73017224932066E-15));
#2961=CARTESIAN_POINT('',(0.00646401367911992,2.12316808720175E-16,-4.73013586574837E-15));
#2962=CARTESIAN_POINT('',(0.00597197264176011,0.00247365733886555,-4.73012162313813E-15));
#2963=CARTESIAN_POINT('',(0.00457075831725567,0.00457072277164824,-4.73013168979822E-15));
#2964=CARTESIAN_POINT('',(0.00247369288447294,0.00597193709615261,-4.73016453317092E-15));
#2965=CARTESIAN_POINT('',(3.554560758357E-8,0.00646397813351234,-4.73021515315045E-15));
#2966=CARTESIAN_POINT('',(-0.00247362179325776,0.00597193709615253,-4.73027584330379E-15));
#2967=CARTESIAN_POINT('',(-0.00457068722604045,0.00457072277164809,-4.73033736410527E-15));
#2968=CARTESIAN_POINT('',(-0.00597190155054482,0.00247365733886534,-4.73039034957054E-15));
#2969=CARTESIAN_POINT('',(-0.00646394258790454,-1.0842021724855E-19,-4.73042673314283E-15));
#2970=CARTESIAN_POINT('',(-0.00597190155054473,-0.00247365733886534,-4.73044097575307E-15));
#2971=CARTESIAN_POINT('',(-0.00590431931777959,0.00244566386147852,4.62332813616367E-6));
#2972=CARTESIAN_POINT('',(-0.00639079210628111,-5.42101086242752E-19,4.62332813616364E-6));
#2973=CARTESIAN_POINT('',(-0.0059043193177795,-0.00244566386147853,4.62332813616362E-6));
#2974=CARTESIAN_POINT('',(-0.00451896202443731,-0.00451899757004504,4.62332813616362E-6));
#2975=CARTESIAN_POINT('',(-0.00244562831587074,-0.00590435486338717,4.62332813616367E-6));
#2976=CARTESIAN_POINT('',(3.55456077975796E-8,-0.0063908276518887,4.62332813616373E-6));
#2977=CARTESIAN_POINT('',(0.00244569940708633,-0.00590435486338708,4.62332813616378E-6));
#2978=CARTESIAN_POINT('',(0.00451903311565284,-0.00451899757004489,4.62332813616384E-6));
#2979=CARTESIAN_POINT('',(0.00590439040899496,-0.00244566386147833,4.62332813616389E-6));
#2980=CARTESIAN_POINT('',(0.00639086319749649,2.1255706167473E-16,4.62332813616393E-6));
#2981=CARTESIAN_POINT('',(0.00590439040899488,0.00244566386147874,4.62332813616394E-6));
#2982=CARTESIAN_POINT('',(0.00451903311565269,0.00451899757004525,4.62332813616395E-6));
#2983=CARTESIAN_POINT('',(0.00244569940708612,0.00590435486338737,4.62332813616389E-6));
#2984=CARTESIAN_POINT('',(3.55456075830448E-8,0.0063908276518889,4.62332813616385E-6));
#2985=CARTESIAN_POINT('',(-0.00244562831587094,0.00590435486338729,4.62332813616379E-6));
#2986=CARTESIAN_POINT('',(-0.00451896202443746,0.0045189975700451,4.62332813616374E-6));
#2987=CARTESIAN_POINT('',(-0.00590431931777959,0.00244566386147852,4.62332813616367E-6));
#2988=CARTESIAN_POINT('',(-0.00639079210628111,-5.42101086242752E-19,4.62332813616364E-6));
#2989=CARTESIAN_POINT('',(-0.0059043193177795,-0.00244566386147853,4.62332813616362E-6));
#2990=CARTESIAN_POINT('',(-0.00572355475050748,0.00237078872611791,-3.80093324412369E-5));
#2991=CARTESIAN_POINT('',(-0.00619513394857656,1.0842021724855E-19,-3.8009332441237E-5));
#2992=CARTESIAN_POINT('',(-0.0057235547505074,-0.00237078872611792,-3.80093324412369E-5));
#2993=CARTESIAN_POINT('',(-0.00438061081432995,-0.00438064635993769,-3.80093324412369E-5));
#2994=CARTESIAN_POINT('',(-0.00237075318051013,-0.00572359029611506,-3.80093324412369E-5));
#2995=CARTESIAN_POINT('',(3.55456077990365E-8,-0.00619516949418414,-3.80093324412369E-5));
#2996=CARTESIAN_POINT('',(0.00237082427172571,-0.00572359029611498,-3.80093324412368E-5));
#2997=CARTESIAN_POINT('',(0.00438068190554548,-0.00438064635993753,-3.80093324412368E-5));
#2998=CARTESIAN_POINT('',(0.00572362584172286,-0.00237078872611772,-3.80093324412367E-5));
#2999=CARTESIAN_POINT('',(0.00619520503979194,2.12235232168165E-16,-3.80093324412367E-5));
#3000=CARTESIAN_POINT('',(0.00572362584172278,0.00237078872611813,-3.80093324412367E-5));
#3001=CARTESIAN_POINT('',(0.00438068190554533,0.0043806463599379,-3.80093324412367E-5));
#3002=CARTESIAN_POINT('',(0.00237082427172552,0.00572359029611527,-3.80093324412367E-5));
#3003=CARTESIAN_POINT('',(3.55456075827602E-8,0.00619516949418435,-3.80093324412368E-5));
#3004=CARTESIAN_POINT('',(-0.00237075318051034,0.00572359029611519,-3.80093324412368E-5));
#3005=CARTESIAN_POINT('',(-0.0043806108143301,0.00438064635993774,-3.80093324412369E-5));
#3006=CARTESIAN_POINT('',(-0.00572355475050748,0.00237078872611791,-3.80093324412369E-5));
#3007=CARTESIAN_POINT('',(-0.00619513394857656,1.0842021724855E-19,-3.8009332441237E-5));
#3008=CARTESIAN_POINT('',(-0.0057235547505074,-0.00237078872611792,-3.80093324412369E-5));
#3009=CARTESIAN_POINT('',(-0.00568320343863271,0.00235407466547984,-0.000228715259566955));
#3010=CARTESIAN_POINT('',(-0.00615145800333173,-5.42101086242752E-19,-0.000228715259566955));
#3011=CARTESIAN_POINT('',(-0.00568320343863262,-0.00235407466547985,-0.000228715259566955));
#3012=CARTESIAN_POINT('',(-0.0043497272572726,-0.00434976280288034,-0.000228715259566955));
#3013=CARTESIAN_POINT('',(-0.00235403911987206,-0.00568323898424029,-0.000228715259566955));
#3014=CARTESIAN_POINT('',(3.55456077973476E-8,-0.00615149354893932,-0.000228715259566955));
#3015=CARTESIAN_POINT('',(0.00235411021108764,-0.00568323898424021,-0.000228715259566955));
#3016=CARTESIAN_POINT('',(0.00434979834848813,-0.00434976280288019,-0.000228715259566955));
#3017=CARTESIAN_POINT('',(0.00568327452984808,-0.00235407466547964,-0.000228715259566955));
#3018=CARTESIAN_POINT('',(0.00615152909454712,2.1231796346431E-16,-0.000228715259566954));
#3019=CARTESIAN_POINT('',(0.005683274529848,0.00235407466548005,-0.000228715259566954));
#3020=CARTESIAN_POINT('',(0.00434979834848798,0.00434976280288055,-0.000228715259566954));
#3021=CARTESIAN_POINT('',(0.00235411021108743,0.0056832389842405,-0.000228715259566955));
#3022=CARTESIAN_POINT('',(3.55456075832549E-8,0.00615149354893953,-0.000228715259566954));
#3023=CARTESIAN_POINT('',(-0.00235403911987226,0.00568323898424042,-0.000228715259566955));
#3024=CARTESIAN_POINT('',(-0.00434972725727276,0.00434976280288039,-0.000228715259566955));
#3025=CARTESIAN_POINT('',(-0.00568320343863271,0.00235407466547984,-0.000228715259566955));
#3026=CARTESIAN_POINT('',(-0.00615145800333173,-5.42101086242752E-19,-0.000228715259566955));
#3027=CARTESIAN_POINT('',(-0.00568320343863262,-0.00235407466547985,-0.000228715259566955));
#3028=CARTESIAN_POINT('',(-0.00568758937869906,0.00235589138133907,-0.0003));
#3029=CARTESIAN_POINT('',(-0.00615620531065049,-5.42101086242752E-19,-0.0003));
#3030=CARTESIAN_POINT('',(-0.00568758937869897,-0.00235589138133908,-0.0003));
#3031=CARTESIAN_POINT('',(-0.00435308411047008,-0.00435311965607781,-0.0003));
#3032=CARTESIAN_POINT('',(-0.00235585583573129,-0.00568762492430663,-0.0003));
#3033=CARTESIAN_POINT('',(3.55456077983725E-8,-0.00615624085625808,-0.0003));
#3034=CARTESIAN_POINT('',(0.00235592692694687,-0.00568762492430655,-0.0003));
#3035=CARTESIAN_POINT('',(0.00435315520168561,-0.00435311965607766,-0.0003));
#3036=CARTESIAN_POINT('',(0.00568766046991443,-0.00235589138133888,-0.0003));
#3037=CARTESIAN_POINT('',(0.00615627640186588,2.1254656971584E-16,-0.0003));
#3038=CARTESIAN_POINT('',(0.00568766046991435,0.00235589138133929,-0.0003));
#3039=CARTESIAN_POINT('',(0.00435315520168545,0.00435311965607802,-0.0003));
#3040=CARTESIAN_POINT('',(0.00235592692694667,0.00568762492430684,-0.0003));
#3041=CARTESIAN_POINT('',(3.55456075826111E-8,0.00615624085625829,-0.0003));
#3042=CARTESIAN_POINT('',(-0.00235585583573149,0.00568762492430676,-0.0003));
#3043=CARTESIAN_POINT('',(-0.00435308411047023,0.00435311965607787,-0.0003));
#3044=CARTESIAN_POINT('',(-0.00568758937869906,0.00235589138133907,-0.0003));
#3045=CARTESIAN_POINT('',(-0.00615620531065049,-5.42101086242752E-19,-0.0003));
#3046=CARTESIAN_POINT('',(-0.00568758937869897,-0.00235589138133908,-0.0003));
#3047=CARTESIAN_POINT('',(0.,0.,0.));
#3048=CARTESIAN_POINT('',(-0.00255,0.0014,-0.0125));
#3049=CARTESIAN_POINT('',(-0.0023,0.0014,-0.0125));
#3050=CARTESIAN_POINT('',(-0.0023,0.0014,-0.0119));
#3051=CARTESIAN_POINT('',(-0.0023,0.0014,-0.0099));
#3052=CARTESIAN_POINT('',(-0.00255,0.0014,-0.0119));
#3053=CARTESIAN_POINT('',(-0.0028,0.0014,-0.0119));
#3054=CARTESIAN_POINT('',(-0.0028,0.0014,-0.0125));
#3055=CARTESIAN_POINT('',(-0.0028,0.0014,-0.0099));
#3056=CARTESIAN_POINT('',(-0.00255,0.0014,-0.0099));
#3057=CARTESIAN_POINT('',(-0.0023,2.16840434497101E-19,-0.0125));
#3058=CARTESIAN_POINT('',(-0.0023,-0.00075,-0.0125));
#3059=CARTESIAN_POINT('',(-0.0023,-0.00075,-0.0107));
#3060=CARTESIAN_POINT('',(-0.0023,-0.00075,-0.0114));
#3061=CARTESIAN_POINT('',(-0.0023,-0.00075,-0.0107));
#3062=CARTESIAN_POINT('',(-0.0023,-0.00075,-0.0104333333333333));
#3063=CARTESIAN_POINT('',(-0.0023,-0.000616666666666666,-0.0103));
#3064=CARTESIAN_POINT('',(-0.0023,-0.00035,-0.0103));
#3065=CARTESIAN_POINT('',(-0.0023,-0.00035,-0.0103));
#3066=CARTESIAN_POINT('',(-0.0023,2.16840434497101E-19,-0.0103));
#3067=CARTESIAN_POINT('',(-0.0023,0.00035,-0.0103));
#3068=CARTESIAN_POINT('',(-0.0023,0.00035,-0.0103));
#3069=CARTESIAN_POINT('',(-0.0023,0.000616666666666667,-0.0103));
#3070=CARTESIAN_POINT('',(-0.0023,0.00075,-0.0104333333333333));
#3071=CARTESIAN_POINT('',(-0.0023,0.00075,-0.0107));
#3072=CARTESIAN_POINT('',(-0.0023,0.00075,-0.0107));
#3073=CARTESIAN_POINT('',(-0.0023,0.00075,-0.0125));
#3074=CARTESIAN_POINT('',(-0.0023,0.00075,-0.0114));
#3075=CARTESIAN_POINT('',(-0.0023,0.00075,-0.0114));
#3076=CARTESIAN_POINT('',(-0.0023,0.00075,-0.0116666666666667));
#3077=CARTESIAN_POINT('',(-0.0023,0.000616666666666667,-0.0118));
#3078=CARTESIAN_POINT('',(-0.0023,0.00035,-0.0118));
#3079=CARTESIAN_POINT('',(-0.0023,0.00035,-0.0118));
#3080=CARTESIAN_POINT('',(-0.0023,2.16840434497101E-19,-0.0118));
#3081=CARTESIAN_POINT('',(-0.0023,-0.00035,-0.0118));
#3082=CARTESIAN_POINT('',(-0.0023,-0.00035,-0.0118));
#3083=CARTESIAN_POINT('',(-0.0023,-0.000616666666666666,-0.0118));
#3084=CARTESIAN_POINT('',(-0.0023,-0.00075,-0.0116666666666667));
#3085=CARTESIAN_POINT('',(-0.0023,-0.00075,-0.0114));
#3086=CARTESIAN_POINT('',(-0.0023,2.16840434497101E-19,-0.0125));
#3087=CARTESIAN_POINT('',(-0.0023,0.0008,-0.0125));
#3088=CARTESIAN_POINT('',(-0.0023,-0.0008,-0.0125));
#3089=CARTESIAN_POINT('',(-0.0023,0.0014,-0.0119));
#3090=CARTESIAN_POINT('',(-0.0023,2.16840434497101E-19,-0.0099));
#3091=CARTESIAN_POINT('',(-0.0023,-0.0014,-0.0099));
#3092=CARTESIAN_POINT('',(-0.0023,-0.0014,-0.0125));
#3093=CARTESIAN_POINT('',(-0.0023,-0.0014,-0.0119));
#3094=CARTESIAN_POINT('',(-0.0023,-0.0008,-0.0125));
#3095=CARTESIAN_POINT('',(-0.00255,-0.0014,-0.0125));
#3096=CARTESIAN_POINT('',(-0.0028,-0.0014,-0.0125));
#3097=CARTESIAN_POINT('',(-0.0028,-0.0014,-0.0119));
#3098=CARTESIAN_POINT('',(-0.0028,-0.0014,-0.0099));
#3099=CARTESIAN_POINT('',(-0.0023,-0.0014,-0.0119));
#3100=CARTESIAN_POINT('',(-0.00255,-0.0014,-0.0099));
#3101=CARTESIAN_POINT('',(-0.0028,2.16840434497101E-19,-0.0125));
#3102=CARTESIAN_POINT('',(-0.0028,2.16840434497101E-19,-0.0118));
#3103=CARTESIAN_POINT('',(-0.0028,0.00035,-0.0118));
#3104=CARTESIAN_POINT('',(-0.0028,-0.00035,-0.0118));
#3105=CARTESIAN_POINT('',(-0.0028,0.00035,-0.0118));
#3106=CARTESIAN_POINT('',(-0.0028,0.000616666666666667,-0.0118));
#3107=CARTESIAN_POINT('',(-0.0028,0.00075,-0.0116666666666667));
#3108=CARTESIAN_POINT('',(-0.0028,0.00075,-0.0114));
#3109=CARTESIAN_POINT('',(-0.0028,0.00075,-0.0114));
#3110=CARTESIAN_POINT('',(-0.0028,0.00075,-0.0125));
#3111=CARTESIAN_POINT('',(-0.0028,0.00075,-0.0107));
#3112=CARTESIAN_POINT('',(-0.0028,0.00075,-0.0107));
#3113=CARTESIAN_POINT('',(-0.0028,0.00075,-0.0104333333333333));
#3114=CARTESIAN_POINT('',(-0.0028,0.000616666666666667,-0.0103));
#3115=CARTESIAN_POINT('',(-0.0028,0.00035,-0.0103));
#3116=CARTESIAN_POINT('',(-0.0028,0.00035,-0.0103));
#3117=CARTESIAN_POINT('',(-0.0028,2.16840434497101E-19,-0.0103));
#3118=CARTESIAN_POINT('',(-0.0028,-0.00035,-0.0103));
#3119=CARTESIAN_POINT('',(-0.0028,-0.00035,-0.0103));
#3120=CARTESIAN_POINT('',(-0.0028,-0.000616666666666666,-0.0103));
#3121=CARTESIAN_POINT('',(-0.0028,-0.00075,-0.0104333333333333));
#3122=CARTESIAN_POINT('',(-0.0028,-0.00075,-0.0107));
#3123=CARTESIAN_POINT('',(-0.0028,-0.00075,-0.0107));
#3124=CARTESIAN_POINT('',(-0.0028,-0.00075,-0.0125));
#3125=CARTESIAN_POINT('',(-0.0028,-0.00075,-0.0114));
#3126=CARTESIAN_POINT('',(-0.0028,-0.00075,-0.0114));
#3127=CARTESIAN_POINT('',(-0.0028,-0.00075,-0.0116666666666667));
#3128=CARTESIAN_POINT('',(-0.0028,-0.000616666666666666,-0.0118));
#3129=CARTESIAN_POINT('',(-0.0028,-0.00035,-0.0118));
#3130=CARTESIAN_POINT('',(-0.0028,0.0014,-0.0119));
#3131=CARTESIAN_POINT('',(-0.0028,0.0008,-0.0125));
#3132=CARTESIAN_POINT('',(-0.0028,2.16840434497101E-19,-0.0125));
#3133=CARTESIAN_POINT('',(-0.0028,-0.0008,-0.0125));
#3134=CARTESIAN_POINT('',(-0.0028,-0.0008,-0.0125));
#3135=CARTESIAN_POINT('',(-0.0028,2.16840434497101E-19,-0.0099));
#3136=CARTESIAN_POINT('',(-3.70315765134503E-8,-2.766883944183E-16,-0.0125));
#3137=CARTESIAN_POINT('',(-3.70315765134503E-8,0.0008,-0.0125));
#3138=CARTESIAN_POINT('',(-0.0028,-0.0008,-0.0125));
#3139=CARTESIAN_POINT('',(-3.70315765134772E-8,-2.766883944183E-16,-0.0099));
#3140=CARTESIAN_POINT('',(-0.00255,0.0014,-0.0119));
#3141=CARTESIAN_POINT('',(-3.70315765134503E-8,-0.0008,-0.0125));
#3142=CARTESIAN_POINT('',(0.0125,-1.62630325872826E-19,-0.0103));
#3143=CARTESIAN_POINT('',(-0.0028,0.00035,-0.0103));
#3144=CARTESIAN_POINT('',(-0.00263333333333333,0.00035,-0.0103));
#3145=CARTESIAN_POINT('',(-0.00246666666666667,0.00035,-0.0103));
#3146=CARTESIAN_POINT('',(-0.0023,0.00035,-0.0103));
#3147=CARTESIAN_POINT('',(-0.0023,-0.00035,-0.0103));
#3148=CARTESIAN_POINT('',(-0.00246666666666667,-0.00035,-0.0103));
#3149=CARTESIAN_POINT('',(-0.00263333333333333,-0.00035,-0.0103));
#3150=CARTESIAN_POINT('',(-0.0028,-0.00035,-0.0103));
#3151=CARTESIAN_POINT('',(0.0125,-0.00075,-0.01105));
#3152=CARTESIAN_POINT('',(-0.0023,-0.00075,-0.0114));
#3153=CARTESIAN_POINT('',(-0.00246666666666667,-0.00075,-0.0114));
#3154=CARTESIAN_POINT('',(-0.00263333333333333,-0.00075,-0.0114));
#3155=CARTESIAN_POINT('',(-0.0028,-0.00075,-0.0114));
#3156=CARTESIAN_POINT('',(-0.0028,-0.00075,-0.0107));
#3157=CARTESIAN_POINT('',(-0.00263333333333333,-0.00075,-0.0107));
#3158=CARTESIAN_POINT('',(-0.00246666666666667,-0.00075,-0.0107));
#3159=CARTESIAN_POINT('',(-0.0023,-0.00075,-0.0107));
#3160=CARTESIAN_POINT('',(0.0125,5.42101086242752E-20,-0.0118));
#3161=CARTESIAN_POINT('',(-0.0023,0.00035,-0.0118));
#3162=CARTESIAN_POINT('',(-0.00246666666666667,0.00035,-0.0118));
#3163=CARTESIAN_POINT('',(-0.00263333333333333,0.00035,-0.0118));
#3164=CARTESIAN_POINT('',(-0.0028,0.00035,-0.0118));
#3165=CARTESIAN_POINT('',(-0.0028,-0.00035,-0.0118));
#3166=CARTESIAN_POINT('',(-0.00263333333333333,-0.00035,-0.0118));
#3167=CARTESIAN_POINT('',(-0.00246666666666667,-0.00035,-0.0118));
#3168=CARTESIAN_POINT('',(-0.0023,-0.00035,-0.0118));
#3169=CARTESIAN_POINT('',(0.0125,0.00075,-0.01105));
#3170=CARTESIAN_POINT('',(-0.0028,0.00075,-0.0114));
#3171=CARTESIAN_POINT('',(-0.00263333333333333,0.00075,-0.0114));
#3172=CARTESIAN_POINT('',(-0.00246666666666667,0.00075,-0.0114));
#3173=CARTESIAN_POINT('',(-0.0023,0.00075,-0.0114));
#3174=CARTESIAN_POINT('',(-0.0023,0.00075,-0.0107));
#3175=CARTESIAN_POINT('',(-0.00246666666666667,0.00075,-0.0107));
#3176=CARTESIAN_POINT('',(-0.00263333333333333,0.00075,-0.0107));
#3177=CARTESIAN_POINT('',(-0.0028,0.00075,-0.0107));
#3178=CARTESIAN_POINT('',(-0.0028,0.000350000000000001,-0.0118));
#3179=CARTESIAN_POINT('',(-0.0023,0.000350000000000001,-0.0118));
#3180=CARTESIAN_POINT('',(-0.0028,0.000410000000000001,-0.0118));
#3181=CARTESIAN_POINT('',(-0.0023,0.000410000000000001,-0.0118));
#3182=CARTESIAN_POINT('',(-0.0028,0.000470000000000001,-0.0118));
#3183=CARTESIAN_POINT('',(-0.0023,0.000470000000000001,-0.0118));
#3184=CARTESIAN_POINT('',(-0.0028,0.000616666666666666,-0.01176));
#3185=CARTESIAN_POINT('',(-0.0023,0.000616666666666666,-0.01176));
#3186=CARTESIAN_POINT('',(-0.0028,0.000709999999999999,-0.0116666666666667));
#3187=CARTESIAN_POINT('',(-0.0023,0.000709999999999999,-0.0116666666666667));
#3188=CARTESIAN_POINT('',(-0.0028,0.000749999999999999,-0.01152));
#3189=CARTESIAN_POINT('',(-0.0023,0.000749999999999999,-0.01152));
#3190=CARTESIAN_POINT('',(-0.0028,0.00075,-0.01146));
#3191=CARTESIAN_POINT('',(-0.0023,0.00075,-0.01146));
#3192=CARTESIAN_POINT('',(-0.0028,0.00075,-0.0114));
#3193=CARTESIAN_POINT('',(-0.0023,0.00075,-0.0114));
#3194=CARTESIAN_POINT('',(-0.0023,-0.000349999999999999,-0.0118));
#3195=CARTESIAN_POINT('',(-0.0028,-0.000349999999999999,-0.0118));
#3196=CARTESIAN_POINT('',(-0.0023,-0.000409999999999999,-0.0118));
#3197=CARTESIAN_POINT('',(-0.0028,-0.000409999999999999,-0.0118));
#3198=CARTESIAN_POINT('',(-0.0023,-0.000469999999999999,-0.0118));
#3199=CARTESIAN_POINT('',(-0.0028,-0.000469999999999999,-0.0118));
#3200=CARTESIAN_POINT('',(-0.0023,-0.000616666666666668,-0.01176));
#3201=CARTESIAN_POINT('',(-0.0028,-0.000616666666666668,-0.01176));
#3202=CARTESIAN_POINT('',(-0.0023,-0.00071,-0.0116666666666667));
#3203=CARTESIAN_POINT('',(-0.0028,-0.00071,-0.0116666666666667));
#3204=CARTESIAN_POINT('',(-0.0023,-0.00075,-0.01152));
#3205=CARTESIAN_POINT('',(-0.0028,-0.00075,-0.01152));
#3206=CARTESIAN_POINT('',(-0.0023,-0.00075,-0.01146));
#3207=CARTESIAN_POINT('',(-0.0028,-0.00075,-0.01146));
#3208=CARTESIAN_POINT('',(-0.0023,-0.00075,-0.0114));
#3209=CARTESIAN_POINT('',(-0.0028,-0.00075,-0.0114));
#3210=CARTESIAN_POINT('',(-0.0023,0.000349999999999998,-0.0103));
#3211=CARTESIAN_POINT('',(-0.0028,0.000349999999999998,-0.0103));
#3212=CARTESIAN_POINT('',(-0.0023,0.000409999999999998,-0.0103));
#3213=CARTESIAN_POINT('',(-0.0028,0.000409999999999998,-0.0103));
#3214=CARTESIAN_POINT('',(-0.0023,0.000469999999999998,-0.0103));
#3215=CARTESIAN_POINT('',(-0.0028,0.000469999999999998,-0.0103));
#3216=CARTESIAN_POINT('',(-0.0023,0.000616666666666667,-0.01034));
#3217=CARTESIAN_POINT('',(-0.0028,0.000616666666666667,-0.01034));
#3218=CARTESIAN_POINT('',(-0.0023,0.000710000000000001,-0.0104333333333333));
#3219=CARTESIAN_POINT('',(-0.0028,0.000710000000000001,-0.0104333333333333));
#3220=CARTESIAN_POINT('',(-0.0023,0.000750000000000001,-0.01058));
#3221=CARTESIAN_POINT('',(-0.0028,0.000750000000000001,-0.01058));
#3222=CARTESIAN_POINT('',(-0.0023,0.00075,-0.01064));
#3223=CARTESIAN_POINT('',(-0.0028,0.00075,-0.01064));
#3224=CARTESIAN_POINT('',(-0.0023,0.00075,-0.0107));
#3225=CARTESIAN_POINT('',(-0.0028,0.00075,-0.0107));
#3226=CARTESIAN_POINT('',(-0.0028,-0.000350000000000002,-0.0103));
#3227=CARTESIAN_POINT('',(-0.0023,-0.000350000000000002,-0.0103));
#3228=CARTESIAN_POINT('',(-0.0028,-0.000410000000000002,-0.0103));
#3229=CARTESIAN_POINT('',(-0.0023,-0.000410000000000002,-0.0103));
#3230=CARTESIAN_POINT('',(-0.0028,-0.000470000000000002,-0.0103));
#3231=CARTESIAN_POINT('',(-0.0023,-0.000470000000000002,-0.0103));
#3232=CARTESIAN_POINT('',(-0.0028,-0.000616666666666671,-0.01034));
#3233=CARTESIAN_POINT('',(-0.0023,-0.000616666666666671,-0.01034));
#3234=CARTESIAN_POINT('',(-0.0028,-0.000710000000000002,-0.0104333333333333));
#3235=CARTESIAN_POINT('',(-0.0023,-0.000710000000000002,-0.0104333333333333));
#3236=CARTESIAN_POINT('',(-0.0028,-0.000750000000000001,-0.01058));
#3237=CARTESIAN_POINT('',(-0.0023,-0.000750000000000001,-0.01058));
#3238=CARTESIAN_POINT('',(-0.0028,-0.00075,-0.01064));
#3239=CARTESIAN_POINT('',(-0.0023,-0.00075,-0.01064));
#3240=CARTESIAN_POINT('',(-0.0028,-0.00075,-0.0107));
#3241=CARTESIAN_POINT('',(-0.0023,-0.00075,-0.0107));
#3242=CARTESIAN_POINT('',(0.,0.,0.));
#3243=CARTESIAN_POINT('',(0.00539090768378801,0.,-0.00654834038727367));
#3244=CARTESIAN_POINT('',(0.00539090768378801,0.00311244200241143,-0.00648584038727368));
#3245=CARTESIAN_POINT('',(0.00269545384189401,0.00466866300361715,-0.00642334038727367));
#3246=CARTESIAN_POINT('',(3.81164213578493E-19,0.00622488400482286,-0.00636084038727367));
#3247=CARTESIAN_POINT('',(-0.00269545384189401,0.00466866300361715,-0.00629834038727367));
#3248=CARTESIAN_POINT('',(-0.00539090768378801,0.00311244200241143,-0.00623584038727367));
#3249=CARTESIAN_POINT('',(-0.00539090768378801,6.60195783944986E-19,-0.00617334038727367));
#3250=CARTESIAN_POINT('',(-0.00539090768378801,-0.00311244200241142,-0.00611084038727367));
#3251=CARTESIAN_POINT('',(-0.00269545384189401,-0.00466866300361714,-0.00604834038727367));
#3252=CARTESIAN_POINT('',(-1.14349264073548E-18,-0.00622488400482286,-0.00598584038727367));
#3253=CARTESIAN_POINT('',(0.002695453841894,-0.00466866300361715,-0.00592334038727367));
#3254=CARTESIAN_POINT('',(0.00539090768378801,-0.00311244200241143,-0.00586084038727367));
#3255=CARTESIAN_POINT('',(0.00539090768378801,0.,-0.00579834038727367));
#3256=CARTESIAN_POINT('',(0.00539090768378801,0.00311244200241143,-0.00573584038727367));
#3257=CARTESIAN_POINT('',(0.00269545384189401,0.00466866300361715,-0.00567334038727367));
#3258=CARTESIAN_POINT('',(3.81164213578493E-19,0.00622488400482286,-0.00561084038727367));
#3259=CARTESIAN_POINT('',(-0.00269545384189401,0.00466866300361715,-0.00554834038727367));
#3260=CARTESIAN_POINT('',(-0.00539090768378801,0.00311244200241143,-0.00548584038727367));
#3261=CARTESIAN_POINT('',(-0.00539090768378801,6.60195783944986E-19,-0.00542334038727367));
#3262=CARTESIAN_POINT('',(-0.00539090768378801,-0.00311244200241142,-0.00536084038727367));
#3263=CARTESIAN_POINT('',(-0.00269545384189401,-0.00466866300361714,-0.00529834038727367));
#3264=CARTESIAN_POINT('',(-1.14349264073548E-18,-0.00622488400482286,-0.00523584038727367));
#3265=CARTESIAN_POINT('',(0.002695453841894,-0.00466866300361715,-0.00517334038727367));
#3266=CARTESIAN_POINT('',(0.00539090768378801,-0.00311244200241143,-0.00511084038727367));
#3267=CARTESIAN_POINT('',(0.00539090768378801,0.,-0.00504834038727367));
#3268=CARTESIAN_POINT('',(0.00539090768378801,0.00311244200241143,-0.00498584038727367));
#3269=CARTESIAN_POINT('',(0.00269545384189401,0.00466866300361715,-0.00492334038727367));
#3270=CARTESIAN_POINT('',(3.81164213578493E-19,0.00622488400482286,-0.00486084038727367));
#3271=CARTESIAN_POINT('',(-0.00269545384189401,0.00466866300361715,-0.00479834038727367));
#3272=CARTESIAN_POINT('',(-0.00539090768378801,0.00311244200241143,-0.00473584038727367));
#3273=CARTESIAN_POINT('',(-0.00539090768378801,6.60195783944986E-19,-0.00467334038727367));
#3274=CARTESIAN_POINT('',(-0.00539090768378801,-0.00311244200241142,-0.00461084038727367));
#3275=CARTESIAN_POINT('',(-0.00269545384189401,-0.00466866300361714,-0.00454834038727367));
#3276=CARTESIAN_POINT('',(-1.14349264073548E-18,-0.00622488400482286,-0.00448584038727367));
#3277=CARTESIAN_POINT('',(0.002695453841894,-0.00466866300361715,-0.00442334038727367));
#3278=CARTESIAN_POINT('',(0.00539090768378801,-0.00311244200241143,-0.00436084038727367));
#3279=CARTESIAN_POINT('',(0.00539090768378801,0.,-0.00429834038727367));
#3280=CARTESIAN_POINT('',(0.00539090768378801,0.00311244200241143,-0.00423584038727367));
#3281=CARTESIAN_POINT('',(0.00269545384189401,0.00466866300361715,-0.00417334038727367));
#3282=CARTESIAN_POINT('',(3.81164213578493E-19,0.00622488400482286,-0.00411084038727367));
#3283=CARTESIAN_POINT('',(-0.00269545384189401,0.00466866300361715,-0.00404834038727367));
#3284=CARTESIAN_POINT('',(-0.00539090768378801,0.00311244200241143,-0.00398584038727367));
#3285=CARTESIAN_POINT('',(-0.00539090768378801,6.60195783944986E-19,-0.00392334038727367));
#3286=CARTESIAN_POINT('',(-0.00539090768378801,-0.00311244200241142,-0.00386084038727367));
#3287=CARTESIAN_POINT('',(-0.00269545384189401,-0.00466866300361714,-0.00379834038727367));
#3288=CARTESIAN_POINT('',(-1.14349264073548E-18,-0.00622488400482286,-0.00373584038727367));
#3289=CARTESIAN_POINT('',(0.002695453841894,-0.00466866300361715,-0.00367334038727367));
#3290=CARTESIAN_POINT('',(0.00539090768378801,-0.00311244200241143,-0.00361084038727367));
#3291=CARTESIAN_POINT('',(0.00539090768378801,0.,-0.00354834038727367));
#3292=CARTESIAN_POINT('',(0.00539090768378801,0.00311244200241143,-0.00348584038727367));
#3293=CARTESIAN_POINT('',(0.00269545384189401,0.00466866300361715,-0.00342334038727367));
#3294=CARTESIAN_POINT('',(3.81164213578493E-19,0.00622488400482286,-0.00336084038727367));
#3295=CARTESIAN_POINT('',(-0.00269545384189401,0.00466866300361715,-0.00329834038727367));
#3296=CARTESIAN_POINT('',(-0.00539090768378801,0.00311244200241143,-0.00323584038727367));
#3297=CARTESIAN_POINT('',(-0.00539090768378801,6.60195783944986E-19,-0.00317334038727367));
#3298=CARTESIAN_POINT('',(-0.00539090768378801,-0.00311244200241142,-0.00311084038727367));
#3299=CARTESIAN_POINT('',(-0.00269545384189401,-0.00466866300361714,-0.00304834038727367));
#3300=CARTESIAN_POINT('',(-1.14349264073548E-18,-0.00622488400482286,-0.00298584038727367));
#3301=CARTESIAN_POINT('',(0.002695453841894,-0.00466866300361715,-0.00292334038727367));
#3302=CARTESIAN_POINT('',(0.00539090768378801,-0.00311244200241143,-0.00286084038727367));
#3303=CARTESIAN_POINT('',(0.00539090768378801,0.,-0.00279834038727367));
#3304=CARTESIAN_POINT('',(0.00539090768378801,0.00311244200241143,-0.00273584038727367));
#3305=CARTESIAN_POINT('',(0.00269545384189401,0.00466866300361715,-0.00267334038727367));
#3306=CARTESIAN_POINT('',(3.81164213578493E-19,0.00622488400482286,-0.00261084038727367));
#3307=CARTESIAN_POINT('',(-0.00269545384189401,0.00466866300361715,-0.00254834038727367));
#3308=CARTESIAN_POINT('',(-0.00539090768378801,0.00311244200241143,-0.00248584038727367));
#3309=CARTESIAN_POINT('',(-0.00539090768378801,6.60195783944986E-19,-0.00242334038727367));
#3310=CARTESIAN_POINT('',(-0.00539090768378801,-0.00311244200241142,-0.00236084038727368));
#3311=CARTESIAN_POINT('',(-0.00269545384189401,-0.00466866300361714,-0.00229834038727367));
#3312=CARTESIAN_POINT('',(-1.14349264073548E-18,-0.00622488400482286,-0.00223584038727367));
#3313=CARTESIAN_POINT('',(0.002695453841894,-0.00466866300361715,-0.00217334038727367));
#3314=CARTESIAN_POINT('',(0.00539090768378801,-0.00311244200241143,-0.00211084038727367));
#3315=CARTESIAN_POINT('',(0.00539090768378801,0.,-0.00204834038727367));
#3316=CARTESIAN_POINT('',(0.00539090768378801,0.00311244200241143,-0.00198584038727367));
#3317=CARTESIAN_POINT('',(0.00269545384189401,0.00466866300361715,-0.00192334038727367));
#3318=CARTESIAN_POINT('',(3.81164213578493E-19,0.00622488400482286,-0.00186084038727367));
#3319=CARTESIAN_POINT('',(-0.00269545384189401,0.00466866300361715,-0.00179834038727367));
#3320=CARTESIAN_POINT('',(-0.00539090768378801,0.00311244200241143,-0.00173584038727367));
#3321=CARTESIAN_POINT('',(-0.00539090768378801,6.60195783944986E-19,-0.00167334038727367));
#3322=CARTESIAN_POINT('',(-0.00539090768378801,-0.00311244200241142,-0.00161084038727367));
#3323=CARTESIAN_POINT('',(-0.00269545384189401,-0.00466866300361714,-0.00154834038727367));
#3324=CARTESIAN_POINT('',(-1.14349264073548E-18,-0.00622488400482286,-0.00148584038727367));
#3325=CARTESIAN_POINT('',(0.002695453841894,-0.00466866300361715,-0.00142334038727367));
#3326=CARTESIAN_POINT('',(0.00539090768378801,-0.00311244200241143,-0.00136084038727367));
#3327=CARTESIAN_POINT('',(0.00539090768378801,0.,-0.00129834038727367));
#3328=CARTESIAN_POINT('',(0.00539090768378801,0.00311244200241143,-0.00123584038727367));
#3329=CARTESIAN_POINT('',(0.00269545384189401,0.00466866300361715,-0.00117334038727367));
#3330=CARTESIAN_POINT('',(3.81164213578493E-19,0.00622488400482286,-0.00111084038727367));
#3331=CARTESIAN_POINT('',(-0.00269545384189401,0.00466866300361715,-0.00104834038727367));
#3332=CARTESIAN_POINT('',(-0.00539090768378801,0.00311244200241143,-0.000985840387273673));
#3333=CARTESIAN_POINT('',(-0.00539090768378801,6.60195783944986E-19,-0.000923340387273672));
#3334=CARTESIAN_POINT('',(-0.00539090768378801,-0.00311244200241142,-0.000860840387273673));
#3335=CARTESIAN_POINT('',(-0.00269545384189401,-0.00466866300361714,-0.000798340387273672));
#3336=CARTESIAN_POINT('',(-1.14349264073548E-18,-0.00622488400482286,-0.000735840387273673));
#3337=CARTESIAN_POINT('',(0.002695453841894,-0.00466866300361715,-0.000673340387273672));
#3338=CARTESIAN_POINT('',(0.00539090768378801,-0.00311244200241143,-0.000610840387273673));
#3339=CARTESIAN_POINT('',(0.00539090768378801,0.,-0.000548340387273672));
#3340=CARTESIAN_POINT('',(0.00539090768378801,0.00311244200241143,-0.000485840387273672));
#3341=CARTESIAN_POINT('',(0.00269545384189401,0.00466866300361715,-0.000423340387273672));
#3342=CARTESIAN_POINT('',(3.81164213578493E-19,0.00622488400482286,-0.000360840387273673));
#3343=CARTESIAN_POINT('',(-0.00269545384189401,0.00466866300361715,-0.000298340387273672));
#3344=CARTESIAN_POINT('',(-0.00539090768378801,0.00311244200241143,-0.000235840387273673));
#3345=CARTESIAN_POINT('',(-0.00539090768378801,6.60195783944986E-19,-0.000173340387273672));
#3346=CARTESIAN_POINT('',(-0.00539090768378801,-0.00311244200241142,-0.000110840387273672));
#3347=CARTESIAN_POINT('',(-0.00269545384189401,-0.00466866300361714,-4.83403872736724E-5));
#3348=CARTESIAN_POINT('',(-1.14349264073548E-18,-0.00622488400482286,1.41596127263269E-5));
#3349=CARTESIAN_POINT('',(0.002695453841894,-0.00466866300361715,7.6659612726327E-5));
#3350=CARTESIAN_POINT('',(0.00539090768378801,-0.00311244200241143,0.000139159612726327));
#3351=CARTESIAN_POINT('',(0.00539090768378801,0.,0.000201659612726328));
#3352=CARTESIAN_POINT('',(0.00539090768378801,0.00311244200241143,0.000264159612726327));
#3353=CARTESIAN_POINT('',(0.00269545384189401,0.00466866300361715,0.000326659612726328));
#3354=CARTESIAN_POINT('',(0.00220474943787033,0.00495197132337275,0.000338037668909227));
#3355=CARTESIAN_POINT('',(0.00166586438603801,0.00512706363354843,0.000350532898920605));
#3356=CARTESIAN_POINT('',(0.0053937822173509,0.,-0.00655));
#3357=CARTESIAN_POINT('',(0.0053937822173509,0.00311410161513776,-0.0064875));
#3358=CARTESIAN_POINT('',(0.00269689110867545,0.00467115242270664,-0.006425));
#3359=CARTESIAN_POINT('',(3.81367457519806E-19,0.00622820323027552,-0.0063625));
#3360=CARTESIAN_POINT('',(-0.00269689110867545,0.00467115242270664,-0.0063));
#3361=CARTESIAN_POINT('',(-0.0053937822173509,0.00311410161513776,-0.0062375));
#3362=CARTESIAN_POINT('',(-0.0053937822173509,6.60547812777669E-19,-0.006175));
#3363=CARTESIAN_POINT('',(-0.0053937822173509,-0.00311410161513775,-0.0061125));
#3364=CARTESIAN_POINT('',(-0.00269689110867545,-0.00467115242270663,-0.00605));
#3365=CARTESIAN_POINT('',(-1.14410237255942E-18,-0.00622820323027552,-0.0059875));
#3366=CARTESIAN_POINT('',(0.00269689110867544,-0.00467115242270664,-0.005925));
#3367=CARTESIAN_POINT('',(0.0053937822173509,-0.00311410161513776,-0.0058625));
#3368=CARTESIAN_POINT('',(0.0053937822173509,0.,-0.0058));
#3369=CARTESIAN_POINT('',(0.0053937822173509,0.00311410161513776,-0.0057375));
#3370=CARTESIAN_POINT('',(0.00269689110867545,0.00467115242270664,-0.005675));
#3371=CARTESIAN_POINT('',(3.81367457519806E-19,0.00622820323027552,-0.0056125));
#3372=CARTESIAN_POINT('',(-0.00269689110867545,0.00467115242270664,-0.00555));
#3373=CARTESIAN_POINT('',(-0.0053937822173509,0.00311410161513776,-0.0054875));
#3374=CARTESIAN_POINT('',(-0.0053937822173509,6.60547812777669E-19,-0.005425));
#3375=CARTESIAN_POINT('',(-0.0053937822173509,-0.00311410161513775,-0.0053625));
#3376=CARTESIAN_POINT('',(-0.00269689110867545,-0.00467115242270663,-0.0053));
#3377=CARTESIAN_POINT('',(-1.14410237255942E-18,-0.00622820323027552,-0.0052375));
#3378=CARTESIAN_POINT('',(0.00269689110867544,-0.00467115242270664,-0.005175));
#3379=CARTESIAN_POINT('',(0.0053937822173509,-0.00311410161513776,-0.0051125));
#3380=CARTESIAN_POINT('',(0.0053937822173509,0.,-0.00505));
#3381=CARTESIAN_POINT('',(0.0053937822173509,0.00311410161513776,-0.0049875));
#3382=CARTESIAN_POINT('',(0.00269689110867545,0.00467115242270664,-0.004925));
#3383=CARTESIAN_POINT('',(3.81367457519806E-19,0.00622820323027552,-0.0048625));
#3384=CARTESIAN_POINT('',(-0.00269689110867545,0.00467115242270664,-0.0048));
#3385=CARTESIAN_POINT('',(-0.0053937822173509,0.00311410161513776,-0.0047375));
#3386=CARTESIAN_POINT('',(-0.0053937822173509,6.60547812777669E-19,-0.004675));
#3387=CARTESIAN_POINT('',(-0.0053937822173509,-0.00311410161513775,-0.0046125));
#3388=CARTESIAN_POINT('',(-0.00269689110867545,-0.00467115242270663,-0.00455));
#3389=CARTESIAN_POINT('',(-1.14410237255942E-18,-0.00622820323027552,-0.0044875));
#3390=CARTESIAN_POINT('',(0.00269689110867544,-0.00467115242270664,-0.004425));
#3391=CARTESIAN_POINT('',(0.0053937822173509,-0.00311410161513776,-0.0043625));
#3392=CARTESIAN_POINT('',(0.0053937822173509,0.,-0.0043));
#3393=CARTESIAN_POINT('',(0.0053937822173509,0.00311410161513776,-0.0042375));
#3394=CARTESIAN_POINT('',(0.00269689110867545,0.00467115242270664,-0.004175));
#3395=CARTESIAN_POINT('',(3.81367457519806E-19,0.00622820323027552,-0.0041125));
#3396=CARTESIAN_POINT('',(-0.00269689110867545,0.00467115242270664,-0.00405));
#3397=CARTESIAN_POINT('',(-0.0053937822173509,0.00311410161513776,-0.0039875));
#3398=CARTESIAN_POINT('',(-0.0053937822173509,6.60547812777669E-19,-0.003925));
#3399=CARTESIAN_POINT('',(-0.0053937822173509,-0.00311410161513775,-0.0038625));
#3400=CARTESIAN_POINT('',(-0.00269689110867545,-0.00467115242270663,-0.0038));
#3401=CARTESIAN_POINT('',(-1.14410237255942E-18,-0.00622820323027552,-0.0037375));
#3402=CARTESIAN_POINT('',(0.00269689110867544,-0.00467115242270664,-0.003675));
#3403=CARTESIAN_POINT('',(0.0053937822173509,-0.00311410161513776,-0.0036125));
#3404=CARTESIAN_POINT('',(0.0053937822173509,0.,-0.00355));
#3405=CARTESIAN_POINT('',(0.0053937822173509,0.00311410161513776,-0.0034875));
#3406=CARTESIAN_POINT('',(0.00269689110867545,0.00467115242270664,-0.003425));
#3407=CARTESIAN_POINT('',(3.81367457519806E-19,0.00622820323027552,-0.0033625));
#3408=CARTESIAN_POINT('',(-0.00269689110867545,0.00467115242270664,-0.0033));
#3409=CARTESIAN_POINT('',(-0.0053937822173509,0.00311410161513776,-0.0032375));
#3410=CARTESIAN_POINT('',(-0.0053937822173509,6.60547812777669E-19,-0.003175));
#3411=CARTESIAN_POINT('',(-0.0053937822173509,-0.00311410161513775,-0.0031125));
#3412=CARTESIAN_POINT('',(-0.00269689110867545,-0.00467115242270663,-0.00305));
#3413=CARTESIAN_POINT('',(-1.14410237255942E-18,-0.00622820323027552,-0.0029875));
#3414=CARTESIAN_POINT('',(0.00269689110867544,-0.00467115242270664,-0.002925));
#3415=CARTESIAN_POINT('',(0.0053937822173509,-0.00311410161513776,-0.0028625));
#3416=CARTESIAN_POINT('',(0.0053937822173509,0.,-0.0028));
#3417=CARTESIAN_POINT('',(0.0053937822173509,0.00311410161513776,-0.0027375));
#3418=CARTESIAN_POINT('',(0.00269689110867545,0.00467115242270664,-0.002675));
#3419=CARTESIAN_POINT('',(3.81367457519806E-19,0.00622820323027552,-0.0026125));
#3420=CARTESIAN_POINT('',(-0.00269689110867545,0.00467115242270664,-0.00255));
#3421=CARTESIAN_POINT('',(-0.0053937822173509,0.00311410161513776,-0.0024875));
#3422=CARTESIAN_POINT('',(-0.0053937822173509,6.60547812777669E-19,-0.002425));
#3423=CARTESIAN_POINT('',(-0.0053937822173509,-0.00311410161513775,-0.0023625));
#3424=CARTESIAN_POINT('',(-0.00269689110867545,-0.00467115242270663,-0.0023));
#3425=CARTESIAN_POINT('',(-1.14410237255942E-18,-0.00622820323027552,-0.0022375));
#3426=CARTESIAN_POINT('',(0.00269689110867544,-0.00467115242270664,-0.002175));
#3427=CARTESIAN_POINT('',(0.0053937822173509,-0.00311410161513776,-0.0021125));
#3428=CARTESIAN_POINT('',(0.0053937822173509,0.,-0.00205));
#3429=CARTESIAN_POINT('',(0.0053937822173509,0.00311410161513776,-0.0019875));
#3430=CARTESIAN_POINT('',(0.00269689110867545,0.00467115242270664,-0.001925));
#3431=CARTESIAN_POINT('',(3.81367457519806E-19,0.00622820323027552,-0.0018625));
#3432=CARTESIAN_POINT('',(-0.00269689110867545,0.00467115242270664,-0.0018));
#3433=CARTESIAN_POINT('',(-0.0053937822173509,0.00311410161513776,-0.0017375));
#3434=CARTESIAN_POINT('',(-0.0053937822173509,6.60547812777669E-19,-0.001675));
#3435=CARTESIAN_POINT('',(-0.0053937822173509,-0.00311410161513775,-0.0016125));
#3436=CARTESIAN_POINT('',(-0.00269689110867545,-0.00467115242270663,-0.00155));
#3437=CARTESIAN_POINT('',(-1.14410237255942E-18,-0.00622820323027552,-0.0014875));
#3438=CARTESIAN_POINT('',(0.00269689110867544,-0.00467115242270664,-0.001425));
#3439=CARTESIAN_POINT('',(0.0053937822173509,-0.00311410161513776,-0.0013625));
#3440=CARTESIAN_POINT('',(0.0053937822173509,0.,-0.0013));
#3441=CARTESIAN_POINT('',(0.0053937822173509,0.00311410161513776,-0.0012375));
#3442=CARTESIAN_POINT('',(0.00269689110867545,0.00467115242270664,-0.001175));
#3443=CARTESIAN_POINT('',(3.81367457519806E-19,0.00622820323027552,-0.0011125));
#3444=CARTESIAN_POINT('',(-0.00269689110867545,0.00467115242270664,-0.00105));
#3445=CARTESIAN_POINT('',(-0.0053937822173509,0.00311410161513776,-0.000987500000000002));
#3446=CARTESIAN_POINT('',(-0.0053937822173509,6.60547812777669E-19,-0.000925));
#3447=CARTESIAN_POINT('',(-0.0053937822173509,-0.00311410161513775,-0.000862500000000002));
#3448=CARTESIAN_POINT('',(-0.00269689110867545,-0.00467115242270663,-0.0008));
#3449=CARTESIAN_POINT('',(-1.14410237255942E-18,-0.00622820323027552,-0.000737500000000002));
#3450=CARTESIAN_POINT('',(0.00269689110867544,-0.00467115242270664,-0.000675));
#3451=CARTESIAN_POINT('',(0.0053937822173509,-0.00311410161513776,-0.000612500000000001));
#3452=CARTESIAN_POINT('',(0.0053937822173509,0.,-0.00055));
#3453=CARTESIAN_POINT('',(0.0053937822173509,0.00311410161513776,-0.000487500000000001));
#3454=CARTESIAN_POINT('',(0.00269689110867545,0.00467115242270664,-0.000425));
#3455=CARTESIAN_POINT('',(3.81367457519806E-19,0.00622820323027552,-0.000362500000000001));
#3456=CARTESIAN_POINT('',(-0.00269689110867545,0.00467115242270664,-0.0003));
#3457=CARTESIAN_POINT('',(-0.0053937822173509,0.00311410161513776,-0.000237500000000001));
#3458=CARTESIAN_POINT('',(-0.0053937822173509,6.60547812777669E-19,-0.000175));
#3459=CARTESIAN_POINT('',(-0.0053937822173509,-0.00311410161513775,-0.000112500000000001));
#3460=CARTESIAN_POINT('',(-0.00269689110867545,-0.00467115242270663,-5.00000000000006E-5));
#3461=CARTESIAN_POINT('',(-1.14410237255942E-18,-0.00622820323027552,1.24999999999986E-5));
#3462=CARTESIAN_POINT('',(0.00269689110867544,-0.00467115242270664,7.49999999999987E-5));
#3463=CARTESIAN_POINT('',(0.0053937822173509,-0.00311410161513776,0.000137499999999999));
#3464=CARTESIAN_POINT('',(0.0053937822173509,0.,0.0002));
#3465=CARTESIAN_POINT('',(0.0053937822173509,0.00311410161513776,0.000262499999999999));
#3466=CARTESIAN_POINT('',(0.00269689110867545,0.00467115242270664,0.000325));
#3467=CARTESIAN_POINT('',(0.00220592505181675,0.00495461180779698,0.000336378056182898));
#3468=CARTESIAN_POINT('',(0.00166675265632008,0.00512979748049187,0.000348873286194277));
#3469=CARTESIAN_POINT('',(0.0058531124495565,0.,-0.00681519443321084));
#3470=CARTESIAN_POINT('',(0.00585311244955649,0.00337929604834859,-0.00675269443321084));
#3471=CARTESIAN_POINT('',(0.00292655622477825,0.00506894407252289,-0.00669019443321084));
#3472=CARTESIAN_POINT('',(4.13844408898141E-19,0.00675859209669719,-0.00662769443321084));
#3473=CARTESIAN_POINT('',(-0.00292655622477825,0.00506894407252289,-0.00656519443321084));
#3474=CARTESIAN_POINT('',(-0.00585311244955649,0.00337929604834859,-0.00650269443321083));
#3475=CARTESIAN_POINT('',(-0.0058531124495565,7.16799542639888E-19,-0.00644019443321084));
#3476=CARTESIAN_POINT('',(-0.0058531124495565,-0.00337929604834859,-0.00637769443321084));
#3477=CARTESIAN_POINT('',(-0.00292655622477825,-0.00506894407252289,-0.00631519443321084));
#3478=CARTESIAN_POINT('',(-1.24153322669442E-18,-0.00675859209669719,-0.00625269443321084));
#3479=CARTESIAN_POINT('',(0.00292655622477825,-0.0050689440725229,-0.00619019443321083));
#3480=CARTESIAN_POINT('',(0.00585311244955649,-0.00337929604834859,-0.00612769443321084));
#3481=CARTESIAN_POINT('',(0.0058531124495565,0.,-0.00606519443321084));
#3482=CARTESIAN_POINT('',(0.00585311244955649,0.00337929604834859,-0.00600269443321083));
#3483=CARTESIAN_POINT('',(0.00292655622477825,0.00506894407252289,-0.00594019443321084));
#3484=CARTESIAN_POINT('',(4.13844408898141E-19,0.00675859209669719,-0.00587769443321084));
#3485=CARTESIAN_POINT('',(-0.00292655622477825,0.00506894407252289,-0.00581519443321084));
#3486=CARTESIAN_POINT('',(-0.00585311244955649,0.00337929604834859,-0.00575269443321083));
#3487=CARTESIAN_POINT('',(-0.0058531124495565,7.16799542639888E-19,-0.00569019443321084));
#3488=CARTESIAN_POINT('',(-0.0058531124495565,-0.00337929604834859,-0.00562769443321084));
#3489=CARTESIAN_POINT('',(-0.00292655622477825,-0.00506894407252289,-0.00556519443321084));
#3490=CARTESIAN_POINT('',(-1.24153322669442E-18,-0.00675859209669719,-0.00550269443321084));
#3491=CARTESIAN_POINT('',(0.00292655622477825,-0.0050689440725229,-0.00544019443321084));
#3492=CARTESIAN_POINT('',(0.00585311244955649,-0.00337929604834859,-0.00537769443321084));
#3493=CARTESIAN_POINT('',(0.0058531124495565,0.,-0.00531519443321084));
#3494=CARTESIAN_POINT('',(0.00585311244955649,0.00337929604834859,-0.00525269443321083));
#3495=CARTESIAN_POINT('',(0.00292655622477825,0.00506894407252289,-0.00519019443321084));
#3496=CARTESIAN_POINT('',(4.13844408898141E-19,0.00675859209669719,-0.00512769443321084));
#3497=CARTESIAN_POINT('',(-0.00292655622477825,0.00506894407252289,-0.00506519443321084));
#3498=CARTESIAN_POINT('',(-0.00585311244955649,0.00337929604834859,-0.00500269443321084));
#3499=CARTESIAN_POINT('',(-0.0058531124495565,7.16799542639888E-19,-0.00494019443321084));
#3500=CARTESIAN_POINT('',(-0.0058531124495565,-0.00337929604834859,-0.00487769443321084));
#3501=CARTESIAN_POINT('',(-0.00292655622477825,-0.00506894407252289,-0.00481519443321084));
#3502=CARTESIAN_POINT('',(-1.24153322669442E-18,-0.00675859209669719,-0.00475269443321084));
#3503=CARTESIAN_POINT('',(0.00292655622477825,-0.0050689440725229,-0.00469019443321084));
#3504=CARTESIAN_POINT('',(0.00585311244955649,-0.00337929604834859,-0.00462769443321084));
#3505=CARTESIAN_POINT('',(0.0058531124495565,0.,-0.00456519443321084));
#3506=CARTESIAN_POINT('',(0.00585311244955649,0.00337929604834859,-0.00450269443321084));
#3507=CARTESIAN_POINT('',(0.00292655622477825,0.00506894407252289,-0.00444019443321084));
#3508=CARTESIAN_POINT('',(4.13844408898141E-19,0.00675859209669719,-0.00437769443321083));
#3509=CARTESIAN_POINT('',(-0.00292655622477825,0.00506894407252289,-0.00431519443321084));
#3510=CARTESIAN_POINT('',(-0.00585311244955649,0.00337929604834859,-0.00425269443321083));
#3511=CARTESIAN_POINT('',(-0.0058531124495565,7.16799542639888E-19,-0.00419019443321084));
#3512=CARTESIAN_POINT('',(-0.0058531124495565,-0.00337929604834859,-0.00412769443321084));
#3513=CARTESIAN_POINT('',(-0.00292655622477825,-0.00506894407252289,-0.00406519443321084));
#3514=CARTESIAN_POINT('',(-1.24153322669442E-18,-0.00675859209669719,-0.00400269443321084));
#3515=CARTESIAN_POINT('',(0.00292655622477825,-0.0050689440725229,-0.00394019443321084));
#3516=CARTESIAN_POINT('',(0.00585311244955649,-0.00337929604834859,-0.00387769443321084));
#3517=CARTESIAN_POINT('',(0.0058531124495565,0.,-0.00381519443321084));
#3518=CARTESIAN_POINT('',(0.00585311244955649,0.00337929604834859,-0.00375269443321084));
#3519=CARTESIAN_POINT('',(0.00292655622477825,0.00506894407252289,-0.00369019443321084));
#3520=CARTESIAN_POINT('',(4.13844408898141E-19,0.00675859209669719,-0.00362769443321084));
#3521=CARTESIAN_POINT('',(-0.00292655622477825,0.00506894407252289,-0.00356519443321084));
#3522=CARTESIAN_POINT('',(-0.00585311244955649,0.00337929604834859,-0.00350269443321084));
#3523=CARTESIAN_POINT('',(-0.0058531124495565,7.16799542639888E-19,-0.00344019443321084));
#3524=CARTESIAN_POINT('',(-0.0058531124495565,-0.00337929604834859,-0.00337769443321084));
#3525=CARTESIAN_POINT('',(-0.00292655622477825,-0.00506894407252289,-0.00331519443321084));
#3526=CARTESIAN_POINT('',(-1.24153322669442E-18,-0.00675859209669719,-0.00325269443321084));
#3527=CARTESIAN_POINT('',(0.00292655622477825,-0.0050689440725229,-0.00319019443321084));
#3528=CARTESIAN_POINT('',(0.00585311244955649,-0.00337929604834859,-0.00312769443321084));
#3529=CARTESIAN_POINT('',(0.0058531124495565,0.,-0.00306519443321084));
#3530=CARTESIAN_POINT('',(0.00585311244955649,0.00337929604834859,-0.00300269443321084));
#3531=CARTESIAN_POINT('',(0.00292655622477825,0.00506894407252289,-0.00294019443321084));
#3532=CARTESIAN_POINT('',(4.13844408898141E-19,0.00675859209669719,-0.00287769443321084));
#3533=CARTESIAN_POINT('',(-0.00292655622477825,0.00506894407252289,-0.00281519443321084));
#3534=CARTESIAN_POINT('',(-0.00585311244955649,0.00337929604834859,-0.00275269443321084));
#3535=CARTESIAN_POINT('',(-0.0058531124495565,7.16799542639888E-19,-0.00269019443321084));
#3536=CARTESIAN_POINT('',(-0.0058531124495565,-0.00337929604834859,-0.00262769443321084));
#3537=CARTESIAN_POINT('',(-0.00292655622477825,-0.00506894407252289,-0.00256519443321084));
#3538=CARTESIAN_POINT('',(-1.24153322669442E-18,-0.00675859209669719,-0.00250269443321084));
#3539=CARTESIAN_POINT('',(0.00292655622477825,-0.0050689440725229,-0.00244019443321084));
#3540=CARTESIAN_POINT('',(0.00585311244955649,-0.00337929604834859,-0.00237769443321084));
#3541=CARTESIAN_POINT('',(0.0058531124495565,0.,-0.00231519443321084));
#3542=CARTESIAN_POINT('',(0.00585311244955649,0.00337929604834859,-0.00225269443321084));
#3543=CARTESIAN_POINT('',(0.00292655622477825,0.00506894407252289,-0.00219019443321084));
#3544=CARTESIAN_POINT('',(4.13844408898141E-19,0.00675859209669719,-0.00212769443321084));
#3545=CARTESIAN_POINT('',(-0.00292655622477825,0.00506894407252289,-0.00206519443321084));
#3546=CARTESIAN_POINT('',(-0.00585311244955649,0.00337929604834859,-0.00200269443321084));
#3547=CARTESIAN_POINT('',(-0.0058531124495565,7.16799542639888E-19,-0.00194019443321084));
#3548=CARTESIAN_POINT('',(-0.0058531124495565,-0.00337929604834859,-0.00187769443321084));
#3549=CARTESIAN_POINT('',(-0.00292655622477825,-0.00506894407252289,-0.00181519443321084));
#3550=CARTESIAN_POINT('',(-1.24153322669442E-18,-0.00675859209669719,-0.00175269443321084));
#3551=CARTESIAN_POINT('',(0.00292655622477825,-0.0050689440725229,-0.00169019443321084));
#3552=CARTESIAN_POINT('',(0.00585311244955649,-0.00337929604834859,-0.00162769443321084));
#3553=CARTESIAN_POINT('',(0.0058531124495565,0.,-0.00156519443321084));
#3554=CARTESIAN_POINT('',(0.00585311244955649,0.00337929604834859,-0.00150269443321084));
#3555=CARTESIAN_POINT('',(0.00292655622477825,0.00506894407252289,-0.00144019443321084));
#3556=CARTESIAN_POINT('',(4.13844408898141E-19,0.00675859209669719,-0.00137769443321084));
#3557=CARTESIAN_POINT('',(-0.00292655622477825,0.00506894407252289,-0.00131519443321084));
#3558=CARTESIAN_POINT('',(-0.00585311244955649,0.00337929604834859,-0.00125269443321084));
#3559=CARTESIAN_POINT('',(-0.0058531124495565,7.16799542639888E-19,-0.00119019443321084));
#3560=CARTESIAN_POINT('',(-0.0058531124495565,-0.00337929604834859,-0.00112769443321084));
#3561=CARTESIAN_POINT('',(-0.00292655622477825,-0.00506894407252289,-0.00106519443321084));
#3562=CARTESIAN_POINT('',(-1.24153322669442E-18,-0.00675859209669719,-0.00100269443321084));
#3563=CARTESIAN_POINT('',(0.00292655622477825,-0.0050689440725229,-0.000940194433210838));
#3564=CARTESIAN_POINT('',(0.00585311244955649,-0.00337929604834859,-0.000877694433210838));
#3565=CARTESIAN_POINT('',(0.0058531124495565,0.,-0.000815194433210838));
#3566=CARTESIAN_POINT('',(0.00585311244955649,0.00337929604834859,-0.000752694433210838));
#3567=CARTESIAN_POINT('',(0.00292655622477825,0.00506894407252289,-0.000690194433210838));
#3568=CARTESIAN_POINT('',(4.13844408898141E-19,0.00675859209669719,-0.000627694433210837));
#3569=CARTESIAN_POINT('',(-0.00292655622477825,0.00506894407252289,-0.000565194433210838));
#3570=CARTESIAN_POINT('',(-0.00585311244955649,0.00337929604834859,-0.000502694433210837));
#3571=CARTESIAN_POINT('',(-0.0058531124495565,7.16799542639888E-19,-0.000440194433210838));
#3572=CARTESIAN_POINT('',(-0.0058531124495565,-0.00337929604834859,-0.000377694433210837));
#3573=CARTESIAN_POINT('',(-0.00292655622477825,-0.00506894407252289,-0.000315194433210838));
#3574=CARTESIAN_POINT('',(-1.24153322669442E-18,-0.00675859209669719,-0.000252694433210838));
#3575=CARTESIAN_POINT('',(0.00292655622477825,-0.0050689440725229,-0.000190194433210838));
#3576=CARTESIAN_POINT('',(0.00585311244955649,-0.00337929604834859,-0.000127694433210838));
#3577=CARTESIAN_POINT('',(0.0058531124495565,0.,-6.51944332108379E-5));
#3578=CARTESIAN_POINT('',(0.00585311244955649,0.00337929604834859,-2.69443321083809E-6));
#3579=CARTESIAN_POINT('',(0.00292655622477825,0.00506894407252289,5.98055667891621E-5));
#3580=CARTESIAN_POINT('',(0.00239377988641123,0.00537654263489695,7.11836229720607E-5));
#3581=CARTESIAN_POINT('',(0.00180869199569385,0.00556664698107094,8.36788529834394E-5));
#3582=CARTESIAN_POINT('',(0.0054937822173509,0.00200677435941576,-0.00677178426160837));
#3583=CARTESIAN_POINT('',(0.0054937822173509,0.00134433587439728,-0.00665365857609843));
#3584=CARTESIAN_POINT('',(0.0054937822173509,0.000672854919388904,-0.0065944766415708));
#3585=CARTESIAN_POINT('',(0.0054937822173509,0.,-0.00660773502691896));
#3586=CARTESIAN_POINT('',(0.00549378215071827,0.00200671990178495,-0.00677208965522616));
#3587=CARTESIAN_POINT('',(0.0054937822173509,0.,-0.00660773502691896));
#3588=CARTESIAN_POINT('',(0.00549434614827095,0.0020069266139658,-0.00677212130619693));
#3589=CARTESIAN_POINT('',(0.00528761342540332,0.00257292153908919,-0.00675944253047958));
#3590=CARTESIAN_POINT('',(0.00468814220093741,0.00365643598089215,-0.00673294710054297));
#3591=CARTESIAN_POINT('',(0.00336595293202484,0.00488738854052359,-0.00669626833003577));
#3592=CARTESIAN_POINT('',(0.00182671242083703,0.00564943402868053,-0.00666494752319553));
#3593=CARTESIAN_POINT('',(7.08720205078173E-7,0.00594942907516823,-0.00662562998819923));
#3594=CARTESIAN_POINT('',(-0.00182542808824283,0.00564991257620467,-0.00658630971377797));
#3595=CARTESIAN_POINT('',(-0.00336493687389292,0.00488820772439305,-0.00655498482377658));
#3596=CARTESIAN_POINT('',(-0.00468738621432183,0.00365764192360456,-0.00651831289108709));
#3597=CARTESIAN_POINT('',(-0.00528717611992969,0.00257424776150462,-0.00649181665090703));
#3598=CARTESIAN_POINT('',(-0.00549406779669553,0.00200827582477204,-0.00647913710133422));
#3599=CARTESIAN_POINT('',(-0.00549378217158944,0.00200817114490845,-0.00647913703452989));
#3600=CARTESIAN_POINT('',(-0.0054937822173509,0.00200817081623793,-0.00647896141703386));
#3601=CARTESIAN_POINT('',(-0.0054937822173509,0.000689675928867644,-0.00619154849328379));
#3602=CARTESIAN_POINT('',(-0.0054937822173509,-0.000679010374759011,-0.00615990456695924));
#3603=CARTESIAN_POINT('',(-0.0054937822173509,-0.00200773622846206,-0.00639695582269758));
#3604=CARTESIAN_POINT('',(-0.00549378215410893,-0.00200775258349563,-0.00639686414903875));
#3605=CARTESIAN_POINT('',(-0.00549422397666713,-0.0020079222747729,-0.00639723176024302));
#3606=CARTESIAN_POINT('',(-0.00528740150066633,-0.00257388326652083,-0.00638455584590501));
#3607=CARTESIAN_POINT('',(-0.00468776665718261,-0.00365729059549196,-0.00635806690137354));
#3608=CARTESIAN_POINT('',(-0.00336548544822521,-0.00488801060918997,-0.0063214023354959));
#3609=CARTESIAN_POINT('',(-0.00182614806457805,-0.00564989847753744,-0.00629008916898024));
#3610=CARTESIAN_POINT('',(-1.1055193244772E-7,-0.00594970595158651,-0.00625078077163308));
#3611=CARTESIAN_POINT('',(0.00182596999739379,-0.00565004138233759,-0.00621147196194541));
#3612=CARTESIAN_POINT('',(0.00336540839143989,-0.00488825672813616,-0.00618015818037555));
#3613=CARTESIAN_POINT('',(0.00468781898670315,-0.00365761135986647,-0.00614349464418395));
#3614=CARTESIAN_POINT('',(0.00528757029651671,-0.00257419990159205,-0.00611700557772839));
#3615=CARTESIAN_POINT('',(0.00549444900309298,-0.00200822300532932,-0.00610432954691832));
#3616=CARTESIAN_POINT('',(0.00549378213701515,-0.00200798214061061,-0.00610420044296195));
#3617=CARTESIAN_POINT('',(0.0054937822173509,0.00200826385791002,-0.00602204996676352));
#3618=CARTESIAN_POINT('',(0.0054937822173509,0.000679617026824482,-0.00578495053059109));
#3619=CARTESIAN_POINT('',(0.0054937822173509,-0.000689203471995677,-0.00581646017340448));
#3620=CARTESIAN_POINT('',(0.0054937822173509,-0.00200804043701742,-0.00610393299696385));
#3621=CARTESIAN_POINT('',(0.00549378215924393,0.00200859117370715,-0.00602205283111347));
#3622=CARTESIAN_POINT('',(0.00549400681557197,0.00200867766157578,-0.00602224722880391));
#3623=CARTESIAN_POINT('',(0.00528712120721129,0.00257456672403817,-0.00600957023767728));
#3624=CARTESIAN_POINT('',(0.00468740026440069,0.0036578001245817,-0.00598307997633874));
#3625=CARTESIAN_POINT('',(0.00336515757605457,0.00488825884540455,-0.00594641577802884));
#3626=CARTESIAN_POINT('',(0.00182590244781793,0.00564998994124542,-0.00591509892611307));
#3627=CARTESIAN_POINT('',(2.57284929208038E-8,0.00594970266733346,-0.00587578856399451));
#3628=CARTESIAN_POINT('',(-0.00182587389367378,0.00565006269559736,-0.00583647811453419));
#3629=CARTESIAN_POINT('',(-0.0033651867590293,0.00488838460126874,-0.00580516113216822));
#3630=CARTESIAN_POINT('',(-0.00468751094867143,0.00365795154480293,-0.00576849715213513));
#3631=CARTESIAN_POINT('',(-0.00528729762401168,0.00257470394645118,-0.00574200686498357));
#3632=CARTESIAN_POINT('',(-0.00549421450993626,0.00200879990941526,-0.00572932984918936));
#3633=CARTESIAN_POINT('',(-0.00549378214505057,0.00200864608828824,-0.00572913773812321));
#3634=CARTESIAN_POINT('',(-0.0054937822173509,0.00200832262978934,-0.0057289945111878));
#3635=CARTESIAN_POINT('',(-0.0054937822173509,0.000690114032242299,-0.00544162692346006));
#3636=CARTESIAN_POINT('',(-0.0054937822173509,-0.000678270483734446,-0.00540989112491357));
#3637=CARTESIAN_POINT('',(-0.0054937822173509,-0.00200673215237467,-0.00564677673534993));
#3638=CARTESIAN_POINT('',(-0.00549378226238162,-0.00200672013923801,-0.00564684410538377));
#3639=CARTESIAN_POINT('',(-0.00549418726634972,-0.00200687208681052,-0.00564702427324007));
#3640=CARTESIAN_POINT('',(-0.00528747793896015,-0.00257285921598362,-0.00563435679435904));
#3641=CARTESIAN_POINT('',(-0.00468805327080429,-0.00365637075552176,-0.00560788394634259));
#3642=CARTESIAN_POINT('',(-0.0033659175543242,-0.00488735178710549,-0.00557123914322056));
#3643=CARTESIAN_POINT('',(-0.001826701580059,-0.00564944766211273,-0.00553995220434723));
#3644=CARTESIAN_POINT('',(-6.87779051131549E-7,-0.00594949863048844,-0.00550066850939855));
#3645=CARTESIAN_POINT('',(0.00182549275533659,-0.00565002714410146,-0.00546138218092387));
#3646=CARTESIAN_POINT('',(0.00336506881790544,-0.00488834626726898,-0.00543009131690125));
#3647=CARTESIAN_POINT('',(0.00468760667416293,-0.00365776469041065,-0.00539345308709779));
#3648=CARTESIAN_POINT('',(0.00528745315390357,-0.00257433126688914,-0.00536697946014703));
#3649=CARTESIAN_POINT('',(0.00549436973460302,-0.00200833357842056,-0.00535431123732232));
#3650=CARTESIAN_POINT('',(0.00549378208309462,-0.00200812378602562,-0.00535408604155419));
#3651=CARTESIAN_POINT('',(0.0054937822173509,0.00200841570720061,-0.00527207706556894));
#3652=CARTESIAN_POINT('',(0.0054937822173509,0.000679683668247173,-0.00503494450025952));
#3653=CARTESIAN_POINT('',(0.0054937822173509,-0.000689229788743429,-0.00506645337469733));
#3654=CARTESIAN_POINT('',(0.0054937822173509,-0.00200815185324552,-0.00535395728338957));
#3655=CARTESIAN_POINT('',(0.0054937822016517,0.00200859944571916,-0.00527207108168979));
#3656=CARTESIAN_POINT('',(0.00549389606137513,0.00200864346607656,-0.00527218026908072));
#3657=CARTESIAN_POINT('',(0.00525074476912159,0.00267434388679803,-0.0052573909199115));
#3658=CARTESIAN_POINT('',(0.00452559574232159,0.00388184448508915,-0.00522743307558494));
#3659=CARTESIAN_POINT('',(0.0033236720754245,0.00487247200964488,-0.00519661294591901));
#3660=CARTESIAN_POINT('',(0.0023376620734946,0.00538392937340963,-0.0051761187138311));
#3661=CARTESIAN_POINT('',(0.00155502540653729,0.00566049273416983,-0.00515923248002474));
#3662=CARTESIAN_POINT('',(0.000755785200134773,0.00581727589623972,-0.00514209903708245));
#3663=CARTESIAN_POINT('',(2.33077724474494E-5,0.00586785294681925,-0.0051262913304413));
#3664=CARTESIAN_POINT('',(-0.00084864306854081,0.00581027709007188,-0.00510753068683113));
#3665=CARTESIAN_POINT('',(-0.00196178789286808,0.00555992944314166,-0.00508341392904641));
#3666=CARTESIAN_POINT('',(-0.00324132379877172,0.00497101501727371,-0.00505746804153042));
#3667=CARTESIAN_POINT('',(-0.00461378570901616,0.0037603531054915,-0.00502094077864463));
#3668=CARTESIAN_POINT('',(-0.00527052436160214,0.00262001301215618,-0.00499292546701339));
#3669=CARTESIAN_POINT('',(-0.00549418368832384,0.0020090225170765,-0.00497936189536801));
#3670=CARTESIAN_POINT('',(-0.00549378227425206,0.00200888094004798,-0.00497912007805772));
#3671=CARTESIAN_POINT('',(-0.0054937822173509,0.00200847451982214,-0.00497902762398155));
#3672=CARTESIAN_POINT('',(-0.0054937822173509,0.000690159131791186,-0.00469161967556165));
#3673=CARTESIAN_POINT('',(-0.0054937822173509,-0.000678342390099602,-0.00465988275295847));
#3674=CARTESIAN_POINT('',(-0.0054937822173509,-0.00200691169927194,-0.00489680875281796));
#3675=CARTESIAN_POINT('',(-0.00549378215838493,-0.00200690005872512,-0.00489687402751668));
#3676=CARTESIAN_POINT('',(-0.00549418870276849,-0.00200705265159961,-0.00489705726170806));
#3677=CARTESIAN_POINT('',(-0.00528746668162566,-0.00257302148721705,-0.00488438967588373));
#3678=CARTESIAN_POINT('',(-0.00468802929726403,-0.00365649064063364,-0.00485791685250003));
#3679=CARTESIAN_POINT('',(-0.00336591366318246,-0.00488741928267664,-0.00482127227064729));
#3680=CARTESIAN_POINT('',(-0.00182673347447863,-0.00564949092883732,-0.00478998499204619));
#3681=CARTESIAN_POINT('',(-7.71719471595327E-7,-0.00594954630688871,-0.0047507014610551));
#3682=CARTESIAN_POINT('',(0.00182536916639844,-0.00565011681130389,-0.00471141497051924));
#3683=CARTESIAN_POINT('',(0.00336493232080693,-0.00488849296408641,-0.00468012327880767));
#3684=CARTESIAN_POINT('',(0.00468746750149943,-0.00365800743570494,-0.0046434860860602));
#3685=CARTESIAN_POINT('',(0.00528735438334262,-0.00257463410968556,-0.00461701238746895));
#3686=CARTESIAN_POINT('',(0.00549429775088959,-0.00200866038344765,-0.00460434396564594));
#3687=CARTESIAN_POINT('',(0.00549378222828543,-0.00200847982564502,-0.00460398860018707));
#3688=CARTESIAN_POINT('',(0.0054937822173509,0.00200844126889136,-0.00452208162747283));
#3689=CARTESIAN_POINT('',(0.0054937822173509,0.000679593474815252,-0.00428492538647755));
#3690=CARTESIAN_POINT('',(0.0054937822173509,-0.000689441467285648,-0.00431646356032654));
#3691=CARTESIAN_POINT('',(0.0054937822173509,-0.00200847146329188,-0.00460402695762313));
#3692=CARTESIAN_POINT('',(0.00549378225273688,0.00200843558422176,-0.00452211348014778));
#3693=CARTESIAN_POINT('',(0.00549370865774255,0.00200840691348869,-0.00452203507678539));
#3694=CARTESIAN_POINT('',(0.00528686175457082,0.00257426541278231,-0.00450936411376779));
#3695=CARTESIAN_POINT('',(0.00468722915338125,0.00365745416607306,-0.00448288584210737));
#3696=CARTESIAN_POINT('',(0.00336511015422112,0.0048879073203331,-0.00444623864404639));
#3697=CARTESIAN_POINT('',(0.00182598067274609,0.00564966291221397,-0.00441494009471128));
#3698=CARTESIAN_POINT('',(2.14004158305135E-7,0.00594944715637551,-0.00437564792054585));
#3699=CARTESIAN_POINT('',(-0.00182562597633196,0.00564990895064647,-0.00433635494201905));
#3700=CARTESIAN_POINT('',(-0.0033649244796486,0.00488833071323351,-0.00430505519126265));
#3701=CARTESIAN_POINT('',(-0.00468725410750849,0.00365801565639389,-0.00426841000344924));
#3702=CARTESIAN_POINT('',(-0.0052870822349789,0.0025748291979167,-0.00424193149407209));
#3703=CARTESIAN_POINT('',(-0.00549402389995672,0.0020089486627879,-0.00422926030388316));
#3704=CARTESIAN_POINT('',(-0.00549378241464724,0.00200886326041841,-0.00422911902791617));
#3705=CARTESIAN_POINT('',(-0.0054937822173509,0.00200862635642387,-0.00422906072709392));
#3706=CARTESIAN_POINT('',(-0.0054937822173509,0.000690202214075379,-0.00394161199356595));
#3707=CARTESIAN_POINT('',(-0.0054937822173509,-0.000678418406050606,-0.0039098744098017));
#3708=CARTESIAN_POINT('',(-0.0054937822173509,-0.00200709721095751,-0.00414684183695784));
#3709=CARTESIAN_POINT('',(-0.00549378217314613,-0.00200707754435932,-0.00414695210777651));
#3710=CARTESIAN_POINT('',(-0.00549421665512101,-0.002007239822785,-0.00414710600223834));
#3711=CARTESIAN_POINT('',(-0.00528745242781541,-0.00257322862765818,-0.00413442880330389));
#3712=CARTESIAN_POINT('',(-0.00468791605752517,-0.00365671679965494,-0.00410793668566497));
#3713=CARTESIAN_POINT('',(-0.00336567478916379,-0.00488758622711965,-0.00407126502054506));
#3714=CARTESIAN_POINT('',(-0.00182636676432165,-0.00564956499690151,-0.00403994847458323));
#3715=CARTESIAN_POINT('',(-3.15518361936178E-7,-0.00594945486084137,-0.00400063547605557));
#3716=CARTESIAN_POINT('',(0.00182580981586772,-0.00564982347746839,-0.00396132126777338));
#3717=CARTESIAN_POINT('',(0.00336527665432749,-0.00488802969074715,-0.00393000291879087));
#3718=CARTESIAN_POINT('',(0.00468769283136766,-0.00365734197057445,-0.00389333427317299));
#3719=CARTESIAN_POINT('',(0.00528741551279836,-0.00257389210194189,-0.0038668417977127));
#3720=CARTESIAN_POINT('',(0.00549427142949434,-0.00200790055387416,-0.00385416425703391));
#3721=CARTESIAN_POINT('',(0.00549378234547055,-0.00200772589476117,-0.00385395777852531));
#3722=CARTESIAN_POINT('',(0.0054937822173509,0.00200860158085865,-0.00377211023910206));
#3723=CARTESIAN_POINT('',(0.0054937822173509,0.00067994824683136,-0.00353496978204643));
#3724=CARTESIAN_POINT('',(0.0054937822173509,-0.000688888005419772,-0.00356642461772489));
#3725=CARTESIAN_POINT('',(0.0054937822173509,-0.00200774531552859,-0.00385386867172093));
#3726=CARTESIAN_POINT('',(0.00549378220279263,0.00200859215733662,-0.00377216303732178));
#3727=CARTESIAN_POINT('',(0.00549374820445018,0.00200857799659329,-0.00377208734057251));
#3728=CARTESIAN_POINT('',(0.00528688360889892,0.00257443084275853,-0.0037594145468973));
#3729=CARTESIAN_POINT('',(0.00468722066106251,0.00365760018822821,-0.00373293276689736));
#3730=CARTESIAN_POINT('',(0.00336508487127683,0.00488801374829156,-0.00369628076805292));
#3731=CARTESIAN_POINT('',(0.00182594782457175,0.00564974032348645,-0.00366497663580714));
#3732=CARTESIAN_POINT('',(1.90115742609657E-7,0.00594949951737299,-0.00362567919242055));
#3733=CARTESIAN_POINT('',(-0.00182563052111382,0.00564995216075718,-0.003586381033084));
#3734=CARTESIAN_POINT('',(-0.00336491188473224,0.00488837819960904,-0.00355507583122346));
#3735=CARTESIAN_POINT('',(-0.00468722602215659,0.00365808591005307,-0.00351842562191713));
#3736=CARTESIAN_POINT('',(-0.00528705608085834,0.00257492086551041,-0.0034919436303479));
#3737=CARTESIAN_POINT('',(-0.00549400175776778,0.0020090503686806,-0.00347927063447598));
#3738=CARTESIAN_POINT('',(-0.00549378235013944,0.00200897262779077,-0.00347915476684092));
#3739=CARTESIAN_POINT('',(-0.0054937822173509,0.00200877818290261,-0.00347909382996557));
#3740=CARTESIAN_POINT('',(-0.0054937822173509,0.000690406093116857,-0.0031916393720754));
#3741=CARTESIAN_POINT('',(-0.0054937822173509,-0.000678162296514435,-0.00315986400261202));
#3742=CARTESIAN_POINT('',(-0.0054937822173509,-0.00200679848513623,-0.00339678856372013));
#3743=CARTESIAN_POINT('',(-0.0054937821498767,-0.00200672453251233,-0.00339720327856409));
#3744=CARTESIAN_POINT('',(-0.00549433429423643,-0.00200692451273723,-0.00339711441740486));
#3745=CARTESIAN_POINT('',(-0.00528760760595662,-0.00257292653170128,-0.00338444032081035));
#3746=CARTESIAN_POINT('',(-0.00468814306031452,-0.00365645930543095,-0.00335795420942723));
#3747=CARTESIAN_POINT('',(-0.0033659487449717,-0.00488744018151793,-0.00332128965543456));
#3748=CARTESIAN_POINT('',(-0.00182668382955957,-0.00564951262797572,-0.00328998282806539));
#3749=CARTESIAN_POINT('',(-6.37196468657432E-7,-0.00594952054023926,-0.00325067918066283));
#3750=CARTESIAN_POINT('',(0.00182554642354257,-0.00564999591580798,-0.00321137308169696));
#3751=CARTESIAN_POINT('',(0.00336509850481296,-0.00488826863995561,-0.0031800626007));
#3752=CARTESIAN_POINT('',(0.00468759566644324,-0.00365764660864026,-0.00314340416553084));
#3753=CARTESIAN_POINT('',(0.00528739860332787,-0.00257420417910706,-0.00311691732900976));
#3754=CARTESIAN_POINT('',(0.00549429262864152,-0.00200820767864474,-0.0031042425398677));
#3755=CARTESIAN_POINT('',(0.00549378236053262,-0.00200802564030601,-0.00310403226827287));
#3756=CARTESIAN_POINT('',(0.0054937822173509,0.00200887120442011,-0.00302215836523315));
#3757=CARTESIAN_POINT('',(0.0054937822173509,0.000680031581030707,-0.00278495283312138));
#3758=CARTESIAN_POINT('',(0.0054937822173509,-0.000689006252110184,-0.00281641644954446));
#3759=CARTESIAN_POINT('',(0.0054937822173509,-0.00200804696863765,-0.00310393442069231));
#3760=CARTESIAN_POINT('',(0.00549378222467197,0.00200891655568874,-0.00302221455521813));
#3761=CARTESIAN_POINT('',(0.00549390413923313,0.00200896180142059,-0.00302224152927933));
#3762=CARTESIAN_POINT('',(0.00528697075459887,0.00257482392768627,-0.00300955133272729));
#3763=CARTESIAN_POINT('',(0.00468716767488968,0.00365797751298828,-0.00298303490635608));
#3764=CARTESIAN_POINT('',(0.00336488949939703,0.00488826997524845,-0.00294633278804093));
#3765=CARTESIAN_POINT('',(0.00182564275618822,0.00564985209000633,-0.00291497603970632));
#3766=CARTESIAN_POINT('',(-1.49160376478792E-7,0.00594941905244437,-0.00287562626949079));
#3767=CARTESIAN_POINT('',(-0.00182589163307545,0.00564968566719413,-0.00283627706095824));
#3768=CARTESIAN_POINT('',(-0.00336502495779329,0.00488798365342788,-0.0028049211517492));
#3769=CARTESIAN_POINT('',(-0.00468716291908612,0.00365759599909279,-0.00276821762950819));
#3770=CARTESIAN_POINT('',(-0.00528683467206161,0.00257443911347886,-0.00274170136912039));
#3771=CARTESIAN_POINT('',(-0.00549370434073793,0.002008590898535,-0.00272901133119776));
#3772=CARTESIAN_POINT('',(-0.00549378223675427,0.00200861517687001,-0.00272919860176328));
#3773=CARTESIAN_POINT('',(-0.0054937822173509,0.00200864438036347,-0.00272906465676778));
#3774=CARTESIAN_POINT('',(-0.0054937822173509,0.000689872486493183,-0.00244153807743854));
#3775=CARTESIAN_POINT('',(-0.0054937822173509,-0.000679119021278584,-0.00240987775434726));
#3776=CARTESIAN_POINT('',(-0.0054937822173509,-0.00200812754992185,-0.00264702564318114));
#3777=CARTESIAN_POINT('',(-0.00549378220803633,-0.00200810716253103,-0.00264713989684958));
#3778=CARTESIAN_POINT('',(-0.00549429649091799,-0.0020082999068255,-0.00264733898500841));
#3779=CARTESIAN_POINT('',(-0.00528741264776245,-0.00257427003006488,-0.00263465089653176));
#3780=CARTESIAN_POINT('',(-0.00468764940171742,-0.00365766568286644,-0.00260813773759279));
#3781=CARTESIAN_POINT('',(-0.0033652354777768,-0.00488827550874948,-0.00257143904604017));
#3782=CARTESIAN_POINT('',(-0.00182577960169574,-0.00565003604643463,-0.00254008886944631));
#3783=CARTESIAN_POINT('',(3.16419404014676E-7,-0.00594965865487706,-0.00250074368604685));
#3784=CARTESIAN_POINT('',(0.00182634608467496,-0.00564980114465277,-0.00246139972070532));
#3785=CARTESIAN_POINT('',(0.00336566376245797,-0.00488787293858376,-0.00243005136073242));
#3786=CARTESIAN_POINT('',(0.00468793393404058,-0.0036570859821908,-0.00239334962773151));
#3787=CARTESIAN_POINT('',(0.00528753412306779,-0.00257364374966673,-0.00236683682897686));
#3788=CARTESIAN_POINT('',(0.00549433721390243,-0.0020076694268442,-0.0023541490845651));
#3789=CARTESIAN_POINT('',(0.00549378227417602,-0.00200746687425311,-0.00235413597004419));
#3790=CARTESIAN_POINT('',(0.0054937822173509,0.00200902301218474,-0.00227218546481766));
#3791=CARTESIAN_POINT('',(0.0054937822173509,0.000680308283750046,-0.00203498431038887));
#3792=CARTESIAN_POINT('',(0.0054937822173509,-0.000688603231162074,-0.00206638620599708));
#3793=CARTESIAN_POINT('',(0.0054937822173509,-0.00200753511083848,-0.00235382285963646));
#3794=CARTESIAN_POINT('',(0.00549378222549724,0.00200904541718078,-0.00227225463960253));
#3795=CARTESIAN_POINT('',(0.00549390981706789,0.00200909239088351,-0.0022722679613431));
#3796=CARTESIAN_POINT('',(0.00528697538011528,0.00257494364030353,-0.00225958248524964));
#3797=CARTESIAN_POINT('',(0.00468717811327064,0.00365807640173132,-0.00223307567841423));
#3798=CARTESIAN_POINT('',(0.00336492567264309,0.00488835815527301,-0.00219638807323508));
#3799=CARTESIAN_POINT('',(0.0018257028417167,0.00564995513889939,-0.00216504548377839));
#3800=CARTESIAN_POINT('',(-7.15454938134696E-8,0.00594955862069817,-0.00212571025150882));
#3801=CARTESIAN_POINT('',(-0.00182582387516363,0.00564988039234613,-0.00208637528970228));
#3802=CARTESIAN_POINT('',(-0.00336499670536957,0.00488822962529302,-0.002055033104448));
#3803=CARTESIAN_POINT('',(-0.00468718850206937,0.00365790327741644,-0.0020183448231028));
#3804=CARTESIAN_POINT('',(-0.00528692774517313,0.00257476722849701,-0.00199183809618119));
#3805=CARTESIAN_POINT('',(-0.00549383395957905,0.00200892120073121,-0.00197915269646839));
#3806=CARTESIAN_POINT('',(-0.00549378220849126,0.0020088999304516,-0.00197926091410671));
#3807=CARTESIAN_POINT('',(-0.0054937822173509,0.00200892918392673,-0.0019791267548127));
#3808=CARTESIAN_POINT('',(-0.00549378221735089,0.00068990979610695,-0.0016915141736185));
#3809=CARTESIAN_POINT('',(-0.0054937822173509,-0.000679351462002684,-0.00165986268431286));
#3810=CARTESIAN_POINT('',(-0.0054937822173509,-0.00200860651403562,-0.00189711111958552));
#3811=CARTESIAN_POINT('',(-0.00549378225285559,-0.00200859866009363,-0.00189715512363575));
#3812=CARTESIAN_POINT('',(-0.00549429348022044,-0.0020087916710941,-0.00189742509195204));
#3813=CARTESIAN_POINT('',(-0.00528733238488524,-0.00257477714915222,-0.00188472501063137));
#3814=CARTESIAN_POINT('',(-0.0046874008165497,-0.00365816637456449,-0.00185818797754599));
#3815=CARTESIAN_POINT('',(-0.00336480504353787,-0.00488863635159027,-0.00182145698112648));
#3816=CARTESIAN_POINT('',(-0.00182516517283532,-0.00565023402233662,-0.00179007003546353));
#3817=CARTESIAN_POINT('',(1.04736259811898E-6,-0.00594959500015175,-0.00175068822573737));
#3818=CARTESIAN_POINT('',(0.00182703561019103,-0.00564944229775973,-0.00171131044563523));
#3819=CARTESIAN_POINT('',(0.0033662057574615,-0.00488727922171175,-0.00167992950715401));
#3820=CARTESIAN_POINT('',(0.00468830721528074,-0.00365621996390975,-0.00164318845152626));
#3821=CARTESIAN_POINT('',(0.00528768517274044,-0.00257268133542,-0.00161665261021564));
#3822=CARTESIAN_POINT('',(0.00549437243947204,-0.00200668601997789,-0.00160395366719698));
#3823=CARTESIAN_POINT('',(0.00549378228982958,-0.00200646466190403,-0.001604214558477));
#3824=CARTESIAN_POINT('',(0.0054937822173509,0.00200917481666495,-0.00152221256586279));
#3825=CARTESIAN_POINT('',(0.0054937822173509,0.000680729453483638,-0.00128504158597915));
#3826=CARTESIAN_POINT('',(0.0054937822173509,-0.000687904957436947,-0.00131633988490041));
#3827=CARTESIAN_POINT('',(0.0054937822173509,-0.00200659463626083,-0.00160361793844006));
#3828=CARTESIAN_POINT('',(0.00549378226326071,0.00200937323252188,-0.00152226181463215));
#3829=CARTESIAN_POINT('',(0.00549399601420098,0.00200945410198308,-0.00152237990146245));
#3830=CARTESIAN_POINT('',(0.00528703103672748,0.0025752948433731,-0.00150969453573888));
#3831=CARTESIAN_POINT('',(0.00468718262251333,0.00365839374839064,-0.00148318828119027));
#3832=CARTESIAN_POINT('',(0.00336490532345661,0.00488861360382033,-0.00144650242661833));
#3833=CARTESIAN_POINT('',(0.00182566664581568,0.0056501759678366,-0.00141515998823695));
#3834=CARTESIAN_POINT('',(-1.03490046532036E-7,0.00594975498974163,-0.00137582558992187));
#3835=CARTESIAN_POINT('',(-0.00182584562320565,0.00565007980313189,-0.00133649158531168));
#3836=CARTESIAN_POINT('',(-0.00336502233446381,0.00488844841470114,-0.00130514973561993));
#3837=CARTESIAN_POINT('',(-0.004687227472105,0.0036581665624217,-0.00126846289647001));
#3838=CARTESIAN_POINT('',(-0.0052870036491236,0.0025750588917126,-0.00124195675822641));
#3839=CARTESIAN_POINT('',(-0.00549393330927347,0.00200922228890598,-0.00122927150368165));
#3840=CARTESIAN_POINT('',(-0.00549378221593673,0.00200916606581906,-0.00122931170392916));
#3841=CARTESIAN_POINT('',(-0.0054937822173509,0.00200919381415916,-0.00122918446050228));
#3842=CARTESIAN_POINT('',(-0.0054937822173509,0.000690101552806132,-0.000941526217012894));
#3843=CARTESIAN_POINT('',(-0.0054937822173509,-0.000679242981863965,-0.000909846629233148));
#3844=CARTESIAN_POINT('',(-0.0054937822173509,-0.00200857851152994,-0.00114710612167007));
#3845=CARTESIAN_POINT('',(-0.00549378221567727,-0.00200858186977194,-0.00114708730585645));
#3846=CARTESIAN_POINT('',(-0.00549424009763855,-0.00200875607099076,-0.00114738940566813));
#3847=CARTESIAN_POINT('',(-0.00528729174994043,-0.00257473033499013,-0.00113469329944915));
#3848=CARTESIAN_POINT('',(-0.00468739192178303,-0.00365810344930848,-0.00110816426721999));
#3849=CARTESIAN_POINT('',(-0.00336484346205186,-0.00488857893514374,-0.0010714448562802));
#3850=CARTESIAN_POINT('',(-0.00182525056240682,-0.00565019977489936,-0.00104006993580961));
#3851=CARTESIAN_POINT('',(9.25772254464597E-7,-0.00594960885579963,-0.00100070027052737));
#3852=CARTESIAN_POINT('',(0.00182691033966222,-0.00564951980730449,-0.000961334171048472));
#3853=CARTESIAN_POINT('',(0.00336610524021253,-0.00488741376240597,-0.000929964567302868));
#3854=CARTESIAN_POINT('',(0.0046882426033305,-0.00365642156568913,-0.000893236254013734));
#3855=CARTESIAN_POINT('',(0.00528767250130853,-0.00257290972892182,-0.000866708276307926));
#3856=CARTESIAN_POINT('',(0.00549438794880202,-0.00200692109793024,-0.000854013177349083));
#3857=CARTESIAN_POINT('',(0.00549378236676251,-0.00200669405735609,-0.000854277426807338));
#3858=CARTESIAN_POINT('',(0.0054937822173509,0.00200932660801836,-0.000772239666611044));
#3859=CARTESIAN_POINT('',(0.0054937822173509,0.000680755383066085,-0.00053502830422535));
#3860=CARTESIAN_POINT('',(0.0054937822173509,-0.000688014416316819,-0.0005663376154384));
#3861=CARTESIAN_POINT('',(0.0054937822173509,-0.00200682672450498,-0.000853668501427415));
#3862=CARTESIAN_POINT('',(0.0054937821905785,0.00200944742550639,-0.000772244220546906));
#3863=CARTESIAN_POINT('',(0.00549387083562497,0.00200948136676437,-0.000772315990405007));
#3864=CARTESIAN_POINT('',(0.00528690902031498,0.00257530500186359,-0.000759633126636257));
#3865=CARTESIAN_POINT('',(0.00468707409337336,0.00365837086660087,-0.000733131959688584));
#3866=CARTESIAN_POINT('',(0.00336483485672415,0.00488855718910548,-0.000696453883055951));
#3867=CARTESIAN_POINT('',(0.00182563618107933,0.00565010838447383,-0.000665118924772105));
#3868=CARTESIAN_POINT('',(-9.0908344339595E-8,0.00594969343341985,-0.000625792181295072));
#3869=CARTESIAN_POINT('',(-0.00182579992838144,0.00565004391867041,-0.000586465787972738));
#3870=CARTESIAN_POINT('',(-0.00336496150869319,0.00488844677213521,-0.00055513135333684));
#3871=CARTESIAN_POINT('',(-0.00468716338992882,0.0036582101920188,-0.000518452400959866));
#3872=CARTESIAN_POINT('',(-0.00528695442988926,0.00257512992255221,-0.000491951337446125));
#3873=CARTESIAN_POINT('',(-0.00549389443688653,0.00200930421249078,-0.000479268572556424));
#3874=CARTESIAN_POINT('',(-0.00549378223117115,0.00200926128528905,-0.0004793423696874));
#3875=CARTESIAN_POINT('',(-0.0054937822173509,0.00200929109574379,-0.000479205675380814));
#3876=CARTESIAN_POINT('',(-0.0054937822173509,0.000690168370289912,-0.000191529843975829));
#3877=CARTESIAN_POINT('',(-0.0054937822173509,-0.00067921069348249,-0.000159840775201341));
#3878=CARTESIAN_POINT('',(-0.0054937822173509,-0.00200857928391378,-0.000397106259524984));
#3879=CARTESIAN_POINT('',(-0.00549378223685938,-0.00200860497093561,-0.000396962338380724));
#3880=CARTESIAN_POINT('',(-0.00549415580094953,-0.00200875006177984,-0.000397342014406402));
#3881=CARTESIAN_POINT('',(-0.00528724302873565,-0.00257467747331989,-0.000384658294433558));
#3882=CARTESIAN_POINT('',(-0.0046874455509342,-0.00365797508927198,-0.000358154385785299));
#3883=CARTESIAN_POINT('',(-0.00336507096998137,-0.00488845221276319,-0.000321470919041186));
#3884=CARTESIAN_POINT('',(-0.00182566792252401,-0.00565015014310222,-0.000290133588261875));
#3885=CARTESIAN_POINT('',(3.4602482359977E-7,-0.00594975048842778,-0.000250802309355169));
#3886=CARTESIAN_POINT('',(0.00182630136698045,-0.00564993600738534,-0.000211472371209258));
#3887=CARTESIAN_POINT('',(0.00336559032039489,-0.00488808608669527,-0.000180137041681919));
#3888=CARTESIAN_POINT('',(0.00468786333427432,-0.00365742422540038,-0.000143450225478562));
#3889=CARTESIAN_POINT('',(0.00528752430834682,-0.00257406132769989,-0.00011694671317447));
#3890=CARTESIAN_POINT('',(0.00549436845918334,-0.00200811711256796,-0.000104263371892998));
#3891=CARTESIAN_POINT('',(0.00549378233733215,-0.00200790231978681,-0.000104292627959967));
#3892=CARTESIAN_POINT('',(0.0054937822173509,-0.00147339024759699,-1.5295851588951E-18));
#3893=CARTESIAN_POINT('',(0.0054937822173509,-0.0016524038606517,-3.04430502345585E-5));
#3894=CARTESIAN_POINT('',(0.0054937822173507,-0.0018305692324895,-6.5249663605866E-5));
#3895=CARTESIAN_POINT('',(0.0054937822173507,-0.00200798341749399,-0.000103920568300512));
#3896=CARTESIAN_POINT('',(0.0054937822173509,-0.00147339024759701,0.));
#3897=CARTESIAN_POINT('',(0.0054937822173509,-0.001473390247597,-2.98063852433468E-19));
#3898=CARTESIAN_POINT('',(0.00583026879165793,-0.000380897851559046,-2.98063852433468E-19));
#3899=CARTESIAN_POINT('',(0.00582421410825028,0.000786287102866964,-1.45694841464116E-19));
#3900=CARTESIAN_POINT('',(0.0054937822173509,0.00188061887316721,-1.45694841464116E-19));
#3901=CARTESIAN_POINT('',(0.0054937822173509,0.00188061887316722,0.));
#3902=CARTESIAN_POINT('',(0.0054937822173509,0.00200774490520179,-2.19573706741491E-5));
#3903=CARTESIAN_POINT('',(0.0054937822173509,0.00196540992254337,-1.44045680137814E-5));
#3904=CARTESIAN_POINT('',(0.0054937822173509,0.0019230349191708,-7.08347226701397E-6));
#3905=CARTESIAN_POINT('',(0.0054937822173509,0.00188061887316721,-8.66974241798813E-19));
#3906=CARTESIAN_POINT('',(0.005493782280681,0.00200774954801171,-2.19313467878738E-5));
#3907=CARTESIAN_POINT('',(0.00549412296110194,0.00200787934644033,-2.21685937289006E-5));
#3908=CARTESIAN_POINT('',(0.00518570441370941,0.00285191416385113,-3.27590571624164E-6));
#3909=CARTESIAN_POINT('',(0.00413071867575373,0.00442071068213411,3.75790854061132E-5));
#3910=CARTESIAN_POINT('',(0.00264768967151808,0.00529048057436399,6.768466396087E-5));
#3911=CARTESIAN_POINT('',(0.00180765789919215,0.00556346181917262,8.56122807657399E-5));
#3912=CARTESIAN_POINT('',(0.00180774140418209,0.00556369117525473,8.60348333337061E-5));
#3913=CARTESIAN_POINT('',(0.00166692111795855,0.0051302556825109,0.00034971834920149));
#3914=CARTESIAN_POINT('',(0.00171388978985125,0.00527481039075803,0.000261964679162803));
#3915=CARTESIAN_POINT('',(0.00176085846174394,0.00541936509900516,0.000174211009124115));
#3916=CARTESIAN_POINT('',(0.00180782713363663,0.00556391980725229,8.64573390854271E-5));
#3917=CARTESIAN_POINT('',(0.00166680563708255,0.00512992028950716,0.000349413840213191));
#3918=CARTESIAN_POINT('',(0.0053937822173509,0.,-0.00655));
#3919=CARTESIAN_POINT('',(0.0053937822173509,0.00311410161513776,-0.0064875));
#3920=CARTESIAN_POINT('',(0.00269689110867545,0.00467115242270664,-0.006425));
#3921=CARTESIAN_POINT('',(3.81367457519806E-19,0.00622820323027552,-0.0063625));
#3922=CARTESIAN_POINT('',(-0.00269689110867545,0.00467115242270664,-0.0063));
#3923=CARTESIAN_POINT('',(-0.0053937822173509,0.00311410161513776,-0.0062375));
#3924=CARTESIAN_POINT('',(-0.0053937822173509,6.60547812777669E-19,-0.006175));
#3925=CARTESIAN_POINT('',(-0.0053937822173509,-0.00311410161513775,-0.0061125));
#3926=CARTESIAN_POINT('',(-0.00269689110867545,-0.00467115242270663,-0.00605));
#3927=CARTESIAN_POINT('',(-1.14410237255942E-18,-0.00622820323027552,-0.0059875));
#3928=CARTESIAN_POINT('',(0.00269689110867544,-0.00467115242270664,-0.005925));
#3929=CARTESIAN_POINT('',(0.0053937822173509,-0.00311410161513776,-0.0058625));
#3930=CARTESIAN_POINT('',(0.0053937822173509,-1.32109562555534E-18,-0.0058));
#3931=CARTESIAN_POINT('',(0.0053937822173509,0.00311410161513775,-0.0057375));
#3932=CARTESIAN_POINT('',(0.00269689110867545,0.00467115242270663,-0.005675));
#3933=CARTESIAN_POINT('',(7.43859299023635E-18,0.00622820323027552,-0.0056125));
#3934=CARTESIAN_POINT('',(-0.00269689110867544,0.00467115242270664,-0.00555));
#3935=CARTESIAN_POINT('',(-0.00539378221735089,0.00311410161513776,-0.0054875));
#3936=CARTESIAN_POINT('',(-0.0053937822173509,1.981643438333E-18,-0.005425));
#3937=CARTESIAN_POINT('',(-0.0053937822173509,-0.00311410161513775,-0.0053625));
#3938=CARTESIAN_POINT('',(-0.00269689110867545,-0.00467115242270663,-0.0053));
#3939=CARTESIAN_POINT('',(-2.66957220263864E-18,-0.00622820323027552,-0.0052375));
#3940=CARTESIAN_POINT('',(0.00269689110867544,-0.00467115242270664,-0.005175));
#3941=CARTESIAN_POINT('',(0.00539378221735089,-0.00311410161513776,-0.0051125));
#3942=CARTESIAN_POINT('',(0.0053937822173509,-2.64219125111067E-18,-0.00505));
#3943=CARTESIAN_POINT('',(0.0053937822173509,0.00311410161513775,-0.0049875));
#3944=CARTESIAN_POINT('',(0.00269689110867545,0.00467115242270663,-0.004925));
#3945=CARTESIAN_POINT('',(1.44958185229529E-17,0.00622820323027552,-0.0048625));
#3946=CARTESIAN_POINT('',(-0.00269689110867544,0.00467115242270664,-0.0048));
#3947=CARTESIAN_POINT('',(-0.00539378221735089,0.00311410161513776,-0.0047375));
#3948=CARTESIAN_POINT('',(-0.0053937822173509,1.28840209959151E-17,-0.004675));
#3949=CARTESIAN_POINT('',(-0.0053937822173509,-0.00311410161513775,-0.0046125));
#3950=CARTESIAN_POINT('',(-0.00269689110867545,-0.00467115242270663,-0.00455));
#3951=CARTESIAN_POINT('',(-1.52585534379925E-17,-0.00622820323027552,-0.0044875));
#3952=CARTESIAN_POINT('',(0.00269689110867543,-0.00467115242270664,-0.004425));
#3953=CARTESIAN_POINT('',(0.00539378221735089,-0.00311410161513777,-0.0043625));
#3954=CARTESIAN_POINT('',(0.0053937822173509,-3.96328687666601E-18,-0.0043));
#3955=CARTESIAN_POINT('',(0.0053937822173509,0.00311410161513775,-0.0042375));
#3956=CARTESIAN_POINT('',(0.00269689110867546,0.00467115242270663,-0.004175));
#3957=CARTESIAN_POINT('',(1.60212883530321E-17,0.00622820323027552,-0.0041125));
#3958=CARTESIAN_POINT('',(-0.00269689110867543,0.00467115242270664,-0.00405));
#3959=CARTESIAN_POINT('',(-0.00539378221735089,0.00311410161513777,-0.0039875));
#3960=CARTESIAN_POINT('',(-0.0053937822173509,4.62383468944368E-18,-0.003925));
#3961=CARTESIAN_POINT('',(-0.0053937822173509,-0.00311410161513775,-0.0038625));
#3962=CARTESIAN_POINT('',(-0.00269689110867546,-0.00467115242270663,-0.0038));
#3963=CARTESIAN_POINT('',(-1.67840232680717E-17,-0.00622820323027552,-0.0037375));
#3964=CARTESIAN_POINT('',(0.00269689110867543,-0.00467115242270664,-0.003675));
#3965=CARTESIAN_POINT('',(0.00539378221735089,-0.00311410161513778,-0.0036125));
#3966=CARTESIAN_POINT('',(0.0053937822173509,-5.28438250222135E-18,-0.00355));
#3967=CARTESIAN_POINT('',(0.0053937822173509,0.00311410161513775,-0.0034875));
#3968=CARTESIAN_POINT('',(0.00269689110867546,0.00467115242270663,-0.003425));
#3969=CARTESIAN_POINT('',(1.75467581831113E-17,0.00622820323027552,-0.0033625));
#3970=CARTESIAN_POINT('',(-0.00269689110867543,0.00467115242270665,-0.0033));
#3971=CARTESIAN_POINT('',(-0.00539378221735089,0.00311410161513778,-0.0032375));
#3972=CARTESIAN_POINT('',(-0.0053937822173509,2.51074941790524E-17,-0.003175));
#3973=CARTESIAN_POINT('',(-0.0053937822173509,-0.00311410161513775,-0.0031125));
#3974=CARTESIAN_POINT('',(-0.00269689110867546,-0.00467115242270663,-0.00305));
#3975=CARTESIAN_POINT('',(-1.83094930981509E-17,-0.00622820323027552,-0.0029875));
#3976=CARTESIAN_POINT('',(0.00269689110867543,-0.00467115242270665,-0.002925));
#3977=CARTESIAN_POINT('',(0.00539378221735089,-0.00311410161513778,-0.0028625));
#3978=CARTESIAN_POINT('',(0.0053937822173509,-2.57680419918301E-17,-0.0028));
#3979=CARTESIAN_POINT('',(0.0053937822173509,0.00311410161513775,-0.0027375));
#3980=CARTESIAN_POINT('',(0.00269689110867546,0.00467115242270663,-0.002675));
#3981=CARTESIAN_POINT('',(4.11992508237398E-17,0.00622820323027552,-0.0026125));
#3982=CARTESIAN_POINT('',(-0.00269689110867543,0.00467115242270665,-0.00255));
#3983=CARTESIAN_POINT('',(-0.00539378221735089,0.00311410161513776,-0.0024875));
#3984=CARTESIAN_POINT('',(-0.0053937822173509,2.64285898046078E-17,-0.002425));
#3985=CARTESIAN_POINT('',(-0.0053937822173509,-0.00311410161513775,-0.0023625));
#3986=CARTESIAN_POINT('',(-0.00269689110867548,-0.00467115242270662,-0.0023));
#3987=CARTESIAN_POINT('',(-1.98349629282302E-17,-0.00622820323027552,-0.0022375));
#3988=CARTESIAN_POINT('',(0.00269689110867541,-0.00467115242270666,-0.002175));
#3989=CARTESIAN_POINT('',(0.00539378221735089,-0.00311410161513778,-0.0021125));
#3990=CARTESIAN_POINT('',(0.0053937822173509,-7.92657375333203E-18,-0.00205));
#3991=CARTESIAN_POINT('',(0.00539378221735091,0.00311410161513773,-0.0019875));
#3992=CARTESIAN_POINT('',(0.00269689110867546,0.00467115242270663,-0.001925));
#3993=CARTESIAN_POINT('',(4.2724720653819E-17,0.00622820323027552,-0.0018625));
#3994=CARTESIAN_POINT('',(-0.00269689110867543,0.00467115242270665,-0.0018));
#3995=CARTESIAN_POINT('',(-0.00539378221735089,0.00311410161513776,-0.0017375));
#3996=CARTESIAN_POINT('',(-0.0053937822173509,2.77496854301631E-17,-0.001675));
#3997=CARTESIAN_POINT('',(-0.0053937822173509,-0.00311410161513775,-0.0016125));
#3998=CARTESIAN_POINT('',(-0.00269689110867548,-0.00467115242270662,-0.00155));
#3999=CARTESIAN_POINT('',(-2.13604327583094E-17,-0.00622820323027552,-0.0014875));
#4000=CARTESIAN_POINT('',(0.00269689110867541,-0.00467115242270666,-0.001425));
#4001=CARTESIAN_POINT('',(0.00539378221735088,-0.00311410161513778,-0.0013625));
#4002=CARTESIAN_POINT('',(0.0053937822173509,-9.24766937888737E-18,-0.0013));
#4003=CARTESIAN_POINT('',(0.00539378221735091,0.00311410161513772,-0.0012375));
#4004=CARTESIAN_POINT('',(0.00269689110867546,0.00467115242270663,-0.001175));
#4005=CARTESIAN_POINT('',(4.42501904838983E-17,0.00622820323027552,-0.0011125));
#4006=CARTESIAN_POINT('',(-0.00269689110867543,0.00467115242270665,-0.00105));
#4007=CARTESIAN_POINT('',(-0.00539378221735087,0.0031141016151378,-0.000987500000000002));
#4008=CARTESIAN_POINT('',(-0.0053937822173509,2.90707810557184E-17,-0.000925));
#4009=CARTESIAN_POINT('',(-0.0053937822173509,-0.00311410161513775,-0.000862500000000002));
#4010=CARTESIAN_POINT('',(-0.00269689110867548,-0.00467115242270662,-0.0008));
#4011=CARTESIAN_POINT('',(-2.28859025883886E-17,-0.00622820323027552,-0.000737500000000002));
#4012=CARTESIAN_POINT('',(0.00269689110867541,-0.00467115242270666,-0.000675));
#4013=CARTESIAN_POINT('',(0.00539378221735088,-0.00311410161513778,-0.000612500000000001));
#4014=CARTESIAN_POINT('',(0.0053937822173509,-1.05687650044427E-17,-0.00055));
#4015=CARTESIAN_POINT('',(0.00539378221735091,0.00311410161513772,-0.000487500000000001));
#4016=CARTESIAN_POINT('',(0.00269689110867546,0.00467115242270663,-0.000425));
#4017=CARTESIAN_POINT('',(4.57756603139775E-17,0.00622820323027552,-0.000362500000000001));
#4018=CARTESIAN_POINT('',(-0.00269689110867543,0.00467115242270665,-0.0003));
#4019=CARTESIAN_POINT('',(-0.00539378221735087,0.0031141016151378,-0.000237500000000001));
#4020=CARTESIAN_POINT('',(-0.0053937822173509,3.03918766812738E-17,-0.000175));
#4021=CARTESIAN_POINT('',(-0.0053937822173509,-0.00311410161513774,-0.000112500000000001));
#4022=CARTESIAN_POINT('',(-0.00269689110867548,-0.00467115242270662,-5.00000000000006E-5));
#4023=CARTESIAN_POINT('',(-2.44113724184679E-17,-0.00622820323027552,1.24999999999986E-5));
#4024=CARTESIAN_POINT('',(0.00269689110867541,-0.00467115242270666,7.49999999999987E-5));
#4025=CARTESIAN_POINT('',(0.00539378221735088,-0.00311410161513779,0.000137499999999999));
#4026=CARTESIAN_POINT('',(0.0053937822173509,-5.02149883581049E-17,0.0002));
#4027=CARTESIAN_POINT('',(0.00539378221735091,0.00311410161513772,0.000262499999999999));
#4028=CARTESIAN_POINT('',(0.00269689110867546,0.00467115242270663,0.000325));
#4029=CARTESIAN_POINT('',(4.73011301440568E-17,0.00622820323027552,0.000387499999999999));
#4030=CARTESIAN_POINT('',(-0.00269689110867542,0.00467115242270665,0.00045));
#4031=CARTESIAN_POINT('',(-0.00539378221735087,0.0031141016151378,0.000512499999999999));
#4032=CARTESIAN_POINT('',(-0.0053937822173509,3.17129723068291E-17,0.000575));
#4033=CARTESIAN_POINT('',(-0.00539378221735092,-0.0031141016151377,0.000637499999999999));
#4034=CARTESIAN_POINT('',(-0.00269689110867548,-0.00467115242270662,0.0007));
#4035=CARTESIAN_POINT('',(-2.5936842248547E-17,-0.00622820323027552,0.000762499999999999));
#4036=CARTESIAN_POINT('',(0.00269689110867541,-0.00467115242270666,0.000825));
#4037=CARTESIAN_POINT('',(0.00539378221735088,-0.00311410161513779,0.000887499999999999));
#4038=CARTESIAN_POINT('',(0.0053937822173509,-5.15360839836602E-17,0.00095));
#4039=CARTESIAN_POINT('',(0.0053937822173509,0.,-0.00655));
#4040=CARTESIAN_POINT('',(0.00569689110867545,0.,-0.006725));
#4041=CARTESIAN_POINT('',(0.00546204744526161,0.00210519381428129,-0.00694135308543268));
#4042=CARTESIAN_POINT('',(0.00471816663193345,0.00403523572702808,-0.00689771816765847));
#4043=CARTESIAN_POINT('',(0.00292684998291581,0.00506945287654228,-0.00685946636410957));
#4044=CARTESIAN_POINT('',(4.13885949245723E-19,0.00675927050205637,-0.00679696636410957));
#4045=CARTESIAN_POINT('',(-0.00292684998291581,0.00506945287654228,-0.00673446636410957));
#4046=CARTESIAN_POINT('',(-0.00585369996583161,0.00337963525102819,-0.00667196636410956));
#4047=CARTESIAN_POINT('',(-0.00585369996583162,7.16871492632466E-19,-0.00660946636410957));
#4048=CARTESIAN_POINT('',(-0.00585369996583161,-0.00337963525102819,-0.00654696636410956));
#4049=CARTESIAN_POINT('',(-0.00292684998291581,-0.00506945287654228,-0.00648446636410957));
#4050=CARTESIAN_POINT('',(-1.24165784773717E-18,-0.00675927050205637,-0.00642196636410957));
#4051=CARTESIAN_POINT('',(0.00292684998291581,-0.00506945287654229,-0.00635946636410957));
#4052=CARTESIAN_POINT('',(0.00585369996583161,-0.00337963525102819,-0.00629696636410956));
#4053=CARTESIAN_POINT('',(0.00585369996583162,0.,-0.00623446636410957));
#4054=CARTESIAN_POINT('',(0.00585369996583161,0.00337963525102819,-0.00617196636410957));
#4055=CARTESIAN_POINT('',(0.00292684998291581,0.00506945287654228,-0.00610946636410957));
#4056=CARTESIAN_POINT('',(4.13885949245723E-19,0.00675927050205637,-0.00604696636410956));
#4057=CARTESIAN_POINT('',(-0.00292684998291581,0.00506945287654228,-0.00598446636410957));
#4058=CARTESIAN_POINT('',(-0.00585369996583161,0.00337963525102819,-0.00592196636410957));
#4059=CARTESIAN_POINT('',(-0.00585369996583162,7.16871492632466E-19,-0.00585946636410957));
#4060=CARTESIAN_POINT('',(-0.00585369996583161,-0.00337963525102819,-0.00579696636410957));
#4061=CARTESIAN_POINT('',(-0.00292684998291581,-0.00506945287654228,-0.00573446636410957));
#4062=CARTESIAN_POINT('',(-1.24165784773717E-18,-0.00675927050205637,-0.00567196636410957));
#4063=CARTESIAN_POINT('',(0.00292684998291581,-0.00506945287654229,-0.00560946636410957));
#4064=CARTESIAN_POINT('',(0.00585369996583161,-0.00337963525102819,-0.00554696636410957));
#4065=CARTESIAN_POINT('',(0.00585369996583162,0.,-0.00548446636410957));
#4066=CARTESIAN_POINT('',(0.00585369996583161,0.00337963525102819,-0.00542196636410957));
#4067=CARTESIAN_POINT('',(0.00292684998291581,0.00506945287654228,-0.00535946636410957));
#4068=CARTESIAN_POINT('',(4.13885949245723E-19,0.00675927050205637,-0.00529696636410956));
#4069=CARTESIAN_POINT('',(-0.00292684998291581,0.00506945287654228,-0.00523446636410957));
#4070=CARTESIAN_POINT('',(-0.00585369996583161,0.00337963525102819,-0.00517196636410956));
#4071=CARTESIAN_POINT('',(-0.00585369996583162,7.16871492632466E-19,-0.00510946636410957));
#4072=CARTESIAN_POINT('',(-0.00585369996583161,-0.00337963525102819,-0.00504696636410956));
#4073=CARTESIAN_POINT('',(-0.00292684998291581,-0.00506945287654228,-0.00498446636410957));
#4074=CARTESIAN_POINT('',(-1.24165784773717E-18,-0.00675927050205637,-0.00492196636410956));
#4075=CARTESIAN_POINT('',(0.00292684998291581,-0.00506945287654229,-0.00485946636410957));
#4076=CARTESIAN_POINT('',(0.00585369996583161,-0.00337963525102819,-0.00479696636410956));
#4077=CARTESIAN_POINT('',(0.00585369996583162,0.,-0.00473446636410957));
#4078=CARTESIAN_POINT('',(0.00585369996583161,0.00337963525102819,-0.00467196636410956));
#4079=CARTESIAN_POINT('',(0.00292684998291581,0.00506945287654228,-0.00460946636410957));
#4080=CARTESIAN_POINT('',(4.13885949245723E-19,0.00675927050205637,-0.00454696636410956));
#4081=CARTESIAN_POINT('',(-0.00292684998291581,0.00506945287654228,-0.00448446636410957));
#4082=CARTESIAN_POINT('',(-0.00585369996583161,0.00337963525102819,-0.00442196636410956));
#4083=CARTESIAN_POINT('',(-0.00585369996583162,7.16871492632466E-19,-0.00435946636410957));
#4084=CARTESIAN_POINT('',(-0.00585369996583161,-0.00337963525102819,-0.00429696636410956));
#4085=CARTESIAN_POINT('',(-0.00292684998291581,-0.00506945287654228,-0.00423446636410957));
#4086=CARTESIAN_POINT('',(-1.24165784773717E-18,-0.00675927050205637,-0.00417196636410956));
#4087=CARTESIAN_POINT('',(0.00292684998291581,-0.00506945287654229,-0.00410946636410957));
#4088=CARTESIAN_POINT('',(0.00585369996583161,-0.00337963525102819,-0.00404696636410956));
#4089=CARTESIAN_POINT('',(0.00585369996583162,0.,-0.00398446636410957));
#4090=CARTESIAN_POINT('',(0.00585369996583161,0.00337963525102819,-0.00392196636410956));
#4091=CARTESIAN_POINT('',(0.00292684998291581,0.00506945287654228,-0.00385946636410957));
#4092=CARTESIAN_POINT('',(4.13885949245723E-19,0.00675927050205637,-0.00379696636410956));
#4093=CARTESIAN_POINT('',(-0.00292684998291581,0.00506945287654228,-0.00373446636410957));
#4094=CARTESIAN_POINT('',(-0.00585369996583161,0.00337963525102819,-0.00367196636410957));
#4095=CARTESIAN_POINT('',(-0.00585369996583162,7.16871492632466E-19,-0.00360946636410957));
#4096=CARTESIAN_POINT('',(-0.00585369996583161,-0.00337963525102819,-0.00354696636410957));
#4097=CARTESIAN_POINT('',(-0.00292684998291581,-0.00506945287654228,-0.00348446636410957));
#4098=CARTESIAN_POINT('',(-1.24165784773717E-18,-0.00675927050205637,-0.00342196636410957));
#4099=CARTESIAN_POINT('',(0.00292684998291581,-0.00506945287654229,-0.00335946636410957));
#4100=CARTESIAN_POINT('',(0.00585369996583161,-0.00337963525102819,-0.00329696636410957));
#4101=CARTESIAN_POINT('',(0.00585369996583162,0.,-0.00323446636410957));
#4102=CARTESIAN_POINT('',(0.00585369996583161,0.00337963525102819,-0.00317196636410957));
#4103=CARTESIAN_POINT('',(0.00292684998291581,0.00506945287654228,-0.00310946636410957));
#4104=CARTESIAN_POINT('',(4.13885949245723E-19,0.00675927050205637,-0.00304696636410957));
#4105=CARTESIAN_POINT('',(-0.00292684998291581,0.00506945287654228,-0.00298446636410957));
#4106=CARTESIAN_POINT('',(-0.00585369996583161,0.00337963525102819,-0.00292196636410957));
#4107=CARTESIAN_POINT('',(-0.00585369996583162,7.16871492632466E-19,-0.00285946636410957));
#4108=CARTESIAN_POINT('',(-0.00585369996583161,-0.00337963525102819,-0.00279696636410957));
#4109=CARTESIAN_POINT('',(-0.00292684998291581,-0.00506945287654228,-0.00273446636410957));
#4110=CARTESIAN_POINT('',(-1.24165784773717E-18,-0.00675927050205637,-0.00267196636410957));
#4111=CARTESIAN_POINT('',(0.00292684998291581,-0.00506945287654229,-0.00260946636410957));
#4112=CARTESIAN_POINT('',(0.00585369996583161,-0.00337963525102819,-0.00254696636410957));
#4113=CARTESIAN_POINT('',(0.00585369996583162,0.,-0.00248446636410957));
#4114=CARTESIAN_POINT('',(0.00585369996583161,0.00337963525102819,-0.00242196636410957));
#4115=CARTESIAN_POINT('',(0.00292684998291581,0.00506945287654228,-0.00235946636410957));
#4116=CARTESIAN_POINT('',(4.13885949245723E-19,0.00675927050205637,-0.00229696636410957));
#4117=CARTESIAN_POINT('',(-0.00292684998291581,0.00506945287654228,-0.00223446636410957));
#4118=CARTESIAN_POINT('',(-0.00585369996583161,0.00337963525102819,-0.00217196636410957));
#4119=CARTESIAN_POINT('',(-0.00585369996583162,7.16871492632466E-19,-0.00210946636410957));
#4120=CARTESIAN_POINT('',(-0.00585369996583161,-0.00337963525102819,-0.00204696636410957));
#4121=CARTESIAN_POINT('',(-0.00292684998291581,-0.00506945287654228,-0.00198446636410957));
#4122=CARTESIAN_POINT('',(-1.24165784773717E-18,-0.00675927050205637,-0.00192196636410957));
#4123=CARTESIAN_POINT('',(0.00292684998291581,-0.00506945287654229,-0.00185946636410957));
#4124=CARTESIAN_POINT('',(0.00585369996583161,-0.00337963525102819,-0.00179696636410957));
#4125=CARTESIAN_POINT('',(0.00585369996583162,0.,-0.00173446636410957));
#4126=CARTESIAN_POINT('',(0.00585369996583161,0.00337963525102819,-0.00167196636410957));
#4127=CARTESIAN_POINT('',(0.00292684998291581,0.00506945287654228,-0.00160946636410957));
#4128=CARTESIAN_POINT('',(4.13885949245723E-19,0.00675927050205637,-0.00154696636410957));
#4129=CARTESIAN_POINT('',(-0.00292684998291581,0.00506945287654228,-0.00148446636410957));
#4130=CARTESIAN_POINT('',(-0.00585369996583161,0.00337963525102819,-0.00142196636410957));
#4131=CARTESIAN_POINT('',(-0.00585369996583162,7.16871492632466E-19,-0.00135946636410957));
#4132=CARTESIAN_POINT('',(-0.00585369996583161,-0.00337963525102819,-0.00129696636410957));
#4133=CARTESIAN_POINT('',(-0.00292684998291581,-0.00506945287654228,-0.00123446636410957));
#4134=CARTESIAN_POINT('',(-1.24165784773717E-18,-0.00675927050205637,-0.00117196636410957));
#4135=CARTESIAN_POINT('',(0.00292684998291581,-0.00506945287654229,-0.00110946636410957));
#4136=CARTESIAN_POINT('',(0.00585369996583161,-0.00337963525102819,-0.00104696636410957));
#4137=CARTESIAN_POINT('',(0.00585369996583162,0.,-0.000984466364109568));
#4138=CARTESIAN_POINT('',(0.00585369996583161,0.00337963525102819,-0.000921966364109567));
#4139=CARTESIAN_POINT('',(0.00292684998291581,0.00506945287654228,-0.000859466364109568));
#4140=CARTESIAN_POINT('',(4.13885949245723E-19,0.00675927050205637,-0.000796966364109566));
#4141=CARTESIAN_POINT('',(-0.00292684998291581,0.00506945287654228,-0.000734466364109568));
#4142=CARTESIAN_POINT('',(-0.00585369996583161,0.00337963525102819,-0.000671966364109566));
#4143=CARTESIAN_POINT('',(-0.00585369996583162,7.16871492632466E-19,-0.000609466364109568));
#4144=CARTESIAN_POINT('',(-0.00585369996583161,-0.00337963525102819,-0.000546966364109566));
#4145=CARTESIAN_POINT('',(-0.00292684998291581,-0.00506945287654228,-0.000484466364109568));
#4146=CARTESIAN_POINT('',(-1.24165784773717E-18,-0.00675927050205637,-0.000421966364109566));
#4147=CARTESIAN_POINT('',(0.00292684998291581,-0.00506945287654229,-0.000359466364109568));
#4148=CARTESIAN_POINT('',(0.00585369996583161,-0.00337963525102819,-0.000296966364109566));
#4149=CARTESIAN_POINT('',(0.00585369996583162,0.,-0.000234466364109567));
#4150=CARTESIAN_POINT('',(0.00585369996583161,0.00337963525102819,-0.000171966364109566));
#4151=CARTESIAN_POINT('',(0.00292684998291581,0.00506945287654228,-0.000109466364109567));
#4152=CARTESIAN_POINT('',(0.00239402016544123,0.00537708231509349,-9.80883079103949E-5));
#4153=CARTESIAN_POINT('',(0.00180887354462248,0.00556720574341761,-8.55930778799378E-5));
#4154=CARTESIAN_POINT('',(0.00503290133634198,0.00193979141838958,-0.00720688672132311));
#4155=CARTESIAN_POINT('',(0.00434746629078479,0.00371819239699809,-0.0071632518035489));
#4156=CARTESIAN_POINT('',(0.00269689110867545,0.00467115242270664,-0.007125));
#4157=CARTESIAN_POINT('',(3.81367457519806E-19,0.00622820323027552,-0.0070625));
#4158=CARTESIAN_POINT('',(-0.00269689110867544,0.00467115242270664,-0.007));
#4159=CARTESIAN_POINT('',(-0.0053937822173509,0.00311410161513776,-0.00693749999999999));
#4160=CARTESIAN_POINT('',(-0.0053937822173509,6.60547812777669E-19,-0.006875));
#4161=CARTESIAN_POINT('',(-0.0053937822173509,-0.00311410161513775,-0.0068125));
#4162=CARTESIAN_POINT('',(-0.00269689110867545,-0.00467115242270663,-0.00675));
#4163=CARTESIAN_POINT('',(-1.14410237255942E-18,-0.00622820323027552,-0.00668749999999999));
#4164=CARTESIAN_POINT('',(0.00269689110867544,-0.00467115242270664,-0.006625));
#4165=CARTESIAN_POINT('',(0.00539378221735089,-0.00311410161513776,-0.0065625));
#4166=CARTESIAN_POINT('',(0.0053937822173509,0.,-0.0065));
#4167=CARTESIAN_POINT('',(0.0053937822173509,0.00311410161513776,-0.00643749999999999));
#4168=CARTESIAN_POINT('',(0.00269689110867545,0.00467115242270664,-0.006375));
#4169=CARTESIAN_POINT('',(3.81367457519806E-19,0.00622820323027552,-0.0063125));
#4170=CARTESIAN_POINT('',(-0.00269689110867544,0.00467115242270664,-0.00625));
#4171=CARTESIAN_POINT('',(-0.0053937822173509,0.00311410161513776,-0.00618749999999999));
#4172=CARTESIAN_POINT('',(-0.0053937822173509,6.60547812777669E-19,-0.006125));
#4173=CARTESIAN_POINT('',(-0.0053937822173509,-0.00311410161513775,-0.0060625));
#4174=CARTESIAN_POINT('',(-0.00269689110867545,-0.00467115242270663,-0.006));
#4175=CARTESIAN_POINT('',(-1.14410237255942E-18,-0.00622820323027552,-0.00593749999999999));
#4176=CARTESIAN_POINT('',(0.00269689110867544,-0.00467115242270664,-0.005875));
#4177=CARTESIAN_POINT('',(0.00539378221735089,-0.00311410161513776,-0.0058125));
#4178=CARTESIAN_POINT('',(0.0053937822173509,0.,-0.00575));
#4179=CARTESIAN_POINT('',(0.0053937822173509,0.00311410161513776,-0.00568749999999999));
#4180=CARTESIAN_POINT('',(0.00269689110867545,0.00467115242270664,-0.005625));
#4181=CARTESIAN_POINT('',(3.81367457519806E-19,0.00622820323027552,-0.0055625));
#4182=CARTESIAN_POINT('',(-0.00269689110867544,0.00467115242270664,-0.0055));
#4183=CARTESIAN_POINT('',(-0.0053937822173509,0.00311410161513776,-0.00543749999999999));
#4184=CARTESIAN_POINT('',(-0.0053937822173509,6.60547812777669E-19,-0.005375));
#4185=CARTESIAN_POINT('',(-0.0053937822173509,-0.00311410161513775,-0.0053125));
#4186=CARTESIAN_POINT('',(-0.00269689110867545,-0.00467115242270663,-0.00525));
#4187=CARTESIAN_POINT('',(-1.14410237255942E-18,-0.00622820323027552,-0.0051875));
#4188=CARTESIAN_POINT('',(0.00269689110867544,-0.00467115242270664,-0.005125));
#4189=CARTESIAN_POINT('',(0.00539378221735089,-0.00311410161513776,-0.0050625));
#4190=CARTESIAN_POINT('',(0.0053937822173509,0.,-0.005));
#4191=CARTESIAN_POINT('',(0.0053937822173509,0.00311410161513776,-0.0049375));
#4192=CARTESIAN_POINT('',(0.00269689110867545,0.00467115242270664,-0.004875));
#4193=CARTESIAN_POINT('',(3.81367457519806E-19,0.00622820323027552,-0.0048125));
#4194=CARTESIAN_POINT('',(-0.00269689110867544,0.00467115242270664,-0.00475));
#4195=CARTESIAN_POINT('',(-0.0053937822173509,0.00311410161513776,-0.0046875));
#4196=CARTESIAN_POINT('',(-0.0053937822173509,6.60547812777669E-19,-0.004625));
#4197=CARTESIAN_POINT('',(-0.0053937822173509,-0.00311410161513775,-0.0045625));
#4198=CARTESIAN_POINT('',(-0.00269689110867545,-0.00467115242270663,-0.0045));
#4199=CARTESIAN_POINT('',(-1.14410237255942E-18,-0.00622820323027552,-0.0044375));
#4200=CARTESIAN_POINT('',(0.00269689110867544,-0.00467115242270664,-0.004375));
#4201=CARTESIAN_POINT('',(0.00539378221735089,-0.00311410161513776,-0.0043125));
#4202=CARTESIAN_POINT('',(0.0053937822173509,0.,-0.00425));
#4203=CARTESIAN_POINT('',(0.0053937822173509,0.00311410161513776,-0.0041875));
#4204=CARTESIAN_POINT('',(0.00269689110867545,0.00467115242270664,-0.004125));
#4205=CARTESIAN_POINT('',(3.81367457519806E-19,0.00622820323027552,-0.0040625));
#4206=CARTESIAN_POINT('',(-0.00269689110867544,0.00467115242270664,-0.004));
#4207=CARTESIAN_POINT('',(-0.0053937822173509,0.00311410161513776,-0.0039375));
#4208=CARTESIAN_POINT('',(-0.0053937822173509,6.60547812777669E-19,-0.003875));
#4209=CARTESIAN_POINT('',(-0.0053937822173509,-0.00311410161513775,-0.0038125));
#4210=CARTESIAN_POINT('',(-0.00269689110867545,-0.00467115242270663,-0.00375));
#4211=CARTESIAN_POINT('',(-1.14410237255942E-18,-0.00622820323027552,-0.0036875));
#4212=CARTESIAN_POINT('',(0.00269689110867544,-0.00467115242270664,-0.003625));
#4213=CARTESIAN_POINT('',(0.00539378221735089,-0.00311410161513776,-0.0035625));
#4214=CARTESIAN_POINT('',(0.0053937822173509,0.,-0.0035));
#4215=CARTESIAN_POINT('',(0.0053937822173509,0.00311410161513776,-0.0034375));
#4216=CARTESIAN_POINT('',(0.00269689110867545,0.00467115242270664,-0.003375));
#4217=CARTESIAN_POINT('',(3.81367457519806E-19,0.00622820323027552,-0.0033125));
#4218=CARTESIAN_POINT('',(-0.00269689110867544,0.00467115242270664,-0.00325));
#4219=CARTESIAN_POINT('',(-0.0053937822173509,0.00311410161513776,-0.0031875));
#4220=CARTESIAN_POINT('',(-0.0053937822173509,6.60547812777669E-19,-0.003125));
#4221=CARTESIAN_POINT('',(-0.0053937822173509,-0.00311410161513775,-0.0030625));
#4222=CARTESIAN_POINT('',(-0.00269689110867545,-0.00467115242270663,-0.003));
#4223=CARTESIAN_POINT('',(-1.14410237255942E-18,-0.00622820323027552,-0.00293749999999999));
#4224=CARTESIAN_POINT('',(0.00269689110867544,-0.00467115242270664,-0.002875));
#4225=CARTESIAN_POINT('',(0.00539378221735089,-0.00311410161513776,-0.0028125));
#4226=CARTESIAN_POINT('',(0.0053937822173509,0.,-0.00275));
#4227=CARTESIAN_POINT('',(0.0053937822173509,0.00311410161513776,-0.0026875));
#4228=CARTESIAN_POINT('',(0.00269689110867545,0.00467115242270664,-0.002625));
#4229=CARTESIAN_POINT('',(3.81367457519806E-19,0.00622820323027552,-0.0025625));
#4230=CARTESIAN_POINT('',(-0.00269689110867544,0.00467115242270664,-0.0025));
#4231=CARTESIAN_POINT('',(-0.0053937822173509,0.00311410161513776,-0.0024375));
#4232=CARTESIAN_POINT('',(-0.0053937822173509,6.60547812777669E-19,-0.002375));
#4233=CARTESIAN_POINT('',(-0.0053937822173509,-0.00311410161513775,-0.0023125));
#4234=CARTESIAN_POINT('',(-0.00269689110867545,-0.00467115242270663,-0.00225));
#4235=CARTESIAN_POINT('',(-1.14410237255942E-18,-0.00622820323027552,-0.0021875));
#4236=CARTESIAN_POINT('',(0.00269689110867544,-0.00467115242270664,-0.002125));
#4237=CARTESIAN_POINT('',(0.00539378221735089,-0.00311410161513776,-0.0020625));
#4238=CARTESIAN_POINT('',(0.0053937822173509,0.,-0.002));
#4239=CARTESIAN_POINT('',(0.0053937822173509,0.00311410161513776,-0.0019375));
#4240=CARTESIAN_POINT('',(0.00269689110867545,0.00467115242270664,-0.001875));
#4241=CARTESIAN_POINT('',(3.81367457519806E-19,0.00622820323027552,-0.0018125));
#4242=CARTESIAN_POINT('',(-0.00269689110867544,0.00467115242270664,-0.00175));
#4243=CARTESIAN_POINT('',(-0.0053937822173509,0.00311410161513776,-0.0016875));
#4244=CARTESIAN_POINT('',(-0.0053937822173509,6.60547812777669E-19,-0.001625));
#4245=CARTESIAN_POINT('',(-0.0053937822173509,-0.00311410161513775,-0.0015625));
#4246=CARTESIAN_POINT('',(-0.00269689110867545,-0.00467115242270663,-0.0015));
#4247=CARTESIAN_POINT('',(-1.14410237255942E-18,-0.00622820323027552,-0.0014375));
#4248=CARTESIAN_POINT('',(0.00269689110867544,-0.00467115242270664,-0.001375));
#4249=CARTESIAN_POINT('',(0.00539378221735089,-0.00311410161513776,-0.0013125));
#4250=CARTESIAN_POINT('',(0.0053937822173509,0.,-0.00125));
#4251=CARTESIAN_POINT('',(0.0053937822173509,0.00311410161513776,-0.0011875));
#4252=CARTESIAN_POINT('',(0.00269689110867545,0.00467115242270664,-0.001125));
#4253=CARTESIAN_POINT('',(3.81367457519806E-19,0.00622820323027552,-0.0010625));
#4254=CARTESIAN_POINT('',(-0.00269689110867544,0.00467115242270664,-0.001));
#4255=CARTESIAN_POINT('',(-0.0053937822173509,0.00311410161513776,-0.000937499999999997));
#4256=CARTESIAN_POINT('',(-0.0053937822173509,6.60547812777669E-19,-0.000875));
#4257=CARTESIAN_POINT('',(-0.0053937822173509,-0.00311410161513775,-0.000812499999999997));
#4258=CARTESIAN_POINT('',(-0.00269689110867545,-0.00467115242270663,-0.00075));
#4259=CARTESIAN_POINT('',(-1.14410237255942E-18,-0.00622820323027552,-0.000687499999999998));
#4260=CARTESIAN_POINT('',(0.00269689110867544,-0.00467115242270664,-0.000625));
#4261=CARTESIAN_POINT('',(0.00539378221735089,-0.00311410161513776,-0.000562499999999998));
#4262=CARTESIAN_POINT('',(0.0053937822173509,0.,-0.0005));
#4263=CARTESIAN_POINT('',(0.0053937822173509,0.00311410161513776,-0.000437499999999998));
#4264=CARTESIAN_POINT('',(0.00269689110867545,0.00467115242270664,-0.000375));
#4265=CARTESIAN_POINT('',(0.00220592505111455,0.00495461180820239,-0.000363621943800828));
#4266=CARTESIAN_POINT('',(0.00166675265479465,0.00512979748098751,-0.00035112671377037));
#4267=CARTESIAN_POINT('',(0.004977155319066,0.00191830567116451,-0.00724137950209413));
#4268=CARTESIAN_POINT('',(0.00429931237026129,0.00367700851443282,-0.00719774458431992));
#4269=CARTESIAN_POINT('',(0.00266701948428057,0.0046194132515501,-0.00715949278077102));
#4270=CARTESIAN_POINT('',(3.77143310163313E-19,0.00615921766873347,-0.00709699278077103));
#4271=CARTESIAN_POINT('',(-0.00266701948428057,0.0046194132515501,-0.00703449278077102));
#4272=CARTESIAN_POINT('',(-0.00533403896856115,0.00307960883436673,-0.00697199278077101));
#4273=CARTESIAN_POINT('',(-0.00533403896856115,6.53231374937566E-19,-0.00690949278077102));
#4274=CARTESIAN_POINT('',(-0.00533403896856115,-0.00307960883436673,-0.00684699278077103));
#4275=CARTESIAN_POINT('',(-0.00266701948428057,-0.00461941325155009,-0.00678449278077102));
#4276=CARTESIAN_POINT('',(-1.13142993048994E-18,-0.00615921766873347,-0.00672199278077101));
#4277=CARTESIAN_POINT('',(0.00266701948428057,-0.0046194132515501,-0.00665949278077102));
#4278=CARTESIAN_POINT('',(0.00533403896856114,-0.00307960883436673,-0.00659699278077103));
#4279=CARTESIAN_POINT('',(0.00533403896856115,0.,-0.00653449278077102));
#4280=CARTESIAN_POINT('',(0.00533403896856115,0.00307960883436673,-0.00647199278077101));
#4281=CARTESIAN_POINT('',(0.00266701948428057,0.0046194132515501,-0.00640949278077102));
#4282=CARTESIAN_POINT('',(3.77143310163313E-19,0.00615921766873347,-0.00634699278077103));
#4283=CARTESIAN_POINT('',(-0.00266701948428057,0.0046194132515501,-0.00628449278077102));
#4284=CARTESIAN_POINT('',(-0.00533403896856115,0.00307960883436673,-0.00622199278077102));
#4285=CARTESIAN_POINT('',(-0.00533403896856115,6.53231374937566E-19,-0.00615949278077102));
#4286=CARTESIAN_POINT('',(-0.00533403896856115,-0.00307960883436673,-0.00609699278077103));
#4287=CARTESIAN_POINT('',(-0.00266701948428057,-0.00461941325155009,-0.00603449278077102));
#4288=CARTESIAN_POINT('',(-1.13142993048994E-18,-0.00615921766873347,-0.00597199278077101));
#4289=CARTESIAN_POINT('',(0.00266701948428057,-0.0046194132515501,-0.00590949278077102));
#4290=CARTESIAN_POINT('',(0.00533403896856114,-0.00307960883436673,-0.00584699278077102));
#4291=CARTESIAN_POINT('',(0.00533403896856115,0.,-0.00578449278077102));
#4292=CARTESIAN_POINT('',(0.00533403896856115,0.00307960883436673,-0.00572199278077102));
#4293=CARTESIAN_POINT('',(0.00266701948428057,0.0046194132515501,-0.00565949278077102));
#4294=CARTESIAN_POINT('',(3.77143310163313E-19,0.00615921766873347,-0.00559699278077103));
#4295=CARTESIAN_POINT('',(-0.00266701948428057,0.0046194132515501,-0.00553449278077102));
#4296=CARTESIAN_POINT('',(-0.00533403896856115,0.00307960883436673,-0.00547199278077101));
#4297=CARTESIAN_POINT('',(-0.00533403896856115,6.53231374937566E-19,-0.00540949278077102));
#4298=CARTESIAN_POINT('',(-0.00533403896856115,-0.00307960883436673,-0.00534699278077102));
#4299=CARTESIAN_POINT('',(-0.00266701948428057,-0.00461941325155009,-0.00528449278077102));
#4300=CARTESIAN_POINT('',(-1.13142993048994E-18,-0.00615921766873347,-0.00522199278077102));
#4301=CARTESIAN_POINT('',(0.00266701948428057,-0.0046194132515501,-0.00515949278077102));
#4302=CARTESIAN_POINT('',(0.00533403896856114,-0.00307960883436673,-0.00509699278077102));
#4303=CARTESIAN_POINT('',(0.00533403896856115,0.,-0.00503449278077102));
#4304=CARTESIAN_POINT('',(0.00533403896856115,0.00307960883436673,-0.00497199278077102));
#4305=CARTESIAN_POINT('',(0.00266701948428057,0.0046194132515501,-0.00490949278077102));
#4306=CARTESIAN_POINT('',(3.77143310163313E-19,0.00615921766873347,-0.00484699278077102));
#4307=CARTESIAN_POINT('',(-0.00266701948428057,0.0046194132515501,-0.00478449278077102));
#4308=CARTESIAN_POINT('',(-0.00533403896856115,0.00307960883436673,-0.00472199278077102));
#4309=CARTESIAN_POINT('',(-0.00533403896856115,6.53231374937566E-19,-0.00465949278077102));
#4310=CARTESIAN_POINT('',(-0.00533403896856115,-0.00307960883436673,-0.00459699278077102));
#4311=CARTESIAN_POINT('',(-0.00266701948428057,-0.00461941325155009,-0.00453449278077102));
#4312=CARTESIAN_POINT('',(-1.13142993048994E-18,-0.00615921766873347,-0.00447199278077102));
#4313=CARTESIAN_POINT('',(0.00266701948428057,-0.0046194132515501,-0.00440949278077102));
#4314=CARTESIAN_POINT('',(0.00533403896856114,-0.00307960883436673,-0.00434699278077102));
#4315=CARTESIAN_POINT('',(0.00533403896856115,0.,-0.00428449278077103));
#4316=CARTESIAN_POINT('',(0.00533403896856115,0.00307960883436673,-0.00422199278077102));
#4317=CARTESIAN_POINT('',(0.00266701948428057,0.0046194132515501,-0.00415949278077102));
#4318=CARTESIAN_POINT('',(3.77143310163313E-19,0.00615921766873347,-0.00409699278077102));
#4319=CARTESIAN_POINT('',(-0.00266701948428057,0.0046194132515501,-0.00403449278077102));
#4320=CARTESIAN_POINT('',(-0.00533403896856115,0.00307960883436673,-0.00397199278077102));
#4321=CARTESIAN_POINT('',(-0.00533403896856115,6.53231374937566E-19,-0.00390949278077102));
#4322=CARTESIAN_POINT('',(-0.00533403896856115,-0.00307960883436673,-0.00384699278077102));
#4323=CARTESIAN_POINT('',(-0.00266701948428057,-0.00461941325155009,-0.00378449278077103));
#4324=CARTESIAN_POINT('',(-1.13142993048994E-18,-0.00615921766873347,-0.00372199278077102));
#4325=CARTESIAN_POINT('',(0.00266701948428057,-0.0046194132515501,-0.00365949278077102));
#4326=CARTESIAN_POINT('',(0.00533403896856114,-0.00307960883436673,-0.00359699278077102));
#4327=CARTESIAN_POINT('',(0.00533403896856115,0.,-0.00353449278077103));
#4328=CARTESIAN_POINT('',(0.00533403896856115,0.00307960883436673,-0.00347199278077102));
#4329=CARTESIAN_POINT('',(0.00266701948428057,0.0046194132515501,-0.00340949278077103));
#4330=CARTESIAN_POINT('',(3.77143310163313E-19,0.00615921766873347,-0.00334699278077102));
#4331=CARTESIAN_POINT('',(-0.00266701948428057,0.0046194132515501,-0.00328449278077103));
#4332=CARTESIAN_POINT('',(-0.00533403896856115,0.00307960883436673,-0.00322199278077102));
#4333=CARTESIAN_POINT('',(-0.00533403896856115,6.53231374937566E-19,-0.00315949278077103));
#4334=CARTESIAN_POINT('',(-0.00533403896856115,-0.00307960883436673,-0.00309699278077102));
#4335=CARTESIAN_POINT('',(-0.00266701948428057,-0.00461941325155009,-0.00303449278077103));
#4336=CARTESIAN_POINT('',(-1.13142993048994E-18,-0.00615921766873347,-0.00297199278077102));
#4337=CARTESIAN_POINT('',(0.00266701948428057,-0.0046194132515501,-0.00290949278077103));
#4338=CARTESIAN_POINT('',(0.00533403896856114,-0.00307960883436673,-0.00284699278077102));
#4339=CARTESIAN_POINT('',(0.00533403896856115,0.,-0.00278449278077103));
#4340=CARTESIAN_POINT('',(0.00533403896856115,0.00307960883436673,-0.00272199278077103));
#4341=CARTESIAN_POINT('',(0.00266701948428057,0.0046194132515501,-0.00265949278077103));
#4342=CARTESIAN_POINT('',(3.77143310163313E-19,0.00615921766873347,-0.00259699278077102));
#4343=CARTESIAN_POINT('',(-0.00266701948428057,0.0046194132515501,-0.00253449278077103));
#4344=CARTESIAN_POINT('',(-0.00533403896856115,0.00307960883436673,-0.00247199278077102));
#4345=CARTESIAN_POINT('',(-0.00533403896856115,6.53231374937566E-19,-0.00240949278077103));
#4346=CARTESIAN_POINT('',(-0.00533403896856115,-0.00307960883436673,-0.00234699278077103));
#4347=CARTESIAN_POINT('',(-0.00266701948428057,-0.00461941325155009,-0.00228449278077103));
#4348=CARTESIAN_POINT('',(-1.13142993048994E-18,-0.00615921766873347,-0.00222199278077102));
#4349=CARTESIAN_POINT('',(0.00266701948428057,-0.0046194132515501,-0.00215949278077103));
#4350=CARTESIAN_POINT('',(0.00533403896856114,-0.00307960883436673,-0.00209699278077102));
#4351=CARTESIAN_POINT('',(0.00533403896856115,0.,-0.00203449278077103));
#4352=CARTESIAN_POINT('',(0.00533403896856115,0.00307960883436673,-0.00197199278077102));
#4353=CARTESIAN_POINT('',(0.00266701948428057,0.0046194132515501,-0.00190949278077102));
#4354=CARTESIAN_POINT('',(3.77143310163313E-19,0.00615921766873347,-0.00184699278077102));
#4355=CARTESIAN_POINT('',(-0.00266701948428057,0.0046194132515501,-0.00178449278077103));
#4356=CARTESIAN_POINT('',(-0.00533403896856115,0.00307960883436673,-0.00172199278077102));
#4357=CARTESIAN_POINT('',(-0.00533403896856115,6.53231374937566E-19,-0.00165949278077102));
#4358=CARTESIAN_POINT('',(-0.00533403896856115,-0.00307960883436673,-0.00159699278077102));
#4359=CARTESIAN_POINT('',(-0.00266701948428057,-0.00461941325155009,-0.00153449278077103));
#4360=CARTESIAN_POINT('',(-1.13142993048994E-18,-0.00615921766873347,-0.00147199278077102));
#4361=CARTESIAN_POINT('',(0.00266701948428057,-0.0046194132515501,-0.00140949278077102));
#4362=CARTESIAN_POINT('',(0.00533403896856114,-0.00307960883436673,-0.00134699278077102));
#4363=CARTESIAN_POINT('',(0.00533403896856115,0.,-0.00128449278077102));
#4364=CARTESIAN_POINT('',(0.00533403896856115,0.00307960883436673,-0.00122199278077102));
#4365=CARTESIAN_POINT('',(0.00266701948428057,0.0046194132515501,-0.00115949278077102));
#4366=CARTESIAN_POINT('',(3.77143310163313E-19,0.00615921766873347,-0.00109699278077102));
#4367=CARTESIAN_POINT('',(-0.00266701948428057,0.0046194132515501,-0.00103449278077102));
#4368=CARTESIAN_POINT('',(-0.00533403896856115,0.00307960883436673,-0.000971992780771021));
#4369=CARTESIAN_POINT('',(-0.00533403896856115,6.53231374937566E-19,-0.000909492780771024));
#4370=CARTESIAN_POINT('',(-0.00533403896856115,-0.00307960883436673,-0.000846992780771021));
#4371=CARTESIAN_POINT('',(-0.00266701948428057,-0.00461941325155009,-0.000784492780771024));
#4372=CARTESIAN_POINT('',(-1.13142993048994E-18,-0.00615921766873347,-0.000721992780771022));
#4373=CARTESIAN_POINT('',(0.00266701948428057,-0.0046194132515501,-0.000659492780771024));
#4374=CARTESIAN_POINT('',(0.00533403896856114,-0.00307960883436673,-0.000596992780771022));
#4375=CARTESIAN_POINT('',(0.00533403896856115,0.,-0.000534492780771024));
#4376=CARTESIAN_POINT('',(0.00533403896856115,0.00307960883436673,-0.000471992780771022));
#4377=CARTESIAN_POINT('',(0.00266701948428057,0.0046194132515501,-0.000409492780771025));
#4378=CARTESIAN_POINT('',(0.00218149152305768,0.00489973295066123,-0.000398114724571852));
#4379=CARTESIAN_POINT('',(0.00164829117182894,0.00507297821116942,-0.000385619494541395));
#4380=CARTESIAN_POINT('',(0.0049152301413971,0.00189443833894462,-0.00727969563088527));
#4381=CARTESIAN_POINT('',(0.00424582083437077,0.00363125960949629,-0.00723606071311106));
#4382=CARTESIAN_POINT('',(0.00263383674337277,0.00456193905836338,-0.00719780890956216));
#4383=CARTESIAN_POINT('',(3.72450937715334E-19,0.00608258541115118,-0.00713530890956218));
#4384=CARTESIAN_POINT('',(-0.00263383674337276,0.00456193905836338,-0.00707280890956216));
#4385=CARTESIAN_POINT('',(-0.00526767348674553,0.00304129270557559,-0.00701030890956215));
#4386=CARTESIAN_POINT('',(-0.00526767348674554,6.4510394744963E-19,-0.00694780890956216));
#4387=CARTESIAN_POINT('',(-0.00526767348674553,-0.00304129270557558,-0.00688530890956218));
#4388=CARTESIAN_POINT('',(-0.00263383674337277,-0.00456193905836337,-0.00682280890956216));
#4389=CARTESIAN_POINT('',(-1.117352813146E-18,-0.00608258541115118,-0.00676030890956215));
#4390=CARTESIAN_POINT('',(0.00263383674337276,-0.00456193905836338,-0.00669780890956216));
#4391=CARTESIAN_POINT('',(0.00526767348674552,-0.00304129270557559,-0.00663530890956218));
#4392=CARTESIAN_POINT('',(0.00526767348674554,0.,-0.00657280890956216));
#4393=CARTESIAN_POINT('',(0.00526767348674553,0.00304129270557559,-0.00651030890956215));
#4394=CARTESIAN_POINT('',(0.00263383674337277,0.00456193905836338,-0.00644780890956216));
#4395=CARTESIAN_POINT('',(3.72450937715334E-19,0.00608258541115118,-0.00638530890956218));
#4396=CARTESIAN_POINT('',(-0.00263383674337276,0.00456193905836338,-0.00632280890956216));
#4397=CARTESIAN_POINT('',(-0.00526767348674553,0.00304129270557559,-0.00626030890956217));
#4398=CARTESIAN_POINT('',(-0.00526767348674554,6.4510394744963E-19,-0.00619780890956216));
#4399=CARTESIAN_POINT('',(-0.00526767348674553,-0.00304129270557558,-0.00613530890956218));
#4400=CARTESIAN_POINT('',(-0.00263383674337277,-0.00456193905836337,-0.00607280890956216));
#4401=CARTESIAN_POINT('',(-1.117352813146E-18,-0.00608258541115118,-0.00601030890956215));
#4402=CARTESIAN_POINT('',(0.00263383674337276,-0.00456193905836338,-0.00594780890956216));
#4403=CARTESIAN_POINT('',(0.00526767348674552,-0.00304129270557559,-0.00588530890956215));
#4404=CARTESIAN_POINT('',(0.00526767348674554,0.,-0.00582280890956216));
#4405=CARTESIAN_POINT('',(0.00526767348674553,0.00304129270557559,-0.00576030890956217));
#4406=CARTESIAN_POINT('',(0.00263383674337277,0.00456193905836338,-0.00569780890956216));
#4407=CARTESIAN_POINT('',(3.72450937715334E-19,0.00608258541115118,-0.00563530890956218));
#4408=CARTESIAN_POINT('',(-0.00263383674337276,0.00456193905836338,-0.00557280890956216));
#4409=CARTESIAN_POINT('',(-0.00526767348674553,0.00304129270557559,-0.00551030890956215));
#4410=CARTESIAN_POINT('',(-0.00526767348674554,6.4510394744963E-19,-0.00544780890956216));
#4411=CARTESIAN_POINT('',(-0.00526767348674553,-0.00304129270557558,-0.00538530890956215));
#4412=CARTESIAN_POINT('',(-0.00263383674337277,-0.00456193905836337,-0.00532280890956216));
#4413=CARTESIAN_POINT('',(-1.117352813146E-18,-0.00608258541115118,-0.00526030890956217));
#4414=CARTESIAN_POINT('',(0.00263383674337276,-0.00456193905836338,-0.00519780890956216));
#4415=CARTESIAN_POINT('',(0.00526767348674552,-0.00304129270557559,-0.00513530890956217));
#4416=CARTESIAN_POINT('',(0.00526767348674554,0.,-0.00507280890956216));
#4417=CARTESIAN_POINT('',(0.00526767348674553,0.00304129270557559,-0.00501030890956217));
#4418=CARTESIAN_POINT('',(0.00263383674337277,0.00456193905836338,-0.00494780890956216));
#4419=CARTESIAN_POINT('',(3.72450937715334E-19,0.00608258541115118,-0.00488530890956217));
#4420=CARTESIAN_POINT('',(-0.00263383674337276,0.00456193905836338,-0.00482280890956216));
#4421=CARTESIAN_POINT('',(-0.00526767348674553,0.00304129270557559,-0.00476030890956216));
#4422=CARTESIAN_POINT('',(-0.00526767348674554,6.4510394744963E-19,-0.00469780890956216));
#4423=CARTESIAN_POINT('',(-0.00526767348674553,-0.00304129270557558,-0.00463530890956217));
#4424=CARTESIAN_POINT('',(-0.00263383674337277,-0.00456193905836337,-0.00457280890956216));
#4425=CARTESIAN_POINT('',(-1.117352813146E-18,-0.00608258541115118,-0.00451030890956217));
#4426=CARTESIAN_POINT('',(0.00263383674337276,-0.00456193905836338,-0.00444780890956217));
#4427=CARTESIAN_POINT('',(0.00526767348674552,-0.00304129270557559,-0.00438530890956217));
#4428=CARTESIAN_POINT('',(0.00526767348674554,0.,-0.00432280890956217));
#4429=CARTESIAN_POINT('',(0.00526767348674553,0.00304129270557559,-0.00426030890956217));
#4430=CARTESIAN_POINT('',(0.00263383674337277,0.00456193905836338,-0.00419780890956217));
#4431=CARTESIAN_POINT('',(3.72450937715334E-19,0.00608258541115118,-0.00413530890956217));
#4432=CARTESIAN_POINT('',(-0.00263383674337276,0.00456193905836338,-0.00407280890956217));
#4433=CARTESIAN_POINT('',(-0.00526767348674553,0.00304129270557559,-0.00401030890956216));
#4434=CARTESIAN_POINT('',(-0.00526767348674554,6.4510394744963E-19,-0.00394780890956217));
#4435=CARTESIAN_POINT('',(-0.00526767348674553,-0.00304129270557558,-0.00388530890956217));
#4436=CARTESIAN_POINT('',(-0.00263383674337277,-0.00456193905836337,-0.00382280890956217));
#4437=CARTESIAN_POINT('',(-1.117352813146E-18,-0.00608258541115118,-0.00376030890956216));
#4438=CARTESIAN_POINT('',(0.00263383674337276,-0.00456193905836338,-0.00369780890956217));
#4439=CARTESIAN_POINT('',(0.00526767348674552,-0.00304129270557559,-0.00363530890956216));
#4440=CARTESIAN_POINT('',(0.00526767348674554,0.,-0.00357280890956217));
#4441=CARTESIAN_POINT('',(0.00526767348674553,0.00304129270557559,-0.00351030890956216));
#4442=CARTESIAN_POINT('',(0.00263383674337277,0.00456193905836338,-0.00344780890956217));
#4443=CARTESIAN_POINT('',(3.72450937715334E-19,0.00608258541115118,-0.00338530890956216));
#4444=CARTESIAN_POINT('',(-0.00263383674337276,0.00456193905836338,-0.00332280890956217));
#4445=CARTESIAN_POINT('',(-0.00526767348674553,0.00304129270557559,-0.00326030890956216));
#4446=CARTESIAN_POINT('',(-0.00526767348674554,6.4510394744963E-19,-0.00319780890956217));
#4447=CARTESIAN_POINT('',(-0.00526767348674553,-0.00304129270557558,-0.00313530890956216));
#4448=CARTESIAN_POINT('',(-0.00263383674337277,-0.00456193905836337,-0.00307280890956217));
#4449=CARTESIAN_POINT('',(-1.117352813146E-18,-0.00608258541115118,-0.00301030890956216));
#4450=CARTESIAN_POINT('',(0.00263383674337276,-0.00456193905836338,-0.00294780890956217));
#4451=CARTESIAN_POINT('',(0.00526767348674552,-0.00304129270557559,-0.00288530890956216));
#4452=CARTESIAN_POINT('',(0.00526767348674554,0.,-0.00282280890956217));
#4453=CARTESIAN_POINT('',(0.00526767348674553,0.00304129270557559,-0.00276030890956217));
#4454=CARTESIAN_POINT('',(0.00263383674337277,0.00456193905836338,-0.00269780890956217));
#4455=CARTESIAN_POINT('',(3.72450937715334E-19,0.00608258541115118,-0.00263530890956217));
#4456=CARTESIAN_POINT('',(-0.00263383674337276,0.00456193905836338,-0.00257280890956217));
#4457=CARTESIAN_POINT('',(-0.00526767348674553,0.00304129270557559,-0.00251030890956217));
#4458=CARTESIAN_POINT('',(-0.00526767348674554,6.4510394744963E-19,-0.00244780890956217));
#4459=CARTESIAN_POINT('',(-0.00526767348674553,-0.00304129270557558,-0.00238530890956217));
#4460=CARTESIAN_POINT('',(-0.00263383674337277,-0.00456193905836337,-0.00232280890956217));
#4461=CARTESIAN_POINT('',(-1.117352813146E-18,-0.00608258541115118,-0.00226030890956217));
#4462=CARTESIAN_POINT('',(0.00263383674337276,-0.00456193905836338,-0.00219780890956217));
#4463=CARTESIAN_POINT('',(0.00526767348674552,-0.00304129270557559,-0.00213530890956217));
#4464=CARTESIAN_POINT('',(0.00526767348674554,0.,-0.00207280890956217));
#4465=CARTESIAN_POINT('',(0.00526767348674553,0.00304129270557559,-0.00201030890956217));
#4466=CARTESIAN_POINT('',(0.00263383674337277,0.00456193905836338,-0.00194780890956217));
#4467=CARTESIAN_POINT('',(3.72450937715334E-19,0.00608258541115118,-0.00188530890956217));
#4468=CARTESIAN_POINT('',(-0.00263383674337276,0.00456193905836338,-0.00182280890956217));
#4469=CARTESIAN_POINT('',(-0.00526767348674553,0.00304129270557559,-0.00176030890956217));
#4470=CARTESIAN_POINT('',(-0.00526767348674554,6.4510394744963E-19,-0.00169780890956217));
#4471=CARTESIAN_POINT('',(-0.00526767348674553,-0.00304129270557558,-0.00163530890956217));
#4472=CARTESIAN_POINT('',(-0.00263383674337277,-0.00456193905836337,-0.00157280890956217));
#4473=CARTESIAN_POINT('',(-1.117352813146E-18,-0.00608258541115118,-0.00151030890956216));
#4474=CARTESIAN_POINT('',(0.00263383674337276,-0.00456193905836338,-0.00144780890956217));
#4475=CARTESIAN_POINT('',(0.00526767348674552,-0.00304129270557559,-0.00138530890956216));
#4476=CARTESIAN_POINT('',(0.00526767348674554,0.,-0.00132280890956217));
#4477=CARTESIAN_POINT('',(0.00526767348674553,0.00304129270557559,-0.00126030890956216));
#4478=CARTESIAN_POINT('',(0.00263383674337277,0.00456193905836338,-0.00119780890956217));
#4479=CARTESIAN_POINT('',(3.72450937715334E-19,0.00608258541115118,-0.00113530890956216));
#4480=CARTESIAN_POINT('',(-0.00263383674337276,0.00456193905836338,-0.00107280890956217));
#4481=CARTESIAN_POINT('',(-0.00526767348674553,0.00304129270557559,-0.00101030890956216));
#4482=CARTESIAN_POINT('',(-0.00526767348674554,6.4510394744963E-19,-0.000947808909562167));
#4483=CARTESIAN_POINT('',(-0.00526767348674553,-0.00304129270557558,-0.000885308909562163));
#4484=CARTESIAN_POINT('',(-0.00263383674337277,-0.00456193905836337,-0.000822808909562167));
#4485=CARTESIAN_POINT('',(-1.117352813146E-18,-0.00608258541115118,-0.000760308909562164));
#4486=CARTESIAN_POINT('',(0.00263383674337276,-0.00456193905836338,-0.000697808909562167));
#4487=CARTESIAN_POINT('',(0.00526767348674552,-0.00304129270557559,-0.000635308909562164));
#4488=CARTESIAN_POINT('',(0.00526767348674554,0.,-0.000572808909562167));
#4489=CARTESIAN_POINT('',(0.00526767348674553,0.00304129270557559,-0.000510308909562165));
#4490=CARTESIAN_POINT('',(0.00263383674337277,0.00456193905836338,-0.000447808909562168));
#4491=CARTESIAN_POINT('',(0.00215434966360414,0.00483877105294075,-0.000436430853362995));
#4492=CARTESIAN_POINT('',(0.00162778332806634,0.00500986081641308,-0.000423935623332538));
#4493=CARTESIAN_POINT('',(0.0054937822173509,-0.00200995530704177,-0.00627764806400558));
#4494=CARTESIAN_POINT('',(0.0054937822173509,-0.000679974981016986,-0.00651518527945114));
#4495=CARTESIAN_POINT('',(0.0054937822173509,0.000690283068636291,-0.00648357247543759));
#4496=CARTESIAN_POINT('',(0.0054937822173509,0.00201042265766731,-0.00619554749767015));
#4497=CARTESIAN_POINT('',(0.00549378227077802,-0.00200998196085914,-0.00627779729979021));
#4498=CARTESIAN_POINT('',(0.00549378241760132,0.00201039883982322,-0.00619543833047517));
#4499=CARTESIAN_POINT('',(0.00549402819930261,-0.0020100788055834,-0.00627749085598659));
#4500=CARTESIAN_POINT('',(0.00528701661450988,-0.00257589300818145,-0.00629017202875889));
#4501=CARTESIAN_POINT('',(0.00468709351645023,-0.0036589197803623,-0.00631666930991842));
#4502=CARTESIAN_POINT('',(0.00336479729488558,-0.00488902196340726,-0.00635333983847257));
#4503=CARTESIAN_POINT('',(0.00182554563923133,-0.00565052728911319,-0.00638467007102545));
#4504=CARTESIAN_POINT('',(-2.09627556213167E-7,-0.00595006854892098,-0.00642399105887802));
#4505=CARTESIAN_POINT('',(-0.00182593143039869,-0.00565040376034179,-0.00646331123418845));
#4506=CARTESIAN_POINT('',(-0.00336511931162238,-0.00488881091356032,-0.00649464025072272));
#4507=CARTESIAN_POINT('',(-0.00468736209010862,-0.00365859811895572,-0.00653131281234061));
#4508=CARTESIAN_POINT('',(-0.00528720856243952,-0.00257552970957157,-0.00655780985354616));
#4509=CARTESIAN_POINT('',(-0.00549418143139221,-0.00200970355019962,-0.00657049079688536));
#4510=CARTESIAN_POINT('',(-0.00549378246047396,-0.0020095553141446,-0.00657038830592334));
#4511=CARTESIAN_POINT('',(-0.0054937822173509,-0.00200962785176137,-0.00657072087963603));
#4512=CARTESIAN_POINT('',(-0.0054937822173509,-0.000681094542869326,-0.00686048713701946));
#4513=CARTESIAN_POINT('',(-0.00549378221735089,0.000672928081171084,-0.00689147272675976));
#4514=CARTESIAN_POINT('',(-0.00549378221735089,0.00201019830775176,-0.00665260466095806));
#4515=CARTESIAN_POINT('',(-0.00549378251409064,0.00201019775983436,-0.00665260159351752));
#4516=CARTESIAN_POINT('',(-0.00549397812227937,0.00201027197209386,-0.00665248386731208));
#4517=CARTESIAN_POINT('',(-0.00514110075854931,0.00297467219652825,-0.00667409857718389));
#4518=CARTESIAN_POINT('',(-0.00418109449471687,0.00429939958559419,-0.0067093763763666));
#4519=CARTESIAN_POINT('',(-0.00253837917840417,0.00533811064724856,-0.0067447861404796));
#4520=CARTESIAN_POINT('',(-0.00108658317565921,0.00581837202314912,-0.00677576276449585));
#4521=CARTESIAN_POINT('',(0.000482863690077312,0.00590098785179155,-0.00680923249818229));
#4522=CARTESIAN_POINT('',(0.00200618425235179,0.00556302273643883,-0.0068420756132329));
#4523=CARTESIAN_POINT('',(0.00330508875925583,0.00490087718101695,-0.0068687084951536));
#4524=CARTESIAN_POINT('',(0.00407057519038021,0.00423298649694331,-0.00688913240911017));
#4525=CARTESIAN_POINT('',(0.00440755658009888,0.00384689269416271,-0.00689987651339817));
#4526=CARTESIAN_POINT('',(0.00440751718263502,0.00384683063222322,-0.0069));
#4527=CARTESIAN_POINT('',(-0.00526506274441624,0.00117132442370642,-0.00689999999999999));
#4528=CARTESIAN_POINT('',(-0.0050776194696367,0.00219771179030393,-0.00689999999999999));
#4529=CARTESIAN_POINT('',(-0.00411207549747678,0.00411106743250586,-0.0069));
#4530=CARTESIAN_POINT('',(-0.00134075717327693,0.00576327432560155,-0.00690000000000003));
#4531=CARTESIAN_POINT('',(0.00188066520257487,0.00572973935396579,-0.00689999999999999));
#4532=CARTESIAN_POINT('',(0.0036938490631116,0.00460676544335645,-0.0069));
#4533=CARTESIAN_POINT('',(0.00440741326330109,0.00384673306648963,-0.0069));
#4534=CARTESIAN_POINT('',(-0.00526506274441622,0.0011713244237064,-0.0069));
#4535=CARTESIAN_POINT('',(0.0053937822173509,0.,-0.00725));
#4536=CARTESIAN_POINT('',(0.0053937822173509,0.00311410161513776,-0.00718749999999999));
#4537=CARTESIAN_POINT('',(0.00269689110867545,0.00467115242270664,-0.007125));
#4538=CARTESIAN_POINT('',(3.81367457519806E-19,0.00622820323027552,-0.0070625));
#4539=CARTESIAN_POINT('',(-0.00269689110867544,0.00467115242270664,-0.007));
#4540=CARTESIAN_POINT('',(-0.0053937822173509,0.00311410161513776,-0.00693749999999999));
#4541=CARTESIAN_POINT('',(-0.0053937822173509,6.60547812777669E-19,-0.006875));
#4542=CARTESIAN_POINT('',(-0.0053937822173509,-0.00311410161513775,-0.0068125));
#4543=CARTESIAN_POINT('',(-0.00269689110867545,-0.00467115242270663,-0.00675));
#4544=CARTESIAN_POINT('',(-1.14410237255942E-18,-0.00622820323027552,-0.00668749999999999));
#4545=CARTESIAN_POINT('',(0.00269689110867544,-0.00467115242270664,-0.006625));
#4546=CARTESIAN_POINT('',(0.00539378221735089,-0.00311410161513776,-0.0065625));
#4547=CARTESIAN_POINT('',(0.0053937822173509,-1.32109562555534E-18,-0.0065));
#4548=CARTESIAN_POINT('',(0.0053937822173509,0.00311410161513775,-0.00643749999999999));
#4549=CARTESIAN_POINT('',(0.00269689110867545,0.00467115242270663,-0.006375));
#4550=CARTESIAN_POINT('',(7.43859299023635E-18,0.00622820323027552,-0.0063125));
#4551=CARTESIAN_POINT('',(-0.00269689110867544,0.00467115242270664,-0.00625));
#4552=CARTESIAN_POINT('',(-0.00539378221735089,0.00311410161513776,-0.00618749999999999));
#4553=CARTESIAN_POINT('',(-0.0053937822173509,1.981643438333E-18,-0.006125));
#4554=CARTESIAN_POINT('',(-0.0053937822173509,-0.00311410161513775,-0.0060625));
#4555=CARTESIAN_POINT('',(-0.00269689110867545,-0.00467115242270663,-0.006));
#4556=CARTESIAN_POINT('',(-2.66957220263864E-18,-0.00622820323027552,-0.00593749999999999));
#4557=CARTESIAN_POINT('',(0.00269689110867544,-0.00467115242270664,-0.005875));
#4558=CARTESIAN_POINT('',(0.00539378221735089,-0.00311410161513776,-0.0058125));
#4559=CARTESIAN_POINT('',(0.0053937822173509,-2.64219125111067E-18,-0.00575));
#4560=CARTESIAN_POINT('',(0.0053937822173509,0.00311410161513775,-0.00568749999999999));
#4561=CARTESIAN_POINT('',(0.00269689110867545,0.00467115242270663,-0.005625));
#4562=CARTESIAN_POINT('',(1.44958185229529E-17,0.00622820323027552,-0.0055625));
#4563=CARTESIAN_POINT('',(-0.00269689110867544,0.00467115242270664,-0.0055));
#4564=CARTESIAN_POINT('',(-0.00539378221735089,0.00311410161513776,-0.00543749999999999));
#4565=CARTESIAN_POINT('',(-0.0053937822173509,1.28840209959151E-17,-0.005375));
#4566=CARTESIAN_POINT('',(-0.0053937822173509,-0.00311410161513775,-0.0053125));
#4567=CARTESIAN_POINT('',(-0.00269689110867545,-0.00467115242270663,-0.00525));
#4568=CARTESIAN_POINT('',(-1.52585534379925E-17,-0.00622820323027552,-0.0051875));
#4569=CARTESIAN_POINT('',(0.00269689110867543,-0.00467115242270664,-0.005125));
#4570=CARTESIAN_POINT('',(0.00539378221735089,-0.00311410161513777,-0.0050625));
#4571=CARTESIAN_POINT('',(0.0053937822173509,-3.96328687666601E-18,-0.005));
#4572=CARTESIAN_POINT('',(0.0053937822173509,0.00311410161513775,-0.0049375));
#4573=CARTESIAN_POINT('',(0.00269689110867546,0.00467115242270663,-0.004875));
#4574=CARTESIAN_POINT('',(1.60212883530321E-17,0.00622820323027552,-0.0048125));
#4575=CARTESIAN_POINT('',(-0.00269689110867543,0.00467115242270664,-0.00475));
#4576=CARTESIAN_POINT('',(-0.00539378221735089,0.00311410161513777,-0.0046875));
#4577=CARTESIAN_POINT('',(-0.0053937822173509,4.62383468944368E-18,-0.004625));
#4578=CARTESIAN_POINT('',(-0.0053937822173509,-0.00311410161513775,-0.0045625));
#4579=CARTESIAN_POINT('',(-0.00269689110867546,-0.00467115242270663,-0.0045));
#4580=CARTESIAN_POINT('',(-1.67840232680717E-17,-0.00622820323027552,-0.0044375));
#4581=CARTESIAN_POINT('',(0.00269689110867543,-0.00467115242270664,-0.004375));
#4582=CARTESIAN_POINT('',(0.00539378221735089,-0.00311410161513777,-0.0043125));
#4583=CARTESIAN_POINT('',(0.0053937822173509,-5.28438250222135E-18,-0.00425));
#4584=CARTESIAN_POINT('',(0.0053937822173509,0.00311410161513775,-0.0041875));
#4585=CARTESIAN_POINT('',(0.00269689110867546,0.00467115242270663,-0.004125));
#4586=CARTESIAN_POINT('',(1.75467581831113E-17,0.00622820323027552,-0.0040625));
#4587=CARTESIAN_POINT('',(-0.00269689110867543,0.00467115242270664,-0.004));
#4588=CARTESIAN_POINT('',(-0.00539378221735089,0.00311410161513778,-0.0039375));
#4589=CARTESIAN_POINT('',(-0.0053937822173509,2.51074941790524E-17,-0.003875));
#4590=CARTESIAN_POINT('',(-0.0053937822173509,-0.00311410161513775,-0.0038125));
#4591=CARTESIAN_POINT('',(-0.00269689110867546,-0.00467115242270663,-0.00375));
#4592=CARTESIAN_POINT('',(-1.83094930981509E-17,-0.00622820323027552,-0.0036875));
#4593=CARTESIAN_POINT('',(0.00269689110867543,-0.00467115242270664,-0.003625));
#4594=CARTESIAN_POINT('',(0.00539378221735089,-0.00311410161513778,-0.0035625));
#4595=CARTESIAN_POINT('',(0.0053937822173509,-2.57680419918301E-17,-0.0035));
#4596=CARTESIAN_POINT('',(0.0053937822173509,0.00311410161513775,-0.0034375));
#4597=CARTESIAN_POINT('',(0.00269689110867546,0.00467115242270663,-0.003375));
#4598=CARTESIAN_POINT('',(4.11992508237398E-17,0.00622820323027552,-0.0033125));
#4599=CARTESIAN_POINT('',(-0.00269689110867543,0.00467115242270665,-0.00325));
#4600=CARTESIAN_POINT('',(-0.00539378221735089,0.00311410161513776,-0.0031875));
#4601=CARTESIAN_POINT('',(-0.0053937822173509,2.64285898046078E-17,-0.003125));
#4602=CARTESIAN_POINT('',(-0.0053937822173509,-0.00311410161513775,-0.0030625));
#4603=CARTESIAN_POINT('',(-0.00269689110867547,-0.00467115242270662,-0.003));
#4604=CARTESIAN_POINT('',(-1.98349629282302E-17,-0.00622820323027552,-0.00293749999999999));
#4605=CARTESIAN_POINT('',(0.00269689110867541,-0.00467115242270666,-0.002875));
#4606=CARTESIAN_POINT('',(0.00539378221735088,-0.00311410161513778,-0.0028125));
#4607=CARTESIAN_POINT('',(0.0053937822173509,-7.92657375333203E-18,-0.00275));
#4608=CARTESIAN_POINT('',(0.00539378221735091,0.00311410161513772,-0.0026875));
#4609=CARTESIAN_POINT('',(0.00269689110867546,0.00467115242270663,-0.002625));
#4610=CARTESIAN_POINT('',(4.2724720653819E-17,0.00622820323027552,-0.0025625));
#4611=CARTESIAN_POINT('',(-0.00269689110867543,0.00467115242270665,-0.0025));
#4612=CARTESIAN_POINT('',(-0.00539378221735089,0.00311410161513776,-0.0024375));
#4613=CARTESIAN_POINT('',(-0.0053937822173509,2.77496854301631E-17,-0.002375));
#4614=CARTESIAN_POINT('',(-0.0053937822173509,-0.00311410161513775,-0.0023125));
#4615=CARTESIAN_POINT('',(-0.00269689110867548,-0.00467115242270662,-0.00225));
#4616=CARTESIAN_POINT('',(-2.13604327583094E-17,-0.00622820323027552,-0.0021875));
#4617=CARTESIAN_POINT('',(0.00269689110867541,-0.00467115242270666,-0.002125));
#4618=CARTESIAN_POINT('',(0.00539378221735088,-0.00311410161513778,-0.0020625));
#4619=CARTESIAN_POINT('',(0.0053937822173509,-9.24766937888736E-18,-0.002));
#4620=CARTESIAN_POINT('',(0.00539378221735091,0.00311410161513772,-0.0019375));
#4621=CARTESIAN_POINT('',(0.00269689110867546,0.00467115242270663,-0.001875));
#4622=CARTESIAN_POINT('',(4.42501904838983E-17,0.00622820323027552,-0.0018125));
#4623=CARTESIAN_POINT('',(-0.00269689110867543,0.00467115242270665,-0.00175));
#4624=CARTESIAN_POINT('',(-0.00539378221735087,0.0031141016151378,-0.0016875));
#4625=CARTESIAN_POINT('',(-0.0053937822173509,2.90707810557184E-17,-0.001625));
#4626=CARTESIAN_POINT('',(-0.0053937822173509,-0.00311410161513774,-0.0015625));
#4627=CARTESIAN_POINT('',(-0.00269689110867548,-0.00467115242270662,-0.0015));
#4628=CARTESIAN_POINT('',(-2.28859025883886E-17,-0.00622820323027552,-0.0014375));
#4629=CARTESIAN_POINT('',(0.00269689110867541,-0.00467115242270666,-0.001375));
#4630=CARTESIAN_POINT('',(0.00539378221735088,-0.00311410161513778,-0.0013125));
#4631=CARTESIAN_POINT('',(0.0053937822173509,-1.05687650044427E-17,-0.00125));
#4632=CARTESIAN_POINT('',(0.00539378221735091,0.00311410161513772,-0.0011875));
#4633=CARTESIAN_POINT('',(0.00269689110867546,0.00467115242270663,-0.001125));
#4634=CARTESIAN_POINT('',(4.57756603139775E-17,0.00622820323027552,-0.0010625));
#4635=CARTESIAN_POINT('',(-0.00269689110867543,0.00467115242270665,-0.001));
#4636=CARTESIAN_POINT('',(-0.00539378221735087,0.0031141016151378,-0.000937499999999997));
#4637=CARTESIAN_POINT('',(-0.0053937822173509,3.03918766812738E-17,-0.000875));
#4638=CARTESIAN_POINT('',(-0.0053937822173509,-0.00311410161513774,-0.000812499999999997));
#4639=CARTESIAN_POINT('',(-0.00269689110867548,-0.00467115242270662,-0.00075));
#4640=CARTESIAN_POINT('',(-2.44113724184678E-17,-0.00622820323027552,-0.000687499999999998));
#4641=CARTESIAN_POINT('',(0.00269689110867541,-0.00467115242270666,-0.000625));
#4642=CARTESIAN_POINT('',(0.00539378221735088,-0.00311410161513778,-0.000562499999999998));
#4643=CARTESIAN_POINT('',(0.0053937822173509,-5.02149883581049E-17,-0.0005));
#4644=CARTESIAN_POINT('',(0.00539378221735091,0.00311410161513772,-0.000437499999999998));
#4645=CARTESIAN_POINT('',(0.00269689110867546,0.00467115242270663,-0.000375));
#4646=CARTESIAN_POINT('',(4.73011301440567E-17,0.00622820323027552,-0.000312499999999998));
#4647=CARTESIAN_POINT('',(-0.00269689110867542,0.00467115242270665,-0.000249999999999998));
#4648=CARTESIAN_POINT('',(-0.00539378221735087,0.0031141016151378,-0.000187499999999997));
#4649=CARTESIAN_POINT('',(-0.0053937822173509,3.17129723068291E-17,-0.000124999999999997));
#4650=CARTESIAN_POINT('',(-0.00539378221735092,-0.0031141016151377,-6.24999999999974E-5));
#4651=CARTESIAN_POINT('',(-0.00269689110867548,-0.00467115242270662,2.60208521396521E-18));
#4652=CARTESIAN_POINT('',(-2.5936842248547E-17,-0.00622820323027552,6.25000000000026E-5));
#4653=CARTESIAN_POINT('',(0.00269689110867541,-0.00467115242270666,0.000125000000000003));
#4654=CARTESIAN_POINT('',(0.00539378221735088,-0.00311410161513779,0.000187500000000003));
#4655=CARTESIAN_POINT('',(0.0053937822173509,-5.15360839836602E-17,0.00025));
#4656=CARTESIAN_POINT('',(0.00166672382775525,0.00512966615909761,-0.000350614489387853));
#4657=CARTESIAN_POINT('',(0.00180755969407638,0.00556309671292051,-8.69570083751915E-5));
#4658=CARTESIAN_POINT('',(0.00176059217434649,0.00541854555066587,-0.00017470852577659));
#4659=CARTESIAN_POINT('',(0.0017136246546166,0.00527399438841123,-0.000262460043177989));
#4660=CARTESIAN_POINT('',(0.00166665713488671,0.0051294432261566,-0.000350211560579388));
#4661=CARTESIAN_POINT('',(0.00180762472380882,0.00556333207065485,-8.73795141093741E-5));
#4662=CARTESIAN_POINT('',(0.00180769193643459,0.00556356672111833,-8.78020653847946E-5));
#4663=CARTESIAN_POINT('',(0.00264748833878077,0.00529070439826491,-0.000105746276099072));
#4664=CARTESIAN_POINT('',(0.004130156220047,0.00442137601370481,-0.000135886115784279));
#4665=CARTESIAN_POINT('',(0.00518524270793382,0.00285332875857313,-0.000176770273904133));
#4666=CARTESIAN_POINT('',(0.00549387279878559,0.00200958996287907,-0.000195680684006431));
#4667=CARTESIAN_POINT('',(0.00549378234515038,0.00200955507069092,-0.000195600136878203));
#4668=CARTESIAN_POINT('',(0.0054937822173509,-0.00200938424071696,-0.000277750043141305));
#4669=CARTESIAN_POINT('',(0.0054937822173509,-0.000679865969314721,-0.000515137302735947));
#4670=CARTESIAN_POINT('',(0.0054937822173509,0.000689894661058224,-0.000483562754225359));
#4671=CARTESIAN_POINT('',(0.0054937822173509,0.00200958351457479,-0.000195730549931216));
#4672=CARTESIAN_POINT('',(0.00549378224278119,-0.00200940467918117,-0.000277864511422605));
#4673=CARTESIAN_POINT('',(0.00549392449262744,-0.00200946133446156,-0.00027765810468875));
#4674=CARTESIAN_POINT('',(0.00528697527147306,-0.00257526821379601,-0.000290339146645411));
#4675=CARTESIAN_POINT('',(0.00468718016318113,-0.00365830669350819,-0.000316836519687233));
#4676=CARTESIAN_POINT('',(0.00336500802655741,-0.00488850030256126,-0.000353510071865061));
#4677=CARTESIAN_POINT('',(0.00182589548191646,-0.00565008331868527,-0.000384839284035678));
#4678=CARTESIAN_POINT('',(2.49410236276555E-7,-0.0059497566406418,-0.000424159928964442));
#4679=CARTESIAN_POINT('',(-0.00182543905888402,-0.0056502382018557,-0.000463481539060952));
#4680=CARTESIAN_POINT('',(-0.00336463433412839,-0.00488876512266026,-0.000494812195393144));
#4681=CARTESIAN_POINT('',(-0.00468688035126038,-0.00365870477946177,-0.00053148333289197));
#4682=CARTESIAN_POINT('',(-0.00528677436525113,-0.00257571318767991,-0.000557980990980579));
#4683=CARTESIAN_POINT('',(-0.00549377329374445,-0.00200991827616413,-0.000570662305471934));
#4684=CARTESIAN_POINT('',(-0.00549378227286084,-0.00200991748874204,-0.000570480606097589));
#4685=CARTESIAN_POINT('',(-0.0054937822173509,-0.00200989309681355,-0.000570663024066287));
#4686=CARTESIAN_POINT('',(-0.0054937822173509,-0.000690211616711418,-0.00085852846064769));
#4687=CARTESIAN_POINT('',(-0.0054937822173509,0.000679776399029917,-0.000890190536420072));
#4688=CARTESIAN_POINT('',(-0.0054937822173509,0.00200969955977588,-0.00065269373808764));
#4689=CARTESIAN_POINT('',(-0.00549378226439728,0.00200970590895979,-0.000652729291942669));
#4690=CARTESIAN_POINT('',(-0.00549384641820755,0.00200973109097494,-0.000652652832654664));
#4691=CARTESIAN_POINT('',(-0.0052868723136892,0.00257552200687739,-0.000665333803126886));
#4692=CARTESIAN_POINT('',(-0.00468703471740258,0.00365851709480235,-0.000691830804784842));
#4693=CARTESIAN_POINT('',(-0.00336484917713314,0.00488862894655937,-0.000728502572283572));
#4694=CARTESIAN_POINT('',(-0.00182572713049979,0.00565015632456001,-0.000759831829659031));
#4695=CARTESIAN_POINT('',(-9.5127766061037E-8,0.00594977255620911,-0.000799152065338957));
#4696=CARTESIAN_POINT('',(0.00182555377383412,0.00565021763229315,-0.000838472668617316));
#4697=CARTESIAN_POINT('',(0.00336470931132081,0.00488873382414327,-0.000869802476156731));
#4698=CARTESIAN_POINT('',(0.00468692593545595,0.00365867327065745,-0.000906473323855984));
#4699=CARTESIAN_POINT('',(0.00528680343957496,0.00257569531864692,-0.000932970434068097));
#4700=CARTESIAN_POINT('',(0.00549379753176707,0.0020099083304373,-0.000945651508336459));
#4701=CARTESIAN_POINT('',(0.00549378222130492,0.00200990192398694,-0.000945615587794625));
#4702=CARTESIAN_POINT('',(0.0054937822173509,-0.00200831018276783,-0.00102794176638629));
#4703=CARTESIAN_POINT('',(0.0054937822173509,-0.00067901842214731,-0.00126516176173992));
#4704=CARTESIAN_POINT('',(0.0054937822173509,0.000690477256655596,-0.00123347257537758));
#4705=CARTESIAN_POINT('',(0.0054937822173509,0.00200991140052148,-0.000945659031418205));
#4706=CARTESIAN_POINT('',(0.00549378240315021,-0.00200829452638095,-0.00102785403387422));
#4707=CARTESIAN_POINT('',(0.00549431868882414,-0.00200849595253233,-0.00102761383352816));
#4708=CARTESIAN_POINT('',(0.00528745854579347,-0.00257437172670116,-0.00104029511479407));
#4709=CARTESIAN_POINT('',(0.00468781186054812,-0.00365758990770338,-0.00106679380752798));
#4710=CARTESIAN_POINT('',(0.00336566818014109,-0.00488810989293411,-0.00110347395364402));
#4711=CARTESIAN_POINT('',(0.00182656660795115,-0.00564991476856137,-0.00113480290992051));
#4712=CARTESIAN_POINT('',(8.38723537246768E-7,-0.00594980951002885,-0.00117412496531864));
#4713=CARTESIAN_POINT('',(-0.00182502898294908,-0.00565042710384412,-0.00121345026957023));
#4714=CARTESIAN_POINT('',(-0.00336440135579711,-0.00488898569426284,-0.0012447840827862));
#4715=CARTESIAN_POINT('',(-0.00468678244266891,-0.00365891207608142,-0.00128145610508855));
#4716=CARTESIAN_POINT('',(-0.00528675341922743,-0.00257585440636186,-0.00130795575764204));
#4717=CARTESIAN_POINT('',(-0.00549377680146714,-0.00201002129554076,-0.00132063795637477));
#4718=CARTESIAN_POINT('',(-0.00549378221460271,-0.00201002254167446,-0.00132060519060888));
#4719=CARTESIAN_POINT('',(-0.0054937822173509,-0.0020100064928691,-0.00132063828815155));
#4720=CARTESIAN_POINT('',(-0.0054937822173509,-0.000690254374402876,-0.00160853189503749));
#4721=CARTESIAN_POINT('',(-0.0054937822173509,0.000679811321568247,-0.00164019690126663));
#4722=CARTESIAN_POINT('',(-0.0054937822173509,0.00200980624476421,-0.00140267468584757));
#4723=CARTESIAN_POINT('',(-0.00549378223783649,0.00200981230773116,-0.00140270863515717));
#4724=CARTESIAN_POINT('',(-0.00549384842430744,0.00200983822514966,-0.00140263259786615));
#4725=CARTESIAN_POINT('',(-0.0052868662889227,0.00257562114040636,-0.00141531342221999));
#4726=CARTESIAN_POINT('',(-0.00468701813474528,0.00365859668949029,-0.00144181000985365));
#4727=CARTESIAN_POINT('',(-0.00336483699068798,0.00488868149683956,-0.00147848094246729));
#4728=CARTESIAN_POINT('',(-0.00182572514454207,0.005650195408272,-0.00150980979920369));
#4729=CARTESIAN_POINT('',(-1.11340806603198E-7,0.00594980859176117,-0.00154912937995848));
#4730=CARTESIAN_POINT('',(0.00182552204002473,0.00565026654846895,-0.00158844939105043));
#4731=CARTESIAN_POINT('',(0.00336467255188674,0.00488880317993585,-0.00161977889198608));
#4732=CARTESIAN_POINT('',(0.00468688927443804,0.00365877828421975,-0.00165644874767899));
#4733=CARTESIAN_POINT('',(0.00528678353481713,0.00257582299868733,-0.0016829454623835));
#4734=CARTESIAN_POINT('',(0.00549378878046399,0.00201004485683061,-0.00169562640824574));
#4735=CARTESIAN_POINT('',(0.00549378232738618,0.00201004268732975,-0.00169563495372774));
#4736=CARTESIAN_POINT('',(0.0054937822173509,-0.00200815383810569,-0.00177796966593241));
#4737=CARTESIAN_POINT('',(0.0054937822173509,-0.000678867203556418,-0.00201517028423893));
#4738=CARTESIAN_POINT('',(0.0054937822173509,0.000690618968369476,-0.00198345632710653));
#4739=CARTESIAN_POINT('',(0.0054937822173509,0.0020100417375307,-0.0016956305997512));
#4740=CARTESIAN_POINT('',(0.0054937823275868,-0.00200812268841127,-0.00177779510115763));
#4741=CARTESIAN_POINT('',(0.00549441067458126,-0.00200835700479864,-0.00177758808401432));
#4742=CARTESIAN_POINT('',(0.00528756442537727,-0.00257424339311319,-0.00179026932938));
#4743=CARTESIAN_POINT('',(0.00468794223904455,-0.00365748954504651,-0.00181676805673382));
#4744=CARTESIAN_POINT('',(0.00336580552261934,-0.00488806439895322,-0.00185344910806572));
#4745=CARTESIAN_POINT('',(0.0018267103561138,-0.00564990939787579,-0.00188477777259829));
#4746=CARTESIAN_POINT('',(9.73553171736108E-7,-0.00594984975598605,-0.00192409973877424));
#4747=CARTESIAN_POINT('',(-0.00182492536203072,-0.00565050351523631,-0.00196342547628099));
#4748=CARTESIAN_POINT('',(-0.00336433435775692,-0.00488907998787264,-0.00199475977850766));
#4749=CARTESIAN_POINT('',(-0.00468674589449888,-0.00365902313594127,-0.0020314313998948));
#4750=CARTESIAN_POINT('',(-0.00528674393869545,-0.00257596349113945,-0.00205793124145072));
#4751=CARTESIAN_POINT('',(-0.00549377940231637,-0.00201012678890158,-0.00207061355183612));
#4752=CARTESIAN_POINT('',(-0.00549378164256895,-0.00201012895158827,-0.00207067347118508));
#4753=CARTESIAN_POINT('',(-0.00549378221735031,-0.00201011606206063,-0.0020706143859777));
#4754=CARTESIAN_POINT('',(-0.00549378221735031,-0.000690351936441298,-0.00235852294307309));
#4755=CARTESIAN_POINT('',(-0.0054937822173509,0.000679728887718672,-0.00239020379230609));
#4756=CARTESIAN_POINT('',(-0.0054937822173509,0.00200973995322832,-0.00215268652457917));
#4757=CARTESIAN_POINT('',(-0.00549378220507696,0.0020097365759781,-0.00215266761319554));
#4758=CARTESIAN_POINT('',(-0.00549390931529838,0.00200978439450272,-0.00215260875540318));
#4759=CARTESIAN_POINT('',(-0.0052869301774623,0.00257558054084041,-0.002165289708696));
#4760=CARTESIAN_POINT('',(-0.00468708117942783,0.00365858436607108,-0.00219178664948498));
#4761=CARTESIAN_POINT('',(-0.00336487857809778,0.00488870339801914,-0.0022284582194336));
#4762=CARTESIAN_POINT('',(-0.0018257375293398,0.00565023512763032,-0.00225978744714196));
#4763=CARTESIAN_POINT('',(-8.53191969888268E-8,0.00594985071407752,-0.00229910759940611));
#4764=CARTESIAN_POINT('',(0.00182558216876378,0.0056502904862917,-0.00233842808127539));
#4765=CARTESIAN_POINT('',(0.00336475357791512,0.00488879810725218,-0.00236975780230259));
#4766=CARTESIAN_POINT('',(0.0046869845423592,0.0036587251624736,-0.00240642854750075));
#4767=CARTESIAN_POINT('',(0.00528686969744937,0.00257573658164527,-0.0024329255856229));
#4768=CARTESIAN_POINT('',(0.00549386693353387,0.00200994385183233,-0.00244560663198361));
#4769=CARTESIAN_POINT('',(0.00549378218230279,0.0020099133657361,-0.00244562985238441));
#4770=CARTESIAN_POINT('',(0.0054937822173509,-0.00200914952409638,-0.00252779194966016));
#4771=CARTESIAN_POINT('',(0.0054937822173509,-0.0006795916995359,-0.00276515855341901));
#4772=CARTESIAN_POINT('',(0.0054937822173509,0.000690203969681384,-0.00273353308346643));
#4773=CARTESIAN_POINT('',(0.0054937822173509,0.00200991935232892,-0.00244565729685537));
#4774=CARTESIAN_POINT('',(0.00549378220558102,-0.00200913655699209,-0.00252771931722284));
#4775=CARTESIAN_POINT('',(0.00549412052098742,-0.00200926327568153,-0.00252758575814823));
#4776=CARTESIAN_POINT('',(0.00528718553680398,-0.00257510718923557,-0.00254026708168491));
#4777=CARTESIAN_POINT('',(0.004687401027918,-0.00365822753087016,-0.00256676529701795));
#4778=CARTESIAN_POINT('',(0.00336518139396174,-0.00488853138309192,-0.0026034408198371));
#4779=CARTESIAN_POINT('',(0.00182600280358789,-0.00565017807519026,-0.00263477074106958));
#4780=CARTESIAN_POINT('',(2.60765019765132E-7,-0.00594988164681006,-0.00267409267164337));
#4781=CARTESIAN_POINT('',(-0.00182552555262193,-0.005650339849244,-0.00271341561155352));
#4782=CARTESIAN_POINT('',(-0.00336479049570877,-0.00488880798327066,-0.00274474704235885));
#4783=CARTESIAN_POINT('',(-0.0046870871700421,-0.00365864343099834,-0.00278142004067218));
#4784=CARTESIAN_POINT('',(-0.00528697493240575,-0.0025755721630544,-0.00280791855414789));
#4785=CARTESIAN_POINT('',(-0.00549396181330494,-0.00200974080616644,-0.00282060016270503));
#4786=CARTESIAN_POINT('',(-0.00549378225247724,-0.00200967645155468,-0.00282065953044139));
#4787=CARTESIAN_POINT('',(-0.0054937822173509,-0.00200968701798179,-0.00282070797474878));
#4788=CARTESIAN_POINT('',(-0.0054937822173509,-0.000690088754039417,-0.0031085320687061));
#4789=CARTESIAN_POINT('',(-0.0054937822173509,0.00067980620601691,-0.00314017837494368));
#4790=CARTESIAN_POINT('',(-0.0054937822173509,0.00200964166054488,-0.00290270407754515));
#4791=CARTESIAN_POINT('',(-0.00549378207916618,0.00200962569047252,-0.00290261464652599));
#4792=CARTESIAN_POINT('',(-0.00549398161841122,0.00200969936379318,-0.00290258421370635));
#4793=CARTESIAN_POINT('',(-0.00528701078296549,0.0025755041990631,-0.00291526515521322));
#4794=CARTESIAN_POINT('',(-0.00468717546122718,0.00365852956525396,-0.00294176214490684));
#4795=CARTESIAN_POINT('',(-0.0033649727124768,0.00488868734651972,-0.00297843431846341));
#4796=CARTESIAN_POINT('',(-0.00182583014245404,0.00565024655992272,-0.00300976339616759));
#4797=CARTESIAN_POINT('',(-1.65719257621766E-7,0.00594989084047913,-0.0030490835388989));
#4798=CARTESIAN_POINT('',(0.00182552726850678,0.0056503506819516,-0.00308840432258476));
#4799=CARTESIAN_POINT('',(0.00336472585928091,0.00488886540342022,-0.00311973435955527));
#4800=CARTESIAN_POINT('',(0.00468697927115273,0.00365879642412606,-0.003156404929339));
#4801=CARTESIAN_POINT('',(0.00528688149377792,0.00257580180765381,-0.00318290210831167));
#4802=CARTESIAN_POINT('',(0.00549388591458589,0.00201000457944466,-0.00319558323080058));
#4803=CARTESIAN_POINT('',(0.00549378220574594,0.00200996683417867,-0.00319559206451859));
#4804=CARTESIAN_POINT('',(0.0054937822173509,-0.00200970383494111,-0.00327769297463065));
#4805=CARTESIAN_POINT('',(0.0054937822173509,-0.000679952216080124,-0.00351515964402756));
#4806=CARTESIAN_POINT('',(0.0054937822173509,0.000690060449220952,-0.00348357102061159));
#4807=CARTESIAN_POINT('',(0.0054937822173509,0.00200997826081994,-0.00319564444671838));
#4808=CARTESIAN_POINT('',(0.00549378218007416,-0.00200969034774179,-0.00327761744982043));
#4809=CARTESIAN_POINT('',(0.00549397884519466,-0.00200976325643146,-0.0032775743277091));
#4810=CARTESIAN_POINT('',(0.00528698007960264,-0.00257562616982543,-0.0032902566003586));
#4811=CARTESIAN_POINT('',(0.00468704625101918,-0.00365875596844246,-0.0033167566530047));
#4812=CARTESIAN_POINT('',(0.0033646544852025,-0.00488895015672641,-0.0033534306524141));
#4813=CARTESIAN_POINT('',(0.00182526071478878,-0.00565047422985996,-0.00338476439468732));
#4814=CARTESIAN_POINT('',(-6.63314010745998E-7,-0.00594993168585764,-0.0034240901309559));
#4815=CARTESIAN_POINT('',(-0.00182647886641846,-0.00565007550716812,-0.00346341329616253));
#4816=CARTESIAN_POINT('',(-0.00336566408036235,-0.00488826872266368,-0.00349474319579037));
#4817=CARTESIAN_POINT('',(-0.00468787649305821,-0.0036577228758679,-0.00353142362317139));
#4818=CARTESIAN_POINT('',(-0.00528756017081988,-0.00257446397259956,-0.00355792291616301));
#4819=CARTESIAN_POINT('',(-0.00549443281336922,-0.00200856547611129,-0.00357060446273126));
#4820=CARTESIAN_POINT('',(-0.00549378213923451,-0.00200833029392922,-0.00357072411962402));
#4821=CARTESIAN_POINT('',(-0.0054937822173509,-0.00200838850295434,-0.00357099112837143));
#4822=CARTESIAN_POINT('',(-0.0054937822173509,-0.000689019230974431,-0.00385861915509635));
#4823=CARTESIAN_POINT('',(-0.0054937822173509,0.000680604078204039,-0.00389009782743027));
#4824=CARTESIAN_POINT('',(-0.0054937822173509,0.00201016625350111,-0.00365261038655913));
#4825=CARTESIAN_POINT('',(-0.00549378217996569,0.00201016084653275,-0.0036525801159032));
#4826=CARTESIAN_POINT('',(-0.0054938454520017,0.00201018416949874,-0.00365257244350812));
#4827=CARTESIAN_POINT('',(-0.00528682831757895,0.00257596506241985,-0.00366525335274902));
#4828=CARTESIAN_POINT('',(-0.004686910199513,0.00365892131790175,-0.00369174990070964));
#4829=CARTESIAN_POINT('',(-0.00336466952169275,0.0048889370626688,-0.00372841903351748));
#4830=CARTESIAN_POINT('',(-0.00182549139747544,0.00565039531517267,-0.00375974852438882));
#4831=CARTESIAN_POINT('',(1.67434431752481E-7,0.00594992501379652,-0.00379906833821476));
#4832=CARTESIAN_POINT('',(0.00182579977773665,0.00565029737890249,-0.00383838750298597));
#4833=CARTESIAN_POINT('',(0.00336492759256456,0.00488876975734457,-0.00386971602214349));
#4834=CARTESIAN_POINT('',(0.00468712653522913,0.003658665818355,-0.00390638677931572));
#4835=CARTESIAN_POINT('',(0.00528698416451513,0.00257567606094938,-0.00393288313562985));
#4836=CARTESIAN_POINT('',(0.00549397071166521,0.00200988540905525,-0.00394556386160816));
#4837=CARTESIAN_POINT('',(0.00549378229611755,0.00200981601047874,-0.00394554291783297));
#4838=CARTESIAN_POINT('',(0.0054937822173509,-0.00200943580675367,-0.00402774083583862));
#4839=CARTESIAN_POINT('',(0.0054937822173509,-0.000679813373775902,-0.00426515278330511));
#4840=CARTESIAN_POINT('',(0.0054937822173509,0.000690057337010044,-0.00423355664685767));
#4841=CARTESIAN_POINT('',(0.0054937822173509,0.00200984452034524,-0.00394567362007274));
#4842=CARTESIAN_POINT('',(0.00549378208373378,-0.00200940075798774,-0.00402754454569426));
#4843=CARTESIAN_POINT('',(0.00549410892549005,-0.00200952026484253,-0.00402754624587234));
#4844=CARTESIAN_POINT('',(0.00528713645036975,-0.00257539312274452,-0.00404022833778619));
#4845=CARTESIAN_POINT('',(0.00468725441750689,-0.00365855519445839,-0.00406672816772376));
#4846=CARTESIAN_POINT('',(0.00336489665826772,-0.00488883164203926,-0.00410340349419449));
#4847=CARTESIAN_POINT('',(0.00182554258611446,-0.00565042204988036,-0.00413473632650987));
#4848=CARTESIAN_POINT('',(-3.65161248594E-7,-0.00594997063709397,-0.00417406140526701));
#4849=CARTESIAN_POINT('',(-0.00182621372150303,-0.00565020417299119,-0.00421338506830365));
#4850=CARTESIAN_POINT('',(-0.00336545438811263,-0.00488845932149206,-0.00424471578465997));
#4851=CARTESIAN_POINT('',(-0.00468771552519659,-0.00365798962334302,-0.00428139465066453));
#4852=CARTESIAN_POINT('',(-0.00528746143597655,-0.00257475593368057,-0.00430789406231306));
#4853=CARTESIAN_POINT('',(-0.0054943652271038,-0.00200886302321971,-0.00432057575442127));
#4854=CARTESIAN_POINT('',(-0.00549378223313635,-0.00200864762052429,-0.00432047551573101));
#4855=CARTESIAN_POINT('',(-0.0054937822173509,-0.00200874318191851,-0.00432091380150668));
#4856=CARTESIAN_POINT('',(-0.0054937822173509,-0.000689236915229707,-0.00460861161316065));
#4857=CARTESIAN_POINT('',(-0.0054937822173509,0.000680539911191041,-0.00464011884025311));
#4858=CARTESIAN_POINT('',(-0.0054937822173509,0.00201024713884739,-0.00440259593846448));
#4859=CARTESIAN_POINT('',(-0.00549378213584556,0.00201023959334155,-0.00440255369700657));
#4860=CARTESIAN_POINT('',(-0.00549385641040675,0.00201026681685052,-0.0044025516598608));
#4861=CARTESIAN_POINT('',(-0.00528683193572349,0.00257604563771924,-0.00441523252531197));
#4862=CARTESIAN_POINT('',(-0.00468690079833675,0.00365899461706221,-0.00444172891716951));
#4863=CARTESIAN_POINT('',(-0.00336465237921031,0.00488899493003423,-0.00447839753852225));
#4864=CARTESIAN_POINT('',(-0.00182546744739468,0.00565044335297258,-0.00450972695533762));
#4865=CARTESIAN_POINT('',(1.93383674553264E-7,0.00594996296413893,-0.00454904655606054));
#4866=CARTESIAN_POINT('',(0.0018258234389853,0.00565032967915659,-0.00458836540729515));
#4867=CARTESIAN_POINT('',(0.00336494977898559,0.00488880072615428,-0.00461969370193414));
#4868=CARTESIAN_POINT('',(0.00468714926791271,0.00365869843311822,-0.00465636419910347));
#4869=CARTESIAN_POINT('',(0.00528700999521323,0.00257571094665343,-0.0046828603696672));
#4870=CARTESIAN_POINT('',(0.00549399888462217,0.00200992101367918,-0.00469554102350013));
#4871=CARTESIAN_POINT('',(0.00549378227976028,0.0020098407508036,-0.00469549551108285));
#4872=CARTESIAN_POINT('',(0.0054937822173509,-0.00201023062867935,-0.00477759888763017));
#4873=CARTESIAN_POINT('',(0.0054937822173509,-0.000680347503569722,-0.00501515125973065));
#4874=CARTESIAN_POINT('',(0.0054937822173509,0.000689816422483517,-0.00498361296686849));
#4875=CARTESIAN_POINT('',(0.0054937822173509,0.00200987800853687,-0.00469566631530027));
#4876=CARTESIAN_POINT('',(0.00549378222087236,-0.00201022684976301,-0.00477757773222337));
#4877=CARTESIAN_POINT('',(0.00549387844386296,-0.00201026289856612,-0.00477754025402232));
#4878=CARTESIAN_POINT('',(0.00528683637841685,-0.00257609316553677,-0.00479022221742131));
#4879=CARTESIAN_POINT('',(0.00468683355412307,-0.00365913792359552,-0.00481672118051809));
#4880=CARTESIAN_POINT('',(0.00336443258743165,-0.00488918721973493,-0.00485339167342061));
#4881=CARTESIAN_POINT('',(0.00182504338868586,-0.00565062016205649,-0.00488472487426836));
#4882=CARTESIAN_POINT('',(-8.34017437079503E-7,-0.00595000064174601,-0.00492404911167101));
#4883=CARTESIAN_POINT('',(-0.00182657474976008,-0.00565011791608517,-0.00496337011754557));
#4884=CARTESIAN_POINT('',(-0.00336570090520564,-0.00488832884610009,-0.00499469848560064));
#4885=CARTESIAN_POINT('',(-0.0046878751972981,-0.00365783720493781,-0.00503137706074317));
#4886=CARTESIAN_POINT('',(-0.00528756261054012,-0.00257463041251271,-0.00505787506927196));
#4887=CARTESIAN_POINT('',(-0.00549444567639843,-0.00200875565826371,-0.00507055612013268));
#4888=CARTESIAN_POINT('',(-0.00549378241015328,-0.00200850963343044,-0.00507039835026591));
#4889=CARTESIAN_POINT('',(-0.0054937822173509,-0.00200862751288713,-0.00507093902076872));
#4890=CARTESIAN_POINT('',(-0.0054937822173509,-0.000689045908909097,-0.00535864023942972));
#4891=CARTESIAN_POINT('',(-0.0054937822173509,0.000680808717098489,-0.00539011037969645));
#4892=CARTESIAN_POINT('',(-0.0054937822173509,0.00201058214465551,-0.00515253609207404));
#4893=CARTESIAN_POINT('',(-0.00549226079563738,0.00201462559770271,-0.00515265324195944));
#4894=CARTESIAN_POINT('',(-0.00549229580980362,0.00201463902880924,-0.00515262703901793));
#4895=CARTESIAN_POINT('',(-0.00528487830035945,0.00258010110533781,-0.0051653061585346));
#4896=CARTESIAN_POINT('',(-0.00468430874066697,0.00366223293161325,-0.00519179509395541));
#4897=CARTESIAN_POINT('',(-0.0033619781209037,0.00489079850958954,-0.0052284332172795));
#4898=CARTESIAN_POINT('',(-0.001822810239251,0.00565129910523641,-0.00525976151833755));
#4899=CARTESIAN_POINT('',(2.42294894641643E-6,0.00594993038034921,-0.00529907198083261));
#4900=CARTESIAN_POINT('',(0.00182725743072431,0.00564983358975339,-0.00533837308217726));
#4901=CARTESIAN_POINT('',(0.00336565492282829,0.00488829391242992,-0.00536968730246086));
#4902=CARTESIAN_POINT('',(0.00468731926137939,0.00365844201281523,-0.00540634891935569));
#4903=CARTESIAN_POINT('',(0.00528696644816205,0.00257584131644636,-0.00543283509570911));
#4904=CARTESIAN_POINT('',(0.00549391911967436,0.00201025163062025,-0.00544551157342627));
#4905=CARTESIAN_POINT('',(0.00549378230569959,0.00201020030048976,-0.00544545495085493));
#4906=CARTESIAN_POINT('',(0.0054937822173509,-0.00200997912018371,-0.00552764381090439));
#4907=CARTESIAN_POINT('',(0.0054937822173509,-0.000680056373205903,-0.00576517355521133));
#4908=CARTESIAN_POINT('',(0.0054937822173509,0.000690142216067934,-0.00573358148231266));
#4909=CARTESIAN_POINT('',(0.0054937822173509,0.00201022967580138,-0.00544558960041596));
#4910=CARTESIAN_POINT('',(0.00549378229081938,-0.00200998528484668,-0.00552767832668905));
#4911=CARTESIAN_POINT('',(0.00549399181592972,-0.00201006564369992,-0.00552751319699175));
#4912=CARTESIAN_POINT('',(0.00528696613739406,-0.00257591832591572,-0.00554019531621765));
#4913=CARTESIAN_POINT('',(0.00468698533696655,-0.00365901597280185,-0.00556669480668688));
#4914=CARTESIAN_POINT('',(0.00336456946777253,-0.00488914582328901,-0.00560336689015915));
#4915=CARTESIAN_POINT('',(0.00182515568377836,-0.00565062850734289,-0.00563470039470824));
#4916=CARTESIAN_POINT('',(-7.68779045665664E-7,-0.00595004462725266,-0.00567402537591357));
#4917=CARTESIAN_POINT('',(-0.00182656734138291,-0.00565016582291791,-0.00571334737790858));
#4918=CARTESIAN_POINT('',(-0.00336573890676206,-0.00488835506610381,-0.00574467642833882));
#4919=CARTESIAN_POINT('',(-0.00468794618038371,-0.00365781752757337,-0.00578135596166447));
#4920=CARTESIAN_POINT('',(-0.00528763650712659,-0.00257457043340262,-0.00580785457199753));
#4921=CARTESIAN_POINT('',(-0.00549451574937609,-0.00200867666851055,-0.00582053584990896));
#4922=CARTESIAN_POINT('',(-0.00549378260660477,-0.00200840490164824,-0.00582036874120405));
#4923=CARTESIAN_POINT('',(-0.00549378221735089,-0.0020085336915684,-0.00582095947574648));
#4924=CARTESIAN_POINT('',(-0.00549378221735089,-0.00068902743310024,-0.00610863370757223));
#4925=CARTESIAN_POINT('',(-0.0054937822173509,0.000680744918158567,-0.00614010534550255));
#4926=CARTESIAN_POINT('',(-0.0054937822173509,0.00201044299013523,-0.00590256095224347));
#4927=CARTESIAN_POINT('',(-0.00549378227087746,0.00201044853184628,-0.00590259197298196));
#4928=CARTESIAN_POINT('',(-0.00549386109634287,0.00201047918949847,-0.00590251114770253));
#4929=CARTESIAN_POINT('',(-0.00528682448186409,0.00257623190135457,-0.00591519149200062));
#4930=CARTESIAN_POINT('',(-0.00468688746691862,0.00365912322302657,-0.0059416865230007));
#4931=CARTESIAN_POINT('',(-0.00336467902431144,0.00488906138015869,-0.00597835311044147));
#4932=CARTESIAN_POINT('',(-0.00182555627911539,0.005650487549014,-0.00600968093295258));
#4933=CARTESIAN_POINT('',(2.43668500823616E-8,0.005950031315271,-0.00604899825903954));
#4934=CARTESIAN_POINT('',(0.00182560216554407,0.005650476383081,-0.00608831549003674));
#4935=CARTESIAN_POINT('',(0.00336472026284936,0.00488904238451605,-0.00611964317007891));
#4936=CARTESIAN_POINT('',(0.00468692664829851,0.00365909204164565,-0.00615630999560486));
#4937=CARTESIAN_POINT('',(0.00528685787944611,0.00257619481057937,-0.00618280499853595));
#4938=CARTESIAN_POINT('',(0.00549389146442738,0.00201043979773974,-0.00619548531598736));
#4939=CARTESIAN_POINT('',(0.00552270551465184,0.00192588751166874,-0.00602338106280201));
#4940=CARTESIAN_POINT('',(0.00544359626917222,0.00215314558027091,-0.00601844089033348));
#4941=CARTESIAN_POINT('',(0.00535046378679173,0.00237558600065829,-0.00601345924407914));
#4942=CARTESIAN_POINT('',(0.00492341199128706,0.00323905367994258,-0.00599332382710139));
#4943=CARTESIAN_POINT('',(0.0044800532480517,0.00382736924036811,-0.00597772661094605));
#4944=CARTESIAN_POINT('',(0.00368030628505674,0.00456041542169709,-0.00595536711444668));
#4945=CARTESIAN_POINT('',(0.00339108406841668,0.00477951685663065,-0.00594813539168067));
#4946=CARTESIAN_POINT('',(0.0027772359286472,0.00515994920273072,-0.00593401466779768));
#4947=CARTESIAN_POINT('',(0.00245278522398597,0.00532159633164794,-0.00592708090276564));
#4948=CARTESIAN_POINT('',(0.00178008069948526,0.00558295635286843,-0.00591301536245696));
#4949=CARTESIAN_POINT('',(0.00143182416579143,0.00568265588346635,-0.00590588092233915));
#4950=CARTESIAN_POINT('',(0.000368242088775475,0.00588174242659963,-0.00588352043939565));
#4951=CARTESIAN_POINT('',(-0.000365766368457547,0.00588175529117524,-0.00586746445606768));
#4952=CARTESIAN_POINT('',(-0.00143080318936449,0.00568300650962662,-0.0058447486559044));
#4953=CARTESIAN_POINT('',(-0.00177977125143668,0.00558318784812529,-0.00583747956212757));
#4954=CARTESIAN_POINT('',(-0.00279087601403376,0.00518936156522533,-0.00581629155392754));
#4955=CARTESIAN_POINT('',(-0.00341717569351573,0.00480187469929886,-0.00580278923609493));
#4956=CARTESIAN_POINT('',(-0.00448253024067622,0.00382618446701635,-0.00577320300020831));
#4957=CARTESIAN_POINT('',(-0.0049229973852399,0.00323918666473853,-0.00575740326603881));
#4958=CARTESIAN_POINT('',(-0.00534970558402775,0.00237715598833721,-0.00573717254836534));
#4959=CARTESIAN_POINT('',(-0.00544280731988743,0.00215494404239396,-0.00573221262085893));
#4960=CARTESIAN_POINT('',(-0.00552192759855383,0.00192779935185593,-0.00572731802813131));
#4961=CARTESIAN_POINT('',(0.00553160654608756,0.00192911550186847,-0.00602884624268313));
#4962=CARTESIAN_POINT('',(0.00545236471143468,0.00215674164228451,-0.00602390604585062));
#4963=CARTESIAN_POINT('',(0.00535907717983852,0.00237954178567526,-0.0060189243798407));
#4964=CARTESIAN_POINT('',(0.00493131823805302,0.0032444018262037,-0.00599878893027012));
#4965=CARTESIAN_POINT('',(0.00448723295169758,0.00383365639111639,-0.00598319180005686));
#4966=CARTESIAN_POINT('',(0.00368617817252106,0.00456786931039876,-0.00596083237301891));
#4967=CARTESIAN_POINT('',(0.00339648325984466,0.00478731902965813,-0.00595360065951303));
#4968=CARTESIAN_POINT('',(0.00278163241634457,0.00516835546450869,-0.00593947992111598));
#4969=CARTESIAN_POINT('',(0.00245665209657053,0.0053302587074644,-0.00593254613595468));
#4970=CARTESIAN_POINT('',(0.0017828510969471,0.00559203030084036,-0.00591848055298081));
#4971=CARTESIAN_POINT('',(0.00143402770286013,0.00569188526229606,-0.00591134609040999));
#4972=CARTESIAN_POINT('',(0.000368718102112035,0.00589127409165634,-0.00588898557098515));
#4973=CARTESIAN_POINT('',(-0.000366477942718053,0.00589127110663915,-0.0058729296005477));
#4974=CARTESIAN_POINT('',(-0.00143323347919897,0.00569217903681339,-0.00585021383510682));
#4975=CARTESIAN_POINT('',(-0.00178276392362705,0.00559219210423201,-0.00584294475573242));
#4976=CARTESIAN_POINT('',(-0.0027954962489125,0.00519770948728087,-0.00582175678537042));
#4977=CARTESIAN_POINT('',(-0.00342280148737158,0.00480958410889266,-0.0058082544837745));
#4978=CARTESIAN_POINT('',(-0.00448986271861329,0.00383228955771715,-0.00577866818735912));
#4979=CARTESIAN_POINT('',(-0.00493103305785118,0.00324432869115277,-0.00576286838799504));
#4980=CARTESIAN_POINT('',(-0.00535841611395804,0.00238089477545003,-0.00574263767937147));
#4981=CARTESIAN_POINT('',(-0.00545166432632473,0.00215832213298863,-0.00573767776500368));
#4982=CARTESIAN_POINT('',(-0.00553090824029147,0.00193080937537364,-0.00573278319073019));
#4983=CARTESIAN_POINT('',(0.00554054242700571,0.00193235676720137,-0.0060343616692012));
#4984=CARTESIAN_POINT('',(0.00546116745701665,0.00216035242975407,-0.00602942144784096));
#4985=CARTESIAN_POINT('',(0.00536772424296372,0.00238351371086142,-0.00602443976194276));
#4986=CARTESIAN_POINT('',(0.00493925528768188,0.00324977156840264,-0.00600430427956099));
#4987=CARTESIAN_POINT('',(0.00449444055423262,0.00383996876858245,-0.00598870723586906));
#4988=CARTESIAN_POINT('',(0.00369207274356439,0.00457535291901787,-0.00596634787876026));
#4989=CARTESIAN_POINT('',(0.00340190325080766,0.00479515226125892,-0.0059591161745769));
#4990=CARTESIAN_POINT('',(0.00278604570898485,0.00517679510269654,-0.00594499542156748));
#4991=CARTESIAN_POINT('',(0.00246053366575031,0.00533895543911816,-0.00593806161614112));
#4992=CARTESIAN_POINT('',(0.00178563183417261,0.00560114016513724,-0.00592399599021424));
#4993=CARTESIAN_POINT('',(0.00143623933123019,0.00570115113837663,-0.00591686150503897));
#4994=CARTESIAN_POINT('',(0.000369195373974397,0.00590084334095075,-0.00589450094888741));
#4995=CARTESIAN_POINT('',(-0.000367192931179079,0.00590082436301666,-0.00587844499142831));
#4996=CARTESIAN_POINT('',(-0.00143567392355565,0.00570138754361003,-0.00585572926094376));
#4997=CARTESIAN_POINT('',(-0.00178576895206259,0.00560123164344346,-0.00584846019606853));
#4998=CARTESIAN_POINT('',(-0.00280013520242111,0.0052060900125437,-0.00582727226379814));
#4999=CARTESIAN_POINT('',(-0.00342844991754174,0.00481732355022687,-0.00581376997854727));
#5000=CARTESIAN_POINT('',(-0.00449722445972885,0.00383841823470522,-0.00578418362119591));
#5001=CARTESIAN_POINT('',(-0.00493910071026165,0.00324949044485515,-0.00576838375619954));
#5002=CARTESIAN_POINT('',(-0.00536716120013272,0.00238464772373954,-0.00574815305668742));
#5003=CARTESIAN_POINT('',(-0.005460556444564,0.00216171295931969,-0.00574319315554665));
#5004=CARTESIAN_POINT('',(-0.00553992445855273,0.0019338306833715,-0.00573829859985134));
#5005=CARTESIAN_POINT('',(0.00555742166088513,0.0019385245371668,-0.00604682786410619));
#5006=CARTESIAN_POINT('',(0.00547779331985492,0.00216721885755022,-0.00604188758660673));
#5007=CARTESIAN_POINT('',(0.00538405420080839,0.00239106274847199,-0.00603690585517333));
#5008=CARTESIAN_POINT('',(0.0049542371377243,0.00325996126696831,-0.00601677029754373));
#5009=CARTESIAN_POINT('',(0.00450804022832613,0.00385193573858499,-0.00600117345155572));
#5010=CARTESIAN_POINT('',(0.00370318537891886,0.00458952691379035,-0.00597881425434742));
#5011=CARTESIAN_POINT('',(0.00341211705868536,0.00480998489759524,-0.00597158257152184));
#5012=CARTESIAN_POINT('',(0.00279435305841412,0.00519276986270012,-0.0059574617852336));
#5013=CARTESIAN_POINT('',(0.00246783417323584,0.00535541419570192,-0.00595052793355529));
#5014=CARTESIAN_POINT('',(0.00179084844554981,0.0056183757261785,-0.00593646220954253));
#5015=CARTESIAN_POINT('',(0.00144037888928758,0.00571867945353093,-0.00592932767272373));
#5016=CARTESIAN_POINT('',(0.000370053968287288,0.00591893788419547,-0.00590696703254299));
#5017=CARTESIAN_POINT('',(-0.000368588091407168,0.00591888291274787,-0.00589091110450989));
#5018=CARTESIAN_POINT('',(-0.00144032914268312,0.00571878653054593,-0.00586819545387026));
#5019=CARTESIAN_POINT('',(-0.00179149061442283,0.00561830877532084,-0.00586092642218407));
#5020=CARTESIAN_POINT('',(-0.00280894250040509,0.00522191445918501,-0.00583973857724095));
#5021=CARTESIAN_POINT('',(-0.00343916264741303,0.00483193194085618,-0.0058262363296334));
#5022=CARTESIAN_POINT('',(-0.00451116966059716,0.0038499723720881,-0.00579664983286705));
#5023=CARTESIAN_POINT('',(-0.00495437681050086,0.00325921189043172,-0.00578084981751869));
#5024=CARTESIAN_POINT('',(-0.00538371223947351,0.00239170294105672,-0.00576061913876128));
#5025=CARTESIAN_POINT('',(-0.00547738392662443,0.0021680832187837,-0.00575565926787906));
#5026=CARTESIAN_POINT('',(-0.00555698495982002,0.00193950222782572,-0.005750764754698));
#5027=CARTESIAN_POINT('',(0.00556534874000602,0.00194144473007559,-0.00605375008588277));
#5028=CARTESIAN_POINT('',(0.005485600422821,0.00217046750725094,-0.00604880977690899));
#5029=CARTESIAN_POINT('',(0.00539172138134024,0.00239463220853641,-0.00604382801994009));
#5030=CARTESIAN_POINT('',(0.00496126757979428,0.00326477102269756,-0.00602369242005913));
#5031=CARTESIAN_POINT('',(0.00451441930879044,0.00385757844352091,-0.00600809568477366));
#5032=CARTESIAN_POINT('',(0.00370839290491646,0.00459620332759015,-0.00598573657714746));
#5033=CARTESIAN_POINT('',(0.00341690122307083,0.00481696970925131,-0.00597850490630489));
#5034=CARTESIAN_POINT('',(0.00279823934012624,0.00520028931720892,-0.00596438410143001));
#5035=CARTESIAN_POINT('',(0.00247124632701894,0.00536316009989686,-0.00595745022387667));
#5036=CARTESIAN_POINT('',(0.00179327958071122,0.00562648458211941,-0.00594338444496863));
#5037=CARTESIAN_POINT('',(0.00144230313494961,0.00572692478522894,-0.00593624987923603));
#5038=CARTESIAN_POINT('',(0.000370434809477466,0.00592744557993427,-0.00591388919195787));
#5039=CARTESIAN_POINT('',(-0.000369266558132071,0.00592737068925791,-0.00589783328030303));
#5040=CARTESIAN_POINT('',(-0.00144253906284787,0.00572696019715162,-0.00587511767435829));
#5041=CARTESIAN_POINT('',(-0.00179420136566519,0.00562632988644206,-0.00586784866128082));
#5042=CARTESIAN_POINT('',(-0.00281310199310289,0.00522934317014095,-0.00584666086535861));
#5043=CARTESIAN_POINT('',(-0.00344421626949148,0.0048387868932709,-0.00583315863895536));
#5044=CARTESIAN_POINT('',(-0.00451773935732341,0.00385538687423298,-0.00580357206405009));
#5045=CARTESIAN_POINT('',(-0.0049615702325163,0.00326376244143203,-0.00578777196435058));
#5046=CARTESIAN_POINT('',(-0.00539150197540429,0.0023949986809639,-0.00576754129718674));
#5047=CARTESIAN_POINT('',(-0.00548530281707883,0.00217105679074156,-0.00576258144326227));
#5048=CARTESIAN_POINT('',(-0.00556501255604756,0.00194214728258697,-0.00575768695391345));
#5049=CARTESIAN_POINT('',(0.00558556537430318,0.00194900190527402,-0.00607636982730245));
#5050=CARTESIAN_POINT('',(0.00550550650210847,0.00217886394788062,-0.00607142941465345));
#5051=CARTESIAN_POINT('',(0.0054112661715332,0.00240384790329613,-0.00606644757354938));
#5052=CARTESIAN_POINT('',(0.00497917164503188,0.00327715056690756,-0.00604631183426938));
#5053=CARTESIAN_POINT('',(0.00453065175244131,0.00387207427905453,-0.00603071546314246));
#5054=CARTESIAN_POINT('',(0.00372162097013221,0.00461332249254393,-0.00600835665036512));
#5055=CARTESIAN_POINT('',(0.00342904380683148,0.00483487109493286,-0.00600112501902517));
#5056=CARTESIAN_POINT('',(0.00280808020269142,0.00521954613162135,-0.00598700415317651));
#5057=CARTESIAN_POINT('',(0.00247987205733694,0.00538299047250706,-0.00598007019058889));
#5058=CARTESIAN_POINT('',(0.00179939247390605,0.00564723193712886,-0.00596600423119683));
#5059=CARTESIAN_POINT('',(0.00144711833001301,0.00574801549245848,-0.00595886957036409));
#5060=CARTESIAN_POINT('',(0.000371301965045507,0.0059491888603197,-0.00593650872799571));
#5061=CARTESIAN_POINT('',(-0.000371105011022548,0.00594904914353653,-0.00592045286987027));
#5062=CARTESIAN_POINT('',(-0.00144828515433517,0.00574781730684636,-0.00589773741090265));
#5063=CARTESIAN_POINT('',(-0.00180122470214334,0.00564679141292407,-0.00589046845912641));
#5064=CARTESIAN_POINT('',(-0.00282381831891143,0.00524827483422255,-0.00586928082489218));
#5065=CARTESIAN_POINT('',(-0.00345720952892709,0.00485624293190911,-0.00585577866868579));
#5066=CARTESIAN_POINT('',(-0.0045345897690766,0.00386914108223822,-0.00582619183647741));
#5067=CARTESIAN_POINT('',(-0.00498000524905071,0.00327529815460249,-0.00581039145872894));
#5068=CARTESIAN_POINT('',(-0.00541144642756666,0.00240332185998264,-0.00579016082960432));
#5069=CARTESIAN_POINT('',(-0.00550557352614735,0.00217855606802439,-0.00578520103151466));
#5070=CARTESIAN_POINT('',(-0.00558555711245128,0.00194880698446493,-0.00578030662065686));
#5071=CARTESIAN_POINT('',(0.0055939081921607,0.00195229689695867,-0.00609368556874651));
#5072=CARTESIAN_POINT('',(0.00551371380719437,0.0021825078413375,-0.00608874507580597));
#5073=CARTESIAN_POINT('',(0.00541931724500539,0.00240783162006931,-0.00608376316951625));
#5074=CARTESIAN_POINT('',(0.00498651858233054,0.00328244102367063,-0.00606362732200518));
#5075=CARTESIAN_POINT('',(0.00453729208456446,0.00387822520885437,-0.00604803123230423));
#5076=CARTESIAN_POINT('',(0.00372699491004103,0.00462053515637332,-0.00602567264759224));
#5077=CARTESIAN_POINT('',(0.00343396052399765,0.00484239965663461,-0.00601844104688291));
#5078=CARTESIAN_POINT('',(0.00281202805625327,0.00522762104545199,-0.00600432013411685));
#5079=CARTESIAN_POINT('',(0.00248330889561585,0.00539129570892831,-0.00599738610591386));
#5080=CARTESIAN_POINT('',(0.00180177478635843,0.00565590166258065,-0.0059833200071576));
#5081=CARTESIAN_POINT('',(0.00144895714065358,0.00575681934676845,-0.00597618527284553));
#5082=CARTESIAN_POINT('',(0.000371492480325835,0.00595823542811037,-0.00595382431042416));
#5083=CARTESIAN_POINT('',(-0.000372037496078157,0.0059580464170439,-0.0059377684932441));
#5084=CARTESIAN_POINT('',(-0.00145083331579048,0.00575644306942559,-0.00591505314780397));
#5085=CARTESIAN_POINT('',(-0.00180429988534116,0.0056552434553697,-0.00590778424350846));
#5086=CARTESIAN_POINT('',(-0.00282841464122448,0.00525606493059475,-0.00588659673475528));
#5087=CARTESIAN_POINT('',(-0.00346274003086539,0.0048634042242997,-0.0058730946333394));
#5088=CARTESIAN_POINT('',(-0.00454169700741918,0.00387472939157429,-0.00584350760196357));
#5089=CARTESIAN_POINT('',(-0.00498775660733437,0.00327994662545747,-0.00582770700863687));
#5090=CARTESIAN_POINT('',(-0.00541980242927462,0.00240662475070774,-0.00580747640878995));
#5091=CARTESIAN_POINT('',(-0.00551405913517195,0.00218151531242795,-0.00580251665391329));
#5092=CARTESIAN_POINT('',(-0.00559415028523421,0.00195141694859377,-0.00579762230382907));
#5093=CARTESIAN_POINT('',(0.00559352376472485,0.00195291413445544,-0.0061276909437918));
#5094=CARTESIAN_POINT('',(0.00551330355048406,0.002183120170885,-0.00612275029322155));
#5095=CARTESIAN_POINT('',(0.00541888306244177,0.00240843588242601,-0.00611776825890748));
#5096=CARTESIAN_POINT('',(0.00498599886506306,0.0032829899168866,-0.00609763219840138));
#5097=CARTESIAN_POINT('',(0.00453673176915846,0.00387867837505411,-0.00608203666007657));
#5098=CARTESIAN_POINT('',(0.0037263770702103,0.00462084853035742,-0.00605967852257754));
#5099=CARTESIAN_POINT('',(0.00343332330195515,0.00484266837770856,-0.00605244698207381));
#5100=CARTESIAN_POINT('',(0.00281135258242981,0.00522780793099493,-0.00603832597777051));
#5101=CARTESIAN_POINT('',(0.00248261525812083,0.0053914442134263,-0.00603139182120115));
#5102=CARTESIAN_POINT('',(0.00180105320908269,0.00565597266164368,-0.00601732544961808));
#5103=CARTESIAN_POINT('',(0.00144822581279855,0.00575685118881881,-0.00601019057137226));
#5104=CARTESIAN_POINT('',(0.000370754017167103,0.00595814016286187,-0.00598782937336804));
#5105=CARTESIAN_POINT('',(-0.000372752446347094,0.00595785512268564,-0.0059717736356119));
#5106=CARTESIAN_POINT('',(-0.00145148736819286,0.00575612688363957,-0.00594905851248776));
#5107=CARTESIAN_POINT('',(-0.0018049293903622,0.00565488959839183,-0.00594178970141828));
#5108=CARTESIAN_POINT('',(-0.00282896162261753,0.00525560806667162,-0.0059206024395035));
#5109=CARTESIAN_POINT('',(-0.00346322022190944,0.00486288974822987,-0.00590710044645562));
#5110=CARTESIAN_POINT('',(-0.00454203914650378,0.00387408966461636,-0.00587751302426187));
#5111=CARTESIAN_POINT('',(-0.00498802633526299,0.00327924411239278,-0.00586171200725186));
#5112=CARTESIAN_POINT('',(-0.00541996468349241,0.00240589763718093,-0.00584148146454119));
#5113=CARTESIAN_POINT('',(-0.00551419348451691,0.00218078813511545,-0.00583652179444761));
#5114=CARTESIAN_POINT('',(-0.00559425593249734,0.00195069360426266,-0.00583162756364882));
#5115=CARTESIAN_POINT('',(0.00558479758734583,0.00195025036409751,-0.00614499652989858));
#5116=CARTESIAN_POINT('',(0.00550468647364825,0.00218010283242074,-0.00614005579893804));
#5117=CARTESIAN_POINT('',(0.00541039772248981,0.00240507083081879,-0.00613507369930643));
#5118=CARTESIAN_POINT('',(0.00497812995589431,0.00327826300881019,-0.00611493752991232));
#5119=CARTESIAN_POINT('',(0.00452952748646535,0.00387299438814925,-0.00609934227221383));
#5120=CARTESIAN_POINT('',(0.00372037944975272,0.00461396155068946,-0.00607698436252163));
#5121=CARTESIAN_POINT('',(0.0034277627501843,0.0048354203569612,-0.00606975285275858));
#5122=CARTESIAN_POINT('',(0.00280672105665729,0.00521993079337156,-0.00605563180206299));
#5123=CARTESIAN_POINT('',(0.00247847578301483,0.00538329791198946,-0.00604869758025709));
#5124=CARTESIAN_POINT('',(0.00179793883547905,0.00564738334182755,-0.00603463106992869));
#5125=CARTESIAN_POINT('',(0.00144564450728724,0.00574808801878521,-0.00602749611844149));
#5126=CARTESIAN_POINT('',(0.000369812195562035,0.00594900515886209,-0.00600513480034593));
#5127=CARTESIAN_POINT('',(-0.000372548396350908,0.00594867164402891,-0.00598907910260629));
#5128=CARTESIAN_POINT('',(-0.00144960718970968,0.00574718747263729,-0.00596636409257533));
#5129=CARTESIAN_POINT('',(-0.0018024977055885,0.0056460854086272,-0.00595909532905622));
#5130=CARTESIAN_POINT('',(-0.00282492625061866,0.00524736037698715,-0.00593790819327815));
#5131=CARTESIAN_POINT('',(-0.00345818358081368,0.00485521164302961,-0.00592440625590592));
#5132=CARTESIAN_POINT('',(-0.004535286765584,0.00386785560335921,-0.00589481863449446));
#5133=CARTESIAN_POINT('',(-0.00498055675211553,0.0032738851123011,-0.00587901740117588));
#5134=CARTESIAN_POINT('',(-0.00541178165667571,0.00240185791729987,-0.00585878688743011));
#5135=CARTESIAN_POINT('',(-0.00550585257533302,0.00217709167341561,-0.00585382726054821));
#5136=CARTESIAN_POINT('',(-0.00558577835250686,0.0019473499948834,-0.00584893309057094));
#5137=CARTESIAN_POINT('',(0.00555730834651844,0.00194131739206624,-0.00617500546061366));
#5138=CARTESIAN_POINT('',(0.00547756350522059,0.00217004818378254,-0.00617006459161586));
#5139=CARTESIAN_POINT('',(0.00538371166776028,0.00239391546924942,-0.00616508237978197));
#5140=CARTESIAN_POINT('',(0.0049534688588984,0.00326281411167133,-0.00614494602294926));
#5141=CARTESIAN_POINT('',(0.00450701161810183,0.00385456998797655,-0.00612935124608695));
#5142=CARTESIAN_POINT('',(0.00370174641522642,0.00459181146581759,-0.00610699372707759));
#5143=CARTESIAN_POINT('',(0.00341053505574869,0.00481215411192705,-0.00609976227016372));
#5144=CARTESIAN_POINT('',(0.00279247835582486,0.00519472259856917,-0.00608564114032938));
#5145=CARTESIAN_POINT('',(0.00246581251261281,0.00535726134838251,-0.00607870680691731));
#5146=CARTESIAN_POINT('',(0.00178855873290946,0.00561999392768307,-0.00606464005905727));
#5147=CARTESIAN_POINT('',(0.00143796817822597,0.00572017416080086,-0.0060575049821016));
#5148=CARTESIAN_POINT('',(0.000367359081340762,0.00592000157545101,-0.0060351434578962));
#5149=CARTESIAN_POINT('',(-0.000371371898675317,0.00591958457607118,-0.00601908782799316));
#5150=CARTESIAN_POINT('',(-0.0014431410028871,0.00571896926777638,-0.00599637301164019));
#5151=CARTESIAN_POINT('',(-0.00179429434669769,0.00561832534229602,-0.00598910432977937));
#5152=CARTESIAN_POINT('',(-0.00281167970457752,0.00522144741311638,-0.00596791741103741));
#5153=CARTESIAN_POINT('',(-0.00344179955392951,0.00483115395854634,-0.00595441556999624));
#5154=CARTESIAN_POINT('',(-0.00451354385525101,0.00384848618690469,-0.00592482760668426));
#5155=CARTESIAN_POINT('',(-0.00495658459394584,0.00325734702231478,-0.00590902600152869));
#5156=CARTESIAN_POINT('',(-0.00538561806628031,0.00238953681112191,-0.0058887955372064));
#5157=CARTESIAN_POINT('',(-0.00547920706835232,0.00216586309565435,-0.00588383598447412));
#5158=CARTESIAN_POINT('',(-0.00555871902663405,0.00193724160797603,-0.00587894191890885));
#5159=CARTESIAN_POINT('',(0.00553911302804061,0.00193522623216057,-0.00618679696457421));
#5160=CARTESIAN_POINT('',(0.00545961806276158,0.00216321198803051,-0.00618185604248022));
#5161=CARTESIAN_POINT('',(0.00536606263937503,0.00238634894343749,-0.00617687378745782));
#5162=CARTESIAN_POINT('',(0.00493718752496504,0.00325240454222508,-0.00615673735822481));
#5163=CARTESIAN_POINT('',(0.0044921671947449,0.00384220391947714,-0.00614114276565641));
#5164=CARTESIAN_POINT('',(0.00368949894293825,0.00457700041604833,-0.00611878539661305));
#5165=CARTESIAN_POINT('',(0.00339922716942388,0.00479661124807556,-0.0061115539600693));
#5166=CARTESIAN_POINT('',(0.00278316548255702,0.00517790748487812,-0.00609743280013006));
#5167=CARTESIAN_POINT('',(0.00245755474847249,0.00533990437114697,-0.00609049842405335));
#5168=CARTESIAN_POINT('',(0.00178249186863689,0.00560175556832697,-0.00607643158528193));
#5169=CARTESIAN_POINT('',(0.00143303712258097,0.00570159631591958,-0.00606929646025399));
#5170=CARTESIAN_POINT('',(0.000365904576799622,0.00590072931815968,-0.00604693485683117));
#5171=CARTESIAN_POINT('',(-0.000370417389474171,0.00590027985817322,-0.00603087925245719));
#5172=CARTESIAN_POINT('',(-0.00143868206908729,0.00570027259233749,-0.00600816451027184));
#5173=CARTESIAN_POINT('',(-0.0017886856277931,0.00559994250543744,-0.00600089585982755));
#5174=CARTESIAN_POINT('',(-0.00280273574898697,0.00520431815035016,-0.00597970902485759));
#5175=CARTESIAN_POINT('',(-0.00343078438552913,0.00481527279962791,-0.00596620722134169));
#5176=CARTESIAN_POINT('',(-0.00449899677045293,0.00383575408273948,-0.00593661912662946));
#5177=CARTESIAN_POINT('',(-0.00494057186301602,0.00324651359713296,-0.00592081737817822));
#5178=CARTESIAN_POINT('',(-0.00536817327542029,0.0023815147212674,-0.00590058693266565));
#5179=CARTESIAN_POINT('',(-0.00546144838064693,0.00215856784505131,-0.00589562740842371));
#5180=CARTESIAN_POINT('',(-0.00554069193703068,0.00193069066309219,-0.00589073338300518));
#5181=CARTESIAN_POINT('',(0.00552123408645914,0.00192922553027197,-0.00619768421066867));
#5182=CARTESIAN_POINT('',(0.00544198529489595,0.00215647898037691,-0.00619274323966428));
#5183=CARTESIAN_POINT('',(0.00534872175532322,0.00237889815216747,-0.00618776094485329));
#5184=CARTESIAN_POINT('',(0.00492119292131122,0.00324216004588151,-0.00616762444887922));
#5185=CARTESIAN_POINT('',(0.00447758599196561,0.00383003807371205,-0.00615203002597026));
#5186=CARTESIAN_POINT('',(0.0036774718687287,0.00456243392965115,-0.0061296727950207));
#5187=CARTESIAN_POINT('',(0.00338812415731391,0.00478132627688031,-0.0061224413772481));
#5188=CARTESIAN_POINT('',(0.00277402445968001,0.00516137352235851,-0.006108320189631));
#5189=CARTESIAN_POINT('',(0.00244945132575846,0.00532283852348465,-0.00610138577429558));
#5190=CARTESIAN_POINT('',(0.00177654278644245,0.00558382488103785,-0.00608731885185267));
#5191=CARTESIAN_POINT('',(0.00142820479780448,0.00568333270731774,-0.0060801836825723));
#5192=CARTESIAN_POINT('',(0.000364490021561566,0.00588178569867197,-0.00605782200618723));
#5193=CARTESIAN_POINT('',(-0.000369464249835592,0.00588130631853701,-0.00604176642523937));
#5194=CARTESIAN_POINT('',(-0.00143428516664659,0.00568189937775322,-0.00601905175132189));
#5195=CARTESIAN_POINT('',(-0.00178315893814102,0.00558187859085001,-0.0060117831298183));
#5196=CARTESIAN_POINT('',(-0.00279393206659225,0.0051874886970255,-0.00599059637206284));
#5197=CARTESIAN_POINT('',(-0.00341994598278232,0.00479967148868382,-0.00597709460318925));
#5198=CARTESIAN_POINT('',(-0.00448468917361069,0.00382325104273193,-0.00594750638745351));
#5199=CARTESIAN_POINT('',(-0.0049248249584123,0.00323587835197314,-0.00593170450696019));
#5200=CARTESIAN_POINT('',(-0.00535102081173009,0.00237364366704679,-0.00591147407874226));
#5201=CARTESIAN_POINT('',(-0.00544398791977299,0.00215141131112102,-0.0059065145807396));
#5202=CARTESIAN_POINT('',(-0.00552296821967247,0.00192426573924493,-0.0059016205923004));
#5203=CARTESIAN_POINT('',(0.0054937822173509,0.00201032779388062,-0.00619511143827236));
#5204=CARTESIAN_POINT('',(0.0054937822173509,0.00206035829131997,-0.00618423793373948));
#5205=CARTESIAN_POINT('',(0.0054937822173509,0.00208726663809565,-0.0061815498915726));
#5206=CARTESIAN_POINT('',(0.0054937822173509,0.00220781890278853,-0.00613469913195462));
#5207=CARTESIAN_POINT('',(0.0054937822173509,0.00222448204404006,-0.00610406193796935));
#5208=CARTESIAN_POINT('',(0.0054937822173509,0.00220647268444681,-0.00607430508325072));
#5209=CARTESIAN_POINT('',(0.0054937822173509,0.00208505305832229,-0.00603236115036151));
#5210=CARTESIAN_POINT('',(0.0054937822173509,0.00205879990026826,-0.00603085744806089));
#5211=CARTESIAN_POINT('',(0.0054937822173509,0.0020086200274685,-0.00602189134752662));
#5212=CARTESIAN_POINT('',(-0.0054937822173509,0.00200860077729856,-0.00572934648315078));
#5213=CARTESIAN_POINT('',(-0.0054937822173509,0.00205841876118796,-0.00574016016422398));
#5214=CARTESIAN_POINT('',(-0.0054937822173509,0.00210544523700861,-0.00574853225143572));
#5215=CARTESIAN_POINT('',(-0.0054937822173509,0.00227377442354705,-0.00581614680719139));
#5216=CARTESIAN_POINT('',(-0.0054937822173509,0.0021109343809826,-0.00588878064866903));
#5217=CARTESIAN_POINT('',(-0.0054937822173509,0.00206096092744215,-0.0058936485769988));
#5218=CARTESIAN_POINT('',(-0.0054937822173509,0.0020104651910315,-0.00590268506422469));
#5219=CARTESIAN_POINT('',(0.00552263576703538,0.00192573192655017,-0.00527338927416825));
#5220=CARTESIAN_POINT('',(0.00544350628166263,0.00215280741676018,-0.00526838985865173));
#5221=CARTESIAN_POINT('',(0.00535046080013073,0.00237501017738964,-0.00526336343063403));
#5222=CARTESIAN_POINT('',(0.00508440350911236,0.0029140815476877,-0.00525076705586083));
#5223=CARTESIAN_POINT('',(0.00489432499818873,0.003222577291948,-0.00524317956095541));
#5224=CARTESIAN_POINT('',(0.00446040501820639,0.00379975902835161,-0.0052280699849174));
#5225=CARTESIAN_POINT('',(0.00421673103211135,0.00406852033508357,-0.00522054906714725));
#5226=CARTESIAN_POINT('',(0.00368424793537281,0.00455699326034171,-0.00520570783596812));
#5227=CARTESIAN_POINT('',(0.00339536220714208,0.00477660639588269,-0.0051983969219611));
#5228=CARTESIAN_POINT('',(0.00247396994020522,0.00534846449439061,-0.00517689957035483));
#5229=CARTESIAN_POINT('',(0.00178775522240094,0.00561504811364035,-0.00516302254327708));
#5230=CARTESIAN_POINT('',(0.000722857956883361,0.00581564382648955,-0.00514091375882607));
#5231=CARTESIAN_POINT('',(0.000361964920401974,0.0058489247738349,-0.00513327629231395));
#5232=CARTESIAN_POINT('',(-0.000359642240034444,0.0058487289810124,-0.0051178361167124));
#5233=CARTESIAN_POINT('',(-0.000720356884145423,0.00581535291771439,-0.00511004760834085));
#5234=CARTESIAN_POINT('',(-0.00142957822824679,0.00568311405156869,-0.00509479716267808));
#5235=CARTESIAN_POINT('',(-0.00177804337749388,0.00558405374316701,-0.00508737353670701));
#5236=CARTESIAN_POINT('',(-0.00278739626052287,0.00519174183770385,-0.0050659976906313));
#5237=CARTESIAN_POINT('',(-0.00341255940385695,0.00480487070586685,-0.00505264731834683));
#5238=CARTESIAN_POINT('',(-0.0044797585305554,0.00382986144065761,-0.00502353306096442));
#5239=CARTESIAN_POINT('',(-0.00492107195816889,0.00324089174955222,-0.00500758366660432));
#5240=CARTESIAN_POINT('',(-0.00532244181212238,0.00243158252434205,-0.00498837350157953));
#5241=CARTESIAN_POINT('',(-0.00539520456370378,0.00226606855968565,-0.00498456840782467));
#5242=CARTESIAN_POINT('',(-0.00548162713414213,0.00204141210209058,-0.00497958593732339));
#5243=CARTESIAN_POINT('',(-0.00550234710655004,0.0019849164072133,-0.00497834836188858));
#5244=CARTESIAN_POINT('',(-0.00552217767947667,0.00192811687558266,-0.00497711795962245));
#5245=CARTESIAN_POINT('',(0.00554043730085443,0.00193218626374895,-0.00528431964270074));
#5246=CARTESIAN_POINT('',(0.00546104208566801,0.00215999685818587,-0.00527932018289239));
#5247=CARTESIAN_POINT('',(0.00536768633944584,0.00238291816983058,-0.0052742937157472));
#5248=CARTESIAN_POINT('',(0.005100747165657,0.0029237289000058,-0.00526169728782067));
#5249=CARTESIAN_POINT('',(0.00491004316636521,0.00323321572691447,-0.00525410981384865));
#5250=CARTESIAN_POINT('',(0.00447470099368399,0.00381224466691915,-0.00523900034330113));
#5251=CARTESIAN_POINT('',(0.00423023067219072,0.00408186268574997,-0.00523147950395696));
#5252=CARTESIAN_POINT('',(0.00369600849990118,0.0045718894816462,-0.00521663839622088));
#5253=CARTESIAN_POINT('',(0.00340617965216069,0.00479219959677303,-0.00520932752412039));
#5254=CARTESIAN_POINT('',(0.00248177714536874,0.00536587187640413,-0.00518783014241617));
#5255=CARTESIAN_POINT('',(0.0017933195104085,0.00563329833805762,-0.00517395292921067));
#5256=CARTESIAN_POINT('',(0.000724960060110727,0.00583450653205596,-0.00515184402535022));
#5257=CARTESIAN_POINT('',(0.000362897069336866,0.00586788153852063,-0.00514420655270354));
#5258=CARTESIAN_POINT('',(-0.000361044529796379,0.00586765634953604,-0.00512876640621345));
#5259=CARTESIAN_POINT('',(-0.000722923769247269,0.00583415723009245,-0.00512097793117821));
#5260=CARTESIAN_POINT('',(-0.00143443252654633,0.00570146083508893,-0.00510572755129675));
#5261=CARTESIAN_POINT('',(-0.0017840204798188,0.00560206551216807,-0.00509830395608782));
#5262=CARTESIAN_POINT('',(-0.00279662441918704,0.00520844348808209,-0.00507692815602083));
#5263=CARTESIAN_POINT('',(-0.0034237985649514,0.0048202963233522,-0.00506357776558572));
#5264=CARTESIAN_POINT('',(-0.00449441758380544,0.00384208417122863,-0.00503446341462779));
#5265=CARTESIAN_POINT('',(-0.00493713733041428,0.00325118434863345,-0.00501851394057497));
#5266=CARTESIAN_POINT('',(-0.00533977537186964,0.00243923822572668,-0.00499930377737595));
#5267=CARTESIAN_POINT('',(-0.00541276728384766,0.00227318568064767,-0.00499549868907225));
#5268=CARTESIAN_POINT('',(-0.00549946093769869,0.00204779930262267,-0.00499051623501132));
#5269=CARTESIAN_POINT('',(-0.00552024580021862,0.00199112014440559,-0.00498927866449677));
#5270=CARTESIAN_POINT('',(-0.005540138370424,0.00193413624737808,-0.00498804826782552));
#5271=CARTESIAN_POINT('',(0.0055585390308182,0.00193876669132723,-0.0052962184017956));
#5272=CARTESIAN_POINT('',(0.00547887284748202,0.00216732500522386,-0.00529121889361292));
#5273=CARTESIAN_POINT('',(0.00538520087043596,0.00239097714618901,-0.00528619238372875));
#5274=CARTESIAN_POINT('',(0.0051173632267216,0.00293355669377735,-0.0052735958977189));
#5275=CARTESIAN_POINT('',(0.00492602229646737,0.00324405109415344,-0.00526600844657057));
#5276=CARTESIAN_POINT('',(0.00448923231893674,0.00382495748425136,-0.00525089909114585));
#5277=CARTESIAN_POINT('',(0.00424395148552725,0.0040954460045048,-0.0052433783374063));
#5278=CARTESIAN_POINT('',(0.00370795934887326,0.00458705144868436,-0.00522853736442773));
#5279=CARTESIAN_POINT('',(0.00341717065319772,0.00480806953783626,-0.00522122653808441));
#5280=CARTESIAN_POINT('',(0.00248970433648694,0.0053835845384886,-0.00519972912357827));
#5281=CARTESIAN_POINT('',(0.00179896377412189,0.00565186686260089,-0.00518585170724938));
#5282=CARTESIAN_POINT('',(0.000727081666116461,0.00585369545491734,-0.00516374267303804));
#5283=CARTESIAN_POINT('',(0.000363828522952819,0.00588716518157915,-0.00515610519367633));
#5284=CARTESIAN_POINT('',(-0.000362487472731909,0.00588690809691552,-0.00514066507891904));
#5285=CARTESIAN_POINT('',(-0.000725551076996043,0.00585328277226209,-0.00513287664024746));
#5286=CARTESIAN_POINT('',(-0.00143938591185056,0.00572011896138768,-0.00511762633214526));
#5287=CARTESIAN_POINT('',(-0.00179011557242574,0.00562038188302947,-0.00511020277051727));
#5288=CARTESIAN_POINT('',(-0.00280602521904388,0.00522542447129584,-0.00508882702073993));
#5289=CARTESIAN_POINT('',(-0.00343524399172559,0.00483597772201042,-0.00507547661059826));
#5290=CARTESIAN_POINT('',(-0.0045093391521065,0.00385450445991924,-0.00504636215750462));
#5291=CARTESIAN_POINT('',(-0.00495348778042297,0.00326163973784173,-0.00503041259634835));
#5292=CARTESIAN_POINT('',(-0.00535741360678619,0.00244701027496552,-0.00501120243508986));
#5293=CARTESIAN_POINT('',(-0.00543063816854682,0.00228040971221294,-0.00500739735273075));
#5294=CARTESIAN_POINT('',(-0.00551760695751635,0.00205428070082166,-0.00500241491661771));
#5295=CARTESIAN_POINT('',(-0.00553845767289006,0.00199741489045319,-0.00500117735147534));
#5296=CARTESIAN_POINT('',(-0.00555841315268921,0.00194024342943363,-0.00499994696091345));
#5297=CARTESIAN_POINT('',(0.00558549344479524,0.001948839031118,-0.0053263780819637));
#5298=CARTESIAN_POINT('',(0.00550541178752169,0.002178514216224,-0.00532137844812486));
#5299=CARTESIAN_POINT('',(0.00541125730457523,0.00240325715804178,-0.00531635182715426));
#5300=CARTESIAN_POINT('',(0.00514205461096433,0.00294847255676898,-0.00530375518984633));
#5301=CARTESIAN_POINT('',(0.0049497510586105,0.00326046373863216,-0.00529616779744483));
#5302=CARTESIAN_POINT('',(0.00451077933510617,0.00384415135333073,-0.00528105873980921));
#5303=CARTESIAN_POINT('',(0.00426427971070774,0.0041159256245325,-0.00527353820775246));
#5304=CARTESIAN_POINT('',(0.00372562715922178,0.004609859085068,-0.00525869758394406));
#5305=CARTESIAN_POINT('',(0.00343339609763549,0.004831919328505,-0.00525138687629646));
#5306=CARTESIAN_POINT('',(0.00250132305543381,0.00541014568567222,-0.00522988937754773));
#5307=CARTESIAN_POINT('',(0.00180714845164056,0.00567968359504552,-0.0052160114357849));
#5308=CARTESIAN_POINT('',(0.000729987827488272,0.00588239778382913,-0.00519390206387006));
#5309=CARTESIAN_POINT('',(0.000364955055093703,0.00591599387466051,-0.00518626456686292));
#5310=CARTESIAN_POINT('',(-0.000364905920681722,0.0059156574787687,-0.00517082453368275));
#5311=CARTESIAN_POINT('',(-0.000729735179321309,0.0058818271673689,-0.00516303618884774));
#5312=CARTESIAN_POINT('',(-0.00144703511133853,0.00574793285613295,-0.00514778606629894));
#5313=CARTESIAN_POINT('',(-0.00179946434261991,0.00564766955201635,-0.00514036259167427));
#5314=CARTESIAN_POINT('',(-0.00282029360550084,0.00525067326535461,-0.00511898697307592));
#5315=CARTESIAN_POINT('',(-0.0034525523489612,0.00485925911904615,-0.00510563651334996));
#5316=CARTESIAN_POINT('',(-0.00453180113377499,0.00387286309365725,-0.00507652179584797));
#5317=CARTESIAN_POINT('',(-0.00497805920241163,0.00327703732340165,-0.0050605720075415));
#5318=CARTESIAN_POINT('',(-0.00538387422887791,0.00245838089468506,-0.0050413618505927));
#5319=CARTESIAN_POINT('',(-0.00545743926450682,0.00229095867467785,-0.00503755678354846));
#5320=CARTESIAN_POINT('',(-0.00554480948817137,0.00206371743581774,-0.00503257439394925));
#5321=CARTESIAN_POINT('',(-0.00556575617191611,0.00200657218402761,-0.00503133684274019));
#5322=CARTESIAN_POINT('',(-0.00558580321089559,0.00194912000995175,-0.00503010646803151));
#5323=CARTESIAN_POINT('',(0.00559383574758446,0.00195213199340003,-0.00534369383791272));
#5324=CARTESIAN_POINT('',(0.00551361781212894,0.0021821550777869,-0.00533869413108576));
#5325=CARTESIAN_POINT('',(0.00541930653993038,0.00240723725995514,-0.00533366744556636));
#5326=CARTESIAN_POINT('',(0.0051496639310615,0.00295326972275629,-0.00532107072023082));
#5327=CARTESIAN_POINT('',(0.00495705334171723,0.0032657218776703,-0.00531348336176709));
#5328=CARTESIAN_POINT('',(0.00451738976661203,0.00385026103698608,-0.00529837447667332));
#5329=CARTESIAN_POINT('',(0.00427050529842938,0.00412242652668891,-0.00529085407314743));
#5330=CARTESIAN_POINT('',(0.00373101341808336,0.00461706595580864,-0.00527601365185603));
#5331=CARTESIAN_POINT('',(0.00343832754350343,0.00483944100875689,-0.00526870301309766));
#5332=CARTESIAN_POINT('',(0.00250480015349664,0.00541848564085116,-0.00524720546574763));
#5333=CARTESIAN_POINT('',(0.00180954050113972,0.00568840006552105,-0.00523332721953909));
#5334=CARTESIAN_POINT('',(0.000730724962476193,0.00589136383287382,-0.00521121765177457));
#5335=CARTESIAN_POINT('',(0.000365136633924542,0.00592498961634348,-0.00520358014444815));
#5336=CARTESIAN_POINT('',(-0.000365827519232981,0.00592460826320092,-0.00518814015835953));
#5337=CARTESIAN_POINT('',(-0.000731204572487111,0.00589070356454333,-0.00518035186781629));
#5338=CARTESIAN_POINT('',(-0.0014495778691152,0.00575656103776009,-0.00516510185273797));
#5339=CARTESIAN_POINT('',(-0.00180253279723474,0.00565612374849919,-0.00515767842857189));
#5340=CARTESIAN_POINT('',(-0.00282488289905593,0.00525846409629622,-0.00513630288635824));
#5341=CARTESIAN_POINT('',(-0.00345807956236509,0.00486642035984095,-0.00512295239838345));
#5342=CARTESIAN_POINT('',(-0.00453890892396194,0.00387845790219203,-0.00509383752760697));
#5343=CARTESIAN_POINT('',(-0.00498580815771887,0.00328169310934268,-0.00507788760705181));
#5344=CARTESIAN_POINT('',(-0.00539218968071801,0.00246177024741591,-0.0050586774523546));
#5345=CARTESIAN_POINT('',(-0.00546585627256842,0.00229409011519237,-0.00505487239416257));
#5346=CARTESIAN_POINT('',(-0.00555334544283031,0.00206650053491256,-0.00504989003154428));
#5347=CARTESIAN_POINT('',(-0.00557432048775644,0.00200926783037478,-0.0050486524884211));
#5348=CARTESIAN_POINT('',(-0.00559439450626935,0.0019517278652456,-0.00504742212291522));
#5349=CARTESIAN_POINT('',(0.0055934505794866,0.00195274573025888,-0.00537769924146782));
#5350=CARTESIAN_POINT('',(0.00551320540235195,0.00218276248254477,-0.0053726993913454));
#5351=CARTESIAN_POINT('',(0.00541886886056984,0.00240783615829483,-0.00536767257905482));
#5352=CARTESIAN_POINT('',(0.00514917052849527,0.00295383646416132,-0.00535507568062395));
#5353=CARTESIAN_POINT('',(0.00495653439489636,0.0032662574096604,-0.00534748838843994));
#5354=CARTESIAN_POINT('',(0.00451683033553357,0.00385071697632869,-0.00533237984128219));
#5355=CARTESIAN_POINT('',(0.00426993035241662,0.00412283510906588,-0.00532485968965523));
#5356=CARTESIAN_POINT('',(0.00373040771355815,0.00461737851394803,-0.00531001966539412));
#5357=CARTESIAN_POINT('',(0.00343770618218372,0.00483970530609746,-0.00530270916177885));
#5358=CARTESIAN_POINT('',(0.00250412130353892,0.00541862110403785,-0.00528121151963501));
#5359=CARTESIAN_POINT('',(0.00180881483940983,0.0056884654556482,-0.00526733267713896));
#5360=CARTESIAN_POINT('',(0.000729983128948823,0.00589131081958508,-0.00524522272544682));
#5361=CARTESIAN_POINT('',(0.000364399664561623,0.00592489416865143,-0.00523758519772944));
#5362=CARTESIAN_POINT('',(-0.000366539795837072,0.00592442588426206,-0.00522214530354308));
#5363=CARTESIAN_POINT('',(-0.000731897358919217,0.00589047689254386,-0.00521435711918711));
#5364=CARTESIAN_POINT('',(-0.00145022514692055,0.00575624932881657,-0.0051991073145205));
#5365=CARTESIAN_POINT('',(-0.00180315443115102,0.00565577158012997,-0.00519168398927195));
#5366=CARTESIAN_POINT('',(-0.00282542661309146,0.00525800152669412,-0.00517030859737704));
#5367=CARTESIAN_POINT('',(-0.00345856714576659,0.00486589664861363,-0.00515695805498171));
#5368=CARTESIAN_POINT('',(-0.00453926050775136,0.00387781964443974,-0.00512784288386655));
#5369=CARTESIAN_POINT('',(-0.004986079122856,0.00328099970720521,-0.00511189270309344));
#5370=CARTESIAN_POINT('',(-0.00539235510494119,0.00246104766467249,-0.00509268255234306));
#5371=CARTESIAN_POINT('',(-0.00546600035269542,0.00229336368954471,-0.00508887751144841));
#5372=CARTESIAN_POINT('',(-0.00555346093554954,0.00206577226698483,-0.00508389520173152));
#5373=CARTESIAN_POINT('',(-0.0055744288243405,0.00200853938538002,-0.00508265767446929));
#5374=CARTESIAN_POINT('',(-0.00559449567626851,0.00195099949978362,-0.00508142732702038));
#5375=CARTESIAN_POINT('',(0.00558472416297248,0.00195008042502483,-0.00539500484213146));
#5376=CARTESIAN_POINT('',(0.00550458741376049,0.00217974316148735,-0.00539000491892714));
#5377=CARTESIAN_POINT('',(0.00541038179855007,0.00240446925953952,-0.0053849780419596));
#5378=CARTESIAN_POINT('',(0.0051410662620829,0.00294962054582592,-0.00537238105510949));
#5379=CARTESIAN_POINT('',(0.0049487108819565,0.00326154919206979,-0.0053647937965508));
#5380=CARTESIAN_POINT('',(0.00450965682526083,0.00384507701882753,-0.00534968542133061));
#5381=CARTESIAN_POINT('',(0.00426312553541467,0.00411675610894805,-0.00534216539794917));
#5382=CARTESIAN_POINT('',(0.00372441013503565,0.0046104964916857,-0.00532732557588892));
#5383=CARTESIAN_POINT('',(0.00343214705597623,0.0048324596585766,-0.00532001514114423));
#5384=CARTESIAN_POINT('',(0.00249995665481023,0.00541042684519057,-0.00529851745097236));
#5385=CARTESIAN_POINT('',(0.00180568658142955,0.00567982372692183,-0.0052846383050887));
#5386=CARTESIAN_POINT('',(0.000728491771957035,0.00588229925564678,-0.00526252815788475));
#5387=CARTESIAN_POINT('',(0.00036346829113239,0.00591580975728381,-0.0052548906197009));
#5388=CARTESIAN_POINT('',(-0.000366343901296576,0.00591529792360378,-0.00523945077210476));
#5389=CARTESIAN_POINT('',(-0.000731134351135295,0.00588137817501708,-0.0052316626417004));
#5390=CARTESIAN_POINT('',(-0.00144834347296502,0.00574731205682831,-0.00521641294404919));
#5391=CARTESIAN_POINT('',(-0.0018007214587161,0.00564696695673125,-0.00520898966917487));
#5392=CARTESIAN_POINT('',(-0.00282139493825104,0.00524974729681534,-0.00518761435412451));
#5393=CARTESIAN_POINT('',(-0.00345354131281912,0.00485820919692761,-0.00517426378450361));
#5394=CARTESIAN_POINT('',(-0.00453251718676856,0.00387158058521059,-0.0051451484605089));
#5395=CARTESIAN_POINT('',(-0.00497861319945681,0.00327564267050507,-0.00512919814672814));
#5396=CARTESIAN_POINT('',(-0.00538421581575411,0.00245692617479595,-0.00510998799774948));
#5397=CARTESIAN_POINT('',(-0.00545773788231876,0.00228949595862276,-0.00510618296563493));
#5398=CARTESIAN_POINT('',(-0.00554505053892412,0.00206225067506884,-0.00510120068286283));
#5399=CARTESIAN_POINT('',(-0.00556598281088051,0.0020051049837652,-0.00509996316368276));
#5400=CARTESIAN_POINT('',(-0.00558601541568863,0.00194765288758227,-0.00509873282543767));
#5401=CARTESIAN_POINT('',(0.00555721247283996,0.00194113792125986,-0.00542503807062788));
#5402=CARTESIAN_POINT('',(0.00547744119210488,0.00216967769827207,-0.00542003802183035));
#5403=CARTESIAN_POINT('',(0.00538367125440176,0.0023933029483513,-0.00541501103367321));
#5404=CARTESIAN_POINT('',(0.00511561613103229,0.00293577361599943,-0.00540241389462308));
#5405=CARTESIAN_POINT('',(0.00492417386956944,0.00324615719076123,-0.0053948266935319));
#5406=CARTESIAN_POINT('',(0.0044872201097003,0.00382677591443695,-0.00537971861305216));
#5407=CARTESIAN_POINT('',(0.00424187465128441,0.00409709148353497,-0.00537219880966111));
#5408=CARTESIAN_POINT('',(0.00370575320937946,0.00458834488507069,-0.00535735933457289));
#5409=CARTESIAN_POINT('',(0.0034148982662814,0.00480918542025305,-0.00535004901808829));
#5410=CARTESIAN_POINT('',(0.00248719204929943,0.00538422609013997,-0.00532855124594769));
#5411=CARTESIAN_POINT('',(0.0017962576809191,0.0056522493612818,-0.00531467157998071));
#5412=CARTESIAN_POINT('',(0.000724288749607726,0.00585363422650577,-0.00529256109731184));
#5413=CARTESIAN_POINT('',(0.000361045370718642,0.00588694399897132,-0.00528492354102128));
#5414=CARTESIAN_POINT('',(-0.000365194403069414,0.00588635758953807,-0.00526948377298908));
#5415=CARTESIAN_POINT('',(-0.000728192831745718,0.00585256366875245,-0.00526169573493531));
#5416=CARTESIAN_POINT('',(-0.00144187229155043,0.00571907453902916,-0.00524644622066234));
#5417=CARTESIAN_POINT('',(-0.00179251317061039,0.0056191818108623,-0.00523902303222406));
#5418=CARTESIAN_POINT('',(-0.00280815186384511,0.00522379675133819,-0.00521764784955672));
#5419=CARTESIAN_POINT('',(-0.00343717300473746,0.00483410909509186,-0.00520429723409581));
#5420=CARTESIAN_POINT('',(-0.00451077857971924,0.00385217849655481,-0.00517518164790291));
#5421=CARTESIAN_POINT('',(-0.00495463239724596,0.00325909073533034,-0.00515923110501793));
#5422=CARTESIAN_POINT('',(-0.00535816804006347,0.00244433130213041,-0.00514002095865214));
#5423=CARTESIAN_POINT('',(-0.00543131349101259,0.00227771220849038,-0.00513621594155176));
#5424=CARTESIAN_POINT('',(-0.00551817605718956,0.00205157082548325,-0.00513123370502168));
#5425=CARTESIAN_POINT('',(-0.0055390001604221,0.00199470298823761,-0.0051299961997184));
#5426=CARTESIAN_POINT('',(-0.00555892896713114,0.00193753046511666,-0.00512876587728064));
#5427=CARTESIAN_POINT('',(0.00553898040425136,0.00193503353616186,-0.00543684354397199));
#5428=CARTESIAN_POINT('',(0.00545945912164812,0.00216282686100044,-0.00543184344684663));
#5429=CARTESIAN_POINT('',(0.00536598547133812,0.00238572091120199,-0.00542681641587796));
#5430=CARTESIAN_POINT('',(0.0050987833160119,0.00292641383083113,-0.00541421921810072));
#5431=CARTESIAN_POINT('',(0.0049079554219704,0.00323577579258771,-0.00540663203891709));
#5432=CARTESIAN_POINT('',(0.00447241038608335,0.00381447601803975,-0.00539152407137492));
#5433=CARTESIAN_POINT('',(0.0042278585257446,0.0040838947945214,-0.00538400435237499));
#5434=CARTESIAN_POINT('',(0.00369347228059259,0.0045735148255361,-0.00536916501046724));
#5435=CARTESIAN_POINT('',(0.00340355904170885,0.00479361923660433,-0.00536185473942685));
#5436=CARTESIAN_POINT('',(0.00247885350318528,0.00536674167976321,-0.00534035693611238));
#5437=CARTESIAN_POINT('',(0.0017901522603337,0.00563386691176177,-0.00532647707085697));
#5438=CARTESIAN_POINT('',(0.00072166807040157,0.00583455385660735,-0.00530436645944314));
#5439=CARTESIAN_POINT('',(0.000359609205615626,0.00586774015907056,-0.00529672889610776));
#5440=CARTESIAN_POINT('',(-0.0003642570117407,0.00586712503677643,-0.00528128915836669));
#5441=CARTESIAN_POINT('',(-0.000726066513362281,0.00583342560708724,-0.00527350115561221));
#5442=CARTESIAN_POINT('',(-0.00143740591464663,0.00570034130084897,-0.00525825171155958));
#5443=CARTESIAN_POINT('',(-0.00178689592775058,0.00560075964325273,-0.00525082855629535));
#5444=CARTESIAN_POINT('',(-0.00279919984700317,0.00520662319011368,-0.00522945342477775));
#5445=CARTESIAN_POINT('',(-0.00342615287189709,0.00481818281528632,-0.00521610279229036));
#5446=CARTESIAN_POINT('',(-0.00449621419794002,0.00383940907829956,-0.00518698710554644));
#5447=CARTESIAN_POINT('',(-0.00493859397487494,0.00324823303776951,-0.00517103647416257));
#5448=CARTESIAN_POINT('',(-0.0053407782985607,0.00243611635308629,-0.00515182632852308));
#5449=CARTESIAN_POINT('',(-0.0054136780403797,0.00227003845698929,-0.00514802131715181));
#5450=CARTESIAN_POINT('',(-0.00550024770404334,0.00204463280218734,-0.00514303909837457));
#5451=CARTESIAN_POINT('',(-0.00552100148392473,0.00198795008014597,-0.00514180159840287));
#5452=CARTESIAN_POINT('',(-0.00554086288099024,0.0019309637553517,-0.00514057128204147));
#5453=CARTESIAN_POINT('',(0.0055210735627805,0.0019290227938458,-0.0054477455217329));
#5454=CARTESIAN_POINT('',(0.00544179848474644,0.00215608278777319,-0.00544274538008006));
#5455=CARTESIAN_POINT('',(0.00534861648226327,0.0023782585387305,-0.00543771830966229));
#5456=CARTESIAN_POINT('',(0.00508225359084499,0.00291720531175893,-0.00542512105775062));
#5457=CARTESIAN_POINT('',(0.00489202989594696,0.00322556408313503,-0.00541753389871897));
#5458=CARTESIAN_POINT('',(0.00445786989938334,0.00380238083816237,-0.00540242603515755));
#5459=CARTESIAN_POINT('',(0.00421409814555435,0.00407091940441686,-0.00539490639387116));
#5460=CARTESIAN_POINT('',(0.00368141753201298,0.00455893646683119,-0.00538006717461803));
#5461=CARTESIAN_POINT('',(0.00339242993033595,0.00477831855699368,-0.00537275694543826));
#5462=CARTESIAN_POINT('',(0.00247067402565607,0.00534955880156306,-0.00535125911345987));
#5463=CARTESIAN_POINT('',(0.00178416799911603,0.00561580305664552,-0.00533737906472048));
#5464=CARTESIAN_POINT('',(0.000719108229442438,0.00581580665504142,-0.00531526833473997));
#5465=CARTESIAN_POINT('',(0.000358213162654094,0.00584887250749415,-0.0053076307649015));
#5466=CARTESIAN_POINT('',(-0.000363321315754861,0.00584823095784857,-0.00529219105501806));
#5467=CARTESIAN_POINT('',(-0.00072396298278643,0.00581462528515826,-0.00528440308474931));
#5468=CARTESIAN_POINT('',(-0.00143300398674478,0.00568194050451401,-0.00526915370534085));
#5469=CARTESIAN_POINT('',(-0.00178136369036356,0.00558266533493032,-0.00526173058062826));
#5470=CARTESIAN_POINT('',(-0.00279039247544933,0.00518975802398827,-0.00524035549627117));
#5471=CARTESIAN_POINT('',(-0.00341531453190425,0.0048025444760412,-0.00522700484819329));
#5472=CARTESIAN_POINT('',(-0.00448189608465626,0.00382687500662313,-0.0051978890688601));
#5473=CARTESIAN_POINT('',(-0.00492282912771847,0.00323757854593222,-0.00518193835588221));
#5474=CARTESIAN_POINT('',(-0.0053236878175731,0.00242805921265394,-0.00516272821086765));
#5475=CARTESIAN_POINT('',(-0.00539634656498755,0.00226251317363007,-0.00515892320476736));
#5476=CARTESIAN_POINT('',(-0.00548262901132771,0.00203783047974284,-0.00515394100234044));
#5477=CARTESIAN_POINT('',(-0.00550331383886454,0.00198132965466968,-0.00515270350727976));
#5478=CARTESIAN_POINT('',(-0.00552310914682228,0.00192452628584669,-0.00515147319651591));
#5479=CARTESIAN_POINT('',(0.0054937822173509,0.00201011242470868,-0.00544505134430765));
#5480=CARTESIAN_POINT('',(0.0054937822173509,0.0020600163789228,-0.00543418593841671));
#5481=CARTESIAN_POINT('',(0.0054937822173509,0.00208696588500829,-0.00543145866232492));
#5482=CARTESIAN_POINT('',(0.0054937822173509,0.00220715637374079,-0.00538469068525178));
#5483=CARTESIAN_POINT('',(0.0054937822173509,0.00222396079047394,-0.0053541543087443));
#5484=CARTESIAN_POINT('',(0.0054937822173509,0.00220615212902263,-0.00532435629050676));
#5485=CARTESIAN_POINT('',(0.0054937822173509,0.00208490692539638,-0.00528240372556643));
#5486=CARTESIAN_POINT('',(0.0054937822173509,0.00205864552446073,-0.00528089367472355));
#5487=CARTESIAN_POINT('',(0.0054937822173509,0.00200861958461484,-0.00527195833088773));
#5488=CARTESIAN_POINT('',(-0.0054937822173509,0.0020088785446379,-0.00497913108191947));
#5489=CARTESIAN_POINT('',(-0.0054937822173509,0.00205654367421813,-0.00498950721475789));
#5490=CARTESIAN_POINT('',(-0.0054937822173509,0.00208561203755562,-0.00499389599254299));
#5491=CARTESIAN_POINT('',(-0.0054937822173509,0.0021908736174883,-0.00503214135494148));
#5492=CARTESIAN_POINT('',(-0.0054937822173509,0.00224930533783464,-0.00508466246613836));
#5493=CARTESIAN_POINT('',(-0.0054937822173509,0.00217376419323153,-0.00512266851419861));
#5494=CARTESIAN_POINT('',(-0.0054937822173509,0.0020290946798154,-0.00514921348278987));
#5495=CARTESIAN_POINT('',(0.00552243867936032,0.00192512761411205,-0.0045234822107406));
#5496=CARTESIAN_POINT('',(0.00544311646187126,0.00215258407291794,-0.00451842130782));
#5497=CARTESIAN_POINT('',(0.00534988260320793,0.00237514512560298,-0.00451332910262877));
#5498=CARTESIAN_POINT('',(0.00508363952401071,0.00291495541822167,-0.00450061368941124));
#5499=CARTESIAN_POINT('',(0.0048939059512106,0.0032237719601707,-0.00449301698997786));
#5500=CARTESIAN_POINT('',(0.00424351681800868,0.00408900743172495,-0.00447056980604498));
#5501=CARTESIAN_POINT('',(0.0037028715932525,0.00458514682704681,-0.00445597075849849));
#5502=CARTESIAN_POINT('',(0.00278300030450642,0.00515721411990537,-0.00443433774062539));
#5503=CARTESIAN_POINT('',(0.00213326160790429,0.00548097897311403,-0.00442001128113557));
#5504=CARTESIAN_POINT('',(0.00143482377786714,0.00568112365206573,-0.00440552027942652));
#5505=CARTESIAN_POINT('',(0.000724214210479137,0.00581530586854634,-0.00439076784199997));
#5506=CARTESIAN_POINT('',(0.000362808251545488,0.00584903523952792,-0.00438322647809638));
#5507=CARTESIAN_POINT('',(-0.000721294172273453,0.0058484266423826,-0.00436025148083972));
#5508=CARTESIAN_POINT('',(-0.00144381280890116,0.00571380806764628,-0.00434460876495473));
#5509=CARTESIAN_POINT('',(-0.00278932656601788,0.00519163169317199,-0.00431566046468398));
#5510=CARTESIAN_POINT('',(-0.00341255405586229,0.00480455375750699,-0.00430226409442684));
#5511=CARTESIAN_POINT('',(-0.00421224736573469,0.00407437214893152,-0.00428076767015508));
#5512=CARTESIAN_POINT('',(-0.00445603395393923,0.00380572131824031,-0.00427329311707139));
#5513=CARTESIAN_POINT('',(-0.00489022579173569,0.00322749065903176,-0.00425791296251861));
#5514=CARTESIAN_POINT('',(-0.00508079181216874,0.00291812005977996,-0.00425005525908909));
#5515=CARTESIAN_POINT('',(-0.00534863854659144,0.00237799746840894,-0.00423712578571696));
#5516=CARTESIAN_POINT('',(-0.00544247613902141,0.0021554065512032,-0.00423200376440624));
#5517=CARTESIAN_POINT('',(-0.0055220921310066,0.00192793428302515,-0.00422699946875051));
#5518=CARTESIAN_POINT('',(0.00554024000236512,0.00193157987932702,-0.00453441257637581));
#5519=CARTESIAN_POINT('',(0.00546065097803354,0.00215977202014108,-0.00452935163567855));
#5520=CARTESIAN_POINT('',(0.00536710572836277,0.00238305233562346,-0.00452425939498045));
#5521=CARTESIAN_POINT('',(0.00509997898605078,0.00292460420716556,-0.00451154392589441));
#5522=CARTESIAN_POINT('',(0.00490962041261999,0.00323441390117379,-0.00450394723110193));
#5523=CARTESIAN_POINT('',(0.00425710114658181,0.00410241975990358,-0.00448150020622325));
#5524=CARTESIAN_POINT('',(0.00371469753089751,0.00460013281580895,-0.00446690140875445));
#5525=CARTESIAN_POINT('',(0.00279182421189708,0.00517401187546299,-0.00444526842087509));
#5526=CARTESIAN_POINT('',(0.00213996156943864,0.00549880127185883,-0.00443094185659049));
#5527=CARTESIAN_POINT('',(0.00143924354824794,0.00569957222477689,-0.00441645067558218));
#5528=CARTESIAN_POINT('',(0.000726320348575767,0.00583416582232883,-0.00440169811100082));
#5529=CARTESIAN_POINT('',(0.000363741376122991,0.00586799197202605,-0.00439415671897169));
#5530=CARTESIAN_POINT('',(-0.000723868102451615,0.00586734081593462,-0.00437118176391537));
#5531=CARTESIAN_POINT('',(-0.00144871093927701,0.00573225587513183,-0.00435553920646953));
#5532=CARTESIAN_POINT('',(-0.0027985568155238,0.00520833290299586,-0.00432659098063036));
#5533=CARTESIAN_POINT('',(-0.00342379234312135,0.00481997614923757,-0.00431319453606756));
#5534=CARTESIAN_POINT('',(-0.0042260511053166,0.00408739652910313,-0.00429169801791498));
#5535=CARTESIAN_POINT('',(-0.0044706173211862,0.00381786524769283,-0.00428422343845757));
#5536=CARTESIAN_POINT('',(-0.00490619240410786,0.00323774339302786,-0.00426884325359621));
#5537=CARTESIAN_POINT('',(-0.00509736273352043,0.00292736277891354,-0.00426098554496797));
#5538=CARTESIAN_POINT('',(-0.00536605451483492,0.00238548049646028,-0.00424805608236712));
#5539=CARTESIAN_POINT('',(-0.00546018680189614,0.00216216534337336,-0.00424293407076302));
#5540=CARTESIAN_POINT('',(-0.00554005139829417,0.001933954004504,-0.00423792979025789));
#5541=CARTESIAN_POINT('',(0.00555834154852858,0.00193815819287842,-0.00454631133231243));
#5542=CARTESIAN_POINT('',(0.00547848043147079,0.00216709859353942,-0.00454125035035621));
#5543=CARTESIAN_POINT('',(0.00538461777107532,0.00239111042922974,-0.00453615807087325));
#5544=CARTESIAN_POINT('',(0.00511659066657859,0.00293443335881331,-0.00452344254074038));
#5545=CARTESIAN_POINT('',(0.00492559561073615,0.00324525280047188,-0.00451584585098183));
#5546=CARTESIAN_POINT('',(0.00427090795132481,0.00411607450623688,-0.00449339899967825));
#5547=CARTESIAN_POINT('',(0.00372671523445426,0.00461538601867224,-0.00447880047521003));
#5548=CARTESIAN_POINT('',(0.00280078669498714,0.00519110514167412,-0.00445716752011171));
#5549=CARTESIAN_POINT('',(0.00214676221680187,0.00551693499616625,-0.00444284084146545));
#5550=CARTESIAN_POINT('',(0.00144372351682009,0.0057183414219708,-0.0044283494647546));
#5551=CARTESIAN_POINT('',(0.000728446039631899,0.00585335182986911,-0.0044135967613747));
#5552=CARTESIAN_POINT('',(0.000364673701699615,0.00588727554884715,-0.0044060553386349));
#5553=CARTESIAN_POINT('',(-0.000726502864544887,0.00588657828833942,-0.00438308042959503));
#5554=CARTESIAN_POINT('',(-0.00145370876220058,0.00575101688684179,-0.00436743804504719));
#5555=CARTESIAN_POINT('',(-0.00280795945500297,0.00522531344659493,-0.00433848990050311));
#5556=CARTESIAN_POINT('',(-0.00343523681500909,0.00483565411582797,-0.00432509337492144));
#5557=CARTESIAN_POINT('',(-0.00424010342292397,0.00410063292532583,-0.00430359675432427));
#5558=CARTESIAN_POINT('',(-0.00448546197688655,0.00383020532884506,-0.00429612214606625));
#5559=CARTESIAN_POINT('',(-0.00492244248389131,0.00324815847215429,-0.0042807419280692));
#5560=CARTESIAN_POINT('',(-0.00511422661469276,0.00293674991662792,-0.00427288421373));
#5561=CARTESIAN_POINT('',(-0.00538377641275538,0.00239307696461948,-0.00425995476284489));
#5562=CARTESIAN_POINT('',(-0.00547820782154244,0.00216902489194353,-0.00425483276182499));
#5563=CARTESIAN_POINT('',(-0.00555832465631256,0.00194006161115784,-0.00424982849785745));
#5564=CARTESIAN_POINT('',(0.00558529617146977,0.00194822726770688,-0.0045764710043553));
#5565=CARTESIAN_POINT('',(0.00550501743361098,0.00217828460002743,-0.00457140991522177));
#5566=CARTESIAN_POINT('',(0.00541066995742708,0.0024033877477913,-0.00456631753492133));
#5567=CARTESIAN_POINT('',(0.00514127368449689,0.00294934962432578,-0.00455360184582015));
#5568=CARTESIAN_POINT('',(0.0049493159317443,0.00326167020007463,-0.00454600516867363));
#5569=CARTESIAN_POINT('',(0.00429136225949899,0.00413666478376013,-0.00452355876633056));
#5570=CARTESIAN_POINT('',(0.00374448859431919,0.00463832873430715,-0.00450896094925));
#5571=CARTESIAN_POINT('',(0.00281396992259261,0.0052167520102205,-0.00448732807961302));
#5572=CARTESIAN_POINT('',(0.00215669348138773,0.00554410960632844,-0.00447300110516775));
#5573=CARTESIAN_POINT('',(0.00145016691587517,0.00574644076583289,-0.00445850922179789));
#5574=CARTESIAN_POINT('',(0.000731357984898834,0.00588204796315544,-0.00444375615892747));
#5575=CARTESIAN_POINT('',(0.000365799621469327,0.00591610362840171,-0.00443621465651275));
#5576=CARTESIAN_POINT('',(-0.000730702651529075,0.00591529281336791,-0.00441323986599502));
#5577=CARTESIAN_POINT('',(-0.00146142199006418,0.00577898645711478,-0.00439759792857914));
#5578=CARTESIAN_POINT('',(-0.0028222260339923,0.00525056168162647,-0.00436864999524073));
#5579=CARTESIAN_POINT('',(-0.00345254271897264,0.00485892798438154,-0.00435525326106583));
#5580=CARTESIAN_POINT('',(-0.00426127877312973,0.00412022170314131,-0.00433375637559177));
#5581=CARTESIAN_POINT('',(-0.00450781023681283,0.00384844331824513,-0.00432628169257888));
#5582=CARTESIAN_POINT('',(-0.00494686530223067,0.00326349965633609,-0.00431090138805188));
#5583=CARTESIAN_POINT('',(-0.00513955234033554,0.00295054624896515,-0.0043030436584229));
#5584=CARTESIAN_POINT('',(-0.00541035945039798,0.00240418619815132,-0.00429011423730785));
#5585=CARTESIAN_POINT('',(-0.00550522765625653,0.00217902934407091,-0.00428499226354678));
#5586=CARTESIAN_POINT('',(-0.00558571122022097,0.00194893990855399,-0.0042799880424063));
#5587=CARTESIAN_POINT('',(0.00559363884854057,0.00195151914436908,-0.00459378675561194));
#5588=CARTESIAN_POINT('',(0.0055132228650287,0.00218192391728624,-0.00458872560422248));
#5589=CARTESIAN_POINT('',(0.00541871752994455,0.00240736613164056,-0.00458363316533725));
#5590=CARTESIAN_POINT('',(0.00514887923256684,0.00295414587610963,-0.00457091738376265));
#5591=CARTESIAN_POINT('',(0.00495661394326578,0.00326692948742219,-0.0045633207137818));
#5592=CARTESIAN_POINT('',(0.00429762561058205,0.00414320269138643,-0.00454087457156105));
#5593=CARTESIAN_POINT('',(0.00374991136906608,0.00464557691375536,-0.00452627716476745));
#5594=CARTESIAN_POINT('',(0.00281794592461878,0.00522481415249129,-0.00450464434487795));
#5595=CARTESIAN_POINT('',(0.00215964192056591,0.00555263075282651,-0.00449031719905139));
#5596=CARTESIAN_POINT('',(0.0014520151810274,0.00575523431090354,-0.00447582502196862));
#5597=CARTESIAN_POINT('',(0.000732096718113449,0.00589101090499513,-0.00446107175064736));
#5598=CARTESIAN_POINT('',(0.000365979784987927,0.00592509884999105,-0.00445353020198694));
#5599=CARTESIAN_POINT('',(-0.000732179840033201,0.00592422408494009,-0.00443055547996613));
#5600=CARTESIAN_POINT('',(-0.00146398319048557,0.00578766440659379,-0.00441491380158635));
#5601=CARTESIAN_POINT('',(-0.00282681185138353,0.00525835240065735,-0.00438596599094029));
#5602=CARTESIAN_POINT('',(-0.00345806851157889,0.00486608534397576,-0.00437256913624297));
#5603=CARTESIAN_POINT('',(-0.0042679933125704,0.0041262068070125,-0.00435107209733725));
#5604=CARTESIAN_POINT('',(-0.00451488334706732,0.00385400001090846,-0.00434359737092212));
#5605=CARTESIAN_POINT('',(-0.00495456881215429,0.00326814031011879,-0.00432821701597622));
#5606=CARTESIAN_POINT('',(-0.00514752819267821,0.00295469967079208,-0.00432035927730947));
#5607=CARTESIAN_POINT('',(-0.00541871140178208,0.00240749469320513,-0.00430742987325847));
#5608=CARTESIAN_POINT('',(-0.0055137092711319,0.00218199112090613,-0.00430230791525014));
#5609=CARTESIAN_POINT('',(-0.00559430064847515,0.00195154899094608,-0.00429730371894107));
#5610=CARTESIAN_POINT('',(0.00559325501312244,0.0019521326034366,-0.0046277921500059));
#5611=CARTESIAN_POINT('',(0.00551281051076988,0.00218252898390193,-0.0046227308763886));
#5612=CARTESIAN_POINT('',(0.00541827840824847,0.00240796125248868,-0.00461763832243968));
#5613=CARTESIAN_POINT('',(0.00514838084583463,0.00295470813087516,-0.00460492235905924));
#5614=CARTESIAN_POINT('',(0.00495608795853204,0.00326746355765998,-0.00459732570284535));
#5615=CARTESIAN_POINT('',(0.00429704343292926,0.00414362159021651,-0.00457488007007506));
#5616=CARTESIAN_POINT('',(0.00374932076053536,0.0046458853896783,-0.00456028346765077));
#5617=CARTESIAN_POINT('',(0.00281730811395682,0.00522498490942022,-0.0045386507456299));
#5618=CARTESIAN_POINT('',(0.00215895958184235,0.00555272002704401,-0.00452432326415457));
#5619=CARTESIAN_POINT('',(0.00145129341287764,0.00575525082210289,-0.00450983051153071));
#5620=CARTESIAN_POINT('',(0.000731353972992413,0.00589095284754572,-0.00449507683164385));
#5621=CARTESIAN_POINT('',(0.000365237535301604,0.005925001987523,-0.00448753519225448));
#5622=CARTESIAN_POINT('',(-0.000732885089736058,0.00592400456093317,-0.00446456060405816));
#5623=CARTESIAN_POINT('',(-0.00146462362391025,0.00578735731726293,-0.00444891943295117));
#5624=CARTESIAN_POINT('',(-0.00282734300657847,0.00525789010005239,-0.00441997186320651));
#5625=CARTESIAN_POINT('',(-0.00345855327730961,0.00486555504716882,-0.00440657477309558));
#5626=CARTESIAN_POINT('',(-0.00426838467165912,0.00412559226116709,-0.00438507743375904));
#5627=CARTESIAN_POINT('',(-0.00451523878582035,0.00385336012669204,-0.00437760262217037));
#5628=CARTESIAN_POINT('',(-0.00495484425922214,0.00326745774163259,-0.00436222216794217));
#5629=CARTESIAN_POINT('',(-0.00514776008550413,0.00295399989159372,-0.00435436441123716));
#5630=CARTESIAN_POINT('',(-0.0054188690883015,0.0024067760201402,-0.00434143504025838));
#5631=CARTESIAN_POINT('',(-0.00551383688317774,0.00218126755917338,-0.00433631311302511));
#5632=CARTESIAN_POINT('',(-0.00559439847799555,0.00195082360200387,-0.0043313089653822));
#5633=CARTESIAN_POINT('',(0.00558452957886228,0.00194946810011064,-0.00464509774602338));
#5634=CARTESIAN_POINT('',(0.00550419317131128,0.00217950882632163,-0.00464003641006756));
#5635=CARTESIAN_POINT('',(0.00540979153973688,0.00240459222607581,-0.00463494379741183));
#5636=CARTESIAN_POINT('',(0.00514027527584773,0.00295048856012537,-0.0046222277411788));
#5637=CARTESIAN_POINT('',(0.00494826155114086,0.00326275270531262,-0.00461463109183278));
#5638=CARTESIAN_POINT('',(0.00429019352891684,0.00413751611781569,-0.00459218571825506));
#5639=CARTESIAN_POINT('',(0.00374330206267031,0.00463895794335323,-0.00457758952548784));
#5640=CARTESIAN_POINT('',(0.00281268679350929,0.00521710411828699,-0.00455595685348308));
#5641=CARTESIAN_POINT('',(0.00215531954446976,0.00554429774381805,-0.00454162920124114));
#5642=CARTESIAN_POINT('',(0.0014487123900155,0.00574648235038257,-0.00452713615564503));
#5643=CARTESIAN_POINT('',(0.000729860091601449,0.00588193925477013,-0.00451238226773249));
#5644=CARTESIAN_POINT('',(0.000364302202409593,0.00591591665603263,-0.00450484058210311));
#5645=CARTESIAN_POINT('',(-0.000732126976997123,0.00591485829467428,-0.00448186606182562));
#5646=CARTESIAN_POINT('',(-0.00146271655957357,0.0057783750253004,-0.00446622514877752));
#5647=CARTESIAN_POINT('',(-0.00282330202431238,0.0052496362557014,-0.00443727770190639));
#5648=CARTESIAN_POINT('',(-0.00345352599645287,0.00485786477129952,-0.00442388049234591));
#5649=CARTESIAN_POINT('',(-0.00426207470825632,0.00411898740373877,-0.00440238300019301));
#5650=CARTESIAN_POINT('',(-0.0045085340350874,0.00384715749232475,-0.00439490814518388));
#5651=CARTESIAN_POINT('',(-0.00494742829943953,0.00326212684755669,-0.00437952764016998));
#5652=CARTESIAN_POINT('',(-0.00514002771714896,0.00294913825697504,-0.00437166987411523));
#5653=CARTESIAN_POINT('',(-0.00541068545974374,0.00240273929051469,-0.00435874051978505));
#5654=CARTESIAN_POINT('',(-0.00550549310826232,0.00217757224676927,-0.00435361860816998));
#5655=CARTESIAN_POINT('',(-0.00558591668338414,0.00194747879287072,-0.00434861448530417));
#5656=CARTESIAN_POINT('',(0.00556386527128301,0.00194275284440837,-0.00466765775992313));
#5657=CARTESIAN_POINT('',(0.00548380330321112,0.00217194726019875,-0.0046625963434925));
#5658=CARTESIAN_POINT('',(0.00538972867906439,0.00239620144574608,-0.00465750365502053));
#5659=CARTESIAN_POINT('',(0.00512115757897109,0.0029400809274645,-0.00464478747874879));
#5660=CARTESIAN_POINT('',(0.00492982709179443,0.00325118522159801,-0.0046371908380622));
#5661=CARTESIAN_POINT('',(0.00427412665971671,0.00412267561018147,-0.00461474579822769));
#5662=CARTESIAN_POINT('',(0.0037292286675526,0.00462221193086806,-0.00460015013351072));
#5663=CARTESIAN_POINT('',(0.00280198301570579,0.00519815339790668,-0.0045785175262095));
#5664=CARTESIAN_POINT('',(0.00214698832562709,0.00552409657125854,-0.00456418965408534));
#5665=CARTESIAN_POINT('',(0.00144293688821454,0.00572549318773893,-0.00454969623104166));
#5666=CARTESIAN_POINT('',(0.000726697378759763,0.00586040492446706,-0.00453494207505372));
#5667=CARTESIAN_POINT('',(0.000362475633508494,0.00589423218506832,-0.00452740032977675));
#5668=CARTESIAN_POINT('',(-0.000729922205621689,0.00589309601000742,-0.00450442589672833));
#5669=CARTESIAN_POINT('',(-0.00145779865439157,0.00575705361028978,-0.00448878531592907));
#5670=CARTESIAN_POINT('',(-0.00281333893276314,0.005230143794208,-0.00445983802769167));
#5671=CARTESIAN_POINT('',(-0.00344122873291928,0.00483975842306016,-0.00444644066475835));
#5672=CARTESIAN_POINT('',(-0.00424676018279075,0.00410352478844898,-0.00442494297588017));
#5673=CARTESIAN_POINT('',(-0.00449229482342676,0.00383267130461394,-0.00441746806484461));
#5674=CARTESIAN_POINT('',(-0.00492953173552011,0.00324975009834607,-0.00440208749406831));
#5675=CARTESIAN_POINT('',(-0.00512139823205075,0.00293789382693772,-0.00439422971574215));
#5676=CARTESIAN_POINT('',(-0.00539101738696563,0.00239347905307437,-0.0043813003826098));
#5677=CARTESIAN_POINT('',(-0.00548545852695124,0.00216913161572495,-0.00437617849105232));
#5678=CARTESIAN_POINT('',(-0.00556556837356402,0.00193987781130867,-0.0043711744001134));
#5679=CARTESIAN_POINT('',(0.00555580980369841,0.00194009335965561,-0.00467455455827687));
#5680=CARTESIAN_POINT('',(0.00547585671830996,0.00216895744826288,-0.00466949311741219));
#5681=CARTESIAN_POINT('',(0.00538191142537124,0.00239288807688057,-0.00466440040591484));
#5682=CARTESIAN_POINT('',(0.00511371311422101,0.00293598107903473,-0.00465168419316318));
#5683=CARTESIAN_POINT('',(0.00492265124657973,0.00324663360928147,-0.00464408755506589));
#5684=CARTESIAN_POINT('',(0.00426787942075586,0.00411685116345209,-0.00462164261639815));
#5685=CARTESIAN_POINT('',(0.00372376110401434,0.00461564891010458,-0.00460704711185725));
#5686=CARTESIAN_POINT('',(0.00279783521743993,0.00519073639387771,-0.00458541452422788));
#5687=CARTESIAN_POINT('',(0.00214377041640217,0.00551619540065161,-0.00457108658545163));
#5688=CARTESIAN_POINT('',(0.00144072017163064,0.00571728812244567,-0.00455659304795272));
#5689=CARTESIAN_POINT('',(0.000725503120234425,0.00585199097980409,-0.00454183881066188));
#5690=CARTESIAN_POINT('',(0.000361803611746967,0.00588576174668139,-0.00453429704728318));
#5691=CARTESIAN_POINT('',(-0.000729020569176437,0.00588460208688195,-0.00451132264063271));
#5692=CARTESIAN_POINT('',(-0.00145584018474307,0.00574873695996023,-0.00449568216054053));
#5693=CARTESIAN_POINT('',(-0.0028094146017127,0.00522255080530245,-0.00446673492047049));
#5694=CARTESIAN_POINT('',(-0.00343639465414252,0.00483271107234269,-0.00445333751112963));
#5695=CARTESIAN_POINT('',(-0.0042407520101859,0.00409751556594458,-0.00443183976262735));
#5696=CARTESIAN_POINT('',(-0.00448592724389253,0.00382704517453627,-0.00442436483458596));
#5697=CARTESIAN_POINT('',(-0.00492252085848453,0.00324495090607562,-0.00440898424380368));
#5698=CARTESIAN_POINT('',(-0.00511410333551048,0.00293353820201511,-0.00440112646171266));
#5699=CARTESIAN_POINT('',(-0.00538332072552529,0.00238990006637186,-0.00438819713495957));
#5700=CARTESIAN_POINT('',(-0.00547762030585573,0.00216587326864474,-0.00438307524947186));
#5701=CARTESIAN_POINT('',(-0.00555760920671178,0.00193694776520239,-0.00437807116821538));
#5702=CARTESIAN_POINT('',(0.00553879291793811,0.0019344268812881,-0.00468692117533049));
#5703=CARTESIAN_POINT('',(0.00545907204744363,0.00216259268482791,-0.00468185969102105));
#5704=CARTESIAN_POINT('',(0.00536540211535099,0.00238583945304384,-0.00467676693857418));
#5705=CARTESIAN_POINT('',(0.005097996344606,0.00292727074386272,-0.00466405066090484));
#5706=CARTESIAN_POINT('',(0.00490750456811812,0.0032369693749427,-0.00465645402734564));
#5707=CARTESIAN_POINT('',(0.00425470095997144,0.00410450168026349,-0.00463400926828362));
#5708=CARTESIAN_POINT('',(0.00371223266306388,0.00460174413876282,-0.00461941404829092));
#5709=CARTESIAN_POINT('',(0.00278910193435,0.00517503395951308,-0.00459778149568226));
#5710=CARTESIAN_POINT('',(0.00213700730050514,0.00549947400076636,-0.00458345343857613));
#5711=CARTESIAN_POINT('',(0.00143607773717721,0.00569992856571283,-0.00456895969781314));
#5712=CARTESIAN_POINT('',(0.000723025149186351,0.00583419439757782,-0.00455420531611265));
#5713=CARTESIAN_POINT('',(0.000360430441860882,0.00586784818517883,-0.00454666352056273));
#5714=CARTESIAN_POINT('',(-0.000727066958863258,0.00586664686489886,-0.00452368916070573));
#5715=CARTESIAN_POINT('',(-0.00145165499767258,0.00573116250216307,-0.00450804885939211));
#5716=CARTESIAN_POINT('',(-0.00280107762335548,0.00520651746397161,-0.00447910170496954));
#5717=CARTESIAN_POINT('',(-0.00342613606508497,0.00481783651872105,-0.00446570421337808));
#5718=CARTESIAN_POINT('',(-0.00422801563987637,0.00408484276546039,-0.00444420635903695));
#5719=CARTESIAN_POINT('',(-0.00447243286845562,0.00381518449401612,-0.00443673140076691));
#5720=CARTESIAN_POINT('',(-0.00490767076688709,0.00323484247082636,-0.00442135077434899));
#5721=CARTESIAN_POINT('',(-0.00509865522630129,0.00292436929499576,-0.00441349298549971));
#5722=CARTESIAN_POINT('',(-0.0053670275037545,0.0023823754360007,-0.00440056366999545));
#5723=CARTESIAN_POINT('',(-0.00546102957030599,0.00215902729703536,-0.00439544179526677));
#5724=CARTESIAN_POINT('',(-0.0055407645487317,0.00193079646029171,-0.00439043773120737));
#5725=CARTESIAN_POINT('',(0.00552985710572092,0.0019314285081209,-0.00469237665988939));
#5726=CARTESIAN_POINT('',(0.00545025921370704,0.00215922740543122,-0.00468731515661918));
#5727=CARTESIAN_POINT('',(0.00535673489269789,0.00238211489988991,-0.00468222238629521));
#5728=CARTESIAN_POINT('',(0.00508974767101913,0.00292267345995796,-0.00466950608026271));
#5729=CARTESIAN_POINT('',(0.00489955650317435,0.0032318713903014,-0.00466190944864712));
#5730=CARTESIAN_POINT('',(0.00424778953211769,0.0040979953149957,-0.00463946476781789));
#5731=CARTESIAN_POINT('',(0.00370618909113059,0.00459442339029009,-0.00462486967187056));
#5732=CARTESIAN_POINT('',(0.00278452953510803,0.00516677222397234,-0.00460323713457051));
#5733=CARTESIAN_POINT('',(0.002133472203535,0.00549067899205037,-0.0045889090259225));
#5734=CARTESIAN_POINT('',(0.00143365892681144,0.00569080024755567,-0.00457441519658395));
#5735=CARTESIAN_POINT('',(0.000721745078310551,0.00582483858260801,-0.00455966075194253));
#5736=CARTESIAN_POINT('',(0.000359731269828053,0.00585843205607772,-0.00455211894236013));
#5737=CARTESIAN_POINT('',(-0.000726018019690065,0.00585721260736302,-0.00452914460284493));
#5738=CARTESIAN_POINT('',(-0.00144943467103143,0.00572193115101556,-0.0045135043793976));
#5739=CARTESIAN_POINT('',(-0.00279667761217706,0.00519810122486945,-0.00448455726235674));
#5740=CARTESIAN_POINT('',(-0.00342072708205348,0.00481003167346772,-0.00447115973501653));
#5741=CARTESIAN_POINT('',(-0.0042213066930495,0.00407819821503473,-0.00444966183458206));
#5742=CARTESIAN_POINT('',(-0.00446532646163266,0.00380896774355635,-0.0044421868631241));
#5743=CARTESIAN_POINT('',(-0.00489985397511984,0.00322954838074035,-0.00442680622111746));
#5744=CARTESIAN_POINT('',(-0.00509052533246837,0.00291956974718845,-0.00441894842928251));
#5745=CARTESIAN_POINT('',(-0.00535845552694428,0.00237844104533311,-0.00440601911863495));
#5746=CARTESIAN_POINT('',(-0.00545230208409503,0.00215544990174862,-0.00440089724858319));
#5747=CARTESIAN_POINT('',(-0.00553190446489412,0.00192758438322329,-0.0043958931920187));
#5748=CARTESIAN_POINT('',(0.00552095711298269,0.00192844178472916,-0.00469779350227009));
#5749=CARTESIAN_POINT('',(0.00544148172299705,0.00215587524277109,-0.00469273198012787));
#5750=CARTESIAN_POINT('',(0.00534810244550913,0.00237840490080633,-0.00468763919201062));
#5751=CARTESIAN_POINT('',(0.00508153213298385,0.00291809422614235,-0.00467492285774841));
#5752=CARTESIAN_POINT('',(0.00489164038881155,0.00322679346632993,-0.00466732622806807));
#5753=CARTESIAN_POINT('',(0.00424090595011723,0.00409151468437086,-0.00464488162510833));
#5754=CARTESIAN_POINT('',(0.00370016991028406,0.00458713167995111,-0.00463028665262834));
#5755=CARTESIAN_POINT('',(0.00277997568508859,0.00515854334679625,-0.00460865413056472));
#5756=CARTESIAN_POINT('',(0.00212995154180019,0.00548191900752782,-0.004594325970614));
#5757=CARTESIAN_POINT('',(0.00143125011976592,0.00568170831735121,-0.00457983205311211));
#5758=CARTESIAN_POINT('',(0.000720470480228617,0.00581552009877849,-0.00456507754582281));
#5759=CARTESIAN_POINT('',(0.000359035253965573,0.00584905351769801,-0.00455753572227335));
#5760=CARTESIAN_POINT('',(-0.000724972913091462,0.00584781607418931,-0.0045345614030064));
#5761=CARTESIAN_POINT('',(-0.00144722287954407,0.00571273675998187,-0.00451892125706391));
#5762=CARTESIAN_POINT('',(-0.00279229488096848,0.00518971877350175,-0.00448997417722967));
#5763=CARTESIAN_POINT('',(-0.00341533942486477,0.0048022582113118,-0.00447657661430511));
#5764=CARTESIAN_POINT('',(-0.00421462430139175,0.00407158046263121,-0.00445507866799137));
#5765=CARTESIAN_POINT('',(-0.00445824821245665,0.00380277609788157,-0.00444760368340681));
#5766=CARTESIAN_POINT('',(-0.0048920682129745,0.00322427573780706,-0.00443222302588527));
#5767=CARTESIAN_POINT('',(-0.00508242773820968,0.00291478968331898,-0.00442436523107947));
#5768=CARTESIAN_POINT('',(-0.0053499176492336,0.0023745226985566,-0.00441143592526691));
#5769=CARTESIAN_POINT('',(-0.005443609332003,0.00215188712941613,-0.00440631405987054));
#5770=CARTESIAN_POINT('',(-0.00552307965874526,0.00192438547344481,-0.00440131001076607));
#5771=CARTESIAN_POINT('',(0.0054937822173509,0.00200972901503126,-0.00469498331185285));
#5772=CARTESIAN_POINT('',(0.0054937822173509,0.00205932377933638,-0.00468416426143544));
#5773=CARTESIAN_POINT('',(0.0054937822173509,0.00208636161575842,-0.00468136861181801));
#5774=CARTESIAN_POINT('',(0.0054937822173509,0.00220587743864864,-0.00463473361153097));
#5775=CARTESIAN_POINT('',(0.0054937822173509,0.00222276277990913,-0.0046043260516645));
#5776=CARTESIAN_POINT('',(0.0054937822173509,0.00220516863240595,-0.00457453545431388));
#5777=CARTESIAN_POINT('',(0.0054937822173509,0.00208443412448604,-0.00453263000912661));
#5778=CARTESIAN_POINT('',(0.0054937822173509,0.00205810505349673,-0.00453108194278059));
#5779=CARTESIAN_POINT('',(0.0054937822173509,0.00200841852823158,-0.00452220898982629));
#5780=CARTESIAN_POINT('',(-0.0054937822173509,0.0020088592112113,-0.00422913756964512));
#5781=CARTESIAN_POINT('',(-0.0054937822173509,0.00205846315337769,-0.00423997025067164));
#5782=CARTESIAN_POINT('',(-0.0054937822173509,0.00210551436077472,-0.0042483418224788));
#5783=CARTESIAN_POINT('',(-0.0054937822173509,0.00227266717006584,-0.00431642942794718));
#5784=CARTESIAN_POINT('',(-0.0054937822173509,0.00211021344377438,-0.00438846583501724));
#5785=CARTESIAN_POINT('',(-0.0054937822173509,0.00206051969025304,-0.00439340776572544));
#5786=CARTESIAN_POINT('',(-0.0054937822173509,0.00201021682171756,-0.0044024266887141));
#5787=CARTESIAN_POINT('',(0.00552253637209151,0.00192520700970223,-0.00377361743798267));
#5788=CARTESIAN_POINT('',(0.00544317624972294,0.00215252218897908,-0.00376852711012551));
#5789=CARTESIAN_POINT('',(0.00534986191725942,0.0023750441654523,-0.00376338446377659));
#5790=CARTESIAN_POINT('',(0.00508339658603675,0.00291505658460164,-0.003750543566895));
#5791=CARTESIAN_POINT('',(0.00489363003146056,0.00322438470119583,-0.00374285615921083));
#5792=CARTESIAN_POINT('',(0.00424181904957368,0.00409102776670911,-0.00372041081205723));
#5793=CARTESIAN_POINT('',(0.00369814170747158,0.00458754828429758,-0.00370616819767246));
#5794=CARTESIAN_POINT('',(0.00277785431331639,0.00516013609791126,-0.003684641161723));
#5795=CARTESIAN_POINT('',(0.00245349752026001,0.00532190720995266,-0.00367742420407339));
#5796=CARTESIAN_POINT('',(0.00144434750286719,0.00571320434377893,-0.00365554799820505));
#5797=CARTESIAN_POINT('',(0.000723707539336289,0.00584929544700787,-0.00364068116982382));
#5798=CARTESIAN_POINT('',(-0.000720201241724154,0.00584861558244896,-0.00361031395049411));
#5799=CARTESIAN_POINT('',(-0.00144316401190629,0.00571364163078538,-0.00359490337711806));
#5800=CARTESIAN_POINT('',(-0.00245416799905489,0.00532177408230994,-0.00357289690500436));
#5801=CARTESIAN_POINT('',(-0.00277877098747923,0.00515920059500743,-0.00356579013542137));
#5802=CARTESIAN_POINT('',(-0.0033927325147516,0.00477719084184623,-0.00355170977164091));
#5803=CARTESIAN_POINT('',(-0.00368213685234249,0.00455786543338418,-0.00354472349971471));
#5804=CARTESIAN_POINT('',(-0.00421564619808483,0.00407034200136706,-0.0035304511074015));
#5805=CARTESIAN_POINT('',(-0.00445958069002624,0.00380203471916845,-0.00352313185341789));
#5806=CARTESIAN_POINT('',(-0.00503728078826489,0.00303247088420036,-0.00350289120029719));
#5807=CARTESIAN_POINT('',(-0.00532346960467822,0.0024957719376061,-0.00348967285693213));
#5808=CARTESIAN_POINT('',(-0.00552199773394399,0.00192819018586179,-0.00347702210894591));
#5809=CARTESIAN_POINT('',(0.00554033956639142,0.00193166000280744,-0.00378454780171324));
#5810=CARTESIAN_POINT('',(0.00546071237327439,0.00215970969885218,-0.00377945744415919));
#5811=CARTESIAN_POINT('',(0.00536708606157088,0.00238295020864336,-0.00377431476816116));
#5812=CARTESIAN_POINT('',(0.0050997351355669,0.00292470405648062,-0.00376147381872751));
#5813=CARTESIAN_POINT('',(0.00490934209384538,0.00323502753337704,-0.00375378639963098));
#5814=CARTESIAN_POINT('',(0.0042553935404874,0.00410444843191628,-0.00373134115887896));
#5815=CARTESIAN_POINT('',(0.00370994864686035,0.00460254599160674,-0.00371709877894235));
#5816=CARTESIAN_POINT('',(0.00278666201874332,0.00517694534787056,-0.00369557183221394));
#5817=CARTESIAN_POINT('',(0.00246124634260519,0.00533922707780456,-0.00368835484749929));
#5818=CARTESIAN_POINT('',(0.00144880088858653,0.00573175422077324,-0.00366647845740956));
#5819=CARTESIAN_POINT('',(0.000725808272990563,0.0058682638830688,-0.00365161140277555));
#5820=CARTESIAN_POINT('',(-0.000722773492720359,0.00586753075779983,-0.0036212442128936));
#5821=CARTESIAN_POINT('',(-0.00144805929693466,0.00573209159202618,-0.00360583383621616));
#5822=CARTESIAN_POINT('',(-0.00246231501130803,0.00533891312246718,-0.00358382746273309));
#5823=CARTESIAN_POINT('',(-0.00278796314275717,0.00517579920412775,-0.00357672068440972));
#5824=CARTESIAN_POINT('',(-0.00340390149490003,0.00479252558879426,-0.0035626402563684));
#5825=CARTESIAN_POINT('',(-0.00369423750336659,0.00457247711776276,-0.00355565393149097));
#5826=CARTESIAN_POINT('',(-0.00422946070649496,0.00408335163686746,-0.00354138144498943));
#5827=CARTESIAN_POINT('',(-0.00447417663038679,0.00381416505968937,-0.00353406215250199));
#5828=CARTESIAN_POINT('',(-0.00505371825937145,0.00304208571491512,-0.0035138214652587));
#5829=CARTESIAN_POINT('',(-0.00534080985828172,0.00250363845978024,-0.00350060315673346));
#5830=CARTESIAN_POINT('',(-0.00553995660992334,0.00193421262480217,-0.00348795245175796));
#5831=CARTESIAN_POINT('',(0.00555844312128662,0.00193823909596418,-0.00379644655554782));
#5832=CARTESIAN_POINT('',(0.005478543559609,0.00216703581688221,-0.00379135616555332));
#5833=CARTESIAN_POINT('',(0.00538459921817966,0.00239100706175977,-0.00378621345716353));
#5834=CARTESIAN_POINT('',(0.0051163458841196,0.00293453175424803,-0.00377337245030762));
#5835=CARTESIAN_POINT('',(0.00492531475067931,0.00324586725797513,-0.00376568501872944));
#5836=CARTESIAN_POINT('',(0.00426919003420635,0.00411811176553208,-0.00374323989415679));
#5837=CARTESIAN_POINT('',(0.00372194676463782,0.00461781137019666,-0.00372899777028534));
#5838=CARTESIAN_POINT('',(0.00279560805676808,0.00519405044395875,-0.00370747092103711));
#5839=CARTESIAN_POINT('',(0.00246911470898599,0.00535685063674509,-0.00370025390678008));
#5840=CARTESIAN_POINT('',(0.00145331525931705,0.00575062629655139,-0.00367837731553429));
#5841=CARTESIAN_POINT('',(0.000727928212008129,0.0058875601175913,-0.00366351001380988));
#5842=CARTESIAN_POINT('',(-0.00072540667929802,0.00588676927031323,-0.00363314285595831));
#5843=CARTESIAN_POINT('',(-0.00145305418459748,0.00575085498426942,-0.00361773269398279));
#5844=CARTESIAN_POINT('',(-0.00247061595701854,0.00535634017099173,-0.00359572642819986));
#5845=CARTESIAN_POINT('',(-0.00279732676874912,0.00519267556060705,-0.00358861964035802));
#5846=CARTESIAN_POINT('',(-0.00341527511490183,0.00480811448453558,-0.00357453914221625));
#5847=CARTESIAN_POINT('',(-0.00370655841495743,0.00458732962096572,-0.00356755275956091));
#5848=CARTESIAN_POINT('',(-0.00424352395636898,0.00409657291685117,-0.00355328017026962));
#5849=CARTESIAN_POINT('',(-0.00448903414559194,0.0038264911988156,-0.0035459608357514));
#5850=CARTESIAN_POINT('',(-0.00507044691508794,0.00305185147534086,-0.00352572011121611));
#5851=CARTESIAN_POINT('',(-0.00535845514733328,0.00251162515490241,-0.00351250184065958));
#5852=CARTESIAN_POINT('',(-0.00555822947107893,0.00194032312684083,-0.00349985118261551));
#5853=CARTESIAN_POINT('',(0.00558540241977633,0.00194830994359608,-0.00382660622183075));
#5854=CARTESIAN_POINT('',(0.00550508470135458,0.00217822096368409,-0.00382151574748409));
#5855=CARTESIAN_POINT('',(0.0054106542859525,0.002403281666676,-0.00381637295482019));
#5856=CARTESIAN_POINT('',(0.00514102743391231,0.00294944403706927,-0.00380353179844482));
#5857=CARTESIAN_POINT('',(0.00494902966102209,0.00326228461580698,-0.00379584433420655));
#5858=CARTESIAN_POINT('',(0.004289624123757,0.00413871660762583,-0.00377339951101274));
#5859=CARTESIAN_POINT('',(0.00373968675475079,0.00464077636417606,-0.0037591580523809));
#5860=CARTESIAN_POINT('',(0.00280876729234627,0.00521971716512517,-0.00373763145682893));
#5861=CARTESIAN_POINT('',(0.00248065444015041,0.00538327724315979,-0.00373041436606979));
#5862=CARTESIAN_POINT('',(0.00145981334817876,0.00577887666438807,-0.00370853725293347));
#5863=CARTESIAN_POINT('',(0.000730827507194853,0.00591641906266301,-0.00369366930960944));
#5864=CARTESIAN_POINT('',(-0.000729606211481181,0.00591548570318469,-0.00366330223315418));
#5865=CARTESIAN_POINT('',(-0.00146076235147545,0.00577883111713255,-0.00364789262714175));
#5866=CARTESIAN_POINT('',(-0.00248323902318107,0.00538227373893834,-0.00362588664082032));
#5867=CARTESIAN_POINT('',(-0.0028115308428904,0.00521777091479264,-0.00361877982862916));
#5868=CARTESIAN_POINT('',(-0.00343246954834762,0.0048312565103394,-0.00360469914954062));
#5869=CARTESIAN_POINT('',(-0.0037251619923029,0.00460935711255894,-0.00359771261754603));
#5870=CARTESIAN_POINT('',(-0.00426471531235082,0.00411613723497979,-0.00358343976235105));
#5871=CARTESIAN_POINT('',(-0.00451140274901933,0.00384470647273798,-0.00357612031896272));
#5872=CARTESIAN_POINT('',(-0.00509557882379139,0.00306621536883095,-0.00355587949722836));
#5873=CARTESIAN_POINT('',(-0.00538493017127263,0.00252331968482495,-0.00354266132417189));
#5874=CARTESIAN_POINT('',(-0.00558561544295958,0.00194920783136546,-0.00353001078743773));
#5875=CARTESIAN_POINT('',(0.0055937476245156,0.00195160276141322,-0.00384392196963856));
#5876=CARTESIAN_POINT('',(0.00551329241420663,0.00218185989829454,-0.00383883144626597));
#5877=CARTESIAN_POINT('',(0.00541870353462813,0.00240725865475246,-0.00383368860460482));
#5878=CARTESIAN_POINT('',(0.00514863247595792,0.00295423789011724,-0.00382084736125604));
#5879=CARTESIAN_POINT('',(0.00495632495445173,0.00326754307515792,-0.00381315987796505));
#5880=CARTESIAN_POINT('',(0.00429587809642513,0.00414526016351848,-0.00379071522968906));
#5881=CARTESIAN_POINT('',(0.00374509650400199,0.00464803409982476,-0.00377647415749676));
#5882=CARTESIAN_POINT('',(0.00281273618688289,0.00522778688686655,-0.00375494770947231));
#5883=CARTESIAN_POINT('',(0.00248411261202475,0.00539157436380281,-0.00374773057435795));
#5884=CARTESIAN_POINT('',(0.00146168076114033,0.00578771556013016,-0.0037258531582946));
#5885=CARTESIAN_POINT('',(0.000731559704627577,0.00592543154633694,-0.00371098484237517));
#5886=CARTESIAN_POINT('',(-0.000731084662627583,0.00592441779568896,-0.00368061781257807));
#5887=CARTESIAN_POINT('',(-0.00146332154260914,0.00578751303364776,-0.00366520852890043));
#5888=CARTESIAN_POINT('',(-0.00248731423243936,0.00539028969375712,-0.00364320270480331));
#5889=CARTESIAN_POINT('',(-0.00281609448499033,0.0052255157668375,-0.00363609587859806));
#5890=CARTESIAN_POINT('',(-0.00343795701245807,0.00483837357056724,-0.00362201509479959));
#5891=CARTESIAN_POINT('',(-0.00373108466946748,0.00461611767639057,-0.0036150284763162));
#5892=CARTESIAN_POINT('',(-0.00427143463052906,0.0041221135172022,-0.00360075546704841));
#5893=CARTESIAN_POINT('',(-0.00451848292222431,0.00385025488091805,-0.00359343596052816));
#5894=CARTESIAN_POINT('',(-0.00510349952783738,0.00307054686907389,-0.00357319508222143));
#5895=CARTESIAN_POINT('',(-0.005393252580768,0.00252681203966449,-0.00355997696541055));
#5896=CARTESIAN_POINT('',(-0.00559420468719005,0.00195182024116918,-0.00354732649893402));
#5897=CARTESIAN_POINT('',(0.00559336838492134,0.00195221788752684,-0.00387792735706751));
#5898=CARTESIAN_POINT('',(0.00551288431624538,0.00218246447328697,-0.00387283673738827));
#5899=CARTESIAN_POINT('',(0.00541826775541645,0.00240785141514183,-0.00386769379944544));
#5900=CARTESIAN_POINT('',(0.00514813388627885,0.00295479517056018,-0.00385485238511066));
#5901=CARTESIAN_POINT('',(0.00495579454395113,0.00326807363021458,-0.0038471648642598));
#5902=CARTESIAN_POINT('',(0.00429528274369648,0.00414568377803629,-0.00382472055913166));
#5903=CARTESIAN_POINT('',(0.00374449473547791,0.00464835374125904,-0.00381048024568367));
#5904=CARTESIAN_POINT('',(0.00281210009230091,0.00522796355166381,-0.00378895408760902));
#5905=CARTESIAN_POINT('',(0.00248345870815345,0.00539170659090337,-0.00378173686556665));
#5906=CARTESIAN_POINT('',(0.00146096779449332,0.00578772390998671,-0.0037598588551822));
#5907=CARTESIAN_POINT('',(0.00073080583232028,0.00592536750566923,-0.00374498980791041));
#5908=CARTESIAN_POINT('',(-0.000731795703810896,0.00592419924007162,-0.00371462286854691));
#5909=CARTESIAN_POINT('',(-0.00146396013557732,0.0057872142029735,-0.00369921421657158));
#5910=CARTESIAN_POINT('',(-0.00248786047326536,0.00538987423759863,-0.00367720871077178));
#5911=CARTESIAN_POINT('',(-0.00281661432074922,0.00522506190167204,-0.00367010185729649));
#5912=CARTESIAN_POINT('',(-0.0034384268515425,0.00483784733636321,-0.00365602086866548));
#5913=CARTESIAN_POINT('',(-0.00373153043702171,0.00461555752989673,-0.00364903408086246));
#5914=CARTESIAN_POINT('',(-0.00427182500692234,0.00412149392132772,-0.0036347607698209));
#5915=CARTESIAN_POINT('',(-0.00451884137933395,0.00384960991110369,-0.00362744113955488));
#5916=CARTESIAN_POINT('',(-0.00510375506158016,0.00306984942320516,-0.00360720014996732));
#5917=CARTESIAN_POINT('',(-0.00539342858507467,0.00252609670682404,-0.00359398214285191));
#5918=CARTESIAN_POINT('',(-0.00559430252050644,0.00195110056128405,-0.00358133181392267));
#5919=CARTESIAN_POINT('',(0.00558464510223297,0.00194955414036283,-0.00389523294943397));
#5920=CARTESIAN_POINT('',(0.00550426902884758,0.00217944419768793,-0.00389014228060929));
#5921=CARTESIAN_POINT('',(0.00540978261374472,0.00240448138108866,-0.00388499929351778));
#5922=CARTESIAN_POINT('',(0.00514002861531073,0.00295057293423306,-0.00387215779185973));
#5923=CARTESIAN_POINT('',(0.00494796634828095,0.00326336002790658,-0.00386447025177451));
#5924=CARTESIAN_POINT('',(0.00428842880188795,0.00413957746156353,-0.00384202612152065));
#5925=CARTESIAN_POINT('',(0.003738477694118,0.00464142811022616,-0.00382778619506856));
#5926=CARTESIAN_POINT('',(0.00280748761906419,0.00522008120035166,-0.00380626018503033));
#5927=CARTESIAN_POINT('',(0.00247933835386307,0.005383551833246,-0.00379904291873199));
#5928=CARTESIAN_POINT('',(0.00145837659857427,0.00577890182504229,-0.00377716460544589));
#5929=CARTESIAN_POINT('',(0.000729307157158523,0.00591629832893668,-0.00376229518525632));
#5930=CARTESIAN_POINT('',(-0.000731042223243549,0.00591505313909889,-0.00373192829141942));
#5931=CARTESIAN_POINT('',(-0.00146205320573273,0.00577823635199336,-0.00371651996104307));
#5932=CARTESIAN_POINT('',(-0.00248434497051069,0.00538144303982391,-0.00369451461747934));
#5933=CARTESIAN_POINT('',(-0.00281258397386106,0.00521686246536037,-0.00368740775022005));
#5934=CARTESIAN_POINT('',(-0.00343342267324286,0.00483020145618348,-0.00367332665750028));
#5935=CARTESIAN_POINT('',(-0.00372606695900689,0.00460823330050351,-0.0036663397835879));
#5936=CARTESIAN_POINT('',(-0.00426550926924583,0.00411489273815588,-0.00365206631900222));
#5937=CARTESIAN_POINT('',(-0.00451213264387652,0.00384341037813978,-0.00364474662572629));
#5938=CARTESIAN_POINT('',(-0.00509610184747527,0.0030648122521468,-0.00362450557927562));
#5939=CARTESIAN_POINT('',(-0.0053852931114315,0.00252187968947578,-0.00361128762773416));
#5940=CARTESIAN_POINT('',(-0.00558582091360545,0.00194775823760344,-0.00359863736875789));
#5941=CARTESIAN_POINT('',(0.00555714425700241,0.00194061727729781,-0.00392526044533217));
#5942=CARTESIAN_POINT('',(0.00547713339796436,0.00216937969917165,-0.00392016969201521));
#5943=CARTESIAN_POINT('',(0.00538308187021437,0.0023933117392105,-0.00391502662039731));
#5944=CARTESIAN_POINT('',(0.00511458395862793,0.00293671549848207,-0.00390218496848745));
#5945=CARTESIAN_POINT('',(0.0049234275519846,0.00324795747828068,-0.00389449739521318));
#5946=CARTESIAN_POINT('',(0.00426704056986048,0.00411981849570135,-0.00387205356518826));
#5947=CARTESIAN_POINT('',(0.00371975943382425,0.00461913661857208,-0.00385781430372595));
#5948=CARTESIAN_POINT('',(0.00279326774035133,0.00519484836112613,-0.00383628854832948));
#5949=CARTESIAN_POINT('',(0.00246669883916264,0.00535748425456648,-0.0038290712061303));
#5950=CARTESIAN_POINT('',(0.00145065048512507,0.00575080041737623,-0.00380719237276948));
#5951=CARTESIAN_POINT('',(0.000725090511502118,0.00588746341411685,-0.00379232231197254));
#5952=CARTESIAN_POINT('',(-0.000728118140225168,0.00588608722979932,-0.00376195549529373));
#5953=CARTESIAN_POINT('',(-0.00145550923418795,0.00574986548263812,-0.00374654771646019));
#5954=CARTESIAN_POINT('',(-0.00247274638240294,0.00535489910372007,-0.00372454265147455));
#5955=CARTESIAN_POINT('',(-0.00279936526524753,0.00519108494127128,-0.00371743576075348));
#5956=CARTESIAN_POINT('',(-0.00341713953255929,0.00480624019704758,-0.00370335448986432));
#5957=CARTESIAN_POINT('',(-0.00370833886578854,0.0045853214009528,-0.00369636746843763));
#5958=CARTESIAN_POINT('',(-0.00424510788685625,0.00409432733882098,-0.00368209374068237));
#5959=CARTESIAN_POINT('',(-0.00449050324672826,0.00382414281054285,-0.00367477393932452));
#5960=CARTESIAN_POINT('',(-0.005071540539903,0.00304928510933289,-0.00365453279497664));
#5961=CARTESIAN_POINT('',(-0.00535925464317654,0.00250897764484567,-0.00364131493825699));
#5962=CARTESIAN_POINT('',(-0.00555873779745425,0.00193764499334535,-0.00362866479912069));
#5963=CARTESIAN_POINT('',(0.00553892316169965,0.00193451813367814,-0.00393706262590571));
#5964=CARTESIAN_POINT('',(0.00545916244661011,0.00216253221920306,-0.00393197184004628));
#5965=CARTESIAN_POINT('',(0.00536540717356076,0.00238573120451212,-0.00392682873585433));
#5966=CARTESIAN_POINT('',(0.00509776080612011,0.00292735374365829,-0.00391398702599496));
#5967=CARTESIAN_POINT('',(0.00490721526655545,0.00323757329060809,-0.00390629943985981));
#5968=CARTESIAN_POINT('',(0.00425294185190961,0.00410655919207023,-0.00388385572519796));
#5969=CARTESIAN_POINT('',(0.00370744016384317,0.0046042159907267,-0.00386961671963617));
#5970=CARTESIAN_POINT('',(0.00278395215689029,0.00517800357471707,-0.00384809106240182));
#5971=CARTESIAN_POINT('',(0.00245843989082988,0.00534009433142516,-0.00384087369108885));
#5972=CARTESIAN_POINT('',(0.00144567753742611,0.00573208603574352,-0.0038189946578601));
#5973=CARTESIAN_POINT('',(0.000722464327698378,0.0058682780369989,-0.0038041243506691));
#5974=CARTESIAN_POINT('',(-0.000725999723953889,0.00586685185223699,-0.00377375756298988));
#5975=CARTESIAN_POINT('',(-0.00145099783489377,0.0057310456777476,-0.00375834999570734));
#5976=CARTESIAN_POINT('',(-0.0024648914276712,0.00533732392995516,-0.00373634503779569));
#5977=CARTESIAN_POINT('',(-0.00279043785422656,0.005174029365121,-0.00372923813819057));
#5978=CARTESIAN_POINT('',(-0.00340618359999113,0.00479041148331219,-0.00371515679918432));
#5979=CARTESIAN_POINT('',(-0.0036964265567774,0.00457019961203447,-0.00370816972128246));
#5980=CARTESIAN_POINT('',(-0.00423142881311403,0.00408078237618802,-0.00369389589268809));
#5981=CARTESIAN_POINT('',(-0.00447601414351375,0.00381146817031552,-0.00368657604986124));
#5982=CARTESIAN_POINT('',(-0.0050551239114421,0.00303911381296963,-0.0036663348677198));
#5983=CARTESIAN_POINT('',(-0.00534187355304974,0.0025005586780527,-0.00365311704705472));
#5984=CARTESIAN_POINT('',(-0.0055406799233071,0.00193108410100514,-0.00364046695380069));
#5985=CARTESIAN_POINT('',(0.00552102504556246,0.00192851183373084,-0.00394796112983904));
#5986=CARTESIAN_POINT('',(0.00544151074035409,0.00215579074357679,-0.00394287031399242));
#5987=CARTESIAN_POINT('',(0.00534804716607375,0.00237826959652959,-0.00393772717978125));
#5988=CARTESIAN_POINT('',(0.00508123890347603,0.00291814245503755,-0.00392488541651012));
#5989=CARTESIAN_POINT('',(0.00489129431844841,0.0032273578044474,-0.00391719781851162));
#5990=CARTESIAN_POINT('',(0.00423909924924587,0.0040935205261021,-0.00389475421011119));
#5991=CARTESIAN_POINT('',(0.00369534636614956,0.00458954688331993,-0.00388051544032056));
#5992=CARTESIAN_POINT('',(0.00277481079922721,0.0051614465349693,-0.00385898987355414));
#5993=CARTESIAN_POINT('',(0.00245033725788134,0.00532300249730785,-0.00385177247543234));
#5994=CARTESIAN_POINT('',(0.00144080527952638,0.00571369519416737,-0.00382989325809975));
#5995=CARTESIAN_POINT('',(0.00071989907900677,0.00584942582819428,-0.00381502272391583));
#5996=CARTESIAN_POINT('',(-0.000723903326503077,0.00584795368788074,-0.00378465596284504));
#5997=CARTESIAN_POINT('',(-0.00144655133782894,0.00571255755636626,-0.00376924859036268));
#5998=CARTESIAN_POINT('',(-0.00245716110887757,0.00532006131371418,-0.00374724373108218));
#5999=CARTESIAN_POINT('',(-0.00278165417237265,0.00515727814866924,-0.00374013682331492));
#6000=CARTESIAN_POINT('',(-0.00339540751167145,0.00477486739427662,-0.00372605542162056));
#6001=CARTESIAN_POINT('',(-0.00368471112913419,0.00455535091563547,-0.0037190682917321));
#6002=CARTESIAN_POINT('',(-0.00421797831920967,0.00406748445084163,-0.00370479437029955));
#6003=CARTESIAN_POINT('',(-0.00446176828764554,0.00379902603379861,-0.00369747448928526));
#6004=CARTESIAN_POINT('',(-0.00503898598840281,0.00302913279770716,-0.00367723327230393));
#6005=CARTESIAN_POINT('',(-0.00532478948771047,0.00249230005108946,-0.00366401548478821));
#6006=CARTESIAN_POINT('',(-0.00552293238967254,0.00192465149901188,-0.00365136543377012));
#6007=CARTESIAN_POINT('',(0.0054937822173509,0.00200973037309648,-0.00394515090256922));
#6008=CARTESIAN_POINT('',(0.0054937822173509,0.00205935293619265,-0.00393431064506843));
#6009=CARTESIAN_POINT('',(0.0054937822173509,0.00208637319691125,-0.00393151160015362));
#6010=CARTESIAN_POINT('',(0.0054937822173509,0.00220581060867215,-0.00388488846433568));
#6011=CARTESIAN_POINT('',(0.0054937822173509,0.00222279470486354,-0.00385451013201036));
#6012=CARTESIAN_POINT('',(0.0054937822173509,0.00220530964388023,-0.00382467020557495));
#6013=CARTESIAN_POINT('',(0.0054937822173509,0.00208455073884813,-0.00378273120980509));
#6014=CARTESIAN_POINT('',(0.0054937822173509,0.00205825060196986,-0.00378119506239989));
#6015=CARTESIAN_POINT('',(0.0054937822173509,0.0020085638605837,-0.00377232148221216));
#6016=CARTESIAN_POINT('',(-0.0054937822173509,0.0020089611085988,-0.00347920750469842));
#6017=CARTESIAN_POINT('',(-0.0054937822173509,0.00205859279930509,-0.00349004823656948));
#6018=CARTESIAN_POINT('',(-0.0054937822173509,0.00210568152226715,-0.00349841900274058));
#6019=CARTESIAN_POINT('',(-0.0054937822173509,0.00227301974892472,-0.00356660871877083));
#6020=CARTESIAN_POINT('',(-0.0054937822173509,0.00211022052494589,-0.00363855122809791));
#6021=CARTESIAN_POINT('',(-0.0054937822173509,0.00206051969653357,-0.00364347962801111));
#6022=CARTESIAN_POINT('',(-0.0054937822173509,0.00201014458450934,-0.00365248919014695));
#6023=CARTESIAN_POINT('',(0.00552279240739876,0.00192544764080168,-0.00302375395823475));
#6024=CARTESIAN_POINT('',(0.00532410883618676,0.00249394649122721,-0.0030110446717897));
#6025=CARTESIAN_POINT('',(0.00503768041552937,0.00303159192003014,-0.00299783671776507));
#6026=CARTESIAN_POINT('',(0.00446013288738403,0.00380141805601307,-0.00297770308138452));
#6027=CARTESIAN_POINT('',(0.00421648001096242,0.00406954034833837,-0.00297043213125456));
#6028=CARTESIAN_POINT('',(0.00368411022295476,0.00455670645750324,-0.00295616442874662));
#6029=CARTESIAN_POINT('',(0.00339545186168654,0.00477580451635537,-0.00294915433438521));
#6030=CARTESIAN_POINT('',(0.00278264931482912,0.00515742925826692,-0.00293501093002743));
#6031=CARTESIAN_POINT('',(0.00245837391797394,0.00531975735057134,-0.00292785497242363));
#6032=CARTESIAN_POINT('',(0.00144751941726224,0.0057120092663568,-0.00290582029835629));
#6033=CARTESIAN_POINT('',(0.000723844747666992,0.00584861245517032,-0.00289053577618107));
#6034=CARTESIAN_POINT('',(-0.000722056055517186,0.00584950814352423,-0.00286017881876092));
#6035=CARTESIAN_POINT('',(-0.00144419163298257,0.00571287870896454,-0.00284512211443278));
#6036=CARTESIAN_POINT('',(-0.00245398155098702,0.00532160203093006,-0.0028231537393006));
#6037=CARTESIAN_POINT('',(-0.00277818914631265,0.00515987391636668,-0.00281595525582311));
#6038=CARTESIAN_POINT('',(-0.00369740956039088,0.00458865790664134,-0.00279458644458202));
#6039=CARTESIAN_POINT('',(-0.00423970081314475,0.00409427390497445,-0.00278054584018659));
#6040=CARTESIAN_POINT('',(-0.00503557327397784,0.00303538111191678,-0.00275302096451746));
#6041=CARTESIAN_POINT('',(-0.0053223773864885,0.00249647229901287,-0.00273986562086893));
#6042=CARTESIAN_POINT('',(-0.0055216290786592,0.00192737003416193,-0.00272711371297741));
#6043=CARTESIAN_POINT('',(0.00554059812454826,0.00193190297477101,-0.00303468431012779));
#6044=CARTESIAN_POINT('',(0.00534124661658048,0.00250223702649543,-0.00302197497418683));
#6045=CARTESIAN_POINT('',(0.00505386669294135,0.00304161440898716,-0.00300876697127447));
#6046=CARTESIAN_POINT('',(0.00447442095474135,0.00381390989962309,-0.00298863337698442));
#6047=CARTESIAN_POINT('',(0.00422997130175842,0.00408288938993992,-0.00298136247575091));
#6048=CARTESIAN_POINT('',(0.00369586463938599,0.0045716082970957,-0.00296709488397969));
#6049=CARTESIAN_POINT('',(0.00340626627641404,0.00479140217962254,-0.00296008484997558));
#6050=CARTESIAN_POINT('',(0.00279146779521022,0.00517423489208794,-0.00294594151340371));
#6051=CARTESIAN_POINT('',(0.00246613568057038,0.00533707458681685,-0.00293878555719274));
#6052=CARTESIAN_POINT('',(0.00145198396347541,0.00573055619125687,-0.00291675075995564));
#6053=CARTESIAN_POINT('',(0.000725947313608605,0.00586757621806153,-0.00290146602877731));
#6054=CARTESIAN_POINT('',(-0.000724636129274982,0.00586842445785134,-0.00287110906029105));
#6055=CARTESIAN_POINT('',(-0.00144909041981849,0.00573132778573746,-0.00285605257988495));
#6056=CARTESIAN_POINT('',(-0.00246212411172757,0.00533874434314154,-0.00283408436092333));
#6057=CARTESIAN_POINT('',(-0.00278737401266107,0.00517647867656839,-0.00282688588957434));
#6058=CARTESIAN_POINT('',(-0.00370955359734329,0.00460337094066719,-0.00280551697618532));
#6059=CARTESIAN_POINT('',(-0.00425359361286044,0.00410735816716454,-0.00279147616207991));
#6060=CARTESIAN_POINT('',(-0.00505200768704593,0.00304500400963391,-0.00276395119744642));
#6061=CARTESIAN_POINT('',(-0.00533971623968628,0.00250434222079944,-0.00275079592008008));
#6062=CARTESIAN_POINT('',(-0.00553958777074222,0.00193339209554841,-0.00273804407545139));
#6063=CARTESIAN_POINT('',(0.00555870435780239,0.00193848456393928,-0.0030465830510437));
#6064=CARTESIAN_POINT('',(0.00535867171639632,0.00251068494733973,-0.0030338736610294));
#6065=CARTESIAN_POINT('',(0.00507032225942341,0.00305182340648812,-0.00302066560466897));
#6066=CARTESIAN_POINT('',(0.00448894374645081,0.00382662905950021,-0.0030005320563082));
#6067=CARTESIAN_POINT('',(0.00424368308958158,0.00409647972019299,-0.00299326120847585));
#6068=CARTESIAN_POINT('',(0.00370780882066491,0.00458677640918266,-0.00297899373766119));
#6069=CARTESIAN_POINT('',(0.00341725394608382,0.00480727713370969,-0.00297198376959242));
#6070=CARTESIAN_POINT('',(0.0028004244438902,0.00519133665085677,-0.00295784050708836));
#6071=CARTESIAN_POINT('',(0.00247401699574346,0.00535469575996252,-0.00295068455241754));
#6072=CARTESIAN_POINT('',(0.0014565097457627,0.00574942533172861,-0.00292864962070218));
#6073=CARTESIAN_POINT('',(0.000728069222635782,0.0058868675334201,-0.00291336466126852));
#6074=CARTESIAN_POINT('',(-0.000727277392384805,0.00588766400033435,-0.0028830076805785));
#6075=CARTESIAN_POINT('',(-0.00145408888729666,0.00575009038710303,-0.0028679514445949));
#6076=CARTESIAN_POINT('',(-0.00247042027708077,0.00535617499902287,-0.00284598339613389));
#6077=CARTESIAN_POINT('',(-0.00279672986489229,0.00519336158443776,-0.00283878493804037));
#6078=CARTESIAN_POINT('',(-0.00372191822926559,0.00461832667431569,-0.00281741591319941));
#6079=CARTESIAN_POINT('',(-0.00426773652026355,0.00412065515841498,-0.00280337487021568));
#6080=CARTESIAN_POINT('',(-0.00506873339818699,0.003054777872874,-0.00277584980843676));
#6081=CARTESIAN_POINT('',(-0.00535736025620472,0.00251233244488004,-0.002762694603371));
#6082=CARTESIAN_POINT('',(-0.00555786052306831,0.00193950236762802,-0.00274994282777581));
#6083=CARTESIAN_POINT('',(0.00558566945179987,0.0019485609484418,-0.00307674268390315));
#6084=CARTESIAN_POINT('',(0.00538459191523474,0.00252354331278147,-0.0030640331532184));
#6085=CARTESIAN_POINT('',(0.00509476730139082,0.00306730280334891,-0.0030508249572801));
#6086=CARTESIAN_POINT('',(0.00451047025140449,0.00384583295782468,-0.00303069152766633));
#6087=CARTESIAN_POINT('',(0.00426398940602142,0.00411697314549324,-0.00302342081851614));
#6088=CARTESIAN_POINT('',(0.00372546015896868,0.00460960010289149,-0.00300915366207712));
#6089=CARTESIAN_POINT('',(0.00343347052489554,0.00483114196212768,-0.00300214386548439));
#6090=CARTESIAN_POINT('',(0.00281359403159867,0.00521700383898322,-0.00298800079584148));
#6091=CARTESIAN_POINT('',(0.00248557271701224,0.00538112344472988,-0.00298084484543273));
#6092=CARTESIAN_POINT('',(0.00146302583129841,0.00577767237544267,-0.00295880956500953));
#6093=CARTESIAN_POINT('',(0.000730973124005358,0.0059157164861613,-0.00294352401283507));
#6094=CARTESIAN_POINT('',(-0.000731490900567298,0.00591637994930808,-0.00291316699882782));
#6095=CARTESIAN_POINT('',(-0.00146180267102517,0.00577806706861068,-0.00289811139584315));
#6096=CARTESIAN_POINT('',(-0.00248303216257477,0.00538211835226899,-0.00287614378938637));
#6097=CARTESIAN_POINT('',(-0.00281091658354408,0.00521847135434263,-0.0028689453658446));
#6098=CARTESIAN_POINT('',(-0.00374058058330052,0.00464051054193768,-0.00284757605303122));
#6099=CARTESIAN_POINT('',(-0.00428904723831515,0.00414032945064141,-0.00283353441772783));
#6100=CARTESIAN_POINT('',(-0.0050938635553255,0.00306915226287595,-0.00280600910387264));
#6101=CARTESIAN_POINT('',(-0.00538383577976643,0.00252403339223786,-0.00279285408536778));
#6102=CARTESIAN_POINT('',(-0.00558524755277458,0.00194838918321965,-0.00278010248826528));
#6103=CARTESIAN_POINT('',(0.00559401760969787,0.00195185664746175,-0.00309405841234286));
#6104=CARTESIAN_POINT('',(0.00539259701822443,0.00252770189676327,-0.00308134879987638));
#6105=CARTESIAN_POINT('',(0.00510229565930173,0.00307227175226884,-0.00306814052260789));
#6106=CARTESIAN_POINT('',(0.00451706932828207,0.00385194612105566,-0.0030480071617769));
#6107=CARTESIAN_POINT('',(0.00427020278014629,0.00412348047924314,-0.00304073653317024));
#6108=CARTESIAN_POINT('',(0.00373083712242943,0.0046168163744759,-0.00302646955940047));
#6109=CARTESIAN_POINT('',(0.00343839672212828,0.00483867315481758,-0.00301945986248067));
#6110=CARTESIAN_POINT('',(0.00281756263563395,0.00522507719297172,-0.0030053169050221));
#6111=CARTESIAN_POINT('',(0.00248903372659309,0.00538942387002074,-0.0029981609571789));
#6112=CARTESIAN_POINT('',(0.00146489945845575,0.00578651091378226,-0.00297612547441666));
#6113=CARTESIAN_POINT('',(0.000731707819970822,0.00592472416598625,-0.00296083957800385));
#6114=CARTESIAN_POINT('',(-0.000732974928021003,0.00592531059786409,-0.00293048254408755));
#6115=CARTESIAN_POINT('',(-0.00146436378414666,0.00578675026238125,-0.00291542730812736));
#6116=CARTESIAN_POINT('',(-0.00248710130516578,0.00539014016686213,-0.00289345995810676));
#6117=CARTESIAN_POINT('',(-0.00281547114610936,0.00522622365737433,-0.00288626155467588));
#6118=CARTESIAN_POINT('',(-0.00374651739393535,0.00464732121002058,-0.00286489207511948));
#6119=CARTESIAN_POINT('',(-0.00429580397853626,0.00414633799641348,-0.00285085009652445));
#6120=CARTESIAN_POINT('',(-0.00510178540646382,0.0030734860053619,-0.00282332463634093));
#6121=CARTESIAN_POINT('',(-0.00539215987990883,0.00252752847919772,-0.00281016972577226));
#6122=CARTESIAN_POINT('',(-0.00559383790683521,0.00195100382036855,-0.00279741823206348));
#6123=CARTESIAN_POINT('',(0.00559364329093905,0.00195247673091708,-0.0031280637618338));
#6124=CARTESIAN_POINT('',(0.00539215279356687,0.0025282903007179,-0.00311535398867124));
#6125=CARTESIAN_POINT('',(0.00510178540945373,0.00307281909896114,-0.00310214555124869));
#6126=CARTESIAN_POINT('',(0.00451648858975729,0.00385240354190495,-0.00308201232509539));
#6127=CARTESIAN_POINT('',(0.00426960470839041,0.00412389818396717,-0.0030747418545971));
#6128=CARTESIAN_POINT('',(0.00373021354746415,0.00461714782546668,-0.00306047523957381));
#6129=CARTESIAN_POINT('',(0.00343776468493589,0.00483895820101931,-0.00305346573847093));
#6130=CARTESIAN_POINT('',(0.00281691131902147,0.0052252689022374,-0.0030393230015612));
#6131=CARTESIAN_POINT('',(0.00248837048789684,0.00538956890170934,-0.00303216705892409));
#6132=CARTESIAN_POINT('',(0.00146418901495202,0.0057865222072825,-0.00301013117931055));
#6133=CARTESIAN_POINT('',(0.000730958509548434,0.00592465288375138,-0.00299484460717479));
#6134=CARTESIAN_POINT('',(-0.000733691167223375,0.00592508646649528,-0.00296448753312452));
#6135=CARTESIAN_POINT('',(-0.00146500308797455,0.00578645620237364,-0.00294943301649717));
#6136=CARTESIAN_POINT('',(-0.00248763645824785,0.00538973678434681,-0.00292746616935726));
#6137=CARTESIAN_POINT('',(-0.00281597522852532,0.00522578248084925,-0.00292026780548723));
#6138=CARTESIAN_POINT('',(-0.00374694481266838,0.00464676618678615,-0.00289889799956149));
#6139=CARTESIAN_POINT('',(-0.00429619472102971,0.00414570917865325,-0.00288485534842335));
#6140=CARTESIAN_POINT('',(-0.00510204825441477,0.00307278406883318,-0.00285732960113016));
#6141=CARTESIAN_POINT('',(-0.00539234250369245,0.00252681627449295,-0.00284417490166267));
#6142=CARTESIAN_POINT('',(-0.0055939390994856,0.0019502909021027,-0.00283142361040792));
#6143=CARTESIAN_POINT('',(0.00558492206548113,0.00194981515002563,-0.00314536933489577));
#6144=CARTESIAN_POINT('',(0.00538370316168615,0.00252473440830556,-0.0031326594797074));
#6145=CARTESIAN_POINT('',(0.00509374488469873,0.00306841182251847,-0.00311945096036006));
#6146=CARTESIAN_POINT('',(0.00450930474025134,0.00384676161574258,-0.00309931780270944));
#6147=CARTESIAN_POINT('',(0.00426278855996227,0.00411782204154772,-0.00309204741283738));
#6148=CARTESIAN_POINT('',(0.00372420707005864,0.00461027563728207,-0.00307778098083752));
#6149=CARTESIAN_POINT('',(0.00343219993833419,0.00483172416484215,-0.00307077157967006));
#6150=CARTESIAN_POINT('',(0.00281228364554342,0.00521739823185005,-0.00305662895539521));
#6151=CARTESIAN_POINT('',(0.00248423779912626,0.00538142387289436,-0.00304947301549941));
#6152=CARTESIAN_POINT('',(0.00146159417832259,0.00577770347496086,-0.00302743693368952));
#6153=CARTESIAN_POINT('',(0.00072946198053839,0.0059155811370866,-0.00301215001698548));
#6154=CARTESIAN_POINT('',(-0.000732937405279202,0.00591593613403983,-0.00298179292193333));
#6155=CARTESIAN_POINT('',(-0.00146309496134874,0.00577748193013625,-0.0029667387715426));
#6156=CARTESIAN_POINT('',(-0.00248411573318241,0.00538131201885695,-0.00294477218058428));
#6157=CARTESIAN_POINT('',(-0.00281193792148255,0.00521758851294444,-0.00293757383693021));
#6158=CARTESIAN_POINT('',(-0.00374144854207432,0.00463939711385196,-0.0029162038650587));
#6159=CARTESIAN_POINT('',(-0.00428984196906392,0.00413906637776167,-0.00290216087164678));
#6160=CARTESIAN_POINT('',(-0.0050944013374902,0.00306774008779079,-0.00287463497801306));
#6161=CARTESIAN_POINT('',(-0.00538421207720439,0.0025225997108976,-0.0028614803857981));
#6162=CARTESIAN_POINT('',(-0.00558545980237151,0.00194695323403289,-0.00284872919752374));
#6163=CARTESIAN_POINT('',(0.00555745420567221,0.00194089129719071,-0.00317536396748021));
#6164=CARTESIAN_POINT('',(0.00535715079664184,0.00251298894296708,-0.00316265397138498));
#6165=CARTESIAN_POINT('',(0.00506854260846213,0.00305398821402415,-0.00314944531099051));
#6166=CARTESIAN_POINT('',(0.00448687963241168,0.0038284766436759,-0.00312931227058325));
#6167=CARTESIAN_POINT('',(0.00424154594376874,0.00409818502149064,-0.00312204201907313));
#6168=CARTESIAN_POINT('',(0.00370555894724379,0.00458816982246822,-0.00310777590130703));
#6169=CARTESIAN_POINT('',(0.0034149632718303,0.00480850144654525,-0.00310076667178095));
#6170=CARTESIAN_POINT('',(0.00279804217377287,0.00519221905168782,-0.00308662424109747));
#6171=CARTESIAN_POINT('',(0.00247157974226074,0.00535540630745817,-0.0030794683060607));
#6172=CARTESIAN_POINT('',(0.00145386307086469,0.00574964128838358,-0.00305743187757669));
#6173=CARTESIAN_POINT('',(0.000725253412070571,0.00588677491002223,-0.00304214436958321));
#6174=CARTESIAN_POINT('',(-0.000730011793108124,0.00588699254092691,-0.0030117872375315));
#6175=CARTESIAN_POINT('',(-0.00145655381437983,0.00574914994880599,-0.00299673371459524));
#6176=CARTESIAN_POINT('',(-0.00247252138522605,0.00535480867153642,-0.00297476756280497));
#6177=CARTESIAN_POINT('',(-0.00279872313397478,0.00519184722103677,-0.00296756925391873));
#6178=CARTESIAN_POINT('',(-0.00372364903468375,0.00461636383824523,-0.00294619899813473));
#6179=CARTESIAN_POINT('',(-0.00426934487291631,0.00411839786596487,-0.00293215541857453));
#6180=CARTESIAN_POINT('',(-0.0050698815258496,0.00305221156558768,-0.0029046292739306));
#6181=CARTESIAN_POINT('',(-0.00535821325654123,0.00250971090999745,-0.00289147486506076));
#6182=CARTESIAN_POINT('',(-0.00555841117080844,0.00193686087433888,-0.00287872385304585));
#6183=CARTESIAN_POINT('',(0.00553928360695918,0.00193481005980211,-0.00318714724475759));
#6184=CARTESIAN_POINT('',(0.00533960557851775,0.00250503952145081,-0.00317443719439041));
#6185=CARTESIAN_POINT('',(0.00505191075425373,0.00304426823481256,-0.00316122847946807));
#6186=CARTESIAN_POINT('',(0.00447211092308284,0.00381621123576582,-0.00314109548394));
#6187=CARTESIAN_POINT('',(0.00422756750228372,0.00408503031158844,-0.0031338252856311));
#6188=CARTESIAN_POINT('',(0.00369331141988824,0.00457339457114569,-0.00311955928878638));
#6189=CARTESIAN_POINT('',(0.00340365609826127,0.00479299481973084,-0.0031125501253499));
#6190=CARTESIAN_POINT('',(0.0027887308040801,0.00517543417618824,-0.00309840776929686));
#6191=CARTESIAN_POINT('',(0.00246332387259631,0.00533807527749088,-0.00309125183622793));
#6192=CARTESIAN_POINT('',(0.00144889391609893,0.00573098309064438,-0.00306921527464662));
#6193=CARTESIAN_POINT('',(0.000722635331989496,0.0058676418853894,-0.00305392753931116));
#6194=CARTESIAN_POINT('',(-0.000727895068335037,0.00586780486044616,-0.00302357039241579));
#6195=CARTESIAN_POINT('',(-0.00145205197001326,0.00573038563933551,-0.00300851711007057));
#6196=CARTESIAN_POINT('',(-0.00246468520105192,0.00533728624715053,-0.00298655112684595));
#6197=CARTESIAN_POINT('',(-0.00278981714886285,0.00517484047017334,-0.00297935283137675));
#6198=CARTESIAN_POINT('',(-0.0037117135570539,0.00460118465964215,-0.00295798246698343));
#6199=CARTESIAN_POINT('',(-0.00425562485856786,0.00410480845952586,-0.00294393866283303));
#6200=CARTESIAN_POINT('',(-0.00505351792430179,0.00304205671569307,-0.00291641242175312));
#6201=CARTESIAN_POINT('',(-0.00534088566731895,0.00250131338679014,-0.00290325808292384));
#6202=CARTESIAN_POINT('',(-0.00554040521034341,0.00193032257190739,-0.00289050713838321));
#6203=CARTESIAN_POINT('',(0.0055214239508968,0.00192881736539033,-0.00319802582502429));
#6204=CARTESIAN_POINT('',(0.00532236232401084,0.0024972104692012,-0.00318531572465628));
#6205=CARTESIAN_POINT('',(0.00503556699921375,0.00303469901730125,-0.00317210695946484));
#6206=CARTESIAN_POINT('',(0.00445760069725338,0.00380414093013969,-0.0031519740052392));
#6207=CARTESIAN_POINT('',(0.00421383472150812,0.0040720863692795,-0.00314470385593018));
#6208=CARTESIAN_POINT('',(0.00368128120849541,0.00455885892344068,-0.00313043797047266));
#6209=CARTESIAN_POINT('',(0.00339255072964089,0.00477774096670017,-0.00312342886792143));
#6210=CARTESIAN_POINT('',(0.00277958834571461,0.00515892534577811,-0.00310928658063613));
#6211=CARTESIAN_POINT('',(0.00245521955377815,0.00532103037624987,-0.00310213064939589));
#6212=CARTESIAN_POINT('',(0.00144402246176906,0.00571263594355935,-0.00308009396526072));
#6213=CARTESIAN_POINT('',(0.000720076536157225,0.00584882954514123,-0.00306480602053918));
#6214=CARTESIAN_POINT('',(-0.000725798744900221,0.00584894195858631,-0.00303444885987273));
#6215=CARTESIAN_POINT('',(-0.00144761192368837,0.00571194050934073,-0.0030193957990105));
#6216=CARTESIAN_POINT('',(-0.00245696861251995,0.00532006456574836,-0.00299742997099141));
#6217=CARTESIAN_POINT('',(-0.00278104925385,0.00515812664672868,-0.00299023168788758));
#6218=CARTESIAN_POINT('',(-0.00369996830505999,0.0045862702860548,-0.0029688612235519));
#6219=CARTESIAN_POINT('',(-0.00424212560189522,0.00409145886499695,-0.0029548172126749));
#6220=CARTESIAN_POINT('',(-0.0050374218472406,0.00303208589634312,-0.00292729088278768));
#6221=CARTESIAN_POINT('',(-0.00532384335792059,0.00249307079120571,-0.00291413660839396));
#6222=CARTESIAN_POINT('',(-0.00552269754473358,0.00192390819521751,-0.00290138572595081));
#6223=CARTESIAN_POINT('',(0.0054937822173509,0.00200993243829696,-0.00319543477742939));
#6224=CARTESIAN_POINT('',(0.0054937822173509,0.002059738223823,-0.00318454314025822));
#6225=CARTESIAN_POINT('',(0.0054937822173509,0.00208667950094924,-0.00318177615860114));
#6226=CARTESIAN_POINT('',(0.0054937822173509,0.00220628963991305,-0.00313511248357914));
#6227=CARTESIAN_POINT('',(0.0054937822173509,0.00222336618498882,-0.00310470908447913));
#6228=CARTESIAN_POINT('',(0.0054937822173509,0.00220593740984936,-0.0030747935873432));
#6229=CARTESIAN_POINT('',(0.0054937822173509,0.0020849545026837,-0.00303277116640212));
#6230=CARTESIAN_POINT('',(0.0054937822173509,0.00205873421952951,-0.00303126697619154));
#6231=CARTESIAN_POINT('',(0.0054937822173509,0.00200889156078686,-0.00302235433560656));
#6232=CARTESIAN_POINT('',(-0.0054937822173509,0.0020085273200501,-0.00272960046933909));
#6233=CARTESIAN_POINT('',(-0.0054937822173509,0.0020576434284691,-0.00274033829778297));
#6234=CARTESIAN_POINT('',(-0.0054937822173509,0.00210483510860788,-0.00274879566246815));
#6235=CARTESIAN_POINT('',(-0.0054937822173509,0.00227083222066357,-0.00281681035562309));
#6236=CARTESIAN_POINT('',(-0.0054937822173509,0.00210919166091774,-0.00288838614165992));
#6237=CARTESIAN_POINT('',(-0.0054937822173509,0.00205947277421649,-0.0028934182365718));
#6238=CARTESIAN_POINT('',(-0.0054937822173509,0.00200957760049168,-0.00290234587927945));
#6239=CARTESIAN_POINT('',(0.00552287257549682,0.00192535533948537,-0.00227381900807303));
#6240=CARTESIAN_POINT('',(0.00544330235849736,0.00215285617442165,-0.0022687830054531));
#6241=CARTESIAN_POINT('',(0.00513857684740872,0.00287656172224966,-0.00225204980713685));
#6242=CARTESIAN_POINT('',(0.00469384709909604,0.00353151495769602,-0.00223495804253308));
#6243=CARTESIAN_POINT('',(0.00420814143020618,0.0040665406991846,-0.00222015673220129));
#6244=CARTESIAN_POINT('',(0.00356972057497728,0.00470639477449862,-0.00220205166974533));
#6245=CARTESIAN_POINT('',(0.00279070487854849,0.00519094747654335,-0.00218518738644068));
#6246=CARTESIAN_POINT('',(0.0014456152986232,0.00571322271467199,-0.00215605468604131));
#6247=CARTESIAN_POINT('',(0.000723999902961776,0.00584848410677754,-0.00214052065554268));
#6248=CARTESIAN_POINT('',(-0.000359639806919696,0.00584931209811838,-0.00211764431821441));
#6249=CARTESIAN_POINT('',(-0.000721087847120633,0.00581546585445194,-0.00211011963139191));
#6250=CARTESIAN_POINT('',(-0.00143208711611667,0.00568150833851896,-0.00209530233425349));
#6251=CARTESIAN_POINT('',(-0.00178161957285338,0.00558165777299819,-0.00208799215901691));
#6252=CARTESIAN_POINT('',(-0.00245624907901093,0.00532006226910189,-0.00207347333816292));
#6253=CARTESIAN_POINT('',(-0.00278129213865962,0.00515825241031001,-0.00206626516280537));
#6254=CARTESIAN_POINT('',(-0.00370137794000411,0.00458618959929545,-0.00204464665851302));
#6255=CARTESIAN_POINT('',(-0.00424231325466208,0.00409042885338039,-0.00203023419907375));
#6256=CARTESIAN_POINT('',(-0.00489271278267768,0.00322558346980236,-0.00200784522659372));
#6257=CARTESIAN_POINT('',(-0.00508239869827135,0.00291688525831449,-0.00200022166308482));
#6258=CARTESIAN_POINT('',(-0.00534884485655146,0.00237748305666767,-0.00198745839817063));
#6259=CARTESIAN_POINT('',(-0.00544221350075662,0.00215511370449803,-0.00198234271697356));
#6260=CARTESIAN_POINT('',(-0.00552166627765021,0.00192783095597304,-0.00197726499376156));
#6261=CARTESIAN_POINT('',(0.00554067915664259,0.00193181251584277,-0.00228474933778525));
#6262=CARTESIAN_POINT('',(0.00546084191579537,0.00216004748703003,-0.00227971332032058));
#6263=CARTESIAN_POINT('',(0.005155099200758,0.00288608560180973,-0.00226298008482066));
#6264=CARTESIAN_POINT('',(0.00470890195067369,0.00354314109666902,-0.00224588833024536));
#6265=CARTESIAN_POINT('',(0.00422160469437984,0.00407987853573982,-0.002231087075312));
#6266=CARTESIAN_POINT('',(0.00358109569975213,0.00472177704178702,-0.00221298210091698));
#6267=CARTESIAN_POINT('',(0.00279954580286898,0.00520786497062039,-0.0021961179343906));
#6268=CARTESIAN_POINT('',(0.00145007334296029,0.00573177573138747,-0.00216698513194702));
#6269=CARTESIAN_POINT('',(0.000726104275834984,0.00586744650350969,-0.00215145092155932));
#6270=CARTESIAN_POINT('',(-0.000361046541499617,0.0058682381658255,-0.00212857455661821));
#6271=CARTESIAN_POINT('',(-0.000723661030470467,0.00583427015834492,-0.00212104991338442));
#6272=CARTESIAN_POINT('',(-0.00143694803264489,0.00569985530864516,-0.00210623276465951));
#6273=CARTESIAN_POINT('',(-0.00178760217642581,0.0055996699081916,-0.00209892268696766));
#6274=CARTESIAN_POINT('',(-0.00246439626168713,0.0053372031720328,-0.0020844040113177));
#6275=CARTESIAN_POINT('',(-0.00279048219447044,0.00517485662672957,-0.00207719588086606));
#6276=CARTESIAN_POINT('',(-0.00371352689554992,0.00460089950840167,-0.00205557731004715));
#6277=CARTESIAN_POINT('',(-0.00425620884521785,0.00410350190706563,-0.00204116458566444));
#6278=CARTESIAN_POINT('',(-0.00490869071516534,0.00323582641642521,-0.00201877546246987));
#6279=CARTESIAN_POINT('',(-0.00509897964697195,0.00292612217290218,-0.00201115190173845));
#6280=CARTESIAN_POINT('',(-0.00536626615362417,0.00238496656296338,-0.00199838869276886));
#6281=CARTESIAN_POINT('',(-0.00545992725112055,0.00216187542662876,-0.00199327304581822));
#6282=CARTESIAN_POINT('',(-0.00553962701970651,0.0019338554718624,-0.00198819535808923));
#6283=CARTESIAN_POINT('',(0.00555878630281037,0.00193839613033373,-0.00229664805448273));
#6284=CARTESIAN_POINT('',(0.00547867679534361,0.00216737767349526,-0.00229161202080301));
#6285=CARTESIAN_POINT('',(0.0051718972718214,0.00289578767014858,-0.00227487874465328));
#6286=CARTESIAN_POINT('',(0.00472420539962673,0.00355498025086726,-0.00225778700094678));
#6287=CARTESIAN_POINT('',(0.00423528790629792,0.00409345736110714,-0.00224298580649964));
#6288=CARTESIAN_POINT('',(0.00359265345220992,0.00473743352855665,-0.00222488092828323));
#6289=CARTESIAN_POINT('',(0.00280852501631411,0.00522508073469466,-0.00220801688938416));
#6290=CARTESIAN_POINT('',(0.00145459247997619,0.00575065121794454,-0.00217888397556349));
#6291=CARTESIAN_POINT('',(0.000728228117365143,0.00588673636854448,-0.002163349568712));
#6292=CARTESIAN_POINT('',(-0.00036249430294115,0.00588748835268179,-0.00214047317353123));
#6293=CARTESIAN_POINT('',(-0.000726295016386062,0.00585339565141631,-0.00213294857785793));
#6294=CARTESIAN_POINT('',(-0.00144190806606456,0.00571851400278968,-0.00211813159112449));
#6295=CARTESIAN_POINT('',(-0.00179370247421655,0.00561798723559976,-0.00211082161991515));
#6296=CARTESIAN_POINT('',(-0.00247269695301251,0.00535463265136423,-0.00209630310278585));
#6297=CARTESIAN_POINT('',(-0.00279984300620893,0.00519173932451554,-0.00208909502136663));
#6298=CARTESIAN_POINT('',(-0.00372589599960764,0.00461585242859633,-0.00206747637796708));
#6299=CARTESIAN_POINT('',(-0.00427035420395571,0.00411678760253141,-0.00205306336439908));
#6300=CARTESIAN_POINT('',(-0.00492495252373751,0.00324623127677221,-0.00203067407667295));
#6301=CARTESIAN_POINT('',(-0.00511585405615777,0.00293550326336399,-0.00202305051895902));
#6302=CARTESIAN_POINT('',(-0.00538399380306922,0.00239256364950882,-0.00201028737103043));
#6303=CARTESIAN_POINT('',(-0.00547795169857573,0.00216873821025077,-0.0020051717614513));
#6304=CARTESIAN_POINT('',(-0.00555790199444453,0.00193996830038289,-0.00200009411244618));
#6305=CARTESIAN_POINT('',(0.00558575332159768,0.00194847793564738,-0.00232680762452205));
#6306=CARTESIAN_POINT('',(0.00550522666097151,0.00217857204964485,-0.00232177154869536));
#6307=CARTESIAN_POINT('',(0.00519686439491743,0.00291051359743593,-0.00230503816642512));
#6308=CARTESIAN_POINT('',(0.00474690928740046,0.00357287850628145,-0.00228794644980974));
#6309=CARTESIAN_POINT('',(0.00425555044364524,0.00411393190555353,-0.00227314541222707));
#6310=CARTESIAN_POINT('',(0.00360971762074184,0.00476098200984401,-0.00225504078385062));
#6311=CARTESIAN_POINT('',(0.00282172414177565,0.00525092180901877,-0.00223817707764415));
#6312=CARTESIAN_POINT('',(0.00146109815499911,0.00577891011770637,-0.00220904387550888));
#6313=CARTESIAN_POINT('',(0.000731136397155634,0.00591558217746382,-0.00219350895841357));
#6314=CARTESIAN_POINT('',(-0.000364924696859577,0.00591623167929049,-0.0021706324835665));
#6315=CARTESIAN_POINT('',(-0.00073049341070554,0.00588193937016985,-0.00216310801080273));
#6316=CARTESIAN_POINT('',(-0.00144956581845514,0.0057463347365898,-0.0021482914434588));
#6317=CARTESIAN_POINT('',(-0.00180305274903927,0.00564528555299776,-0.00214098174811292));
#6318=CARTESIAN_POINT('',(-0.00248531278544165,0.00538057830314865,-0.00212646364182669));
#6319=CARTESIAN_POINT('',(-0.00281403202809153,0.00521685418392253,-0.00211925568760075));
#6320=CARTESIAN_POINT('',(-0.00374455656541785,0.00463803781920158,-0.0020976368567312));
#6321=CARTESIAN_POINT('',(-0.00429166242526913,0.00413644664120575,-0.00208322309443158));
#6322=CARTESIAN_POINT('',(-0.00494939629750906,0.00326155304893162,-0.0020608333803533));
#6323=CARTESIAN_POINT('',(-0.00514120073841795,0.00294928833779757,-0.00205320983025735));
#6324=CARTESIAN_POINT('',(-0.00541059066842423,0.00240367594344145,-0.00204044684006476));
#6325=CARTESIAN_POINT('',(-0.00550498117734476,0.00217875157425485,-0.00203533132712906));
#6326=CARTESIAN_POINT('',(-0.00558529451338537,0.00194885990125549,-0.00203025377830524));
#6327=CARTESIAN_POINT('',(0.00559410243804527,0.00195177685517511,-0.00234412331650315));
#6328=CARTESIAN_POINT('',(0.0055134391425088,0.00218221587490294,-0.00233908721618579));
#6329=CARTESIAN_POINT('',(0.00520456208071501,0.00291525023137292,-0.00232235377209251));
#6330=CARTESIAN_POINT('',(0.00475388234676012,0.00357859061238339,-0.00230526207081997));
#6331=CARTESIAN_POINT('',(0.00426174948039663,0.00412043227350598,-0.00229046112426575));
#6332=CARTESIAN_POINT('',(0.00361490531481196,0.00476842104364354,-0.0022723566410133));
#6333=CARTESIAN_POINT('',(0.00282569928179644,0.00525905162742831,-0.00225549312845615));
#6334=CARTESIAN_POINT('',(0.00146296822965008,0.00578775386917352,-0.00222635975919466));
#6335=CARTESIAN_POINT('',(0.000731873410961919,0.00592458825282633,-0.00221082454575094));
#6336=CARTESIAN_POINT('',(-0.000365853053406942,0.00592517819609038,-0.00218794802424479));
#6337=CARTESIAN_POINT('',(-0.000731970016381149,0.00589081517125878,-0.00218042362265606));
#6338=CARTESIAN_POINT('',(-0.00145211035926567,0.00575496887969334,-0.0021656072984364));
#6339=CARTESIAN_POINT('',(-0.00180611766196835,0.00565374896212431,-0.00215829776307511));
#6340=CARTESIAN_POINT('',(-0.00248938135803012,0.00538860342741243,-0.00214377989511055));
#6341=CARTESIAN_POINT('',(-0.00281858404330339,0.00522461152752355,-0.00213657201470625));
#6342=CARTESIAN_POINT('',(-0.00375048740326792,0.00464485262275725,-0.00211495307530999));
#6343=CARTESIAN_POINT('',(-0.00429841444943713,0.00414245147066688,-0.00210053887894864));
#6344=CARTESIAN_POINT('',(-0.00495710853253736,0.00326618500336882,-0.00207814891757618));
#6345=CARTESIAN_POINT('',(-0.00514918646391197,0.00295343683014827,-0.00207052537182943));
#6346=CARTESIAN_POINT('',(-0.00541895027581295,0.00240698675848449,-0.00205776247297545));
#6347=CARTESIAN_POINT('',(-0.00551346868916135,0.0021817187362723,-0.00205264701602694));
#6348=CARTESIAN_POINT('',(-0.0055938879647419,0.00195147664731509,-0.00204756952525389));
#6349=CARTESIAN_POINT('',(0.00559372965867586,0.00195240351730629,-0.00237812859447397));
#6350=CARTESIAN_POINT('',(0.00551303984716828,0.00218282909280533,-0.00237309244605719));
#6351=CARTESIAN_POINT('',(0.00520407778861478,0.00291581214547956,-0.00235635888024547));
#6352=CARTESIAN_POINT('',(0.00475332614411061,0.00357907978574616,-0.00233926720835519));
#6353=CARTESIAN_POINT('',(0.00426114863399685,0.00412084540673674,-0.00232446644035049));
#6354=CARTESIAN_POINT('',(0.00361425758869038,0.00476873542109519,-0.00230636224202137));
#6355=CARTESIAN_POINT('',(0.00282503630179329,0.00525925227500754,-0.00228949911040844));
#6356=CARTESIAN_POINT('',(0.00146225651042411,0.00578777165387979,-0.00226036541367819));
#6357=CARTESIAN_POINT('',(0.000731128191204449,0.00592451429004219,-0.00224482961847807));
#6358=CARTESIAN_POINT('',(-0.000366578367373292,0.00592498557939149,-0.00222195300464414));
#6359=CARTESIAN_POINT('',(-0.000732674633111498,0.00589058684295141,-0.00221442874238166));
#6360=CARTESIAN_POINT('',(-0.00145275378334913,0.00575467366132283,-0.00219961289457651));
#6361=CARTESIAN_POINT('',(-0.00180672197899891,0.00565342216771138,-0.00219230367283353));
#6362=CARTESIAN_POINT('',(-0.00248990872257165,0.00538821122115351,-0.00217778627215882));
#6363=CARTESIAN_POINT('',(-0.00281907402335959,0.00522418522724605,-0.00217057853657476));
#6364=CARTESIAN_POINT('',(-0.00375089146212624,0.00464431338220323,-0.00214895938480051));
#6365=CARTESIAN_POINT('',(-0.00429878821293632,0.00414182720197276,-0.00213454433784543));
#6366=CARTESIAN_POINT('',(-0.00495739334498368,0.00326549110219392,-0.00211215389163548));
#6367=CARTESIAN_POINT('',(-0.00514943267271035,0.0029527309795511,-0.00210453035428484));
#6368=CARTESIAN_POINT('',(-0.0054191223311248,0.00240627396783722,-0.00209176763422033));
#6369=CARTESIAN_POINT('',(-0.00551360872566506,0.00218100638417046,-0.00208665228691004));
#6370=CARTESIAN_POINT('',(-0.00559399511190257,0.00195076637096699,-0.00208157490984278));
#6371=CARTESIAN_POINT('',(0.005585009042102,0.0019497454136266,-0.0023954341310896));
#6372=CARTESIAN_POINT('',(0.00550442875342195,0.00217981272648854,-0.00239039795813276));
#6373=CARTESIAN_POINT('',(0.0051958945107552,0.00291165178982083,-0.0023736643300689));
#6374=CARTESIAN_POINT('',(0.00474579363243649,0.00357387085192671,-0.0023565726727871));
#6375=CARTESIAN_POINT('',(0.00425434398587901,0.00411477157144098,-0.00234177199576061));
#6376=CARTESIAN_POINT('',(0.00360841562559095,0.00476162330558125,-0.00232366794274767));
#6377=CARTESIAN_POINT('',(0.00282039022940478,0.00525133428923712,-0.00230680500580553));
#6378=CARTESIAN_POINT('',(0.0014596639247424,0.0057789543190095,-0.00227767114239206));
#6379=CARTESIAN_POINT('',(0.000729633509338757,0.00591544141851598,-0.00226213505051971));
#6380=CARTESIAN_POINT('',(-0.00036638898847638,0.00591585146405122,-0.0022392583892295));
#6381=CARTESIAN_POINT('',(-0.000731916458535666,0.00588148703543081,-0.00223173419781599));
#6382=CARTESIAN_POINT('',(-0.00145086640636487,0.00574574721483461,-0.00221691859252577));
#6383=CARTESIAN_POINT('',(-0.0018042749226598,0.00564463416173507,-0.00220960953048901));
#6384=CARTESIAN_POINT('',(-0.00248638064108637,0.0053797945224456,-0.00219509236783045));
#6385=CARTESIAN_POINT('',(-0.00281502491022579,0.00521600136208717,-0.0021878847060491));
#6386=CARTESIAN_POINT('',(-0.00374537738687861,0.0046369562386692,-0.00216626544631128));
#6387=CARTESIAN_POINT('',(-0.0042924228941691,0.00413519274316646,-0.00215184996635437));
#6388=CARTESIAN_POINT('',(-0.00494997819883982,0.0032601573667338,-0.00212945927321335));
#6389=CARTESIAN_POINT('',(-0.00514170500892714,0.00294786809130298,-0.00212183574007223));
#6390=CARTESIAN_POINT('',(-0.00541094567594972,0.00240224090655961,-0.00210907311092045));
#6391=CARTESIAN_POINT('',(-0.00550527170291576,0.00217731709896227,-0.00210395781938409));
#6392=CARTESIAN_POINT('',(-0.00558551877992256,0.00194742928447842,-0.00209888050017351));
#6393=CARTESIAN_POINT('',(0.00555752895894301,0.00194082354630078,-0.00242544292465865));
#6394=CARTESIAN_POINT('',(0.00547731679358431,0.0021697605362612,-0.00242040670954716));
#6395=CARTESIAN_POINT('',(0.00517020681051775,0.00289799647283178,-0.00240367297427544));
#6396=CARTESIAN_POINT('',(0.00472223012412573,0.00355693187485729,-0.00238658134140427));
#6397=CARTESIAN_POINT('',(0.00423312994427941,0.00409513595195106,-0.00237178082045025));
#6398=CARTESIAN_POINT('',(0.00359030006007604,0.00473875598257935,-0.00235367701696993));
#6399=CARTESIAN_POINT('',(0.00280609204354484,0.00522598598898543,-0.00233681441499449));
#6400=CARTESIAN_POINT('',(0.00145193725463068,0.00575087848744506,-0.00230768026595137));
#6401=CARTESIAN_POINT('',(0.000725425808769992,0.00588661992827921,-0.00229214366470362));
#6402=CARTESIAN_POINT('',(-0.000365251545536217,0.00588692252661598,-0.00226926692126543));
#6403=CARTESIAN_POINT('',(-0.00072898398243316,0.00585269361694075,-0.00226174285113597));
#6404=CARTESIAN_POINT('',(-0.00144438515889939,0.00571755486494969,-0.00224692766145269));
#6405=CARTESIAN_POINT('',(-0.00179604122841891,0.00561690570437178,-0.00223961887322047));
#6406=CARTESIAN_POINT('',(-0.00247476312549159,0.00535329604292313,-0.00222510211872098));
#6407=CARTESIAN_POINT('',(-0.00280177668000776,0.00519026905247995,-0.00221789458356712));
#6408=CARTESIAN_POINT('',(-0.00372752999610213,0.00461393837640841,-0.00219627513906933));
#6409=CARTESIAN_POINT('',(-0.00427188859998159,0.00411453762940571,-0.00218185891703576));
#6410=CARTESIAN_POINT('',(-0.00492616821794379,0.00324369336328568,-0.00215946780048941));
#6411=CARTESIAN_POINT('',(-0.00511692884521116,0.00293291145087299,-0.00215184427444677));
#6412=CARTESIAN_POINT('',(-0.00538479518679502,0.00238993045349448,-0.00213908180091889));
#6413=CARTESIAN_POINT('',(-0.00547863442135409,0.00216610045102299,-0.00213396660489899));
#6414=CARTESIAN_POINT('',(-0.00555846236958334,0.00193733204136014,-0.00212888938479595));
#6415=CARTESIAN_POINT('',(0.00553933698008484,0.00193473752647934,-0.00243723436592532));
#6416=CARTESIAN_POINT('',(0.00545937608705638,0.00216292578189505,-0.00243219813458792));
#6417=CARTESIAN_POINT('',(0.00515323404236364,0.00288877700976913,-0.00241546435787524));
#6418=CARTESIAN_POINT('',(0.00470668779108797,0.00354554538540638,-0.00239837273395941));
#6419=CARTESIAN_POINT('',(0.00421916136117834,0.00408197375283601,-0.00238357227294535));
#6420=CARTESIAN_POINT('',(0.00357840405493574,0.00472346757546933,-0.00236546856545588));
#6421=CARTESIAN_POINT('',(0.00279673927810731,0.00520907440595469,-0.00234860609277705));
#6422=CARTESIAN_POINT('',(0.00144696800958678,0.00573219631581791,-0.00231947183423996));
#6423=CARTESIAN_POINT('',(0.000722805665930275,0.0058674637420564,-0.002303935037084));
#6424=CARTESIAN_POINT('',(-0.000364320530494319,0.00586772337466578,-0.00228105826162114));
#6425=CARTESIAN_POINT('',(-0.000726863767322745,0.0058335932041801,-0.00227353423790533));
#6426=CARTESIAN_POINT('',(-0.00143991877391303,0.00569887040025704,-0.00225871920756201));
#6427=CARTESIAN_POINT('',(-0.00179041839907971,0.00559853744157107,-0.0022514105243751));
#6428=CARTESIAN_POINT('',(-0.00246690764898887,0.00533576176500341,-0.00223689392652933));
#6429=CARTESIAN_POINT('',(-0.0027928453289424,0.00517325267584995,-0.0022296864400196));
#6430=CARTESIAN_POINT('',(-0.0037155596275143,0.00459875497167405,-0.00220806692485519));
#6431=CARTESIAN_POINT('',(-0.00425813800419023,0.00410094651248529,-0.00219365041829975));
#6432=CARTESIAN_POINT('',(-0.00491025979539,0.00323290718215933,-0.00217125913927483));
#6433=CARTESIAN_POINT('',(-0.0051003869317644,0.00292313093877168,-0.00216363561587904));
#6434=CARTESIAN_POINT('',(-0.00536735680323711,0.00238191202818411,-0.00215087320190189));
#6435=CARTESIAN_POINT('',(-0.00546087988676924,0.00215880959199264,-0.0021457580424599));
#6436=CARTESIAN_POINT('',(-0.00554043690748738,0.00193078538579806,-0.00214068086032564));
#6437=CARTESIAN_POINT('',(0.00552146106107917,0.00192874167838268,-0.0024481215502834));
#6438=CARTESIAN_POINT('',(0.00544174773043446,0.00215619416800977,-0.00244308530399741));
#6439=CARTESIAN_POINT('',(0.00513655897835992,0.00287970216787272,-0.00242635148907791));
#6440=CARTESIAN_POINT('',(0.00469142040763889,0.00353434175255213,-0.0024092598733421));
#6441=CARTESIAN_POINT('',(0.00420544197941202,0.00406902608375862,-0.00239445946752766));
#6442=CARTESIAN_POINT('',(0.00356672309475289,0.00470843178426824,-0.00237635584846294));
#6443=CARTESIAN_POINT('',(0.00278755876908044,0.0051924453106078,-0.00235949349496018));
#6444=CARTESIAN_POINT('',(0.00144209773475252,0.00571383042619678,-0.002330359135621));
#6445=CARTESIAN_POINT('',(0.00072024537208963,0.00584863376593177,-0.00231482215800472));
#6446=CARTESIAN_POINT('',(-0.000363390270321147,0.00584885361756419,-0.0022919453529733));
#6447=CARTESIAN_POINT('',(-0.000724764893112977,0.00581482125387151,-0.00228442137197388));
#6448=CARTESIAN_POINT('',(-0.00143551476598987,0.00568050873869119,-0.00226960648832522));
#6449=CARTESIAN_POINT('',(-0.00178487835919559,0.00558048728001905,-0.00226229790185852));
#6450=CARTESIAN_POINT('',(-0.00245917439929672,0.00531853281323798,-0.00224778144826143));
#6451=CARTESIAN_POINT('',(-0.00278405521448921,0.00515653355541393,-0.00224057400655086));
#6452=CARTESIAN_POINT('',(-0.00370378378119399,0.00458384009409067,-0.00221895442635519));
#6453=CARTESIAN_POINT('',(-0.00424461272561339,0.00408759868801363,-0.00220453765785523));
#6454=CARTESIAN_POINT('',(-0.00489461510375692,0.00322231818860049,-0.00218214622922226));
#6455=CARTESIAN_POINT('',(-0.00508412028671046,0.00291353081586336,-0.00217452270825135));
#6456=CARTESIAN_POINT('',(-0.00535021042086103,0.00237404427034174,-0.00216176034908058));
#6457=CARTESIAN_POINT('',(-0.0054434233763149,0.002151657060223,-0.00215664522330686));
#6458=CARTESIAN_POINT('',(-0.00552271474396486,0.00192436440150424,-0.00215156807612365));
#6459=CARTESIAN_POINT('',(0.0054937822173509,0.002009895318934,-0.0024455473307966));
#6460=CARTESIAN_POINT('',(0.0054937822173509,0.00205968793225069,-0.00243465809002085));
#6461=CARTESIAN_POINT('',(0.0054937822173509,0.00208661930566671,-0.00243189092081917));
#6462=CARTESIAN_POINT('',(0.0054937822173509,0.00220608317615089,-0.00238527999346729));
#6463=CARTESIAN_POINT('',(0.0054937822173509,0.00222323624541298,-0.00235490688501133));
#6464=CARTESIAN_POINT('',(0.0054937822173509,0.00220591553101818,-0.00232495140037164));
#6465=CARTESIAN_POINT('',(0.0054937822173509,0.00208501830324047,-0.00228287484434464));
#6466=CARTESIAN_POINT('',(0.0054937822173509,0.00205881157511964,-0.00228136644448634));
#6467=CARTESIAN_POINT('',(0.0054937822173509,0.0020090114816468,-0.00227244404982544));
#6468=CARTESIAN_POINT('',(-0.0054937822173509,0.0020088120942941,-0.00197966339969667));
#6469=CARTESIAN_POINT('',(-0.0054937822173509,0.00205814877613767,-0.00199043035548489));
#6470=CARTESIAN_POINT('',(-0.0054937822173509,0.00210536844429704,-0.00199883468644374));
#6471=CARTESIAN_POINT('',(-0.0054937822173509,0.00227204733226125,-0.00206702868531982));
#6472=CARTESIAN_POINT('',(-0.0054937822173509,0.0021095825618344,-0.00213864926408667));
#6473=CARTESIAN_POINT('',(-0.0054937822173509,0.00205988100538805,-0.00214364693849066));
#6474=CARTESIAN_POINT('',(-0.0054937822173509,0.00200972641813264,-0.00215261077789057));
#6475=CARTESIAN_POINT('',(0.0055229490621304,0.00192567991757541,-0.00152374029236193));
#6476=CARTESIAN_POINT('',(0.00544367149042521,0.00215278300753147,-0.00151878609903203));
#6477=CARTESIAN_POINT('',(0.00535024663320688,0.00237503288670087,-0.00151371801402088));
#6478=CARTESIAN_POINT('',(0.00508323968484234,0.00291441386513142,-0.00150086481336072));
#6479=CARTESIAN_POINT('',(0.00489311833381786,0.00322346748501618,-0.00149302275343209));
#6480=CARTESIAN_POINT('',(0.00445950880408797,0.00380163412763853,-0.0014775942251319));
#6481=CARTESIAN_POINT('',(0.00421592988694981,0.00407066404747379,-0.00147002832186901));
#6482=CARTESIAN_POINT('',(0.003415470656725,0.00480222519827094,-0.00144834633495185));
#6483=CARTESIAN_POINT('',(0.00279010030427883,0.00519035655167162,-0.00143496665205101));
#6484=CARTESIAN_POINT('',(0.00178049489491124,0.00558337252453379,-0.00141343286789218));
#6485=CARTESIAN_POINT('',(0.00143197168718407,0.00568248727367726,-0.00140594862067396));
#6486=CARTESIAN_POINT('',(0.000722793792924807,0.00581508029045612,-0.00139068081315689));
#6487=CARTESIAN_POINT('',(0.000362156474032392,0.0058486577681772,-0.00138291439606564));
#6488=CARTESIAN_POINT('',(-0.000359256475826026,0.00584916921238732,-0.00136754215802684));
#6489=CARTESIAN_POINT('',(-0.000720034734869031,0.00581589924356389,-0.00135996300667191));
#6490=CARTESIAN_POINT('',(-0.00178461948869242,0.00561585578212654,-0.00133790350271152));
#6491=CARTESIAN_POINT('',(-0.00247065562502995,0.00535042671439959,-0.00132389474026545));
#6492=CARTESIAN_POINT('',(-0.00339201675178133,0.00477891625322217,-0.00130230135021938));
#6493=CARTESIAN_POINT('',(-0.00368105068180041,0.0045593055434565,-0.00129499304455479));
#6494=CARTESIAN_POINT('',(-0.004214151862143,0.00407099098733628,-0.00128020861517224));
#6495=CARTESIAN_POINT('',(-0.00445823483994854,0.00380231145768451,-0.00127273406892599));
#6496=CARTESIAN_POINT('',(-0.00489276974243035,0.00322518066299613,-0.00125768333867302));
#6497=CARTESIAN_POINT('',(-0.00508294496620544,0.00291660556830398,-0.0012501010237324));
#6498=CARTESIAN_POINT('',(-0.0053492705141813,0.00237748233958758,-0.00123746058994938));
#6499=CARTESIAN_POINT('',(-0.0054424463505344,0.00215527748893871,-0.00123240683472298));
#6500=CARTESIAN_POINT('',(-0.00552170797578647,0.0019282168140755,-0.00122738096716609));
#6501=CARTESIAN_POINT('',(0.00554075525699147,0.00193213977080933,-0.00153467060324949));
#6502=CARTESIAN_POINT('',(0.00546121210133218,0.00215997607587144,-0.0015297163922854));
#6503=CARTESIAN_POINT('',(0.00536747592196168,0.00238294231192469,-0.00152464829797447));
#6504=CARTESIAN_POINT('',(0.00509958282133491,0.00292405897126565,-0.00151179509456631));
#6505=CARTESIAN_POINT('',(0.00490883337537073,0.00323410464027204,-0.00150395304890812));
#6506=CARTESIAN_POINT('',(0.0044737969791113,0.00381412368819737,-0.00148852456240998));
#6507=CARTESIAN_POINT('',(0.0042294190468531,0.0040840137385666,-0.00148095868661568));
#6508=CARTESIAN_POINT('',(0.00342634163458047,0.00481790982157084,-0.00145927677456339));
#6509=CARTESIAN_POINT('',(0.00279893428622702,0.00520727358206916,-0.0014458971323744));
#6510=CARTESIAN_POINT('',(0.0017860419708748,0.00560152167575908,-0.00142436330293877));
#6511=CARTESIAN_POINT('',(0.00143638405540695,0.00570094310878081,-0.0014168790186661));
#6512=CARTESIAN_POINT('',(0.000724899599555846,0.00583393666265674,-0.00140161113391131));
#6513=CARTESIAN_POINT('',(0.000363090565476917,0.00586760834451124,-0.00139384467780354));
#6514=CARTESIAN_POINT('',(-0.00036066077649035,0.00586809358231282,-0.00137847240937442));
#6515=CARTESIAN_POINT('',(-0.000722605425371893,0.00583470266907413,-0.00137089327143482));
#6516=CARTESIAN_POINT('',(-0.00179062109847601,0.00563397475481229,-0.00134883391567962));
#6517=CARTESIAN_POINT('',(-0.00247885573537475,0.00536766469002166,-0.00133482535892641));
#6518=CARTESIAN_POINT('',(-0.00340317500140806,0.00479426445774751,-0.00131323197771139));
#6519=CARTESIAN_POINT('',(-0.00369313826989125,0.00457392817048239,-0.00130592361821759));
#6520=CARTESIAN_POINT('',(-0.004227952795686,0.00408400472963804,-0.00129113905124871));
#6521=CARTESIAN_POINT('',(-0.00447281979259946,0.003814442000342,-0.00128366442202513));
#6522=CARTESIAN_POINT('',(-0.00490874558600005,0.00323542153975155,-0.00126861358592325));
#6523=CARTESIAN_POINT('',(-0.00509952641949906,0.00292584006460584,-0.00126103125770521));
#6524=CARTESIAN_POINT('',(-0.00536669311738114,0.00238496494790259,-0.00124839088033038));
#6525=CARTESIAN_POINT('',(-0.00546016123469967,0.00216203940610458,-0.00124333716348195));
#6526=CARTESIAN_POINT('',(-0.00553966956732174,0.00193424295222759,-0.00123831133797166));
#6527=CARTESIAN_POINT('',(0.00555886196006377,0.00193872621937874,-0.0015465692993808));
#6528=CARTESIAN_POINT('',(0.00547904803539458,0.0021673081864328,-0.00154161506916224));
#6529=CARTESIAN_POINT('',(0.00538499457009867,0.00239100285704614,-0.00153654696468743));
#6530=CARTESIAN_POINT('',(0.00511619859103764,0.00293388426119444,-0.00152369375823883));
#6531=CARTESIAN_POINT('',(0.00492480939459835,0.00324493841922172,-0.00151585172812696));
#6532=CARTESIAN_POINT('',(0.00448832003833379,0.00382684032704795,-0.0015004232872201));
#6533=CARTESIAN_POINT('',(0.0042431286521948,0.00409760452192784,-0.00149285744140357));
#6534=CARTESIAN_POINT('',(0.00343738625963586,0.00483387330355078,-0.00147117561113158));
#6535=CARTESIAN_POINT('',(0.00280790608508607,0.00522448895786519,-0.00145779601350392));
#6536=CARTESIAN_POINT('',(0.00179166916138168,0.00561998751200151,-0.00143626213467558));
#6537=CARTESIAN_POINT('',(0.00144085661530375,0.00571971989649027,-0.00142877780993348));
#6538=CARTESIAN_POINT('',(0.000727025261123537,0.00585311884418638,-0.00141350984080135));
#6539=CARTESIAN_POINT('',(0.000364024106044432,0.00588688532771544,-0.00140574334206088));
#6540=CARTESIAN_POINT('',(-0.000362105975294615,0.00588734196040072,-0.00139037104040383));
#6541=CARTESIAN_POINT('',(-0.000725236930365566,0.00585382710723046,-0.0013827919171006));
#6542=CARTESIAN_POINT('',(-0.00179674135588873,0.00565240045915408,-0.00136073272319583));
#6543=CARTESIAN_POINT('',(-0.00248721068842389,0.0053851928117163,-0.00134672439111724));
#6544=CARTESIAN_POINT('',(-0.00341453714435504,0.00480986762484907,-0.00132513101959259));
#6545=CARTESIAN_POINT('',(-0.00370544524870911,0.00458879227968085,-0.00131782260132549));
#6546=CARTESIAN_POINT('',(-0.0042420016352548,0.00409723036050064,-0.00130303788411158));
#6547=CARTESIAN_POINT('',(-0.0044876656667831,0.00382676832235839,-0.00129556316426767));
#6548=CARTESIAN_POINT('',(-0.00492500510905956,0.00324582424996142,-0.00128051221254181));
#6549=CARTESIAN_POINT('',(-0.00511640124937228,0.00293521859427891,-0.00127292986979497));
#6550=CARTESIAN_POINT('',(-0.00538442208819961,0.00239256105811566,-0.00126028955395901));
#6551=CARTESIAN_POINT('',(-0.00547818686159719,0.00216890236242283,-0.00125523587899431));
#6552=CARTESIAN_POINT('',(-0.00555794545795212,0.00194035745317745,-0.00125021009937683));
#6553=CARTESIAN_POINT('',(0.00558582753663899,0.00194881402945478,-0.00157672881592462));
#6554=CARTESIAN_POINT('',(0.00550559922260329,0.00217850763162446,-0.00157177453576112));
#6555=CARTESIAN_POINT('',(0.00541106197894897,0.00240328693817941,-0.00156670640479041));
#6556=CARTESIAN_POINT('',(0.00514089327820655,0.00294879287630906,-0.00155385318990779));
#6557=CARTESIAN_POINT('',(0.00494853457105815,0.00326134413461805,-0.0015460111996368));
#6558=CARTESIAN_POINT('',(0.00450984942179561,0.00384603728500948,-0.00153058287628218));
#6559=CARTESIAN_POINT('',(0.00426343144209978,0.00411809533358442,-0.00152301710802552));
#6560=CARTESIAN_POINT('',(0.00345367873940842,0.00485787163083398,-0.00150133549038374));
#6561=CARTESIAN_POINT('',(0.00282108854656576,0.00525033082132542,-0.00148795600983477));
#6562=CARTESIAN_POINT('',(0.0017998352416338,0.00564765270395765,-0.00146642200349141));
#6563=CARTESIAN_POINT('',(0.00144729088533015,0.00574783378445766,-0.00145893757363456));
#6564=CARTESIAN_POINT('',(0.000729942017716022,0.00588180631738165,-0.00144366938504602));
#6565=CARTESIAN_POINT('',(0.000365155468892743,0.00591569826386072,-0.00143590277529133));
#6566=CARTESIAN_POINT('',(-0.000364531173510101,0.00591608127490497,-0.00142053038682304));
#6567=CARTESIAN_POINT('',(-0.000729432508315032,0.00588236669508878,-0.00141295130132747));
#6568=CARTESIAN_POINT('',(-0.00180613142963272,0.00567985606150898,-0.00139089252762828));
#6569=CARTESIAN_POINT('',(-0.00249991432888223,0.00541128431764334,-0.00137688477946197));
#6570=CARTESIAN_POINT('',(-0.00343170543693797,0.00483304013704873,-0.00135529143372899));
#6571=CARTESIAN_POINT('',(-0.00372401771088565,0.00461084456422627,-0.00134798286303454));
#6572=CARTESIAN_POINT('',(-0.00426316188873682,0.00411680385173374,-0.00133319775586393));
#6573=CARTESIAN_POINT('',(-0.00451000951509268,0.00384498344851675,-0.00132572280070181));
#6574=CARTESIAN_POINT('',(-0.00494944292560313,0.00326114207997252,-0.00131067154837919));
#6575=CARTESIAN_POINT('',(-0.00514174710587284,0.0029489982304649,-0.00130308916751601));
#6576=CARTESIAN_POINT('',(-0.00541102082315146,0.00240367089574094,-0.00129044901059227));
#6577=CARTESIAN_POINT('',(-0.00550521852222268,0.00217891558168662,-0.00128539544398996));
#6578=CARTESIAN_POINT('',(-0.0055853401657411,0.00194925191423021,-0.00128036978318005));
#6579=CARTESIAN_POINT('',(0.00559417570489636,0.00195211595234536,-0.00159404447680691));
#6580=CARTESIAN_POINT('',(0.00551381195377053,0.00218215443959341,-0.00158909016765672));
#6581=CARTESIAN_POINT('',(0.00541911771849424,0.00240726941120782,-0.0015840220212632));
#6582=CARTESIAN_POINT('',(0.00514850601751726,0.00295358554113514,-0.00157116880129704));
#6583=CARTESIAN_POINT('',(0.00495583641555032,0.00326659720123234,-0.00156332683398133));
#6584=CARTESIAN_POINT('',(0.00451645098043621,0.00385214625600415,-0.00154789857860654));
#6585=CARTESIAN_POINT('',(0.00426964354710535,0.00412459974895593,-0.00154033285529433));
#6586=CARTESIAN_POINT('',(0.00345862271290584,0.00486544521670017,-0.00151865136122885));
#6587=CARTESIAN_POINT('',(0.00282505492186778,0.00525846176137382,-0.00150527194914262));
#6588=CARTESIAN_POINT('',(0.00180222591408061,0.00565632315023992,-0.00148373786900213));
#6589=CARTESIAN_POINT('',(0.00144913754591475,0.00575663391012823,-0.00147625337809139));
#6590=CARTESIAN_POINT('',(0.00073068535451305,0.00589076467795469,-0.00146098506193404));
#6591=CARTESIAN_POINT('',(0.000365339647915847,0.00592468538232806,-0.00145321838760229));
#6592=CARTESIAN_POINT('',(-0.000365457036926249,0.00592502570392138,-0.00143784594853736));
#6593=CARTESIAN_POINT('',(-0.000730908805601581,0.00589123957542257,-0.00143026688492977));
#6594=CARTESIAN_POINT('',(-0.00180921512545305,0.00568836552393134,-0.00140820835523599));
#6595=CARTESIAN_POINT('',(-0.00250401457438144,0.00541935392308633,-0.00139420094634272));
#6596=CARTESIAN_POINT('',(-0.00343717900388573,0.00484017255690725,-0.0013726076158045));
#6597=CARTESIAN_POINT('',(-0.00372992410619336,0.00461761761921092,-0.00136529895665464));
#6598=CARTESIAN_POINT('',(-0.00426986539350329,0.00412278470100833,-0.00135051362308437));
#6599=CARTESIAN_POINT('',(-0.00451707726609041,0.00385053154111661,-0.0013430385312621));
#6600=CARTESIAN_POINT('',(-0.00495715167854242,0.00326577233918752,-0.00132798710424851));
#6601=CARTESIAN_POINT('',(-0.00514973164430129,0.00295314399713021,-0.00132040470111557));
#6602=CARTESIAN_POINT('',(-0.00541938094636729,0.00240698030746814,-0.00130776463617336));
#6603=CARTESIAN_POINT('',(-0.00551370698237396,0.00218188244112386,-0.00130271113236463));
#6604=CARTESIAN_POINT('',(-0.00559393482379592,0.00195186978281314,-0.00129768554042621));
#6605=CARTESIAN_POINT('',(0.00559380078203255,0.00195274746893276,-0.00162804969367406));
#6606=CARTESIAN_POINT('',(0.00551341195313883,0.00218277368542879,-0.00162309532766052));
#6607=CARTESIAN_POINT('',(0.00541869329098449,0.0024078730449637,-0.00161802715092671));
#6608=CARTESIAN_POINT('',(0.00514802290750743,0.00295414264165908,-0.00160517392063286));
#6609=CARTESIAN_POINT('',(0.00495532041289604,0.0032671201988719,-0.00159733199803364));
#6610=CARTESIAN_POINT('',(0.00451587706281273,0.00385259495458258,-0.00158190387555517));
#6611=CARTESIAN_POINT('',(0.00426904475718626,0.00412500838964286,-0.0015743382402804));
#6612=CARTESIAN_POINT('',(0.00345796493417531,0.00486573300110847,-0.00155265698895816));
#6613=CARTESIAN_POINT('',(0.00282437661695132,0.00525866618655447,-0.00153927771214251));
#6614=CARTESIAN_POINT('',(0.00180151941174157,0.00565639448668237,-0.00151774348762764));
#6615=CARTESIAN_POINT('',(0.00144842117748411,0.00575665918311177,-0.00151025887685649));
#6616=CARTESIAN_POINT('',(0.000729955976647111,0.00589069853927001,-0.00149499031006584));
#6617=CARTESIAN_POINT('',(0.000364607374161433,0.00592457399423064,-0.00148722350877534));
#6618=CARTESIAN_POINT('',(-0.000366178607180316,0.00592482949335571,-0.00147185097005216));
#6619=CARTESIAN_POINT('',(-0.000731615894341965,0.00589100422093062,-0.00146427194927954));
#6620=CARTESIAN_POINT('',(-0.00180984677110817,0.00568802515717411,-0.00144221389849625));
#6621=CARTESIAN_POINT('',(-0.00250456008549322,0.00541895678705249,-0.00142820715588386));
#6622=CARTESIAN_POINT('',(-0.00343762415800316,0.00483967144224416,-0.00140661385557879));
#6623=CARTESIAN_POINT('',(-0.00373034161436347,0.0046170778993078,-0.00139930502292299));
#6624=CARTESIAN_POINT('',(-0.00427022951738272,0.00412217242413659,-0.00138451924507392));
#6625=CARTESIAN_POINT('',(-0.00451741553745139,0.00384988540489797,-0.00137704388499935));
#6626=CARTESIAN_POINT('',(-0.00495742950780549,0.00326507644286364,-0.0013619921148553));
#6627=CARTESIAN_POINT('',(-0.00514997384688302,0.00295243372521744,-0.00135440966775676));
#6628=CARTESIAN_POINT('',(-0.00541955270464263,0.00240626477722607,-0.00134176978279049));
#6629=CARTESIAN_POINT('',(-0.0055138481661554,0.00218116897915982,-0.00133671640198153));
#6630=CARTESIAN_POINT('',(-0.00559404422308974,0.00195116048999313,-0.00133169094499575));
#6631=CARTESIAN_POINT('',(0.00558507893145522,0.00195009130477966,-0.00164535519910174));
#6632=CARTESIAN_POINT('',(0.00550479989226374,0.00217976047344244,-0.00164040080411052));
#6633=CARTESIAN_POINT('',(0.0054102132164339,0.00240450859623991,-0.00163533261187175));
#6634=CARTESIAN_POINT('',(0.00513992569916961,0.00294992140934823,-0.00162247937613385));
#6635=CARTESIAN_POINT('',(0.00494750033425561,0.00326240429353622,-0.0016146374761617));
#6636=CARTESIAN_POINT('',(0.00450869767506253,0.00384694834061656,-0.00159920942117299));
#6637=CARTESIAN_POINT('',(0.00426222914584728,0.00411892593895632,-0.00159164383069587));
#6638=CARTESIAN_POINT('',(0.00345235623252399,0.00485845939808027,-0.00156996270324065));
#6639=CARTESIAN_POINT('',(0.00281972370586306,0.00525075092440349,-0.00155658349585191));
#6640=CARTESIAN_POINT('',(0.0017984120268007,0.00564780479007175,-0.00153504919796427));
#6641=CARTESIAN_POINT('',(0.00144584725265355,0.00574789305331558,-0.00152756452606581));
#6642=CARTESIAN_POINT('',(0.000728471099002749,0.00588168129971501,-0.00151229583135782));
#6643=CARTESIAN_POINT('',(0.000363678181405646,0.00591548197645206,-0.00150452896522742));
#6644=CARTESIAN_POINT('',(-0.000365987909330561,0.00591569380658571,-0.00148915637551305));
#6645=CARTESIAN_POINT('',(-0.000730860543465856,0.0058819001813328,-0.00148157737651684));
#6646=CARTESIAN_POINT('',(-0.00180740876012422,0.0056791773295833,-0.00145951956991153));
#6647=CARTESIAN_POINT('',(-0.002501018827522,0.00541049063239574,-0.00144551316720781));
#6648=CARTESIAN_POINT('',(-0.00343260874356895,0.00483203577946747,-0.00142391988252648));
#6649=CARTESIAN_POINT('',(-0.00372486564520494,0.004609761977373,-0.00141661096146062));
#6650=CARTESIAN_POINT('',(-0.00426390286279831,0.0041155741263031,-0.00140182495713003));
#6651=CARTESIAN_POINT('',(-0.00451069867081182,0.00384368500025248,-0.00139434946026927));
#6652=CARTESIAN_POINT('',(-0.00495001073414823,0.00325974237069686,-0.00137929751504188));
#6653=CARTESIAN_POINT('',(-0.00514224329218114,0.00294756906079587,-0.00137171504539629));
#6654=CARTESIAN_POINT('',(-0.00541137523184502,0.00240223033002129,-0.00135907525190926));
#6655=CARTESIAN_POINT('',(-0.00550551136346687,0.0021774788667968,-0.00135402193368812));
#6656=CARTESIAN_POINT('',(-0.00558556897738918,0.00194782328289459,-0.00134899654539655));
#6657=CARTESIAN_POINT('',(0.00555754689730692,0.00194115593286965,-0.00167541810175359));
#6658=CARTESIAN_POINT('',(0.0054776364344213,0.00216969574538545,-0.0016704636569554));
#6659=CARTESIAN_POINT('',(0.00538348862664074,0.00239333550791872,-0.00166539543798866));
#6660=CARTESIAN_POINT('',(0.00511446518765978,0.00293605090129185,-0.00165254219256869));
#6661=CARTESIAN_POINT('',(0.00492294772202085,0.00324698174617623,-0.00164470033120011));
#6662=CARTESIAN_POINT('',(0.00448623062887913,0.00382861317584387,-0.00162927239179258));
#6663=CARTESIAN_POINT('',(0.00424094034182029,0.0040992307280963,-0.00162170687819476));
#6664=CARTESIAN_POINT('',(0.00343495913111868,0.00483505555154908,-0.00160002596393803));
#6665=CARTESIAN_POINT('',(0.002805389226072,0.00522536276478341,-0.00158664687676446));
#6666=CARTESIAN_POINT('',(0.00178902615976597,0.00562036454050735,-0.00156511245312334));
#6667=CARTESIAN_POINT('',(0.00143816956762703,0.00571992427932714,-0.0015576276760761));
#6668=CARTESIAN_POINT('',(0.000724275362939691,0.00585297939128,-0.00154235876115496));
#6669=CARTESIAN_POINT('',(0.00036125634139421,0.00588657506096694,-0.00153459178332362));
#6670=CARTESIAN_POINT('',(-0.000364846972344279,0.00588671029988174,-0.00151921910559734));
#6671=CARTESIAN_POINT('',(-0.000727929950875487,0.00585304648884715,-0.00151164014393656));
#6672=CARTESIAN_POINT('',(-0.00179916886008086,0.00565121810885389,-0.00148958275724838));
#6673=CARTESIAN_POINT('',(-0.0024893249290206,0.00538379027807727,-0.00147557693944605));
#6674=CARTESIAN_POINT('',(-0.00341628873091449,0.00480806017669744,-0.00145398368200785));
#6675=CARTESIAN_POINT('',(-0.00370709760660888,0.00458683435357168,-0.00144667460899837));
#6676=CARTESIAN_POINT('',(-0.00424346190459055,0.00409498817344685,-0.00143188821525368));
#6677=CARTESIAN_POINT('',(-0.00448903264388247,0.00382439270282004,-0.00142441248313297));
#6678=CARTESIAN_POINT('',(-0.00492615136967142,0.00324324905244594,-0.00140936023657085));
#6679=CARTESIAN_POINT('',(-0.00511741615059328,0.00293258302790808,-0.00140177772791635));
#6680=CARTESIAN_POINT('',(-0.00538517515571291,0.00238989526224991,-0.00138913809123945));
#6681=CARTESIAN_POINT('',(-0.00547882585845627,0.00216624015610746,-0.00138408488042753));
#6682=CARTESIAN_POINT('',(-0.00555846553333433,0.00193770670397541,-0.00137905961006811));
#6683=CARTESIAN_POINT('',(0.0055392717572099,0.0019350425098436,-0.00168724064952664));
#6684=CARTESIAN_POINT('',(0.00545961323223465,0.00216283192896058,-0.00168228618558203));
#6685=CARTESIAN_POINT('',(0.00536576409471236,0.00238573611270706,-0.00167721795629012));
#6686=CARTESIAN_POINT('',(0.00509759809445657,0.00292666339252722,-0.00166436470693759));
#6687=CARTESIAN_POINT('',(0.00490669422714093,0.00323656716802267,-0.00165652286022191));
#6688=CARTESIAN_POINT('',(0.00447138238033948,0.00381627365276514,-0.00164109496497243));
#6689=CARTESIAN_POINT('',(0.0042268840887899,0.00408599365091465,-0.00163352948085071));
#6690=CARTESIAN_POINT('',(0.00342351321049556,0.00481937379725926,-0.00161184864874173));
#6691=CARTESIAN_POINT('',(0.00279599126847052,0.00520837750687615,-0.00159846960835376));
#6692=CARTESIAN_POINT('',(0.00178293611750134,0.00560204260358861,-0.00157693513660496));
#6693=CARTESIAN_POINT('',(0.00143322139706879,0.00570126092771972,-0.00156945031908338));
#6694=CARTESIAN_POINT('',(0.000721653058380049,0.00583384911183259,-0.00155418131928364));
#6695=CARTESIAN_POINT('',(0.000359818057335136,0.00586731897962508,-0.00154641429834842));
#6696=CARTESIAN_POINT('',(-0.000363911212656156,0.0058674236589468,-0.00153104158655052));
#6697=CARTESIAN_POINT('',(-0.000725803864752157,0.00583385591922535,-0.00152346263918098));
#6698=CARTESIAN_POINT('',(-0.00179351933825145,0.00563264963993284,-0.00150140541405881));
#6699=CARTESIAN_POINT('',(-0.00248139218748638,0.00536607531070382,-0.00148739982153122));
#6700=CARTESIAN_POINT('',(-0.00340529432300792,0.00479218799013222,-0.00146580657481799));
#6701=CARTESIAN_POINT('',(-0.00369514395021296,0.00457167059092706,-0.00145849744340981));
#6702=CARTESIAN_POINT('',(-0.00422973813498721,0.00408140404036825,-0.0014437108998808));
#6703=CARTESIAN_POINT('',(-0.0044744979204338,0.00381167972864947,-0.00143623507722509));
#6704=CARTESIAN_POINT('',(-0.004910168158747,0.00323241524765554,-0.00142118271456617));
#6705=CARTESIAN_POINT('',(-0.00510079598520855,0.00292275817300625,-0.0014136001907508));
#6706=CARTESIAN_POINT('',(-0.00536765619520942,0.00238184006933573,-0.0014009606140781));
#6707=CARTESIAN_POINT('',(-0.0054609904828395,0.00215891581364802,-0.00139590744444731));
#6708=CARTESIAN_POINT('',(-0.0055403590562215,0.0019311298971041,-0.00139088221933182));
#6709=CARTESIAN_POINT('',(0.00552133252591868,0.001929026093268,-0.00169816067097995));
#6710=CARTESIAN_POINT('',(0.00544192192132847,0.0021560788484788,-0.00169320618939427));
#6711=CARTESIAN_POINT('',(0.00534836658415312,0.00237826098455727,-0.00168813795058107));
#6712=CARTESIAN_POINT('',(0.00508104381040578,0.002917433217631,-0.00167528469757211));
#6713=CARTESIAN_POINT('',(0.00489074318672949,0.00322632906652459,-0.00166744286432797));
#6714=CARTESIAN_POINT('',(0.00445681251872423,0.00380414669499701,-0.00165201500972191));
#6715=CARTESIAN_POINT('',(0.00421309250050735,0.00407298607635577,-0.00164444955274667));
#6716=CARTESIAN_POINT('',(0.00341228625985307,0.00480396791732534,-0.0016227687963567));
#6717=CARTESIAN_POINT('',(0.00278677590656192,0.00519169323374903,-0.00160938979916581));
#6718=CARTESIAN_POINT('',(0.00177696981863818,0.00558404836399318,-0.00158785528312833));
#6719=CARTESIAN_POINT('',(0.00142837665736244,0.00568293234036676,-0.00158037042830629));
#6720=CARTESIAN_POINT('',(0.000719092666340764,0.00581506383716559,-0.00156510135026594));
#6721=CARTESIAN_POINT('',(0.000358420474502203,0.00584841107988868,-0.00155733428958997));
#6722=CARTESIAN_POINT('',(-0.000362977617689578,0.00584848746871596,-0.0015419615463618));
#6723=CARTESIAN_POINT('',(-0.000723701621433355,0.00581501486913921,-0.00153438261215032));
#6724=CARTESIAN_POINT('',(-0.00178795849025537,0.00561442165070699,-0.00151232553591388));
#6725=CARTESIAN_POINT('',(-0.00247359088822233,0.00534868664940348,-0.00149832015101667));
#6726=CARTESIAN_POINT('',(-0.00339448839379999,0.00477661111697483,-0.00147672691422469));
#6727=CARTESIAN_POINT('',(-0.0036833965641827,0.00455679019763018,-0.00146941772901102));
#6728=CARTESIAN_POINT('',(-0.00421625351437977,0.00406807636854627,-0.00145463104746041));
#6729=CARTESIAN_POINT('',(-0.00446021743688075,0.00379920825069113,-0.00144715514137256));
#6730=CARTESIAN_POINT('',(-0.0048944664334515,0.00322179018705152,-0.00143210267170407));
#6731=CARTESIAN_POINT('',(-0.00508446947121374,0.0029131242276726,-0.00142452013389388));
#6732=CARTESIAN_POINT('',(-0.00535044846470863,0.00237394410155164,-0.00141188061246443));
#6733=CARTESIAN_POINT('',(-0.00544347264344979,0.00215173752531977,-0.00140682748075996));
#6734=CARTESIAN_POINT('',(-0.00552257563213862,0.00192468563117107,-0.00140180229731693));
#6735=CARTESIAN_POINT('',(0.0054937822173509,0.00201004558496756,-0.0016956482427878));
#6736=CARTESIAN_POINT('',(0.0054937822173509,0.00206012081778927,-0.00168472949555582));
#6737=CARTESIAN_POINT('',(0.0054937822173509,0.00208702099130328,-0.00168200703076955));
#6738=CARTESIAN_POINT('',(0.0054937822173509,0.00220697580937148,-0.00163539660768748));
#6739=CARTESIAN_POINT('',(0.0054937822173509,0.00222431571047553,-0.00160501161207766));
#6740=CARTESIAN_POINT('',(0.0054937822173509,0.00220705562172847,-0.00157494564180552));
#6741=CARTESIAN_POINT('',(0.0054937822173509,0.00208556921424692,-0.00153273594412768));
#6742=CARTESIAN_POINT('',(0.0054937822173509,0.00205941988459323,-0.00153126756735431));
#6743=CARTESIAN_POINT('',(0.0054937822173509,0.00200936607367348,-0.00152230178074542));
#6744=CARTESIAN_POINT('',(-0.0054937822173509,0.00200908292400284,-0.00122969345703501));
#6745=CARTESIAN_POINT('',(-0.0054937822173509,0.00205860402463331,-0.00124047863254055));
#6746=CARTESIAN_POINT('',(-0.0054937822173509,0.00210585395953245,-0.00124882294663545));
#6747=CARTESIAN_POINT('',(-0.0054937822173509,0.00227307225939629,-0.0013172042249495));
#6748=CARTESIAN_POINT('',(-0.0054937822173509,0.00210987486551442,-0.00138882739501215));
#6749=CARTESIAN_POINT('',(-0.0054937822173509,0.00206020350940963,-0.0013938102435116));
#6750=CARTESIAN_POINT('',(-0.0054937822173509,0.00200983050620132,-0.00140281048922043));
#6751=CARTESIAN_POINT('',(0.00552288112944317,0.00192547121128887,-0.000773571614075957));
#6752=CARTESIAN_POINT('',(0.00544380006289223,0.00215267768709315,-0.00076866705843535));
#6753=CARTESIAN_POINT('',(0.00535067593226199,0.00237491242338696,-0.000763678553250571));
#6754=CARTESIAN_POINT('',(0.0049242333859338,0.00323714353828746,-0.000743350285549769));
#6755=CARTESIAN_POINT('',(0.00448435668732501,0.00382437437733,-0.000727483664080651));
#6756=CARTESIAN_POINT('',(0.00341925028877066,0.00480009822619925,-0.000698093595623717));
#6757=CARTESIAN_POINT('',(0.00263704827481279,0.00528517317810583,-0.000681332814320801));
#6758=CARTESIAN_POINT('',(0.00160837838999081,0.00563248971650343,-0.000659777109436074));
#6759=CARTESIAN_POINT('',(0.000904251820385239,0.0057982457860582,-0.000644758731449477));
#6760=CARTESIAN_POINT('',(1.30625912813867E-6,0.0058817020573754,-0.000625234911866634));
#6761=CARTESIAN_POINT('',(-0.000720548922897163,0.00581575157198326,-0.000609825071814554));
#6762=CARTESIAN_POINT('',(-0.00178436410236939,0.00561678634955693,-0.000587614042711022));
#6763=CARTESIAN_POINT('',(-0.00246838944322918,0.00535121261665004,-0.000573927761428881));
#6764=CARTESIAN_POINT('',(-0.00338912572718777,0.00478094217886477,-0.000552620779082617));
#6765=CARTESIAN_POINT('',(-0.00367829334166034,0.00456182823306327,-0.000545342545469443));
#6766=CARTESIAN_POINT('',(-0.00447832981384176,0.00382936154531722,-0.000522996903452608));
#6767=CARTESIAN_POINT('',(-0.0049220963982489,0.00324178967340258,-0.000507543803173222));
#6768=CARTESIAN_POINT('',(-0.00534918203933097,0.00237809215953979,-0.000487401320715686));
#6769=CARTESIAN_POINT('',(-0.00544240873745432,0.00215555013579486,-0.000482397455579735));
#6770=CARTESIAN_POINT('',(-0.00552165152888925,0.00192817483616717,-0.000477426984249088));
#6771=CARTESIAN_POINT('',(0.00554068567977915,0.00193193015640623,-0.000784501925880444));
#6772=CARTESIAN_POINT('',(0.00546133986614615,0.00215987114786177,-0.000779597341141019));
#6773=CARTESIAN_POINT('',(0.00536790578410577,0.00238282298945146,-0.000774608818164193));
#6774=CARTESIAN_POINT('',(0.00494004985984387,0.00324782958387243,-0.000754280545257672));
#6775=CARTESIAN_POINT('',(0.00449872695624235,0.00383693731457365,-0.000738414034401949));
#6776=CARTESIAN_POINT('',(0.00343013440503877,0.00481577309244798,-0.000709024068003129));
#6777=CARTESIAN_POINT('',(0.00264538032334145,0.0053023907384156,-0.000692263267995887));
#6778=CARTESIAN_POINT('',(0.00161336279259255,0.00565079267330088,-0.000670707493168713));
#6779=CARTESIAN_POINT('',(0.000906946758488418,0.00581705724627697,-0.000655689061108121));
#6780=CARTESIAN_POINT('',(1.07024818225577E-6,0.00590074629342198,-0.000636165181876647));
#6781=CARTESIAN_POINT('',(-0.00072311991209961,0.00583455364369672,-0.000620755349998113));
#6782=CARTESIAN_POINT('',(-0.00179036768845848,0.00563490497592595,-0.000598544409787221));
#6783=CARTESIAN_POINT('',(-0.00247658902824341,0.00536844981228616,-0.000584858282673155));
#6784=CARTESIAN_POINT('',(-0.00340028000406194,0.00479629605236856,-0.000563551341307324));
#6785=CARTESIAN_POINT('',(-0.00369037572877941,0.00457645913693073,-0.000556273079892379));
#6786=CARTESIAN_POINT('',(-0.00449297921127651,0.00384158005745598,-0.00053392727988747));
#6787=CARTESIAN_POINT('',(-0.00493816742602308,0.0032520796517943,-0.00051847400427633));
#6788=CARTESIAN_POINT('',(-0.0053666035727596,0.00238557512430946,-0.000498331599837552));
#6789=CARTESIAN_POINT('',(-0.00546012317702827,0.00216231163734675,-0.000493327774957385));
#6790=CARTESIAN_POINT('',(-0.00553961304132696,0.00193420013304586,-0.000488357351131214));
#6791=CARTESIAN_POINT('',(0.00555879061174871,0.00193851566067564,-0.000796400622993052));
#6792=CARTESIAN_POINT('',(0.00547917489080884,0.00216720370454785,-0.000791496006489155));
#6793=CARTESIAN_POINT('',(0.00538542494188037,0.00239088479850028,-0.000786507464084928));
#6794=CARTESIAN_POINT('',(0.0049561290887816,0.00325871341677297,-0.000766179185450933));
#6795=CARTESIAN_POINT('',(0.00451333363693616,0.00384972858300774,-0.000750312795269904));
#6796=CARTESIAN_POINT('',(0.00344119246627281,0.00483172645447382,-0.000720922940303024));
#6797=CARTESIAN_POINT('',(0.00265384112490652,0.00531991134627838,-0.000704162120008727));
#6798=CARTESIAN_POINT('',(0.00161841726412062,0.00566941457997133,-0.000682606268865524));
#6799=CARTESIAN_POINT('',(0.000909671773473279,0.00583619441576257,-0.000667587777746705));
#6800=CARTESIAN_POINT('',(8.13464102079149E-7,0.00592011761522073,-0.000648063833306861));
#6801=CARTESIAN_POINT('',(-0.000725751623283635,0.00585367664882307,-0.000632654010305321));
#6802=CARTESIAN_POINT('',(-0.00179649014006265,0.0056533300836204,-0.00061044316715406));
#6803=CARTESIAN_POINT('',(-0.00248494390942313,0.00538597688366446,-0.000596757208460392));
#6804=CARTESIAN_POINT('',(-0.00341163847782467,0.00481190490409689,-0.000575450311911179));
#6805=CARTESIAN_POINT('',(-0.00370267767708968,0.00459133165937928,-0.000568172020150468));
#6806=CARTESIAN_POINT('',(-0.00450789059845886,0.00385399589393347,-0.000545826047628668));
#6807=CARTESIAN_POINT('',(-0.00495452377104624,0.00326253198421722,-0.000530372580516724));
#6808=CARTESIAN_POINT('',(-0.00538433139458607,0.0023931714881399,-0.000510230261181235));
#6809=CARTESIAN_POINT('',(-0.00547814832395519,0.00216917408229681,-0.00050522648023441));
#6810=CARTESIAN_POINT('',(-0.00555788885551193,0.00194031372908762,-0.000500256108258723));
#6811=CARTESIAN_POINT('',(0.00558575198134228,0.00194860174691436,-0.000826560141805712));
#6812=CARTESIAN_POINT('',(0.00550572333286797,0.00217840457296891,-0.000821655443017262));
#6813=CARTESIAN_POINT('',(0.00541149212526042,0.00240317241802861,-0.000816666850212334));
#6814=CARTESIAN_POINT('',(0.00498000904198099,0.0032751990370223,-0.000796338556126462));
#6815=CARTESIAN_POINT('',(0.00453498979879015,0.00386903689088182,-0.000780472477568665));
#6816=CARTESIAN_POINT('',(0.00345750613513176,0.00485570655696189,-0.000751082911599864));
#6817=CARTESIAN_POINT('',(0.00266625316669372,0.00534620193514052,-0.000734322040543008));
#6818=CARTESIAN_POINT('',(0.00162572171123452,0.0056973069831379,-0.000712765992165462));
#6819=CARTESIAN_POINT('',(0.000913485577422475,0.0058648252860852,-0.00069774734763734));
#6820=CARTESIAN_POINT('',(1.64600906715751E-7,0.00594905673992415,-0.000678223232968026));
#6821=CARTESIAN_POINT('',(-0.000729945967972889,0.00588221319428999,-0.000662813432343031));
#6822=CARTESIAN_POINT('',(-0.00180588644184049,0.00568078094151411,-0.000640602840946946));
#6823=CARTESIAN_POINT('',(-0.00249765481254867,0.00541206280477107,-0.000626917320312784));
#6824=CARTESIAN_POINT('',(-0.00342880719701086,0.00483508465924205,-0.000605610540983428));
#6825=CARTESIAN_POINT('',(-0.00372124674527408,0.00461339645315348,-0.000598332170652154));
#6826=CARTESIAN_POINT('',(-0.00453033169172054,0.00387234527114023,-0.000575985750463497));
#6827=CARTESIAN_POINT('',(-0.00497910630973966,0.00327791881994129,-0.000560531785803843));
#6828=CARTESIAN_POINT('',(-0.00541092746298639,0.00240427996830798,-0.000540389686069382));
#6829=CARTESIAN_POINT('',(-0.00550517884021972,0.00217918512857674,-0.000535386018791401));
#6830=CARTESIAN_POINT('',(-0.0055852835205782,0.00194920605905982,-0.000530415781054085));
#6831=CARTESIAN_POINT('',(0.00559409784057157,0.00195190293253937,-0.000843875803909521));
#6832=CARTESIAN_POINT('',(0.00551393432213238,0.00218205230834472,-0.000838971057403453));
#6833=CARTESIAN_POINT('',(0.00541954716364828,0.00240715704877445,-0.000833982435344831));
#6834=CARTESIAN_POINT('',(0.00498735949015181,0.00328048027996925,-0.000813654132085959));
#6835=CARTESIAN_POINT('',(0.00454163204574822,0.00387518046696951,-0.000797788233903334));
#6836=CARTESIAN_POINT('',(0.00346245742463147,0.00486327247791104,-0.000768398835644103));
#6837=CARTESIAN_POINT('',(0.00266997499363439,0.00535446804587964,-0.00075163793576755));
#6838=CARTESIAN_POINT('',(0.00162784004993973,0.00570604442407815,-0.000730081773170416));
#6839=CARTESIAN_POINT('',(0.000914509485042776,0.00587377281418353,-0.000715063039533279));
#6840=CARTESIAN_POINT('',(-2.0717922864105E-7,0.00595807374856149,-0.000695538825694075));
#6841=CARTESIAN_POINT('',(-0.000731420895516749,0.00589108455010983,-0.00068012903783174));
#6842=CARTESIAN_POINT('',(-0.00180897396474714,0.00568928646203803,-0.000657918592543558));
#6843=CARTESIAN_POINT('',(-0.00250176203368694,0.00542012810270481,-0.00064423332655661));
#6844=CARTESIAN_POINT('',(-0.00343428467463288,0.00484221853728357,-0.000622926615592312));
#6845=CARTESIAN_POINT('',(-0.00372715471819103,0.00462017336799848,-0.000615648199710619));
#6846=CARTESIAN_POINT('',(-0.00453742934249957,0.00387793552934476,-0.000593301519650137));
#6847=CARTESIAN_POINT('',(-0.00498686020622139,0.00328256730285537,-0.000577847265949273));
#6848=CARTESIAN_POINT('',(-0.00541928614795208,0.00240758784678537,-0.000557705293268224));
#6849=CARTESIAN_POINT('',(-0.00551366667063936,0.00218215040996304,-0.000552701691860039));
#6850=CARTESIAN_POINT('',(-0.00559387821107062,0.00195182276538807,-0.000547731531941877));
#6851=CARTESIAN_POINT('',(0.00559371863301458,0.00195253359564107,-0.000877881022993516));
#6852=CARTESIAN_POINT('',(0.00551353051138065,0.00218267363554765,-0.000872976182951317));
#6853=CARTESIAN_POINT('',(0.00541912001624717,0.00240776521722483,-0.000867987503500881));
#6854=CARTESIAN_POINT('',(0.00498684430160716,0.00328101700331839,-0.000847659181860991));
#6855=CARTESIAN_POINT('',(0.00454106257546444,0.00387562818823441,-0.00083179363661269));
#6856=CARTESIAN_POINT('',(0.00346180261184995,0.00486355178770096,-0.000802404567318051));
#6857=CARTESIAN_POINT('',(0.0026692813526609,0.00535465006071324,-0.000785643612113822));
#6858=CARTESIAN_POINT('',(0.00162712143568443,0.00570609816379863,-0.000764087225922066));
#6859=CARTESIAN_POINT('',(0.000913779964805065,0.00587373633067036,-0.000749068317339171));
#6860=CARTESIAN_POINT('',(-9.355218880287E-7,0.00595792101555864,-0.000729543908254827));
#6861=CARTESIAN_POINT('',(-0.000732123739363024,0.00589084672315374,-0.000714134145007077));
#6862=CARTESIAN_POINT('',(-0.00180961371930456,0.00568893549256671,-0.000691923986332023));
#6863=CARTESIAN_POINT('',(-0.00250232784209597,0.0054197199232351,-0.000678239220658707));
#6864=CARTESIAN_POINT('',(-0.00343474612659119,0.0048417139419869,-0.000656932644435145));
#6865=CARTESIAN_POINT('',(-0.00372758361372721,0.00461963342106261,-0.000649654139290752));
#6866=CARTESIAN_POINT('',(-0.00453776537245421,0.00387729012855409,-0.0006273069493289));
#6867=CARTESIAN_POINT('',(-0.00498713749059668,0.00328185690102922,-0.000611852128090853));
#6868=CARTESIAN_POINT('',(-0.00541945530073005,0.00240686753273601,-0.000591710403903363));
#6869=CARTESIAN_POINT('',(-0.00551380668276689,0.00218143307187701,-0.000586706931522996));
#6870=CARTESIAN_POINT('',(-0.00559398780853514,0.00195111133417808,-0.000581736924095164));
#6871=CARTESIAN_POINT('',(0.00558499472903058,0.00194987729952514,-0.000895186529459472));
#6872=CARTESIAN_POINT('',(0.00550491631345202,0.00217966161510023,-0.000890281641787648));
#6873=CARTESIAN_POINT('',(0.00541063787433435,0.00240440322747738,-0.00088529293308784));
#6874=CARTESIAN_POINT('',(0.00497897649347927,0.00327628691591051,-0.000864964601884074));
#6875=CARTESIAN_POINT('',(0.00453384706342895,0.00386994600716717,-0.000849099236028758));
#6876=CARTESIAN_POINT('',(0.00345618961931992,0.00485627721829756,-0.000819710334358748));
#6877=CARTESIAN_POINT('',(0.00266485715341259,0.00534657694945837,-0.000802949351575089));
#6878=CARTESIAN_POINT('',(0.00162427380282866,0.00569742362850446,-0.000781392851678873));
#6879=CARTESIAN_POINT('',(0.000912014635350063,0.00586476009153746,-0.000766373853871852));
#6880=CARTESIAN_POINT('',(-1.30527798669389E-6,0.00594875706171214,-0.000746849344931908));
#6881=CARTESIAN_POINT('',(-0.000731365437184275,0.00588174169056657,-0.000731439594012742));
#6882=CARTESIAN_POINT('',(-0.00180718013671972,0.00568008081345973,-0.000709229581392486));
#6883=CARTESIAN_POINT('',(-0.00249880027026279,0.00541124683383463,-0.000695545071072848));
#6884=CARTESIAN_POINT('',(-0.00342974339039903,0.00483407328037708,-0.000674238563833809));
#6885=CARTESIAN_POINT('',(-0.00372211765661595,0.00461231341185789,-0.000666960013248767));
#6886=CARTESIAN_POINT('',(-0.00453101635323005,0.00387104834636999,-0.00064461256338438));
#6887=CARTESIAN_POINT('',(-0.00497967306136342,0.00327648986100704,-0.000629157452661447));
#6888=CARTESIAN_POINT('',(-0.00541127661338978,0.00240282974917271,-0.000609015854725687));
#6889=CARTESIAN_POINT('',(-0.00550546931690597,0.00217774059160556,-0.00060401244800168));
#6890=CARTESIAN_POINT('',(-0.00558551273209592,0.00194777311214123,-0.000599042518197655));
#6891=CARTESIAN_POINT('',(0.00555745080705265,0.0019409393765696,-0.000925258719644474));
#6892=CARTESIAN_POINT('',(0.00547774046378221,0.00216959604024402,-0.000920353750146969));
#6893=CARTESIAN_POINT('',(0.00538390044473743,0.0023932311801112,-0.00091536499115339));
#6894=CARTESIAN_POINT('',(0.00495426346557137,0.00326080423279037,-0.000895036643152899));
#6895=CARTESIAN_POINT('',(0.00451125457757869,0.00385149246433299,-0.000879171584903517));
#6896=CARTESIAN_POINT('',(0.00343877126920622,0.00483286932180452,-0.000849782971407144));
#6897=CARTESIAN_POINT('',(0.00265125903083114,0.00532069405795404,-0.000833021942309888));
#6898=CARTESIAN_POINT('',(0.00161572243859796,0.00566971731643853,-0.000811465247347795));
#6899=CARTESIAN_POINT('',(0.000906923232750517,0.005836158176563,-0.000796446096006388));
#6900=CARTESIAN_POINT('',(-1.94650035822511E-6,0.00591964232837117,-0.000776921414738244));
#6901=CARTESIAN_POINT('',(-0.000728427662092334,0.00585287774592864,-0.000761511684630161));
#6902=CARTESIAN_POINT('',(-0.00179894582319613,0.00565209893610539,-0.000739301923120264));
#6903=CARTESIAN_POINT('',(-0.00248713141360238,0.00538452426996065,-0.000725617852544234));
#6904=CARTESIAN_POINT('',(-0.00341344673196533,0.00481007689758794,-0.000704311464487603));
#6905=CARTESIAN_POINT('',(-0.0037043676496255,0.00458936583621241,-0.000697032835860593));
#6906=CARTESIAN_POINT('',(-0.00450924274295333,0.00385161757768462,-0.000674684939036398));
#6907=CARTESIAN_POINT('',(-0.00495566111387338,0.00325989701691954,-0.00065922933011301));
#6908=CARTESIAN_POINT('',(-0.00538506649489226,0.00239048376485195,-0.000639087948562524));
#6909=CARTESIAN_POINT('',(-0.00547877463792129,0.00216649372098244,-0.000634084654550726));
#6910=CARTESIAN_POINT('',(-0.00555840130927702,0.00193765175105601,-0.000629114858054532));
#6911=CARTESIAN_POINT('',(0.00553916035747271,0.00193482150127734,-0.0009370865961689));
#6912=CARTESIAN_POINT('',(0.0054597016221688,0.00216272785158094,-0.000932181595255295));
#6913=CARTESIAN_POINT('',(0.00536615985322178,0.00238562773941364,-0.00092719281692299));
#6914=CARTESIAN_POINT('',(0.00493789526451975,0.00325034126177413,-0.000906864462235481));
#6915=CARTESIAN_POINT('',(0.00449631474896266,0.00383906836255837,-0.000890999521708862));
#6916=CARTESIAN_POINT('',(0.00342730525851471,0.0048171795846691,-0.000861611018984699));
#6917=CARTESIAN_POINT('',(0.00264235198666428,0.00530337613145309,-0.00084484997279904));
#6918=CARTESIAN_POINT('',(0.00161018956962002,0.0056512135585256,-0.000823293203121241));
#6919=CARTESIAN_POINT('',(0.000903702128110079,0.00581707857479165,-0.000808273992668767));
#6920=CARTESIAN_POINT('',(-2.19791356202763E-6,0.00590024865454861,-0.000788749244729825));
#6921=CARTESIAN_POINT('',(-0.000726296691885602,0.00583367206842327,-0.000773339522372239));
#6922=CARTESIAN_POINT('',(-0.0017932953226906,0.00563350935883813,-0.000751129857399813));
#6923=CARTESIAN_POINT('',(-0.00247920667954948,0.00536678900539495,-0.000737445956345416));
#6924=CARTESIAN_POINT('',(-0.0034024587725156,0.00479418441016867,-0.000716139614482929));
#6925=CARTESIAN_POINT('',(-0.00369241763967397,0.00457418187332675,-0.000708860955907572));
#6926=CARTESIAN_POINT('',(-0.00449462995262421,0.00383880623097044,-0.000686512887180128));
#6927=CARTESIAN_POINT('',(-0.00493956873060736,0.00324899540648317,-0.000671057086407618));
#6928=CARTESIAN_POINT('',(-0.00536753329798525,0.00238241884014377,-0.000650915787604628));
#6929=CARTESIAN_POINT('',(-0.00546092511681171,0.00215916160525949,-0.000645912536813779));
#6930=CARTESIAN_POINT('',(-0.00554028103253672,0.00193106935018139,-0.000640942791469437));
#6931=CARTESIAN_POINT('',(0.00552120934428154,0.00192880184264063,-0.000948012252362204));
#6932=CARTESIAN_POINT('',(0.00544199814945436,0.00215597167846115,-0.000943107222506893));
#6933=CARTESIAN_POINT('',(0.00534874969189717,0.00237814991732332,-0.000938118426354485));
#6934=CARTESIAN_POINT('',(0.00492183438008285,0.00324005722424737,-0.000917790065469447));
#6935=CARTESIAN_POINT('',(0.00448165742960291,0.0038268605682094,-0.000901925233334278));
#6936=CARTESIAN_POINT('',(0.00341606047439036,0.00480176879711058,-0.000872536832678255));
#6937=CARTESIAN_POINT('',(0.00263362053537674,0.00528636865571454,-0.000855775770858433));
#6938=CARTESIAN_POINT('',(0.00160477159348843,0.00563304435350166,-0.000834218932377485));
#6939=CARTESIAN_POINT('',(0.000900554203981085,0.0057983457940763,-0.000819199667444079));
#6940=CARTESIAN_POINT('',(-2.43003627954942E-6,0.0058812098475064,-0.000799674858006143));
#6941=CARTESIAN_POINT('',(-0.000724190160919077,0.00581481956839329,-0.000784265142751052));
#6942=CARTESIAN_POINT('',(-0.00178773437988596,0.00561526407401189,-0.000762055566732393));
#6943=CARTESIAN_POINT('',(-0.00247141425439531,0.00534938369847271,-0.000748371821955184));
#6944=CARTESIAN_POINT('',(-0.00339166079618938,0.00477859040638125,-0.000727065522716602));
#6945=CARTESIAN_POINT('',(-0.00368067572071277,0.00455928425683952,-0.000719786836554044));
#6946=CARTESIAN_POINT('',(-0.00448027542623857,0.00382624032341769,-0.000697438609416161));
#6947=CARTESIAN_POINT('',(-0.00492376263264051,0.00323830590464721,-0.000681982631815713));
#6948=CARTESIAN_POINT('',(-0.00535031471180092,0.0023745147686222,-0.000661841409191028));
#6949=CARTESIAN_POINT('',(-0.00544339653517437,0.00215197699012473,-0.00065683819820856));
#6950=CARTESIAN_POINT('',(-0.00552248722342687,0.00192462073156729,-0.000651868499982513));
#6951=CARTESIAN_POINT('',(0.0054937822173509,0.00200987361741258,-0.00094548526010581));
#6952=CARTESIAN_POINT('',(0.0054937822173509,0.00206002960192198,-0.00093459161104933));
#6953=CARTESIAN_POINT('',(0.0054937822173509,0.00208699560549496,-0.000931869227268716));
#6954=CARTESIAN_POINT('',(0.0054937822173509,0.00220714491710153,-0.000885368247968993));
#6955=CARTESIAN_POINT('',(0.0054937822173509,0.00222471049355239,-0.000855061044261873));
#6956=CARTESIAN_POINT('',(0.0054937822173509,0.002207600125462,-0.000824909863120312));
#6957=CARTESIAN_POINT('',(0.0054937822173509,0.00208573215210235,-0.00078261301637937));
#6958=CARTESIAN_POINT('',(0.0054937822173509,0.00205955565586975,-0.000781153206810908));
#6959=CARTESIAN_POINT('',(0.0054937822173509,0.00200945626804316,-0.000772194769324865));
#6960=CARTESIAN_POINT('',(-0.0054937822173509,0.0020091721704637,-0.00047975245039244));
#6961=CARTESIAN_POINT('',(-0.0054937822173509,0.0020586856799235,-0.00049051225374789));
#6962=CARTESIAN_POINT('',(-0.0054937822173509,0.00210600368663163,-0.000498825154841738));
#6963=CARTESIAN_POINT('',(-0.0054937822173509,0.00227327173261384,-0.000567309154298163));
#6964=CARTESIAN_POINT('',(-0.0054937822173509,0.00210979724618262,-0.000638821375665161));
#6965=CARTESIAN_POINT('',(-0.0054937822173509,0.00206012975125551,-0.000643830682075584));
#6966=CARTESIAN_POINT('',(-0.0054937822173509,0.00200972497682238,-0.00065283601880278));
#6967=CARTESIAN_POINT('',(0.00550484174709032,0.00197568432847911,-2.23360708530372E-5));
#6968=CARTESIAN_POINT('',(0.0054752524791991,0.0020583953826233,-2.0538488053032E-5));
#6969=CARTESIAN_POINT('',(0.00544380653883503,0.00214042732310704,-1.87337583862545E-5));
#6970=CARTESIAN_POINT('',(0.00530934016138833,0.00246873489664148,-1.14092806432257E-5));
#6971=CARTESIAN_POINT('',(0.00519102860487831,0.00270857075101421,-5.80658255255758E-6));
#6972=CARTESIAN_POINT('',(0.00478846719479309,0.00340007559248611,1.11530957821545E-5));
#6973=CARTESIAN_POINT('',(0.00445696683418918,0.00382397391758225,2.26235746312503E-5));
#6974=CARTESIAN_POINT('',(0.00388414480789943,0.00438119245366247,3.91738733384261E-5));
#6975=CARTESIAN_POINT('',(0.00368057635353098,0.00455377230394191,4.45685982913171E-5));
#6976=CARTESIAN_POINT('',(0.00295522324218184,0.00508705540115405,6.22946028076448E-5));
#6977=CARTESIAN_POINT('',(0.00238281514435371,0.00537890387632004,7.40738221095208E-5));
#6978=CARTESIAN_POINT('',(0.00177707568622445,0.00557242557570145,8.67662094019613E-5));
#6979=CARTESIAN_POINT('',(0.00552258461064309,0.00198230285797626,-3.32664081030322E-5));
#6980=CARTESIAN_POINT('',(0.00549289631541972,0.00206528170811615,-3.14688088677254E-5));
#6981=CARTESIAN_POINT('',(0.00546134539091003,0.00214757907311103,-2.96640642936458E-5));
#6982=CARTESIAN_POINT('',(0.00532643107812892,0.00247694805036078,-2.23395351563552E-5));
#6983=CARTESIAN_POINT('',(0.00520772758889805,0.00271755695415033,-1.67368231611931E-5));
#6984=CARTESIAN_POINT('',(0.00480383784702983,0.00341128403008722,2.22830135474601E-7));
#6985=CARTESIAN_POINT('',(0.00447124968092879,0.00383653613846202,1.16932146508308E-5));
#6986=CARTESIAN_POINT('',(0.00389655311698093,0.00439553022367911,2.82434090731206E-5));
#6987=CARTESIAN_POINT('',(0.00369231923322377,0.00456865930911413,3.3638106568051E-5));
#6988=CARTESIAN_POINT('',(0.00296459693600026,0.00510363884291557,5.13640734072309E-5));
#6989=CARTESIAN_POINT('',(0.00239032225156485,0.00539641334145789,6.31433447101155E-5));
#6990=CARTESIAN_POINT('',(0.00178260941354837,0.00559053997424437,7.58358091418433E-5));
#6991=CARTESIAN_POINT('',(0.00554062657644742,0.00198905047555867,-4.51651329401322E-5));
#6992=CARTESIAN_POINT('',(0.00551083732434561,0.00207230172045156,-4.3367515767071E-5));
#6993=CARTESIAN_POINT('',(0.00547917938799762,0.00215486905612363,-4.15627549236912E-5));
#6994=CARTESIAN_POINT('',(0.00534380855806562,0.00248531755640541,-3.42381697009692E-5));
#6995=CARTESIAN_POINT('',(0.00522470578279492,0.00272671254595537,-2.86354425477457E-5));
#6996=CARTESIAN_POINT('',(0.00481946316184513,0.00342269887015691,-1.16758166428335E-5));
#6997=CARTESIAN_POINT('',(0.0044857675192639,0.0038493267223131,-2.05535136730201E-7));
#6998=CARTESIAN_POINT('',(0.00390916286284235,0.00441012487160322,1.63445455570459E-5));
#6999=CARTESIAN_POINT('',(0.00370425168737508,0.00458381196369539,2.1739213146574E-5));
#7000=CARTESIAN_POINT('',(0.00297411808591271,0.0051205149687313,3.94651391814651E-5));
#7001=CARTESIAN_POINT('',(0.00239794382498388,0.00541423006919459,5.124446757739E-5));
#7002=CARTESIAN_POINT('',(0.00178822286347593,0.00560897049969615,6.39370158612078E-5));
#7003=CARTESIAN_POINT('',(0.00556749037186596,0.00199937539378686,-7.53247233222059E-5));
#7004=CARTESIAN_POINT('',(0.00553754668055693,0.00208303356215957,-7.35270596865395E-5));
#7005=CARTESIAN_POINT('',(0.00550572532456946,0.00216600401151058,-7.172225669566E-5));
#7006=CARTESIAN_POINT('',(0.00536965843594597,0.00249806347144549,-6.43975261430558E-5));
#7007=CARTESIAN_POINT('',(0.0052499493077301,0.00274062897868955,-5.87947596014272E-5));
#7008=CARTESIAN_POINT('',(0.00484265810196949,0.00343997210531142,-4.18352041352784E-5));
#7009=CARTESIAN_POINT('',(0.00450729226449302,0.00386863469804628,-3.03651889597686E-5));
#7010=CARTESIAN_POINT('',(0.00392781546298835,0.0044320965219871,-1.381540274304E-5));
#7011=CARTESIAN_POINT('',(0.00372188558156897,0.00460660672416859,-8.42081269699051E-6));
#7012=CARTESIAN_POINT('',(0.00298812704163238,0.0051458510906372,9.30500688583687E-6));
#7013=CARTESIAN_POINT('',(0.00240910023929813,0.00544095034293854,2.10844819830062E-5));
#7014=CARTESIAN_POINT('',(0.00179636584201356,0.0056365835778307,3.37772473200691E-5));
#7015=CARTESIAN_POINT('',(0.00557580358522276,0.00200274885293975,-9.26404268427001E-5));
#7016=CARTESIAN_POINT('',(0.00554580945949848,0.00208653380545889,-9.08427362645164E-5));
#7017=CARTESIAN_POINT('',(0.00551393491258879,0.00216962973138818,-8.90379088311169E-5));
#7018=CARTESIAN_POINT('',(0.00537764215199351,0.00250219001940009,-8.17130939860481E-5));
#7019=CARTESIAN_POINT('',(0.00525773779286504,0.00274511779496716,-7.61103045613591E-5));
#7020=CARTESIAN_POINT('',(0.00484979069586483,0.00344549513519193,-5.91507897670501E-5));
#7021=CARTESIAN_POINT('',(0.0045138943993604,0.00387477861214135,-4.76809288649221E-5));
#7022=CARTESIAN_POINT('',(0.00393350885791251,0.00443905029152424,-3.11313133699957E-5));
#7023=CARTESIAN_POINT('',(0.00372725715753631,0.00461381024577497,-2.57367683159612E-5));
#7024=CARTESIAN_POINT('',(0.00299235465515762,0.00515382513273971,-8.01101071430818E-6));
#7025=CARTESIAN_POINT('',(0.00241242962171053,0.00544934222084974,3.76854905490199E-6));
#7026=CARTESIAN_POINT('',(0.00179874767021313,0.00564523819401276,1.64614401979027E-5));
#7027=CARTESIAN_POINT('',(0.00557541521287729,0.00200336901002628,-0.000126645726956062));
#7028=CARTESIAN_POINT('',(0.00554541192162554,0.00208715178349963,-0.000124847983567436));
#7029=CARTESIAN_POINT('',(0.00551352843628856,0.00217024503060789,-0.000123043108219367));
#7030=CARTESIAN_POINT('',(0.00537720056275203,0.00250279196890416,-0.000115718128112216));
#7031=CARTESIAN_POINT('',(0.00525727222206054,0.00274570300462534,-0.000110115293746868));
#7032=CARTESIAN_POINT('',(0.0048492600775309,0.00344601207256417,-9.31558583205696E-5));
#7033=CARTESIAN_POINT('',(0.00451332922825422,0.00387522823936691,-8.16862994787568E-5));
#7034=CARTESIAN_POINT('',(0.00393289920824685,0.00443939910681754,-6.5137018567147E-5));
#7035=CARTESIAN_POINT('',(0.00372663387763251,0.00461412573534291,-5.97425617699172E-5));
#7036=CARTESIAN_POINT('',(0.0029916880117547,0.00515403517636289,-4.20169262282446E-5));
#7037=CARTESIAN_POINT('',(0.00241173738906472,0.00544948694777805,-3.02372013465475E-5));
#7038=CARTESIAN_POINT('',(0.00179803418806405,0.00564531156673416,-1.754406363529E-5));
#7039=CARTESIAN_POINT('',(0.00556671459764372,0.00200062981707916,-0.000143951274601798));
#7040=CARTESIAN_POINT('',(0.00553675236621552,0.00208428370818236,-0.000142153504322849));
#7041=CARTESIAN_POINT('',(0.00550491292572099,0.00216724887067017,-0.000140348604575085));
#7042=CARTESIAN_POINT('',(0.00536877497957361,0.00249928186681778,-0.000133023540299506));
#7043=CARTESIAN_POINT('',(0.00524901728169992,0.00274181393990567,-0.000127420683008009));
#7044=CARTESIAN_POINT('',(0.00484159421687454,0.00344102029074561,-0.000110461287820128));
#7045=CARTESIAN_POINT('',(0.00450615816557587,0.00386954766018387,-9.89918826179388E-5));
#7046=CARTESIAN_POINT('',(0.00392659076784368,0.00443280684422816,-8.24427720407503E-5));
#7047=CARTESIAN_POINT('',(0.00372063308288956,0.00460725004219314,-7.7048360213128E-5));
#7048=CARTESIAN_POINT('',(0.00298678597529148,0.00514628238205389,-5.9322787092595E-5));
#7049=CARTESIAN_POINT('',(0.00240770669839627,0.00544125024218969,-4.75429785502867E-5));
#7050=CARTESIAN_POINT('',(0.0017949285361482,0.00563673975750619,-3.48497153214158E-5));
#7051=CARTESIAN_POINT('',(0.00553924471657376,0.00199143291715071,-0.000174031209368946));
#7052=CARTESIAN_POINT('',(0.00550942024740604,0.0020746772554633,-0.000172233392883497));
#7053=CARTESIAN_POINT('',(0.00547772792426655,0.00215723577948611,-0.000170428451204647));
#7054=CARTESIAN_POINT('',(0.00534222183349048,0.00248763905253141,-0.000163103242262344));
#7055=CARTESIAN_POINT('',(0.00522302624453201,0.00272897452207581,-0.000157500345492447));
#7056=CARTESIAN_POINT('',(0.00481753054122794,0.0034247134152383,-0.000140541019109307));
#7057=CARTESIAN_POINT('',(0.00448369853990687,0.00385109311075222,-0.000129071877593359));
#7058=CARTESIAN_POINT('',(0.00390691596729844,0.00441151832202624,-0.000112523059672046));
#7059=CARTESIAN_POINT('',(0.00370194981243467,0.00458508194103845,-0.000107128725188454));
#7060=CARTESIAN_POINT('',(0.00297164002949969,0.00512139405661706,-8.94032599026865E-5));
#7061=CARTESIAN_POINT('',(0.0023953594445228,0.00541486639937298,-7.76233084463641E-5));
#7062=CARTESIAN_POINT('',(0.00178554806028349,0.00560933958630785,-6.49298295138955E-5));
#7063=CARTESIAN_POINT('',(0.0055209989694081,0.00198514224411775,-0.000185863514374641));
#7064=CARTESIAN_POINT('',(0.00549126869919232,0.00206811367757521,-0.000184065680148064));
#7065=CARTESIAN_POINT('',(0.00545967676575741,0.00215040136372189,-0.000182260722366859));
#7066=CARTESIAN_POINT('',(0.0053246010446242,0.00247971980853968,-0.000174935457855129));
#7067=CARTESIAN_POINT('',(0.00520578655974032,0.00272026044005036,-0.000169332545873323));
#7068=CARTESIAN_POINT('',(0.00480159342055768,0.00341370088680137,-0.000152373245689371));
#7069=CARTESIAN_POINT('',(0.00446884073039112,0.00383866304195086,-0.000140904205211157));
#7070=CARTESIAN_POINT('',(0.00389392820906204,0.00439722064087277,-0.000124355499631995));
#7071=CARTESIAN_POINT('',(0.00368962734591101,0.0045702051039305,-0.000118961194890359));
#7072=CARTESIAN_POINT('',(0.00296168974097958,0.00510472667400452,-0.000101235771376797));
#7073=CARTESIAN_POINT('',(0.00238728388023703,0.00539721639715089,-8.94557655906236E-5));
#7074=CARTESIAN_POINT('',(0.00177945838854213,0.00559102835401933,-7.67622038276967E-5));
#7075=CARTESIAN_POINT('',(0.0055030946453951,0.00197895407941508,-0.00019679385198964));
#7076=CARTESIAN_POINT('',(0.00547345703600643,0.0020616576415862,-0.000194996001415821));
#7077=CARTESIAN_POINT('',(0.0054419638364406,0.00214367949572991,-0.000193191028795836));
#7078=CARTESIAN_POINT('',(0.00530731132223231,0.00247193321601456,-0.000185865713066776));
#7079=CARTESIAN_POINT('',(0.00518887145644054,0.0027116938797073,-0.000180262787035741));
#7080=CARTESIAN_POINT('',(0.00478595837818277,0.00340287928153069,-0.000163303510866458));
#7081=CARTESIAN_POINT('',(0.00445426596563481,0.00382645117247894,-0.000151834563376994));
#7082=CARTESIAN_POINT('',(0.00388119020498421,0.00438317733962714,-0.000135285961383804));
#7083=CARTESIAN_POINT('',(0.00367754274545249,0.00455559390803183,-0.000129891684116334));
#7084=CARTESIAN_POINT('',(0.00295193482233408,0.00508835979659567,-0.000112166299486379));
#7085=CARTESIAN_POINT('',(0.00237936992337174,0.0053798861819437,-0.000100386244106099));
#7086=CARTESIAN_POINT('',(0.00177349444254318,0.00557305043422436,-8.76926057225043E-5));
#7087=CARTESIAN_POINT('',(0.0054937822173509,0.00200947028413756,-0.00019520930966865));
#7088=CARTESIAN_POINT('',(0.0054937822173509,0.00205953618985335,-0.00018434794821801));
#7089=CARTESIAN_POINT('',(0.0054937822173509,0.00208652867462534,-0.000181629021091751));
#7090=CARTESIAN_POINT('',(0.0054937822173509,0.00220688408275235,-0.000135009354916377));
#7091=CARTESIAN_POINT('',(0.0054937822173509,0.00222409670983818,-0.000104596108162683));
#7092=CARTESIAN_POINT('',(0.0054937822173509,0.0022065784902646,-7.45966281375806E-5));
#7093=CARTESIAN_POINT('',(0.0054937822173509,0.00208473410937695,-3.24554302377083E-5));
#7094=CARTESIAN_POINT('',(0.0054937822173509,0.00205826841118567,-3.09362590537049E-5));
#7095=CARTESIAN_POINT('',(0.0054937822173509,0.0020077511217544,-2.1922526777185E-5));
#7096=CARTESIAN_POINT('',(0.00180767966684994,0.00556346595115059,8.56307825691698E-5));
#7097=CARTESIAN_POINT('',(0.00183858789499583,0.00565859169607848,2.78810111877569E-5));
#7098=CARTESIAN_POINT('',(0.0018385872327599,0.00565858965792585,-2.98686910713564E-5));
#7099=CARTESIAN_POINT('',(0.00180767768014214,0.00556345983669272,-8.76183242081701E-5));
#7100=CARTESIAN_POINT('',(0.00552204324890518,0.00192584694991298,-0.00677373659760753));
#7101=CARTESIAN_POINT('',(0.00544306825716359,0.00215327147998426,-0.00676868336817976));
#7102=CARTESIAN_POINT('',(0.00535034990670857,0.00237594075791197,-0.00676357067221045));
#7103=CARTESIAN_POINT('',(0.00492510582385438,0.00324007612272239,-0.00674302137785037));
#7104=CARTESIAN_POINT('',(0.00448178058701204,0.00382769716988909,-0.00672736962720087));
#7105=CARTESIAN_POINT('',(0.00341527908288879,0.0048029438883479,-0.00669800345424628));
#7106=CARTESIAN_POINT('',(0.002791760234139,0.00518933430348607,-0.00668453980883744));
#7107=CARTESIAN_POINT('',(0.00178321869656901,0.00558228625444739,-0.00666335502974367));
#7108=CARTESIAN_POINT('',(0.00143473274832546,0.00568197899949763,-0.00665607914092113));
#7109=CARTESIAN_POINT('',(0.000369122647928261,0.00588100991512992,-0.0066333320101012));
#7110=CARTESIAN_POINT('',(-0.00036739816440307,0.00588183204177966,-0.00661723887584145));
#7111=CARTESIAN_POINT('',(-0.00143355268133553,0.00568234184324723,-0.00659483060766468));
#7112=CARTESIAN_POINT('',(-0.00178244408019063,0.00558219594312432,-0.00658768162064016));
#7113=CARTESIAN_POINT('',(-0.00245593187570541,0.00531993587533241,-0.0065735958724144));
#7114=CARTESIAN_POINT('',(-0.00278053295073773,0.00515783812158797,-0.00656665643283333));
#7115=CARTESIAN_POINT('',(-0.00339417019014609,0.00477713848440207,-0.00655253925659892));
#7116=CARTESIAN_POINT('',(-0.00368299933892156,0.00455831220358054,-0.00654531814227175));
#7117=CARTESIAN_POINT('',(-0.0044810353900977,0.00382719138315721,-0.00652300988876492));
#7118=CARTESIAN_POINT('',(-0.00492268249675128,0.00324122345062707,-0.00650746642956979));
#7119=CARTESIAN_POINT('',(-0.0053493516807619,0.00237750132601857,-0.00648733456240504));
#7120=CARTESIAN_POINT('',(-0.00544253957550606,0.00215472883495806,-0.00648234830573133));
#7121=CARTESIAN_POINT('',(-0.00552177446987558,0.00192698412786668,-0.00647740005024489));
#7122=CARTESIAN_POINT('',(0.00553984627935855,0.00193231571513625,-0.00678466679087615));
#7123=CARTESIAN_POINT('',(0.00546060582059269,0.0021604720858591,-0.00677961357794719));
#7124=CARTESIAN_POINT('',(0.00536757777181089,0.00238385364705346,-0.00677450094883631));
#7125=CARTESIAN_POINT('',(0.0049409216674658,0.00325075307952625,-0.00675395188921761));
#7126=CARTESIAN_POINT('',(0.00449614221043081,0.00384026227357039,-0.00673830012207953));
#7127=CARTESIAN_POINT('',(0.00342615248108765,0.00481863138641088,-0.00670893388509639));
#7128=CARTESIAN_POINT('',(0.00280059757623127,0.0052062498088104,-0.00669547022051526));
#7129=CARTESIAN_POINT('',(0.00178877091888773,0.00560043422742666,-0.00667428540444001));
#7130=CARTESIAN_POINT('',(0.00143915115014325,0.00570043560824758,-0.00666700950034195));
#7131=CARTESIAN_POINT('',(0.000370078939731525,0.00590006715216986,-0.00664426231743405));
#7132=CARTESIAN_POINT('',(-0.000368828435996121,0.00590086119050576,-0.00662816914769856));
#7133=CARTESIAN_POINT('',(-0.00143842400229095,0.0057006851219478,-0.00660576094353058));
#7134=CARTESIAN_POINT('',(-0.00178843900388878,0.00560020277944214,-0.00659861199959948));
#7135=CARTESIAN_POINT('',(-0.00246409279686137,0.00533706979992512,-0.00658452633466236));
#7136=CARTESIAN_POINT('',(-0.00278973629023664,0.00517443562134261,-0.00657758693509047));
#7137=CARTESIAN_POINT('',(-0.00340534297069361,0.00479247908216003,-0.00656346978804112));
#7138=CARTESIAN_POINT('',(-0.00369509872153221,0.00457293122929302,-0.00655624865553964));
#7139=CARTESIAN_POINT('',(-0.00449569382084103,0.0038394030413742,-0.00653394026435633));
#7140=CARTESIAN_POINT('',(-0.00493875441476519,0.00325151140956798,-0.00651839663461443));
#7141=CARTESIAN_POINT('',(-0.00536677317249432,0.00238498155708883,-0.00649826483517989));
#7142=CARTESIAN_POINT('',(-0.00546025401861675,0.00216148690762986,-0.00649327861867988));
#7143=CARTESIAN_POINT('',(-0.00553973614463824,0.00193300499996829,-0.00648833041252011));
#7144=CARTESIAN_POINT('',(0.00555794974735575,0.00193891121603361,-0.00679656536715831));
#7145=CARTESIAN_POINT('',(0.00547843857557085,0.00216781190843367,-0.00679151216893605));
#7146=CARTESIAN_POINT('',(0.00538509484388425,0.00239191781811572,-0.00678639960649725));
#7147=CARTESIAN_POINT('',(0.00495700001252098,0.00326162773540474,-0.00676585078436398));
#7148=CARTESIAN_POINT('',(0.00451074007562862,0.00385305575519601,-0.00675019901017323));
#7149=CARTESIAN_POINT('',(0.0034371997933834,0.004834597489997,-0.00672083271714445));
#7150=CARTESIAN_POINT('',(0.0028095726579504,0.00522346348182523,-0.00670736903051446));
#7151=CARTESIAN_POINT('',(0.00179440308222423,0.00561889895841226,-0.00668618417106473));
#7152=CARTESIAN_POINT('',(0.00144362963538515,0.00571921335625637,-0.00667890824926149));
#7153=CARTESIAN_POINT('',(0.00037103502688907,0.00591945286387721,-0.00665616100822863));
#7154=CARTESIAN_POINT('',(-0.000370300024996555,0.00592021611948465,-0.00664006780060238));
#7155=CARTESIAN_POINT('',(-0.00144339498616156,0.00571933958650867,-0.00661765966698318));
#7156=CARTESIAN_POINT('',(-0.00179455247359987,0.00561851417807761,-0.00661051077020166));
#7157=CARTESIAN_POINT('',(-0.00247240845689369,0.00535449165814307,-0.00659642519626217));
#7158=CARTESIAN_POINT('',(-0.00279911167934123,0.00519131104956865,-0.00658948584033582));
#7159=CARTESIAN_POINT('',(-0.00341672041432205,0.00480807435232309,-0.0065753687250566));
#7160=CARTESIAN_POINT('',(-0.00370741807874353,0.00458779163027453,-0.00656814757266247));
#7161=CARTESIAN_POINT('',(-0.00451061441698336,0.00385181192383473,-0.00654583903108104));
#7162=CARTESIAN_POINT('',(-0.00495511159492455,0.00326196168069247,-0.0065302952151362));
#7163=CARTESIAN_POINT('',(-0.00538450090771591,0.00239257508488483,-0.00651016348960795));
#7164=CARTESIAN_POINT('',(-0.00547827913692326,0.00216834581194707,-0.00650517731695627));
#7165=CARTESIAN_POINT('',(-0.00555801210519411,0.00193911405537117,-0.00650022916463797));
#7166=CARTESIAN_POINT('',(0.00558491024292996,0.001949012349352,-0.00682672470452311));
#7167=CARTESIAN_POINT('',(0.00550498377067784,0.00217902359906737,-0.0068216714936693));
#7168=CARTESIAN_POINT('',(0.00541115788224788,0.00240420895946298,-0.00681655900700371));
#7169=CARTESIAN_POINT('',(0.00498087477875099,0.00327810075527929,-0.00679601051193392));
#7170=CARTESIAN_POINT('',(0.00453238271796285,0.00387236752318611,-0.00678035888773522));
#7171=CARTESIAN_POINT('',(0.00345349982826695,0.00485859490524667,-0.00675099266226174));
#7172=CARTESIAN_POINT('',(0.00282275786719219,0.00524930041746662,-0.00673752890113463));
#7173=CARTESIAN_POINT('',(0.00180257244994018,0.00564656401383185,-0.00671634388305825));
#7174=CARTESIAN_POINT('',(0.00145006941873853,0.00574733145740155,-0.00670906789955757));
#7175=CARTESIAN_POINT('',(0.000372199542872166,0.00594843196471923,-0.00668632048860326));
#7176=CARTESIAN_POINT('',(-0.00037276422487423,0.00594911415958483,-0.00667022719581329));
#7177=CARTESIAN_POINT('',(-0.00145107498481749,0.0057471465152493,-0.0066478192553268));
#7178=CARTESIAN_POINT('',(-0.00180393264916309,0.00564579516962658,-0.00664067048230788));
#7179=CARTESIAN_POINT('',(-0.00248506248704851,0.00538041775405335,-0.00662658514517687));
#7180=CARTESIAN_POINT('',(-0.00281333943286724,0.00521640824139193,-0.00661964590180002));
#7181=CARTESIAN_POINT('',(-0.00343391983469116,0.00483123260429094,-0.00660552886736184));
#7182=CARTESIAN_POINT('',(-0.00372601508477166,0.00460983770912275,-0.0065983076626011));
#7183=CARTESIAN_POINT('',(-0.00453306958894586,0.00387015119485754,-0.00657599872981625));
#7184=CARTESIAN_POINT('',(-0.0049796942646973,0.00327734531393854,-0.0065604544311779));
#7185=CARTESIAN_POINT('',(-0.00541109615293008,0.00240367844405781,-0.006540322896778));
#7186=CARTESIAN_POINT('',(-0.00550530910645565,0.00217835072634839,-0.00653533683764532));
#7187=CARTESIAN_POINT('',(-0.00558540669721622,0.00194799896763386,-0.00653038882475089));
#7188=CARTESIAN_POINT('',(0.00559325666978973,0.00195231829559236,-0.0068440403098016));
#7189=CARTESIAN_POINT('',(0.00551319384040616,0.002182674685755,-0.0068389870729635));
#7190=CARTESIAN_POINT('',(0.00541921097101117,0.00240819468323746,-0.00683387459457825));
#7191=CARTESIAN_POINT('',(0.00498822113759046,0.0032833787816278,-0.00681332618318311));
#7192=CARTESIAN_POINT('',(0.00453902052831522,0.0038785122757414,-0.00679767470788997));
#7193=CARTESIAN_POINT('',(0.00345844841973564,0.00486616511937364,-0.00676830859985675));
#7194=CARTESIAN_POINT('',(0.00282672371979064,0.0052574282978372,-0.00675484478910502));
#7195=CARTESIAN_POINT('',(0.00180496149867639,0.00565523538625478,-0.0067336596619978));
#7196=CARTESIAN_POINT('',(0.0014519156625475,0.00575613467265931,-0.00672638363689171));
#7197=CARTESIAN_POINT('',(0.000372393713412745,0.00595747324485085,-0.00670363612029618));
#7198=CARTESIAN_POINT('',(-0.000373701970151611,0.00595810775577232,-0.00668754278293096));
#7199=CARTESIAN_POINT('',(-0.00145363022194206,0.00575577157023694,-0.00666513495826163));
#7200=CARTESIAN_POINT('',(-0.0018070134158244,0.00565424776568374,-0.00665798625760136));
#7201=CARTESIAN_POINT('',(-0.00248915308741846,0.00538843156132106,-0.0066439010581726));
#7202=CARTESIAN_POINT('',(-0.00281791435736715,0.00522415572798958,-0.0066369618798614));
#7203=CARTESIAN_POINT('',(-0.00343940838856575,0.0048383590064754,-0.00662284489174836));
#7204=CARTESIAN_POINT('',(-0.003731932997062,0.00461660840498216,-0.00661562365630913));
#7205=CARTESIAN_POINT('',(-0.00454017183186007,0.00387573848479499,-0.00659331449608482));
#7206=CARTESIAN_POINT('',(-0.00498744748808995,0.00328199272025844,-0.00657776991743494));
#7207=CARTESIAN_POINT('',(-0.00541945413781588,0.00240698416150647,-0.00655763849377347));
#7208=CARTESIAN_POINT('',(-0.00551379644431357,0.00218131355842031,-0.00655265250044965));
#7209=CARTESIAN_POINT('',(-0.00559400117845806,0.00195061295707096,-0.00654770456839177));
#7210=CARTESIAN_POINT('',(0.00559288108988328,0.00195294918985146,-0.00687804553076878));
#7211=CARTESIAN_POINT('',(0.00551279044378201,0.00218329586629662,-0.00687299219934761));
#7212=CARTESIAN_POINT('',(0.00541878100624444,0.00240880281505995,-0.00686787965373554));
#7213=CARTESIAN_POINT('',(0.00498769530910424,0.00328391863488644,-0.00684733115833756));
#7214=CARTESIAN_POINT('',(0.00453845016372659,0.00387896040320715,-0.00683168012001537));
#7215=CARTESIAN_POINT('',(0.00345780036543073,0.00486643958497109,-0.00680231442536898));
#7216=CARTESIAN_POINT('',(0.00282603944919603,0.00525762617388534,-0.00678885050210633));
#7217=CARTESIAN_POINT('',(0.00180424355455024,0.00565531090535837,-0.00676766512124834));
#7218=CARTESIAN_POINT('',(0.00145119005651348,0.00575616759163028,-0.00676038900093904));
#7219=CARTESIAN_POINT('',(0.000371659806342698,0.00595737127883904,-0.00673764126075972));
#7220=CARTESIAN_POINT('',(-0.000374422167505296,0.0059579094576692,-0.00672154784750771));
#7221=CARTESIAN_POINT('',(-0.00145428977596701,0.00575545577546936,-0.00669914025879216));
#7222=CARTESIAN_POINT('',(-0.00180764578465744,0.00565389770670024,-0.00669199170127833));
#7223=CARTESIAN_POINT('',(-0.00248972394401664,0.00538801692919728,-0.00667790677248509));
#7224=CARTESIAN_POINT('',(-0.0028184509113796,0.00522371075322636,-0.00667096772114202));
#7225=CARTESIAN_POINT('',(-0.003439876194972,0.00483785117894985,-0.00665685082240484));
#7226=CARTESIAN_POINT('',(-0.00373236707103645,0.00461606688529864,-0.00664962952608072));
#7227=CARTESIAN_POINT('',(-0.00454050867350272,0.00387509391708497,-0.00662731991877176));
#7228=CARTESIAN_POINT('',(-0.0049877216914647,0.0032812819949133,-0.00661177479125347));
#7229=CARTESIAN_POINT('',(-0.00541962138155955,0.00240626143462169,-0.00659164358457067));
#7230=CARTESIAN_POINT('',(-0.00551393506964024,0.00218059392811261,-0.00658665772021626));
#7231=CARTESIAN_POINT('',(-0.00559410997207832,0.00194989981469815,-0.00658170994658741));
#7232=CARTESIAN_POINT('',(0.0055841603094126,0.0019502883728332,-0.00689535109604541));
#7233=CARTESIAN_POINT('',(0.00550417758532646,0.00218028034844334,-0.00689029769416881));
#7234=CARTESIAN_POINT('',(0.00541029794519276,0.00240543969603901,-0.0068851850716995));
#7235=CARTESIAN_POINT('',(0.00497982076123591,0.0032791949461555,-0.0068646364068538));
#7236=CARTESIAN_POINT('',(0.00453123817508919,0.00387327746014326,-0.00684898566514253));
#7237=CARTESIAN_POINT('',(0.00345219694544512,0.00485915579680449,-0.00681962027455327));
#7238=CARTESIAN_POINT('',(0.00282138098896348,0.00524970730388096,-0.00680615628621633));
#7239=CARTESIAN_POINT('',(0.00180112614812843,0.00564672453988359,-0.0067849707557015));
#7240=CARTESIAN_POINT('',(0.00144860714758161,0.00574740615596837,-0.00677769457994307));
#7241=CARTESIAN_POINT('',(0.000370718969522299,0.00594823473859213,-0.00675494671748278));
#7242=CARTESIAN_POINT('',(-0.000374218201791805,0.00594872252561507,-0.00673885327145716));
#7243=CARTESIAN_POINT('',(-0.0014524081271386,0.00574651746931438,-0.00671644580745212));
#7244=CARTESIAN_POINT('',(-0.00180521143602406,0.00564509682882807,-0.00670929732349831));
#7245=CARTESIAN_POINT('',(-0.00248621811455019,0.00537958871557547,-0.00669521253287852));
#7246=CARTESIAN_POINT('',(-0.00281442630583446,0.00521551773208208,-0.00668827354589573));
#7247=CARTESIAN_POINT('',(-0.00343486885945051,0.00483021469693251,-0.00667415669193862));
#7248=CARTESIAN_POINT('',(-0.00372689645365164,0.00460875148874493,-0.00666693536422872));
#7249=CARTESIAN_POINT('',(-0.00453375589245311,0.00386885594814939,-0.00664462552861734));
#7250=CARTESIAN_POINT('',(-0.00498025479935327,0.00327591570125101,-0.00662908012161529));
#7251=CARTESIAN_POINT('',(-0.00541144145094444,0.0024022233546709,-0.00660894902537437));
#7252=CARTESIAN_POINT('',(-0.00550559678462484,0.00217690156220848,-0.00660396322667777));
#7253=CARTESIAN_POINT('',(-0.00558563428667674,0.00194656256565892,-0.00659901553370903));
#7254=CARTESIAN_POINT('',(0.00556350256053636,0.00194357227529812,-0.00691791113090667));
#7255=CARTESIAN_POINT('',(0.00548379347307157,0.00217272095406466,-0.00691285761472351));
#7256=CARTESIAN_POINT('',(0.00539023911783805,0.00239705584031262,-0.00690774484828319));
#7257=CARTESIAN_POINT('',(0.00496127102820675,0.00326759354466208,-0.00688719583154696));
#7258=CARTESIAN_POINT('',(0.00451429841135361,0.00385943172285467,-0.00687154555009095));
#7259=CARTESIAN_POINT('',(0.00343914900865838,0.00484157602259385,-0.00684218064994699));
#7260=CARTESIAN_POINT('',(0.00281061409448783,0.00523065043871471,-0.00682871656966819));
#7261=CARTESIAN_POINT('',(0.00179406513945705,0.00562613839326869,-0.00680753082482221));
#7262=CARTESIAN_POINT('',(0.00144282925810012,0.0057264247344501,-0.00680025457026327));
#7263=CARTESIAN_POINT('',(0.000368874608352308,0.00592643057227398,-0.00677750654125308));
#7264=CARTESIAN_POINT('',(-0.000373331031677128,0.00592685117721776,-0.00676141305903233));
#7265=CARTESIAN_POINT('',(-0.00144754043444731,0.00572530611952169,-0.00673900576056276));
#7266=CARTESIAN_POINT('',(-0.00179903638528698,0.00562423328951689,-0.00673185737215807));
#7267=CARTESIAN_POINT('',(-0.00247751346209345,0.00535965262613704,-0.00671777276010059));
#7268=CARTESIAN_POINT('',(-0.00280449940798729,0.00519616119666068,-0.00671083385581725));
#7269=CARTESIAN_POINT('',(-0.0034226287199191,0.00481222460812476,-0.00669671705888319));
#7270=CARTESIAN_POINT('',(-0.00371356653070265,0.00459154832261994,-0.00668949569033387));
#7271=CARTESIAN_POINT('',(-0.00451741206706452,0.00385428781480984,-0.00666718555975334));
#7272=CARTESIAN_POINT('',(-0.00496223705783051,0.00326346985796741,-0.00665163979241876));
#7273=CARTESIAN_POINT('',(-0.00539177692875023,0.00239296213185559,-0.0066315088383797));
#7274=CARTESIAN_POINT('',(-0.00548556923541012,0.00216846580090853,-0.00662652312427332));
#7275=CARTESIAN_POINT('',(-0.0055652945189863,0.0019389728842262,-0.0066215755352371));
#7276=CARTESIAN_POINT('',(0.00555544919010993,0.00194091147651529,-0.00692480794705547));
#7277=CARTESIAN_POINT('',(0.00547584863176967,0.0021697310806943,-0.00691975439176426));
#7278=CARTESIAN_POINT('',(0.00538242292306428,0.00239374444311054,-0.00691464157317532));
#7279=CARTESIAN_POINT('',(0.00495405011601419,0.00326302834805442,-0.00689409242449912));
#7280=CARTESIAN_POINT('',(0.00450770931242185,0.00385399445502955,-0.00687844229736351));
#7281=CARTESIAN_POINT('',(0.00343408551662738,0.00483468902652957,-0.00684907756458731));
#7282=CARTESIAN_POINT('',(0.0028064442502462,0.00522319041249334,-0.00683561345490035));
#7283=CARTESIAN_POINT('',(0.00179134573452175,0.00561808752275796,-0.00681442764099784));
#7284=CARTESIAN_POINT('',(0.00144061182482007,0.00571822176787062,-0.00680715136115301));
#7285=CARTESIAN_POINT('',(0.000368195160716012,0.00591791363655422,-0.00678440327993519));
#7286=CARTESIAN_POINT('',(-0.000372943567352087,0.00591831342451873,-0.00676830978787439));
#7287=CARTESIAN_POINT('',(-0.00144560051108997,0.0057170329824087,-0.00674590254052046));
#7288=CARTESIAN_POINT('',(-0.00179658698483191,0.00561609803877922,-0.00673875418123777));
#7289=CARTESIAN_POINT('',(-0.00247407878001473,0.00535188354072755,-0.00672466962343267));
#7290=CARTESIAN_POINT('',(-0.00280058891932924,0.005188620358738,-0.00671773074418691));
#7291=CARTESIAN_POINT('',(-0.00341781792798102,0.00480522143095261,-0.00670361396441976));
#7292=CARTESIAN_POINT('',(-0.00370833167586584,0.00458485463724612,-0.00669639258341043));
#7293=CARTESIAN_POINT('',(-0.00451100464740555,0.00384862991919451,-0.0066740823632249));
#7294=CARTESIAN_POINT('',(-0.00495517888543648,0.00325864524948769,-0.00665853648657165));
#7295=CARTESIAN_POINT('',(-0.00538408111507932,0.00238938298888716,-0.00663840557563546));
#7296=CARTESIAN_POINT('',(-0.00547773314076985,0.002165209134985,-0.00663341988717977));
#7297=CARTESIAN_POINT('',(-0.00555733807172678,0.00193604656293937,-0.00662847232966232));
#7298=CARTESIAN_POINT('',(0.0055383672131785,0.00193521808485316,-0.00693722475970605));
#7299=CARTESIAN_POINT('',(0.00545899901384632,0.00216333931993226,-0.0069321711280695));
#7300=CARTESIAN_POINT('',(0.00536584831440534,0.00238667057129035,-0.00692705820387198));
#7301=CARTESIAN_POINT('',(0.00493874627468687,0.00325329569029969,-0.00690650878242244));
#7302=CARTESIAN_POINT('',(0.00449375047107628,0.00384241540379182,-0.00689085895237672));
#7303=CARTESIAN_POINT('',(0.00342337241273188,0.00482004192686523,-0.00686149454575453));
#7304=CARTESIAN_POINT('',(0.00279763177416165,0.00520733113475132,-0.00684803038137618));
#7305=CARTESIAN_POINT('',(0.00178561643279513,0.00560098123200664,-0.006826844438309));
#7306=CARTESIAN_POINT('',(0.00143594929371047,0.00570079519809383,-0.00681956811130954));
#7307=CARTESIAN_POINT('',(0.000366800101123885,0.00589982900347575,-0.00679681993445393));
#7308=CARTESIAN_POINT('',(-0.000372073235657219,0.00590019089870391,-0.00678072642651277));
#7309=CARTESIAN_POINT('',(-0.00144143649186417,0.00569948025894248,-0.0067583192716735));
#7310=CARTESIAN_POINT('',(-0.00179134254068848,0.00559884045850179,-0.0067511709645466));
#7311=CARTESIAN_POINT('',(-0.00246674548093541,0.00533540799532984,-0.00673708650365574));
#7312=CARTESIAN_POINT('',(-0.00279224718426137,0.00517263164040495,-0.00673014766900632));
#7313=CARTESIAN_POINT('',(-0.00340756832011666,0.00479037891773289,-0.00671603091967796));
#7314=CARTESIAN_POINT('',(-0.00369718350577908,0.00457067174646962,-0.00670880951633941));
#7315=CARTESIAN_POINT('',(-0.00449737214642072,0.00383665397726264,-0.00668649913612664));
#7316=CARTESIAN_POINT('',(-0.00494016819357392,0.00324844368543782,-0.0066709530644393));
#7317=CARTESIAN_POINT('',(-0.0053677229968181,0.00238182777959898,-0.00665082223032328));
#7318=CARTESIAN_POINT('',(-0.00546107892334765,0.00215833871492292,-0.00664583658760491));
#7319=CARTESIAN_POINT('',(-0.0055404301659173,0.00192987742147728,-0.00664088908629376));
#7320=CARTESIAN_POINT('',(0.00552935658712633,0.00193219119977478,-0.00694271897041535));
#7321=CARTESIAN_POINT('',(0.0054501119854454,0.00215994387330365,-0.00693766530166253));
#7322=CARTESIAN_POINT('',(0.00535710737147299,0.00238291525467771,-0.0069325523241498));
#7323=CARTESIAN_POINT('',(0.00493067952533908,0.00324813818947612,-0.00691200276220852));
#7324=CARTESIAN_POINT('',(0.0044863955208863,0.0038362855435623,-0.00689635307443583));
#7325=CARTESIAN_POINT('',(0.0034177342330875,0.00481229701596748,-0.00686698882607912));
#7326=CARTESIAN_POINT('',(0.0027929986032948,0.00519894837066342,-0.00685352463652101));
#7327=CARTESIAN_POINT('',(0.00178261278980919,0.00559194364752991,-0.00683233863358449));
#7328=CARTESIAN_POINT('',(0.00143350933851593,0.00569158978116722,-0.00682506228480428));
#7329=CARTESIAN_POINT('',(0.000366086222678328,0.00589028023040269,-0.00680231406470753));
#7330=CARTESIAN_POINT('',(-0.000371591005663591,0.00589062512573945,-0.00678622055077075));
#7331=CARTESIAN_POINT('',(-0.00143921649587749,0.00569021912203306,-0.00676381343714029));
#7332=CARTESIAN_POINT('',(-0.00178855273545071,0.00558973628313286,-0.00675666515293664));
#7333=CARTESIAN_POINT('',(-0.00246285430702971,0.00532671889723179,-0.00674258073450036));
#7334=CARTESIAN_POINT('',(-0.00278782444701873,0.00516420062495722,-0.00673564191931351));
#7335=CARTESIAN_POINT('',(-0.00340214003168889,0.00478255527338576,-0.00672152518319059));
#7336=CARTESIAN_POINT('',(-0.0036912816690987,0.00456319755661944,-0.00671430377003025));
#7337=CARTESIAN_POINT('',(-0.00449016117460211,0.0038303486805567,-0.00669199331973802));
#7338=CARTESIAN_POINT('',(-0.00493223124634551,0.00324307765132828,-0.006676447162754));
#7339=CARTESIAN_POINT('',(-0.00535907771200255,0.00237785987561724,-0.00665631636218936));
#7340=CARTESIAN_POINT('',(-0.00545227814038996,0.00215473240682165,-0.00665133073945911));
#7341=CARTESIAN_POINT('',(-0.00553149632341627,0.00192664131254484,-0.00664638326271447));
#7342=CARTESIAN_POINT('',(0.00552038650858162,0.00192917773188356,-0.00694817938264187));
#7343=CARTESIAN_POINT('',(0.00544126495671091,0.00215656350074722,-0.00694312567688811));
#7344=CARTESIAN_POINT('',(0.00534840577890494,0.00237917663091578,-0.00693801264621699));
#7345=CARTESIAN_POINT('',(0.00492264912402417,0.00324300369378852,-0.00691746294418636));
#7346=CARTESIAN_POINT('',(0.00447907373757412,0.00383018307846906,-0.00690181339823987));
#7347=CARTESIAN_POINT('',(0.00341212153712691,0.00480458679700578,-0.00687244930765753));
#7348=CARTESIAN_POINT('',(0.00278838641414933,0.00519060318201115,-0.00685898509299979));
#7349=CARTESIAN_POINT('',(0.00177962282239086,0.00558294661018288,-0.00683779903038932));
#7350=CARTESIAN_POINT('',(0.00143108053052105,0.00568242567598705,-0.00683052265990051));
#7351=CARTESIAN_POINT('',(0.000365375745687613,0.0058807743461022,-0.00680777439671237));
#7352=CARTESIAN_POINT('',(-0.000371110746529189,0.00588110234356587,-0.00679168087680987));
#7353=CARTESIAN_POINT('',(-0.00143700628762726,0.00568099964046888,-0.00676927380424456));
#7354=CARTESIAN_POINT('',(-0.00178577528319673,0.00558067306801817,-0.00676212554288142));
#7355=CARTESIAN_POINT('',(-0.00245898044681933,0.00531806891409618,-0.00674804116674565));
#7356=CARTESIAN_POINT('',(-0.00278342141894508,0.00515580757442759,-0.00674110237095002));
#7357=CARTESIAN_POINT('',(-0.00339673598464555,0.00477476688481215,-0.00672698564798264));
#7358=CARTESIAN_POINT('',(-0.00368540620832822,0.00455575706298485,-0.00671976422503482));
#7359=CARTESIAN_POINT('',(-0.00448298248015026,0.00382407186043341,-0.0066974537049144));
#7360=CARTESIAN_POINT('',(-0.00492432985087514,0.00323773589467719,-0.00668190746294239));
#7361=CARTESIAN_POINT('',(-0.00535047118796648,0.00237390997613917,-0.00666177669581165));
#7362=CARTESIAN_POINT('',(-0.0054435168242562,0.00215114247925517,-0.0066567910929985));
#7363=CARTESIAN_POINT('',(-0.00552260255345475,0.0019234199206891,-0.0066518436407328));
#7364=CARTESIAN_POINT('',(0.0054937822173509,0.0021673038264144,-0.0069));
#7365=CARTESIAN_POINT('',(0.0054937822173509,0.00224798576066585,-0.00686370194139002));
#7366=CARTESIAN_POINT('',(0.0054937822173509,0.00216226790012312,-0.00679503087717758));
#7367=CARTESIAN_POINT('',(0.0054937822173509,0.00207311073696075,-0.00678397490176369));
#7368=CARTESIAN_POINT('',(0.0054937822173509,0.00200670190683292,-0.0067721910673532));
#7369=CARTESIAN_POINT('',(0.0054937821982231,0.002166899737252,-0.00690017261813739));
#7370=CARTESIAN_POINT('',(0.00440762110613064,0.00384692820770649,-0.0069));
#7371=CARTESIAN_POINT('',(0.00487443958527629,0.00335023580034181,-0.0069));
#7372=CARTESIAN_POINT('',(0.00523653672619741,0.00279024424936451,-0.0069));
#7373=CARTESIAN_POINT('',(0.00549391252889398,0.00216695355477458,-0.0069));
#7374=CARTESIAN_POINT('',(-0.0054937822173509,0.00200806201946798,-0.00647964008993823));
#7375=CARTESIAN_POINT('',(-0.0054937822173509,0.00205758357671817,-0.00649038256811466));
#7376=CARTESIAN_POINT('',(-0.0054937822173509,0.00210464894374473,-0.00649885367357314));
#7377=CARTESIAN_POINT('',(-0.0054937822173509,0.00227251455539463,-0.00656602965406256));
#7378=CARTESIAN_POINT('',(-0.0054937822173509,0.00211054723197461,-0.00663873813466938));
#7379=CARTESIAN_POINT('',(-0.0054937822173509,0.00206039383052026,-0.00664362536014456));
#7380=CARTESIAN_POINT('',(-0.0054937822173509,0.00201019622430758,-0.00665259299819205));
#7381=CARTESIAN_POINT('',(-0.0055228328332889,-0.00192512493340414,-0.00639842506035702));
#7382=CARTESIAN_POINT('',(-0.0054437860243415,-0.00215239511226407,-0.00639351374406673));
#7383=CARTESIAN_POINT('',(-0.00535077236782167,-0.00237472945402584,-0.00638855138834715));
#7384=CARTESIAN_POINT('',(-0.00492458897410866,-0.0032372017740895,-0.00636840524303971));
#7385=CARTESIAN_POINT('',(-0.00448399876898993,-0.00382404726709387,-0.00635272389078842));
#7386=CARTESIAN_POINT('',(-0.00368571194706309,-0.00455622843442237,-0.00633043523929521));
#7387=CARTESIAN_POINT('',(-0.00339639585292933,-0.00477531624231287,-0.00632327230935192));
#7388=CARTESIAN_POINT('',(-0.00278183564409832,-0.0051567571855231,-0.00630922279322067));
#7389=CARTESIAN_POINT('',(-0.00245675512051431,-0.00531925918322497,-0.00630230501581099));
#7390=CARTESIAN_POINT('',(-0.00178265487514525,-0.00558208198706864,-0.00628820750967599));
#7391=CARTESIAN_POINT('',(-0.00143362226868904,-0.00568229018049033,-0.00628100905967807));
#7392=CARTESIAN_POINT('',(-0.000368196256071096,-0.00588179698976503,-0.0062584349857233));
#7393=CARTESIAN_POINT('',(0.000366341492295095,-0.00588158470266025,-0.00624234777116727));
#7394=CARTESIAN_POINT('',(0.00143042950870545,-0.00568306653165175,-0.00621980465837868));
#7395=CARTESIAN_POINT('',(0.00177875106090479,-0.00558353253987506,-0.00621262345239161));
#7396=CARTESIAN_POINT('',(0.00245143342159684,-0.00532225349768666,-0.00619856517753701));
#7397=CARTESIAN_POINT('',(0.00277581963455525,-0.00516060310996368,-0.0061916683243534));
#7398=CARTESIAN_POINT('',(0.00338963738005753,-0.00478041469902311,-0.00617764686731227));
#7399=CARTESIAN_POINT('',(0.00367895877050129,-0.00456168968855338,-0.00617049048741511));
#7400=CARTESIAN_POINT('',(0.00447874968868245,-0.00382928644965831,-0.00614817951138985));
#7401=CARTESIAN_POINT('',(0.00492192806015744,-0.00324087754169464,-0.00613243756423046));
#7402=CARTESIAN_POINT('',(0.00534978433588369,-0.00237714937706034,-0.00611224604724156));
#7403=CARTESIAN_POINT('',(0.00544303614469821,-0.00215457632114548,-0.00610727620466748));
#7404=CARTESIAN_POINT('',(0.00552222210380965,-0.00192715659422292,-0.00610236083161426));
#7405=CARTESIAN_POINT('',(-0.00554063583159959,-0.00193157991145684,-0.00640935540449669));
#7406=CARTESIAN_POINT('',(-0.00546132424161093,-0.00215958606578685,-0.00640444404250701));
#7407=CARTESIAN_POINT('',(-0.0053680010094591,-0.00238263917022806,-0.0063994816518597));
#7408=CARTESIAN_POINT('',(-0.0049404061885575,-0.00324789119939399,-0.00637933546382815));
#7409=CARTESIAN_POINT('',(-0.00449837028559749,-0.00383661030692235,-0.00636365426781073));
#7410=CARTESIAN_POINT('',(-0.0036974713515688,-0.00457112354265119,-0.0063413657318267));
#7411=CARTESIAN_POINT('',(-0.00340720941754054,-0.00479090849762423,-0.00633420281304915));
#7412=CARTESIAN_POINT('',(-0.00279064209156683,-0.00517356117762978,-0.00632015327236477));
#7413=CARTESIAN_POINT('',(-0.00246450090799384,-0.00533657801203244,-0.00631323546308333));
#7414=CARTESIAN_POINT('',(-0.00178820430838656,-0.00560022802089208,-0.00629913788881791));
#7415=CARTESIAN_POINT('',(-0.00143803599179896,-0.0057007481461742,-0.00629193940322491));
#7416=CARTESIAN_POINT('',(-0.000369149158907124,-0.00590085942674361,-0.00626936526356933));
#7417=CARTESIAN_POINT('',(0.000367767162861804,-0.00590061458254981,-0.00625327805052387));
#7418=CARTESIAN_POINT('',(0.00143528997777712,-0.00570141171731279,-0.00623073500412249));
#7419=CARTESIAN_POINT('',(0.00178473389624135,-0.00560154270623908,-0.00622355383317292));
#7420=CARTESIAN_POINT('',(0.00245958087719194,-0.00533939344936917,-0.00620949562484896));
#7421=CARTESIAN_POINT('',(0.00278500945660297,-0.00517720810046817,-0.00620259880251801));
#7422=CARTESIAN_POINT('',(0.00340079780819739,-0.00479576499961863,-0.00618857736878101));
#7423=CARTESIAN_POINT('',(0.00369104718307527,-0.0045763194352955,-0.00618142097766092));
#7424=CARTESIAN_POINT('',(0.00449340141877312,-0.00384150598076516,-0.00615910988755045));
#7425=CARTESIAN_POINT('',(0.00493799653141277,-0.00325116546511833,-0.00614336778653396));
#7426=CARTESIAN_POINT('',(0.00536720645863485,-0.00238462738767971,-0.00612317631121676));
#7427=CARTESIAN_POINT('',(0.00546075161062984,-0.00216133239862867,-0.00611820650304951));
#7428=CARTESIAN_POINT('',(0.00554018488049824,-0.00193317624998162,-0.0061132911750848));
#7429=CARTESIAN_POINT('',(-0.0055587390981571,-0.00193816117862061,-0.00642125413688525));
#7430=CARTESIAN_POINT('',(-0.00547915755172353,-0.00216691595659843,-0.00641634272501238));
#7431=CARTESIAN_POINT('',(-0.00538551883134885,-0.0023907000917812,-0.00641138029623687));
#7432=CARTESIAN_POINT('',(-0.00495648613061963,-0.0032587786898011,-0.00639123406154258));
#7433=CARTESIAN_POINT('',(-0.00451297839821905,-0.00384940176887963,-0.00637555303601052));
#7434=CARTESIAN_POINT('',(-0.00370942060735585,-0.00458628444998404,-0.00635326462611137));
#7435=CARTESIAN_POINT('',(-0.00341819595969792,-0.00480677767406662,-0.0063461017195385));
#7436=CARTESIAN_POINT('',(-0.00279958583971003,-0.00519066127216657,-0.00633205215210273));
#7437=CARTESIAN_POINT('',(-0.0024723652105185,-0.00535420099089713,-0.00632513430806232));
#7438=CARTESIAN_POINT('',(-0.00179383356886545,-0.00561869074338643,-0.00631103665946959));
#7439=CARTESIAN_POINT('',(-0.00144250964170352,-0.00571952727912274,-0.00630383813503114));
#7440=CARTESIAN_POINT('',(-0.000370101767278137,-0.00592025051069498,-0.00628126392361627));
#7441=CARTESIAN_POINT('',(0.000369233993394049,-0.00591997033128319,-0.00626517671211832));
#7442=CARTESIAN_POINT('',(0.00144024987099462,-0.00572006810585537,-0.00624263373817428));
#7443=CARTESIAN_POINT('',(0.00179083505821366,-0.00561985744091973,-0.00623545260549694));
#7444=CARTESIAN_POINT('',(0.00246788291241017,-0.00535682134955145,-0.00622139446987272));
#7445=CARTESIAN_POINT('',(0.00279437121258837,-0.00519409105309905,-0.00621449768126709));
#7446=CARTESIAN_POINT('',(0.00341216284546551,-0.00481137007042352,-0.00620047627303087));
#7447=CARTESIAN_POINT('',(0.00370335552754087,-0.00459119071676788,-0.00619331986967251));
#7448=CARTESIAN_POINT('',(0.0045083152511155,-0.0038539229365149,-0.00617100865497067));
#7449=CARTESIAN_POINT('',(0.00495435013947119,-0.00326161577466791,-0.00615526638587507));
#7450=CARTESIAN_POINT('',(0.00538493477839613,-0.00239221858608499,-0.00613507495603701));
#7451=CARTESIAN_POINT('',(0.00547877772342119,-0.00216818917447769,-0.00613010518544168));
#7452=CARTESIAN_POINT('',(0.00555846193160609,-0.00193928395093193,-0.00612518990671735));
#7453=CARTESIAN_POINT('',(-0.00558569657926221,-0.00194823774429235,-0.0064514137467853));
#7454=CARTESIAN_POINT('',(-0.00550570181141873,-0.00217811102317835,-0.00644650220572986));
#7455=CARTESIAN_POINT('',(-0.00541158235332227,-0.00240298603434332,-0.00644153967817522));
#7456=CARTESIAN_POINT('',(-0.00498036654159976,-0.00327527326509887,-0.00642139332226356));
#7457=CARTESIAN_POINT('',(-0.00453463929366881,-0.00386871175905514,-0.00640571273753578));
#7458=CARTESIAN_POINT('',(-0.00372707949024664,-0.00460909170613154,-0.00638342465416878));
#7459=CARTESIAN_POINT('',(-0.00343440664869736,-0.00483062951641012,-0.00637626177943711));
#7460=CARTESIAN_POINT('',(-0.00281272567276453,-0.00521632615283086,-0.00636221214340495));
#7461=CARTESIAN_POINT('',(-0.00248388343718386,-0.00538063442231592,-0.00635529420976911));
#7462=CARTESIAN_POINT('',(-0.00180199754972173,-0.00564635223623511,-0.00634119636924814));
#7463=CARTESIAN_POINT('',(-0.00144894099320601,-0.0057476475342332,-0.00633399774432989));
#7464=CARTESIAN_POINT('',(-0.000371260598014639,-0.00594923895745762,-0.00631142334647894));
#7465=CARTESIAN_POINT('',(0.000371689830407757,-0.00594887079139771,-0.00629533613758764));
#7466=CARTESIAN_POINT('',(0.00144791247374694,-0.00574787765192672,-0.00627279335117954));
#7467=CARTESIAN_POINT('',(0.00180019666906299,-0.00564714260203349,-0.00626561231800006));
#7468=CARTESIAN_POINT('',(0.00248051774424618,-0.00538275507429168,-0.00625155437171364));
#7469=CARTESIAN_POINT('',(0.00280858046161294,-0.00521919799328552,-0.00624465767110607));
#7470=CARTESIAN_POINT('',(0.00342934625174002,-0.00483454189141591,-0.00623063632978013));
#7471=CARTESIAN_POINT('',(0.00372193839706726,-0.00461325267664411,-0.00622347989488359));
#7472=CARTESIAN_POINT('',(0.0045307611345501,-0.00387227530796055,-0.00620116835668312));
#7473=CARTESIAN_POINT('',(0.00497892641460406,-0.00327700063882974,-0.0061854256504372));
#7474=CARTESIAN_POINT('',(0.00541152999634419,-0.00240331733460618,-0.00616523433828086));
#7475=CARTESIAN_POINT('',(0.00550580846242319,-0.00217818933242405,-0.0061602646651959));
#7476=CARTESIAN_POINT('',(0.00558585768605214,-0.00194816497623728,-0.00615534951432123));
#7477=CARTESIAN_POINT('',(-0.00559404033125493,-0.00195153392334978,-0.00646872946160938));
#7478=CARTESIAN_POINT('',(-0.00551391046097259,-0.00218175578761401,-0.00646381784565304));
#7479=CARTESIAN_POINT('',(-0.00541963518578442,-0.00240696991814137,-0.00645885526081244));
#7480=CARTESIAN_POINT('',(-0.0049877167440878,-0.0032805595305568,-0.00643870883448943));
#7481=CARTESIAN_POINT('',(-0.00454128467451658,-0.00387485675002568,-0.00642302850510113));
#7482=CARTESIAN_POINT('',(-0.0037324587810079,-0.00461629922783495,-0.00640074061106359));
#7483=CARTESIAN_POINT('',(-0.00343932832155815,-0.00483815387856752,-0.00639357775487453));
#7484=CARTESIAN_POINT('',(-0.00281667830316316,-0.00522439890268478,-0.00637952807930484));
#7485=CARTESIAN_POINT('',(-0.00248732504059707,-0.00538893858839736,-0.00637261009386575));
#7486=CARTESIAN_POINT('',(-0.00180438424839714,-0.00565502213928513,-0.00635851214225541));
#7487=CARTESIAN_POINT('',(-0.00145078383721207,-0.0057564514750354,-0.00635131345911882));
#7488=CARTESIAN_POINT('',(-0.00037145268506408,-0.00595828399384194,-0.00632873895296316));
#7489=CARTESIAN_POINT('',(0.000372624167965284,-0.00595786590589863,-0.00631265174509978));
#7490=CARTESIAN_POINT('',(0.00145046176153922,-0.00575650335810574,-0.0062901090673899));
#7491=CARTESIAN_POINT('',(0.00180327153748271,-0.00565559597664092,-0.00628292809203248));
#7492=CARTESIAN_POINT('',(0.00248460310195543,-0.00539077036515577,-0.00626887025589452));
#7493=CARTESIAN_POINT('',(0.00281315081120587,-0.00522694756311516,-0.00626197360653678));
#7494=CARTESIAN_POINT('',(0.00343483142721729,-0.00484167183597728,-0.00624795230430661));
#7495=CARTESIAN_POINT('',(0.00372785338528938,-0.00462002808207751,-0.00624079585117788));
#7496=CARTESIAN_POINT('',(0.00453786100502425,-0.00387786734456998,-0.00621848412511835));
#7497=CARTESIAN_POINT('',(0.00498667696883415,-0.00328164917899064,-0.00620274116476112));
#7498=CARTESIAN_POINT('',(0.00541988739697843,-0.00240662089238968,-0.00618254992080441));
#7499=CARTESIAN_POINT('',(0.00551429558214718,-0.00218114967425389,-0.00617758030432939));
#7500=CARTESIAN_POINT('',(0.0055944522310993,-0.00195077656297246,-0.00617266522769763));
#7501=CARTESIAN_POINT('',(-0.00559365727815301,-0.00195215583539779,-0.00650273478383724));
#7502=CARTESIAN_POINT('',(-0.00551350219905188,-0.00218237212783273,-0.00649782302108771));
#7503=CARTESIAN_POINT('',(-0.00541920346217038,-0.0024075771281337,-0.00649286032395206));
#7504=CARTESIAN_POINT('',(-0.00498719987972319,-0.00328110583823304,-0.00647271375939583));
#7505=CARTESIAN_POINT('',(-0.00454072233783897,-0.0038753083039233,-0.00645703392998044));
#7506=CARTESIAN_POINT('',(-0.00373183506146755,-0.00461661511149694,-0.0064347464070078));
#7507=CARTESIAN_POINT('',(-0.00343868471008556,-0.00483842698280401,-0.00642758358731168));
#7508=CARTESIAN_POINT('',(-0.00281599822513388,-0.00522459112568591,-0.00641353383469655));
#7509=CARTESIAN_POINT('',(-0.00248662867840083,-0.00538909201113298,-0.00640661574800308));
#7510=CARTESIAN_POINT('',(-0.00180366343485764,-0.0056550961274937,-0.0063925175790347));
#7511=CARTESIAN_POINT('',(-0.00145005494245863,-0.00575648461807661,-0.00638531878187464));
#7512=CARTESIAN_POINT('',(-0.000370717462239408,-0.00595818562114008,-0.00636274406306487));
#7513=CARTESIAN_POINT('',(0.000373340948671571,-0.00595767089178961,-0.00634665685630463));
#7514=CARTESIAN_POINT('',(0.00145111912507111,-0.00575618683997762,-0.00632411439155994));
#7515=CARTESIAN_POINT('',(0.00180390351405564,-0.0056552436492086,-0.00631693352977585));
#7516=CARTESIAN_POINT('',(0.00248517725034022,-0.00539035183856323,-0.00630287591020994));
#7517=CARTESIAN_POINT('',(0.0028136926017457,-0.00522649842085974,-0.00629597936172476));
#7518=CARTESIAN_POINT('',(0.00343530627120217,-0.00484116098041949,-0.00628195813668399));
#7519=CARTESIAN_POINT('',(0.0037282939225965,-0.00461948544983437,-0.00627480164792413));
#7520=CARTESIAN_POINT('',(0.00453820014617451,-0.00387722557632465,-0.00625248955313486));
#7521=CARTESIAN_POINT('',(0.00498694828566542,-0.00328094168376831,-0.0062367460935307));
#7522=CARTESIAN_POINT('',(0.00542005215733725,-0.00240589506964261,-0.00621655498317387));
#7523=CARTESIAN_POINT('',(0.00551443222867965,-0.00218042571867135,-0.00621158547778394));
#7524=CARTESIAN_POINT('',(0.00559455973219023,-0.00195005829965756,-0.00620667054687478));
#7525=CARTESIAN_POINT('',(-0.00558493156605115,-0.00194949563576788,-0.00652004034272398));
#7526=CARTESIAN_POINT('',(-0.00550488580895893,-0.00217935800060561,-0.00651512850523983));
#7527=CARTESIAN_POINT('',(-0.00541071886718827,-0.00240421490927357,-0.00651016575092077));
#7528=CARTESIAN_POINT('',(-0.00497933061167763,-0.00327638048638334,-0.00649001911586614));
#7529=CARTESIAN_POINT('',(-0.00453351095426997,-0.00386962860952579,-0.00647433954076503));
#7530=CARTESIAN_POINT('',(-0.00372582611179745,-0.00460973582305586,-0.00645205220671267));
#7531=CARTESIAN_POINT('',(-0.003433112705177,-0.00483118761811356,-0.00644488940567343));
#7532=CARTESIAN_POINT('',(-0.00281135724161814,-0.00521672158159323,-0.00643083961405853));
#7533=CARTESIAN_POINT('',(-0.00248248166989275,-0.0053809517840058,-0.00642392147595335));
#7534=CARTESIAN_POINT('',(-0.00180054545636319,-0.00564650967211117,-0.00640982319650759));
#7535=CARTESIAN_POINT('',(-0.00144747208338693,-0.00574772268557033,-0.00640262434133459));
#7536=CARTESIAN_POINT('',(-0.00036977736782269,-0.00594904898485246,-0.00638004951405793));
#7537=CARTESIAN_POINT('',(0.000373136910630978,-0.00594848578475887,-0.00636396230739439));
#7538=CARTESIAN_POINT('',(0.00144924119083349,-0.00574724714712267,-0.00634141995104025));
#7539=CARTESIAN_POINT('',(0.00180147465890555,-0.00564643968505956,-0.00633423914720648));
#7540=CARTESIAN_POINT('',(0.00248168000840729,-0.0053819181795855,-0.00632018163825748));
#7541=CARTESIAN_POINT('',(0.00280967789565345,-0.00521829907744991,-0.00631328514134814));
#7542=CARTESIAN_POINT('',(0.0034303094725784,-0.00483351787792005,-0.00629926395589554));
#7543=CARTESIAN_POINT('',(0.00372283280384103,-0.00461216421595305,-0.0062921074490468));
#7544=CARTESIAN_POINT('',(0.00453145207538868,-0.00387098571401483,-0.00626979516624731));
#7545=CARTESIAN_POINT('',(0.00497948112273499,-0.00327557754441841,-0.00625405145184096));
#7546=CARTESIAN_POINT('',(0.00541187028325044,-0.00240185599687089,-0.00623386040947124));
#7547=CARTESIAN_POINT('',(0.00550609214792096,-0.00217673143911939,-0.00622889096070734));
#7548=CARTESIAN_POINT('',(0.00558608266775305,-0.00194671823981399,-0.00622397610409942));
#7549=CARTESIAN_POINT('',(-0.00555740506569753,-0.00194055833327542,-0.00655009041135301));
#7550=CARTESIAN_POINT('',(-0.00547772633157892,-0.00216929682655891,-0.00654517844559557));
#7551=CARTESIAN_POINT('',(-0.00538399674622713,-0.0023930510902072,-0.006540215593105));
#7552=CARTESIAN_POINT('',(-0.00495463241961833,-0.00326091725559964,-0.00652006883682557));
#7553=CARTESIAN_POINT('',(-0.00451094304607226,-0.0038511937934329,-0.00650438969780794));
#7554=CARTESIAN_POINT('',(-0.00370713573820333,-0.00458757799733376,-0.00648210268802197));
#7555=CARTESIAN_POINT('',(-0.00341582958143591,-0.00480791379220422,-0.00647493991914471));
#7556=CARTESIAN_POINT('',(-0.00279706824953523,-0.00519149905021801,-0.00646089006099705));
#7557=CARTESIAN_POINT('',(-0.00246977902142819,-0.00535489521490722,-0.00645397183489958));
#7558=CARTESIAN_POINT('',(-0.00179114042704485,-0.00561908959042689,-0.00643987336616359));
#7559=CARTESIAN_POINT('',(-0.00143977847147087,-0.00571977350175989,-0.00643267441148812));
#7560=CARTESIAN_POINT('',(-0.000367323999913566,-0.00592000268833509,-0.00641009939768216));
#7561=CARTESIAN_POINT('',(0.000371957484537485,-0.00591935635276918,-0.00639401219035039));
#7562=CARTESIAN_POINT('',(0.00144277083771537,-0.0057189895612103,-0.00637147001997307));
#7563=CARTESIAN_POINT('',(0.00179326723527857,-0.00561864110941939,-0.00636428931583289));
#7564=CARTESIAN_POINT('',(0.00247011027445188,-0.00535534865646904,-0.00635023199738177));
#7565=CARTESIAN_POINT('',(0.00279648286574006,-0.00519249893177593,-0.00634333558938965));
#7566=CARTESIAN_POINT('',(0.00341403388694925,-0.00480953605903005,-0.00632931447240442));
#7567=CARTESIAN_POINT('',(0.00370510273251794,-0.00458923166685973,-0.0063221579346012));
#7568=CARTESIAN_POINT('',(0.00450969527375049,-0.00385157273357609,-0.00629984532859983));
#7569=CARTESIAN_POINT('',(0.00495548260398422,-0.00325900405566731,-0.00628410117573626));
#7570=CARTESIAN_POINT('',(0.00538567260900301,-0.00238951908988496,-0.0062639102500013));
#7571=CARTESIAN_POINT('',(0.00547941101666993,-0.00216549202677028,-0.00625894089855487));
#7572=CARTESIAN_POINT('',(0.00555898648011824,-0.00193660354113601,-0.00625402616967433));
#7573=CARTESIAN_POINT('',(-0.00553914729521153,-0.00193445005927626,-0.00656190557333422));
#7574=CARTESIAN_POINT('',(-0.00545971932530331,-0.00216244067845574,-0.00655699355835641));
#7575=CARTESIAN_POINT('',(-0.00536628696938078,-0.00238546207846684,-0.0065520306681811));
#7576=CARTESIAN_POINT('',(-0.00493829245356334,-0.00325047679099903,-0.00653188386524108));
#7577=CARTESIAN_POINT('',(-0.00449603420844598,-0.00383879524225484,-0.00651620489328353));
#7578=CARTESIAN_POINT('',(-0.00369482666504905,-0.00457273031519595,-0.00649391800792704));
#7579=CARTESIAN_POINT('',(-0.00340446344802242,-0.0047923324745898,-0.00648675525148134));
#7580=CARTESIAN_POINT('',(-0.0027877069436862,-0.00517463818740212,-0.00647270536806745));
#7581=CARTESIAN_POINT('',(-0.00246147917448877,-0.00533748772290903,-0.00646578710836842));
#7582=CARTESIAN_POINT('',(-0.0017850448213909,-0.00560079231782086,-0.00645168856721441));
#7583=CARTESIAN_POINT('',(-0.00143482572201535,-0.00570113337718177,-0.00644448957440393));
#7584=CARTESIAN_POINT('',(-0.00036586614905184,-0.00590066296230089,-0.00642191448879208));
#7585=CARTESIAN_POINT('',(0.000370998016376407,-0.00589998455881873,-0.00640582728066299));
#7586=CARTESIAN_POINT('',(0.00143829857098744,-0.00570022833944871,-0.00638328518160633));
#7587=CARTESIAN_POINT('',(0.00178764309855677,-0.00560019453721291,-0.00637610451586785));
#7588=CARTESIAN_POINT('',(0.00246225865359656,-0.00533773742089885,-0.00636204727092598));
#7589=CARTESIAN_POINT('',(0.00278755557315461,-0.00517540799465847,-0.00635515089730747));
#7590=CARTESIAN_POINT('',(0.00340306914292061,-0.00479367220952322,-0.00634112980693047));
#7591=CARTESIAN_POINT('',(0.0036931766565955,-0.00457407498421039,-0.00633397325731));
#7592=CARTESIAN_POINT('',(0.00449510930927436,-0.00383878630108027,-0.00631166052696535));
#7593=CARTESIAN_POINT('',(0.00493941860351721,-0.00324812643115938,-0.00629591620513515));
#7594=CARTESIAN_POINT('',(0.00536816830847987,-0.0023814701793153,-0.00627572532411715));
#7595=CARTESIAN_POINT('',(0.00546159121748322,-0.00215817430154062,-0.00627075601009388));
#7596=CARTESIAN_POINT('',(0.00554089703046923,-0.00193003422232669,-0.00626584133035218));
#7597=CARTESIAN_POINT('',(-0.00552122089488388,-0.00192843734724045,-0.0065728177849073));
#7598=CARTESIAN_POINT('',(-0.00544203975757057,-0.00215569345958798,-0.00656790572459681));
#7599=CARTESIAN_POINT('',(-0.00534889984076729,-0.00237799516995689,-0.00656294279971091));
#7600=CARTESIAN_POINT('',(-0.00492225259472268,-0.00324021020593326,-0.0065427959537727));
#7601=CARTESIAN_POINT('',(-0.0044814010486738,-0.00382660720658689,-0.00652711713563676));
#7602=CARTESIAN_POINT('',(-0.00368274845355285,-0.00455813931974737,-0.0065048303648824));
#7603=CARTESIAN_POINT('',(-0.00339331187195865,-0.00477702171729453,-0.00649766761990066));
#7604=CARTESIAN_POINT('',(-0.00277852540948865,-0.00515807220907849,-0.00648361771325798));
#7605=CARTESIAN_POINT('',(-0.00245334061962465,-0.00532038559300408,-0.00647669942263699));
#7606=CARTESIAN_POINT('',(-0.00177907194201315,-0.00558281779397125,-0.00646260081481895));
#7607=CARTESIAN_POINT('',(-0.00142997560959202,-0.00568282290943203,-0.00645540178689304));
#7608=CARTESIAN_POINT('',(-0.000364449128396311,-0.00588166797192161,-0.00643282663511014));
#7609=CARTESIAN_POINT('',(0.000370040931579936,-0.0058809600400155,-0.00641673942616118));
#7610=CARTESIAN_POINT('',(0.00143389215250609,-0.00568180605237114,-0.00639419739278528));
#7611=CARTESIAN_POINT('',(0.00178210574163005,-0.00558208205481,-0.00638701676243894));
#7612=CARTESIAN_POINT('',(0.00245453446831513,-0.00532044682350931,-0.00637295958526515));
#7613=CARTESIAN_POINT('',(0.00277877543965176,-0.00515862910045967,-0.00636606324334545));
#7614=CARTESIAN_POINT('',(0.00339228903099035,-0.00477809991660861,-0.00635204217752811));
#7615=CARTESIAN_POINT('',(0.00368145294846011,-0.00455919797418953,-0.00634488561703322));
#7616=CARTESIAN_POINT('',(0.00448077491440453,-0.00382623955702294,-0.0063225727721152));
#7617=CARTESIAN_POINT('',(0.00492363374421016,-0.0032374560056976,-0.00630682829454993));
#7618=CARTESIAN_POINT('',(0.0053509708490749,-0.00237357871048284,-0.00628663745471095));
#7619=CARTESIAN_POINT('',(0.00544408442537496,-0.00215100102193624,-0.00628166817516776));
#7620=CARTESIAN_POINT('',(0.0055231259627662,-0.00192359596997857,-0.00627675354070382));
#7621=CARTESIAN_POINT('',(0.0054937822173509,-0.00200796284424372,-0.00610428935691259));
#7622=CARTESIAN_POINT('',(0.0054937822173509,-0.00205856299132415,-0.00611527074954607));
#7623=CARTESIAN_POINT('',(0.0054937822173509,-0.00208559579819655,-0.00611803192847747));
#7624=CARTESIAN_POINT('',(0.0054937822173509,-0.00220545811644883,-0.00616399264890685));
#7625=CARTESIAN_POINT('',(0.0054937822173509,-0.00222458267564588,-0.00619374940251756));
#7626=CARTESIAN_POINT('',(0.0054937822173509,-0.00220905806509579,-0.00622457336495824));
#7627=CARTESIAN_POINT('',(0.0054937822173509,-0.00208630210914068,-0.00626748129061504));
#7628=CARTESIAN_POINT('',(0.0054937822173509,-0.00206016580359018,-0.00626887223694923));
#7629=CARTESIAN_POINT('',(0.0054937822173509,-0.00200999086040146,-0.00627784705390027));
#7630=CARTESIAN_POINT('',(-0.0054937822173509,-0.00200953130514132,-0.00657027771554275));
#7631=CARTESIAN_POINT('',(-0.0054937822173509,-0.00205923737130784,-0.00655948660424787));
#7632=CARTESIAN_POINT('',(-0.0054937822173509,-0.00208621494102906,-0.00655668820504885));
#7633=CARTESIAN_POINT('',(-0.0054937822173509,-0.00220511034112753,-0.00651091207025565));
#7634=CARTESIAN_POINT('',(-0.0054937822173509,-0.00222426108634728,-0.00648142040955208));
#7635=CARTESIAN_POINT('',(-0.0054937822173509,-0.00220878594204095,-0.00645032930636873));
#7636=CARTESIAN_POINT('',(-0.0054937822173509,-0.00208483025198968,-0.00640726475610462));
#7637=CARTESIAN_POINT('',(-0.0054937822173509,-0.00205874541491747,-0.00640594101091032));
#7638=CARTESIAN_POINT('',(-0.0054937822173509,-0.00200775803283374,-0.00639683364105577));
#7639=CARTESIAN_POINT('',(-0.00552280714856723,-0.00192375326404857,-0.00564841074576857));
#7640=CARTESIAN_POINT('',(-0.00544362257373203,-0.0021516092021471,-0.00564342784917061));
#7641=CARTESIAN_POINT('',(-0.00535049097772804,-0.00237454034802721,-0.00563841490564054));
#7642=CARTESIAN_POINT('',(-0.00492423388183418,-0.00323914146877367,-0.00561826245100537));
#7643=CARTESIAN_POINT('',(-0.00448221056521708,-0.00382550346279801,-0.00560286899945508));
#7644=CARTESIAN_POINT('',(-0.00368419070624472,-0.00455718558794943,-0.00558057092457706));
#7645=CARTESIAN_POINT('',(-0.00339558908016909,-0.00477628874913599,-0.00557329805985417));
#7646=CARTESIAN_POINT('',(-0.0024757419709255,-0.00534754960149677,-0.00555198226824028));
#7647=CARTESIAN_POINT('',(-0.00179135410874389,-0.00561482944056489,-0.00553826435222465));
#7648=CARTESIAN_POINT('',(-0.000725639675102151,-0.00581513794133076,-0.00551602408693742));
#7649=CARTESIAN_POINT('',(-0.000363827568883546,-0.00584829860048486,-0.00550830613087413));
#7650=CARTESIAN_POINT('',(0.00035996770418464,-0.00584808250139089,-0.005492761030471));
#7651=CARTESIAN_POINT('',(0.000721947026198909,-0.00581471861721683,-0.00548493591049597));
#7652=CARTESIAN_POINT('',(0.00143306853930607,-0.00568223859798039,-0.00546969285771004));
#7653=CARTESIAN_POINT('',(0.00178205946897824,-0.00558279837273481,-0.00546233880954717));
#7654=CARTESIAN_POINT('',(0.00279161702327225,-0.00518986211187002,-0.00544108947937032));
#7655=CARTESIAN_POINT('',(0.0034153949280475,-0.00480309884414671,-0.00542773752294841));
#7656=CARTESIAN_POINT('',(0.00448028711790369,-0.00382855443541957,-0.00539840192892999));
#7657=CARTESIAN_POINT('',(0.0049216809003662,-0.0032411194627065,-0.00538250612050114));
#7658=CARTESIAN_POINT('',(0.00534953714118127,-0.00237756705390617,-0.00536212323860429));
#7659=CARTESIAN_POINT('',(0.00544293799747536,-0.00215489619980184,-0.00535711983788723));
#7660=CARTESIAN_POINT('',(0.00552220960341565,-0.0019271992375827,-0.00535220236852168));
#7661=CARTESIAN_POINT('',(-0.00553170825885767,-0.00192697742824384,-0.00565387592895877));
#7662=CARTESIAN_POINT('',(-0.00545239083735704,-0.00215520231411099,-0.00564889300886281));
#7663=CARTESIAN_POINT('',(-0.0053591040756273,-0.00237849397477326,-0.00564388004533557));
#7664=CARTESIAN_POINT('',(-0.00493214086148084,-0.00324448977220461,-0.0056237275515115));
#7665=CARTESIAN_POINT('',(-0.00448939393743046,-0.00383178789667798,-0.00560833418829961));
#7666=CARTESIAN_POINT('',(-0.00369006993785187,-0.00456463413191839,-0.00558603619416125));
#7667=CARTESIAN_POINT('',(-0.00340099685955602,-0.00478408526643253,-0.0055787633440576));
#7668=CARTESIAN_POINT('',(-0.00247964699706483,-0.00535625284127614,-0.00555744753170769));
#7669=CARTESIAN_POINT('',(-0.00179414164037019,-0.00562395511869362,-0.00554372953594037));
#7670=CARTESIAN_POINT('',(-0.000726695678429013,-0.00582456862864332,-0.00552148922478584));
#7671=CARTESIAN_POINT('',(-0.000364297165493314,-0.00585777583921211,-0.00551377126697733));
#7672=CARTESIAN_POINT('',(0.00036066914788064,-0.00585754467189179,-0.00549822617771444));
#7673=CARTESIAN_POINT('',(0.000723233102282747,-0.00582411919355244,-0.00549040107053213));
#7674=CARTESIAN_POINT('',(0.00143550186288947,-0.00569141008808436,-0.00547515804475021));
#7675=CARTESIAN_POINT('',(0.00178505521100618,-0.00559180193965714,-0.00546780401024117));
#7676=CARTESIAN_POINT('',(0.00279623837592175,-0.00519821021834023,-0.00544655470855546));
#7677=CARTESIAN_POINT('',(0.0034210186406749,-0.00481080950925256,-0.00543320275678278));
#7678=CARTESIAN_POINT('',(0.00448761669146937,-0.00383466366034254,-0.0054038671125128));
#7679=CARTESIAN_POINT('',(0.00492971442554305,-0.00324626543637366,-0.00538797125134687));
#7680=CARTESIAN_POINT('',(0.00535824703306083,-0.00238130659180778,-0.00536758837203305));
#7681=CARTESIAN_POINT('',(0.0054517948395321,-0.00215827392978506,-0.00536258497982816));
#7682=CARTESIAN_POINT('',(0.00553119035705473,-0.00193020766771409,-0.00535766752448373));
#7683=CARTESIAN_POINT('',(-0.00554064421870781,-0.00193021485054104,-0.00565939135880833));
#7684=CARTESIAN_POINT('',(-0.00546119340271296,-0.0021588101374157,-0.00565440841505643));
#7685=CARTESIAN_POINT('',(-0.00536775084095162,-0.00238246373062208,-0.00564939543139763));
#7686=CARTESIAN_POINT('',(-0.00494007864381675,-0.00324985967195593,-0.00562924289812168));
#7687=CARTESIAN_POINT('',(-0.00449660522373471,-0.00383809754818369,-0.00561384962384339));
#7688=CARTESIAN_POINT('',(-0.00369597188741905,-0.00457211237465754,-0.00559155171098786));
#7689=CARTESIAN_POINT('',(-0.00340642547913427,-0.00479191281845251,-0.00558427887560172));
#7690=CARTESIAN_POINT('',(-0.00248356687584104,-0.00536499059271571,-0.00556296304237572));
#7691=CARTESIAN_POINT('',(-0.00179693957357794,-0.00563311691728374,-0.0055492449663191));
#7692=CARTESIAN_POINT('',(-0.000727755231605709,-0.00583403653766174,-0.00552700460898875));
#7693=CARTESIAN_POINT('',(-0.000364767999160739,-0.00586729044642795,-0.00551928664942349));
#7694=CARTESIAN_POINT('',(0.00036137396243246,-0.00586704407653447,-0.00550374157137655));
#7695=CARTESIAN_POINT('',(0.000724524844366661,-0.00583355672302194,-0.00549591647707362));
#7696=CARTESIAN_POINT('',(0.00143794534984338,-0.00570061755507053,-0.00548067347847795));
#7697=CARTESIAN_POINT('',(0.00178806331814196,-0.0056008407869735,-0.00547331945771458));
#7698=CARTESIAN_POINT('',(0.00280087845090901,-0.00520659092557157,-0.00545207018471135));
#7699=CARTESIAN_POINT('',(0.00342666498515312,-0.00481855020692422,-0.00543871823761813));
#7700=CARTESIAN_POINT('',(0.00449497552061685,-0.00384079648901976,-0.00540938254275819));
#7701=CARTESIAN_POINT('',(0.00493777992237745,-0.00325143115709113,-0.0053934866285008));
#7702=CARTESIAN_POINT('',(0.00536699147685131,-0.0023850602944605,-0.0053731037517878));
#7703=CARTESIAN_POINT('',(0.00546068679068809,-0.00216166439281421,-0.00536810036815218));
#7704=CARTESIAN_POINT('',(0.00554020668559594,-0.00193322737302403,-0.00536318292692303));
#7705=CARTESIAN_POINT('',(-0.0055575235775492,-0.00193637521779458,-0.00567185756134175));
#7706=CARTESIAN_POINT('',(-0.00547781885274154,-0.00216567078846904,-0.00566687456344562));
#7707=CARTESIAN_POINT('',(-0.00538408012081032,-0.00239000849129312,-0.00566186153369578));
#7708=CARTESIAN_POINT('',(-0.00495506166212009,-0.00326004966305544,-0.00564170890998588));
#7709=CARTESIAN_POINT('',(-0.00451021192151617,-0.00385005947669809,-0.00562631583892722));
#7710=CARTESIAN_POINT('',(-0.00370709885743904,-0.004586276199797,-0.00560401811191343));
#7711=CARTESIAN_POINT('',(-0.00341665607673555,-0.00480673458255828,-0.00559674531020837));
#7712=CARTESIAN_POINT('',(-0.00249094019143375,-0.00538152650837341,-0.00557542942942158));
#7713=CARTESIAN_POINT('',(-0.00180218829105757,-0.00565045070180951,-0.00556171116998415));
#7714=CARTESIAN_POINT('',(-0.000729715166902444,-0.0058519419859812,-0.00553947070706325));
#7715=CARTESIAN_POINT('',(-0.000365614688262439,-0.00588528158520527,-0.00553175274342127));
#7716=CARTESIAN_POINT('',(0.000362749628901113,-0.00588500113440985,-0.00551620769088105));
#7717=CARTESIAN_POINT('',(0.000727009619867202,-0.00585139405952835,-0.00550838262594851));
#7718=CARTESIAN_POINT('',(0.00144260609603507,-0.00571801466082377,-0.00549313968943772));
#7719=CARTESIAN_POINT('',(0.00179379057181977,-0.0056179165991333,-0.00548578570011829));
#7720=CARTESIAN_POINT('',(0.00280968783159243,-0.00522241548913614,-0.00546453649289392));
#7721=CARTESIAN_POINT('',(0.00343737405204613,-0.0048331606948603,-0.00545118455678229));
#7722=CARTESIAN_POINT('',(0.00450891548446414,-0.00385235857254907,-0.00542184874623385));
#7723=CARTESIAN_POINT('',(0.00495305195459642,-0.00326116040115721,-0.00540595271030647));
#7724=CARTESIAN_POINT('',(0.00538354117046847,-0.00239211697452525,-0.00538556983942555));
#7725=CARTESIAN_POINT('',(0.00547751381579065,-0.00216803386773972,-0.00538056647538343));
#7726=CARTESIAN_POINT('',(0.00555726726010868,-0.00193889566573869,-0.00537564906645254));
#7727=CARTESIAN_POINT('',(-0.0055654507027671,-0.0019392918593244,-0.00567877978739668));
#7728=CARTESIAN_POINT('',(-0.00548562572409735,-0.00216891663259914,-0.00567379675914458));
#7729=CARTESIAN_POINT('',(-0.00539174692273391,-0.00239357584933128,-0.00566878370354799));
#7730=CARTESIAN_POINT('',(-0.00496209254035896,-0.00326485955353575,-0.00564863102907817));
#7731=CARTESIAN_POINT('',(-0.0045165943346055,-0.00385569987009618,-0.00563323807181197));
#7732=CARTESIAN_POINT('',(-0.00371231332255047,-0.00459294781990518,-0.00561094044890459));
#7733=CARTESIAN_POINT('',(-0.00342144838207258,-0.00481371421318711,-0.00560366766608082));
#7734=CARTESIAN_POINT('',(-0.00249438676992067,-0.00538930848005593,-0.00558235175872369));
#7735=CARTESIAN_POINT('',(-0.00180463430841617,-0.00565860575125457,-0.00556863339663942));
#7736=CARTESIAN_POINT('',(-0.000730613994187161,-0.0058603620905834,-0.00554639287456102));
#7737=CARTESIAN_POINT('',(-0.000365990071844985,-0.00589374061977993,-0.00553867490860952));
#7738=CARTESIAN_POINT('',(0.000363418796783839,-0.00589344136679195,-0.00552312987029928));
#7739=CARTESIAN_POINT('',(0.000728199896332539,-0.00585977658407759,-0.00551530482178706));
#7740=CARTESIAN_POINT('',(0.00144481849711003,-0.00572618748719097,-0.00550006192002453));
#7741=CARTESIAN_POINT('',(0.00179650383209729,-0.0056259370837967,-0.00549270794832669));
#7742=CARTESIAN_POINT('',(0.00281384828380189,-0.00522984413676259,-0.00547145877803698));
#7743=CARTESIAN_POINT('',(0.00344242609815043,-0.0048400164884615,-0.00545810684819827));
#7744=CARTESIAN_POINT('',(0.00451548285905594,-0.00385777686066339,-0.00542877097283294));
#7745=CARTESIAN_POINT('',(0.00496024346804557,-0.00326571477365024,-0.00541287486862546));
#7746=CARTESIAN_POINT('',(0.00539133020542287,-0.00239541342109444,-0.0053924920009626));
#7747=CARTESIAN_POINT('',(0.00548543241795599,-0.00217100702000345,-0.0053874886478969));
#7748=CARTESIAN_POINT('',(0.00556529482033123,-0.00194153907638758,-0.0053825712570701));
#7749=CARTESIAN_POINT('',(-0.0055856673958024,-0.00194683962948791,-0.00570139954291432));
#7750=CARTESIAN_POINT('',(-0.00550553103684438,-0.00217730548752049,-0.00569641641467029));
#7751=CARTESIAN_POINT('',(-0.00541129046702376,-0.0024027857489279,-0.00569140327391462));
#7752=CARTESIAN_POINT('',(-0.00497999719478103,-0.0032772394295564,-0.00567125043203823));
#7753=CARTESIAN_POINT('',(-0.00453283543613173,-0.0038701900714144,-0.00565585784910005));
#7754=CARTESIAN_POINT('',(-0.0037255600477226,-0.00461005467654042,-0.00563356056881513));
#7755=CARTESIAN_POINT('',(-0.00343361291789715,-0.00483160203571531,-0.00562628784817893));
#7756=CARTESIAN_POINT('',(-0.00250310137004162,-0.00540923004894369,-0.00560497185363257));
#7757=CARTESIAN_POINT('',(-0.00181078424459036,-0.00567947121423129,-0.00559125315401452));
#7758=CARTESIAN_POINT('',(-0.000732805707592892,-0.0058818876336316,-0.00556901243721989));
#7759=CARTESIAN_POINT('',(-0.000366843929527848,-0.00591535933875533,-0.00556129446357673));
#7760=CARTESIAN_POINT('',(0.000365232864835129,-0.0059149991261525,-0.00554574947189222));
#7761=CARTESIAN_POINT('',(0.000731344041044131,-0.00588118027392947,-0.00553792447730568));
#7762=CARTESIAN_POINT('',(0.00145057038163043,-0.00574704265467292,-0.00552268168979332));
#7763=CARTESIAN_POINT('',(0.00180353302397477,-0.00564639698116269,-0.00551532777611437));
#7764=CARTESIAN_POINT('',(0.00282456697058978,-0.00524877508931306,-0.00549407872768278));
#7765=CARTESIAN_POINT('',(0.00345541600997365,-0.00485747400415128,-0.0054807268189154));
#7766=CARTESIAN_POINT('',(0.00453232798730691,-0.00387154097657798,-0.00545139073019908));
#7767=CARTESIAN_POINT('',(0.00497867362550796,-0.00327726097260754,-0.00543549440084676));
#7768=CARTESIAN_POINT('',(0.00541127254897136,-0.0024037384937274,-0.00541511154360215));
#7769=CARTESIAN_POINT('',(0.00550570204923736,-0.0021785049883083,-0.00541010822666209));
#7770=CARTESIAN_POINT('',(0.00558583895783948,-0.0019481940409029,-0.00540519089545587));
#7771=CARTESIAN_POINT('',(-0.00559401014332347,-0.00195013018090139,-0.00571871529528298));
#7772=CARTESIAN_POINT('',(-0.00551373774291713,-0.00218094555853592,-0.00571373208959931));
#7773=CARTESIAN_POINT('',(-0.00541934057575668,-0.00240676637619168,-0.00570871888286665));
#7774=CARTESIAN_POINT('',(-0.00498734353433347,-0.00328253000425055,-0.00568856591109219));
#7775=CARTESIAN_POINT('',(-0.0045394795960322,-0.00387633909555095,-0.00567317361744531));
#7776=CARTESIAN_POINT('',(-0.00373094323573945,-0.00461726212786338,-0.00565087660214031));
#7777=CARTESIAN_POINT('',(-0.00343854060659451,-0.00483912443792271,-0.00564360392965723));
#7778=CARTESIAN_POINT('',(-0.00250657661092337,-0.00541757165350551,-0.0056222878679912));
#7779=CARTESIAN_POINT('',(-0.00181318037864874,-0.00568819016078763,-0.00560856890767579));
#7780=CARTESIAN_POINT('',(-0.000733548494174777,-0.00589085342615695,-0.00558632804026059));
#7781=CARTESIAN_POINT('',(-0.000367029954902575,-0.00592435376500271,-0.00557861006055826));
#7782=CARTESIAN_POINT('',(0.000366154210451926,-0.00592394748935826,-0.00556306510468248));
#7783=CARTESIAN_POINT('',(0.000732816006516191,-0.00589005397401635,-0.00555524015166155));
#7784=CARTESIAN_POINT('',(0.0014531200752647,-0.00575566793823327,-0.00553999745237607));
#7785=CARTESIAN_POINT('',(0.0018066097500628,-0.00565484830073435,-0.00553264358359843));
#7786=CARTESIAN_POINT('',(0.00282916412889558,-0.00525656400804045,-0.00551139462977936));
#7787=CARTESIAN_POINT('',(0.00346094620998632,-0.00486463483210751,-0.00549804273782749));
#7788=CARTESIAN_POINT('',(0.0045394340718185,-0.00387713378042496,-0.00546870648406744));
#7789=CARTESIAN_POINT('',(0.0049864229920227,-0.00328191495956667,-0.00545280998006817));
#7790=CARTESIAN_POINT('',(0.00541962716475362,-0.002407042312757,-0.00543242713067084));
#7791=CARTESIAN_POINT('',(0.00551418666294332,-0.00218146330898392,-0.00542742384167152));
#7792=CARTESIAN_POINT('',(0.0055944314321233,-0.00195080117514907,-0.00542250655662209));
#7793=CARTESIAN_POINT('',(-0.00559362530619072,-0.00195074518515812,-0.00575272069178767));
#7794=CARTESIAN_POINT('',(-0.00551332628048933,-0.00218155504676733,-0.00574773733407198));
#7795=CARTESIAN_POINT('',(-0.00541890447214962,-0.00240736773755232,-0.00574272399776447));
#7796=CARTESIAN_POINT('',(-0.00498682017780882,-0.00328307880997984,-0.00572257077050217));
#7797=CARTESIAN_POINT('',(-0.00453892021627209,-0.00387679417835143,-0.00570717904365306));
#7798=CARTESIAN_POINT('',(-0.00373033171853538,-0.00461757515986225,-0.0056848825478747));
#7799=CARTESIAN_POINT('',(-0.00343791121840811,-0.00483939098893035,-0.0056776099699113));
#7800=CARTESIAN_POINT('',(-0.00250588873981355,-0.00541771295999303,-0.00565629377723542));
#7801=CARTESIAN_POINT('',(-0.00181245177618616,-0.00568826099156719,-0.00564257430644371));
#7802=CARTESIAN_POINT('',(-0.000732809284608709,-0.00589080147146468,-0.00562033314366232));
#7803=CARTESIAN_POINT('',(-0.00036629604920476,-0.00592425768124082,-0.00561261515187199));
#7804=CARTESIAN_POINT('',(0.000366864978685451,-0.0059237623601225,-0.00559707026573075));
#7805=CARTESIAN_POINT('',(0.000733508972634711,-0.00588982395471749,-0.00558924539394097));
#7806=CARTESIAN_POINT('',(0.00145377031335311,-0.00575535317993238,-0.0055740028673853));
#7807=CARTESIAN_POINT('',(0.00180723537509869,-0.00565449425566327,-0.00556664908669933));
#7808=CARTESIAN_POINT('',(0.00282971046941218,-0.00525610334333565,-0.00554540031907533));
#7809=CARTESIAN_POINT('',(0.00346143112346267,-0.00486411569518833,-0.00553204846107068));
#7810=CARTESIAN_POINT('',(0.00453978074006021,-0.00387649561682567,-0.00550271188364471));
#7811=CARTESIAN_POINT('',(0.00498669286925372,-0.00328121737677651,-0.00548681503624302));
#7812=CARTESIAN_POINT('',(0.00541978723362144,-0.00240631579639066,-0.00546643220183542));
#7813=CARTESIAN_POINT('',(0.00551431865771623,-0.00218073450119049,-0.0054614289676205));
#7814=CARTESIAN_POINT('',(0.00559453482020759,-0.00195007414555648,-0.00545651177315582));
#7815=CARTESIAN_POINT('',(-0.00558489878216263,-0.00194808357827296,-0.00577002628884475));
#7816=CARTESIAN_POINT('',(-0.00550470857512616,-0.0021785386357283,-0.00576504285359296));
#7817=CARTESIAN_POINT('',(-0.00541041814111212,-0.00240400282039552,-0.00576002945117871));
#7818=CARTESIAN_POINT('',(-0.00497894816239215,-0.00327835169505563,-0.00573987609337983));
#7819=CARTESIAN_POINT('',(-0.00453171306154775,-0.00387111404571864,-0.00572448465501195));
#7820=CARTESIAN_POINT('',(-0.0037243312927888,-0.00461069303978024,-0.00570218842383973));
#7821=CARTESIAN_POINT('',(-0.00343234767742413,-0.0048321469135453,-0.00569491589407301));
#7822=CARTESIAN_POINT('',(-0.0025017167662891,-0.00540952299966672,-0.00567359963497017));
#7823=CARTESIAN_POINT('',(-0.00180931644490252,-0.0056796223256934,-0.00565987990451527));
#7824=CARTESIAN_POINT('',(-0.00073131495157492,-0.00588179124107121,-0.0056376385912692));
#7825=CARTESIAN_POINT('',(-0.000365363351107118,-0.00591517393678499,-0.005629920593216));
#7826=CARTESIAN_POINT('',(0.000366667801871121,-0.00591463401961455,-0.00561437574235088));
#7827=CARTESIAN_POINT('',(0.000732743577819303,-0.0058807245254124,-0.00560655091179953));
#7828=CARTESIAN_POINT('',(0.0014518847225519,-0.0057464157001546,-0.00559130847309132));
#7829=CARTESIAN_POINT('',(0.001804798200475,-0.00564569059667726,-0.00558395473730139));
#7830=CARTESIAN_POINT('',(0.00282567361002236,-0.0052478529623716,-0.00556270606486507));
#7831=CARTESIAN_POINT('',(0.00345639958971362,-0.00485643331093604,-0.00554935422464931));
#7832=CARTESIAN_POINT('',(0.00453303412091544,-0.00387025865621285,-0.00552001748233414));
#7833=CARTESIAN_POINT('',(0.00497922542793987,-0.00327585788298823,-0.00550412045952793));
#7834=CARTESIAN_POINT('',(0.00541160336753589,-0.00240227575677104,-0.00548373763255309));
#7835=CARTESIAN_POINT('',(0.00550597634681512,-0.00217703730311752,-0.00547873442624259));
#7836=CARTESIAN_POINT('',(0.00558605563903312,-0.00194672961315016,-0.00547381727795981));
#7837=CARTESIAN_POINT('',(-0.00555737615727287,-0.00193914856024788,-0.00580007080717966));
#7838=CARTESIAN_POINT('',(-0.00547755234618758,-0.00216847712168903,-0.00579508723863258));
#7839=CARTESIAN_POINT('',(-0.00538369871642508,-0.00239283680594413,-0.00579007372252913));
#7840=CARTESIAN_POINT('',(-0.00495425062340941,-0.00326288389162295,-0.00576992013989317));
#7841=CARTESIAN_POINT('',(-0.00450916066324637,-0.00385267867454198,-0.00575452919641702));
#7842=CARTESIAN_POINT('',(-0.00370566256757752,-0.00458853243920102,-0.00573223341950944));
#7843=CARTESIAN_POINT('',(-0.00341508425684445,-0.00480886726624083,-0.0057249609725848));
#7844=CARTESIAN_POINT('',(-0.00248893067714648,-0.00538332177279658,-0.00570364459997957));
#7845=CARTESIAN_POINT('',(-0.00179986362896778,-0.00565204333236466,-0.00568992442434391));
#7846=CARTESIAN_POINT('',(-0.000727098928549829,-0.00585311889886396,-0.00566768285273566));
#7847=CARTESIAN_POINT('',(-0.00036293303728829,-0.00588629991658128,-0.00565996484374017));
#7848=CARTESIAN_POINT('',(0.000365514898257505,-0.00588568362036372,-0.00564442005300303));
#7849=CARTESIAN_POINT('',(0.000729793212769575,-0.00585189938397265,-0.00563659529300711));
#7850=CARTESIAN_POINT('',(0.0014453964409887,-0.00571816914976248,-0.00562135300488293));
#7851=CARTESIAN_POINT('',(0.00179657048898163,-0.0056178994578324,-0.00561399934622072));
#7852=CARTESIAN_POINT('',(0.00281240709613339,-0.00522190351434234,-0.00559275083783448));
#7853=CARTESIAN_POINT('',(0.00344000893127794,-0.0048323369159013,-0.00557939902905269));
#7854=CARTESIAN_POINT('',(0.0045112804562399,-0.00385085588848344,-0.00555006200359244));
#7855=CARTESIAN_POINT('',(0.00495523157164119,-0.00325929497877065,-0.00553416467875825));
#7856=CARTESIAN_POINT('',(0.0053854077049328,-0.00238993858749782,-0.0055137818641816));
#7857=CARTESIAN_POINT('',(0.0054792965287628,-0.0021657942738243,-0.00550877870577903));
#7858=CARTESIAN_POINT('',(0.00555896080528012,-0.00193660902425441,-0.00550386163686034));
#7859=CARTESIAN_POINT('',(-0.00553912649000125,-0.00193304526389453,-0.00581188276900456));
#7860=CARTESIAN_POINT('',(-0.00545955329394307,-0.00216162439817281,-0.00580689914915983));
#7861=CARTESIAN_POINT('',(-0.00536599672415313,-0.00238524994487069,-0.00580188558927644));
#7862=CARTESIAN_POINT('',(-0.00493791719497128,-0.00325244277240401,-0.00578173191983782));
#7863=CARTESIAN_POINT('',(-0.00449426557543603,-0.00384028243777042,-0.00576634116613905));
#7864=CARTESIAN_POINT('',(-0.0036933683655041,-0.00457368780664204,-0.00574404556364429));
#7865=CARTESIAN_POINT('',(-0.00340373094308102,-0.00479328806319875,-0.00573677314859126));
#7866=CARTESIAN_POINT('',(-0.00248057542592937,-0.00536582571016012,-0.00571545673275493));
#7867=CARTESIAN_POINT('',(-0.00179373968887014,-0.00563364606621877,-0.00570173638658184));
#7868=CARTESIAN_POINT('',(-0.000724467636508133,-0.0058340226130836,-0.00567949471574383));
#7869=CARTESIAN_POINT('',(-0.000361490559565729,-0.00586707987744504,-0.00567177670242374));
#7870=CARTESIAN_POINT('',(0.000364574909216307,-0.00586643418043682,-0.00565623193449213));
#7871=CARTESIAN_POINT('',(0.000727659594867449,-0.00583274426283133,-0.00564840720142946));
#7872=CARTESIAN_POINT('',(0.00144091527788157,-0.00569942009641056,-0.00563316497097302));
#7873=CARTESIAN_POINT('',(0.00179093601723746,-0.00559946340281007,-0.00562581134195729));
#7874=CARTESIAN_POINT('',(0.0028034336340098,-0.00520472060981692,-0.00560456289696935));
#7875=CARTESIAN_POINT('',(0.00342896820040363,-0.00481640310741158,-0.0055912111008362));
#7876=CARTESIAN_POINT('',(0.00449669890358376,-0.00383807891321053,-0.00556187396661821));
#7877=CARTESIAN_POINT('',(0.00493917557313769,-0.00324842499282651,-0.00554597652523824));
#7878=CARTESIAN_POINT('',(0.00536791081705672,-0.00238189185063453,-0.00552559371518736));
#7879=CARTESIAN_POINT('',(0.00546148375236452,-0.00215847728541851,-0.00552059057518053));
#7880=CARTESIAN_POINT('',(0.00554087834767071,-0.00193003966258628,-0.00551567353678569));
#7881=CARTESIAN_POINT('',(-0.005521206180458,-0.00192703691179059,-0.00582279159708406));
#7882=CARTESIAN_POINT('',(-0.00544187972691789,-0.00215487993356627,-0.00581780792997134));
#7883=CARTESIAN_POINT('',(-0.00534861548605067,-0.00237778444158554,-0.00581279432974275));
#7884=CARTESIAN_POINT('',(-0.00492188219134005,-0.00324217436786771,-0.00579264058027638));
#7885=CARTESIAN_POINT('',(-0.00447964431542921,-0.00382809527780981,-0.0057772500013405));
#7886=CARTESIAN_POINT('',(-0.00368130324416687,-0.0045590982891001,-0.00575495455949308));
#7887=CARTESIAN_POINT('',(-0.0033925905015361,-0.00477797786588266,-0.00574768217380653));
#7888=CARTESIAN_POINT('',(-0.00247238142752613,-0.00534863497870172,-0.00572636571820624));
#7889=CARTESIAN_POINT('',(-0.00178773852309377,-0.00561557144265991,-0.00571264521501625));
#7890=CARTESIAN_POINT('',(-0.000721897805997027,-0.00581526379123246,-0.0056904034527748));
#7891=CARTESIAN_POINT('',(-0.000360088492387185,-0.00584820038437102,-0.00568268543545183));
#7892=CARTESIAN_POINT('',(0.000363636952467498,-0.00584752762557883,-0.00566714068848162));
#7893=CARTESIAN_POINT('',(0.000725549400053588,-0.00581393128368328,-0.00565931598020193));
#7894=CARTESIAN_POINT('',(0.00143649976581364,-0.00568100776542332,-0.00564407380283853));
#7895=CARTESIAN_POINT('',(0.00178538801668779,-0.00558135936002995,-0.00563672020113502));
#7896=CARTESIAN_POINT('',(0.00279460708522605,-0.00518784982213088,-0.0056154718146068));
#7897=CARTESIAN_POINT('',(0.00341811205733105,-0.00480076060619936,-0.00560212003021568));
#7898=CARTESIAN_POINT('',(0.00448236713773828,-0.00382554006515859,-0.00557278279581633));
#7899=CARTESIAN_POINT('',(0.00492339690138335,-0.00323776075357566,-0.00555688524699627));
#7900=CARTESIAN_POINT('',(0.005350718883673,-0.00237400171573717,-0.00553650244107659));
#7901=CARTESIAN_POINT('',(0.00544398206969481,-0.0021513040901444,-0.00553149931801406));
#7902=CARTESIAN_POINT('',(0.0055231123203277,-0.00192360088713689,-0.0055265823077424));
#7903=CARTESIAN_POINT('',(0.0054937822173509,-0.00200811451986964,-0.00535412874876862));
#7904=CARTESIAN_POINT('',(0.0054937822173509,-0.00205870663026615,-0.00536510568539218));
#7905=CARTESIAN_POINT('',(0.0054937822173509,-0.00208573843651349,-0.00536786118317583));
#7906=CARTESIAN_POINT('',(0.0054937822173509,-0.00220565167921598,-0.00541386628960397));
#7907=CARTESIAN_POINT('',(0.0054937822173509,-0.00222467860325722,-0.00544367595746251));
#7908=CARTESIAN_POINT('',(0.0054937822173509,-0.00220904202764515,-0.0054744604765903));
#7909=CARTESIAN_POINT('',(0.0054937822173509,-0.00208632614005326,-0.00551732363481469));
#7910=CARTESIAN_POINT('',(0.0054937822173509,-0.00206017280172078,-0.0055187185661385));
#7911=CARTESIAN_POINT('',(0.0054937822173509,-0.0020099873489443,-0.00552768987324214));
#7912=CARTESIAN_POINT('',(-0.0054937822173509,-0.002008362238809,-0.00582017227327403));
#7913=CARTESIAN_POINT('',(-0.0054937822173509,-0.00205798852121255,-0.00580939596943202));
#7914=CARTESIAN_POINT('',(-0.0054937822173509,-0.00208502191276628,-0.00580656783165585));
#7915=CARTESIAN_POINT('',(-0.0054937822173509,-0.00220378929808093,-0.00576084453392244));
#7916=CARTESIAN_POINT('',(-0.0054937822173509,-0.00222303073406978,-0.00573142365004429));
#7917=CARTESIAN_POINT('',(-0.0054937822173509,-0.00220767171662016,-0.00570031785939887));
#7918=CARTESIAN_POINT('',(-0.0054937822173509,-0.00208373366678278,-0.00565726893280374));
#7919=CARTESIAN_POINT('',(-0.0054937822173509,-0.00205761418516528,-0.0056559402144836));
#7920=CARTESIAN_POINT('',(-0.0054937822173509,-0.00200671616308476,-0.00564686640896253));
#7921=CARTESIAN_POINT('',(-0.00552284143698189,-0.00192397885161397,-0.00489846316126919));
#7922=CARTESIAN_POINT('',(-0.00544362250102219,-0.00215154750759833,-0.00489342424361111));
#7923=CARTESIAN_POINT('',(-0.00535045843644043,-0.00237429965598506,-0.00488835616613216));
#7924=CARTESIAN_POINT('',(-0.00508407024780129,-0.00291467420830275,-0.00487568399787408));
#7925=CARTESIAN_POINT('',(-0.0048937556032797,-0.00322384559053267,-0.00486808809558903));
#7926=CARTESIAN_POINT('',(-0.00445881197345859,-0.00380166197306733,-0.00485302818347201));
#7927=CARTESIAN_POINT('',(-0.00421449682688608,-0.00407048338854696,-0.00484555610569944));
#7928=CARTESIAN_POINT('',(-0.00368127084441405,-0.00455890548373276,-0.00483078203173117));
#7929=CARTESIAN_POINT('',(-0.0033923524307137,-0.00477848915782937,-0.00482348115844669));
#7930=CARTESIAN_POINT('',(-0.00247238773167098,-0.00534994515477933,-0.00480190809266197));
#7931=CARTESIAN_POINT('',(-0.0017884527505263,-0.00561524228589978,-0.00478791792231277));
#7932=CARTESIAN_POINT('',(-0.000724509803343584,-0.00581535704324689,-0.00476586795113785));
#7933=CARTESIAN_POINT('',(-0.000363418426024925,-0.00584870674160557,-0.00475828811883702));
#7934=CARTESIAN_POINT('',(0.00035933926297345,-0.00584832759108877,-0.00474289693137986));
#7935=CARTESIAN_POINT('',(0.000720948188022066,-0.00581481101526979,-0.00473511458224463));
#7936=CARTESIAN_POINT('',(0.00143190581156028,-0.00568226445063427,-0.00471981068937575));
#7937=CARTESIAN_POINT('',(0.00178122075332096,-0.0055831408682206,-0.00471230445040535));
#7938=CARTESIAN_POINT('',(0.00279192266438681,-0.0051898430540891,-0.00469072504112708));
#7939=CARTESIAN_POINT('',(0.00341660366308586,-0.00480123048041141,-0.00467734773677134));
#7940=CARTESIAN_POINT('',(0.0042161776009604,-0.00407034447586055,-0.00465570881217683));
#7941=CARTESIAN_POINT('',(0.00445950269417943,-0.00380182962228669,-0.00464816263913968));
#7942=CARTESIAN_POINT('',(0.00489270497909895,-0.00322473117173961,-0.00463276131251452));
#7943=CARTESIAN_POINT('',(0.00508267515225773,-0.0029162193116275,-0.00462492880816543));
#7944=CARTESIAN_POINT('',(0.00534954654660154,-0.00237724686492497,-0.00461207807252125));
#7945=CARTESIAN_POINT('',(0.00544295534554706,-0.00215500969555022,-0.0046070061928368));
#7946=CARTESIAN_POINT('',(0.0055222433344188,-0.00192772203167813,-0.0046020452722093));
#7947=CARTESIAN_POINT('',(-0.00554064382624187,-0.00193042730119346,-0.00490939353018355));
#7948=CARTESIAN_POINT('',(-0.00546115861498909,-0.00215873236026112,-0.00490435457111883));
#7949=CARTESIAN_POINT('',(-0.0053676836237703,-0.00238220465717662,-0.00489928645581404));
#7950=CARTESIAN_POINT('',(-0.00510041189092464,-0.00292432280259928,-0.00488661423200161));
#7951=CARTESIAN_POINT('',(-0.00490947076616514,-0.0032344879942674,-0.00487901834277146));
#7952=CARTESIAN_POINT('',(-0.00447310226853118,-0.00381415397955326,-0.00486395853799949));
#7953=CARTESIAN_POINT('',(-0.00422798940444601,-0.00408383229628746,-0.00485648654450079));
#7954=CARTESIAN_POINT('',(-0.00369302343336379,-0.00457380769046038,-0.00484171261081302));
#7955=CARTESIAN_POINT('',(-0.00340316269723416,-0.00479408773079529,-0.00483441179296163));
#7956=CARTESIAN_POINT('',(-0.00248019354351158,-0.00536735521414986,-0.00481283872047265));
#7957=CARTESIAN_POINT('',(-0.00179402111556049,-0.00563349118624588,-0.0047988483392359));
#7958=CARTESIAN_POINT('',(-0.000726616806880584,-0.00583421825041954,-0.00477679821489638));
#7959=CARTESIAN_POINT('',(-0.000364354341428314,-0.00586766285216617,-0.00476921836831059));
#7960=CARTESIAN_POINT('',(0.000360741258009553,-0.00586725445655307,-0.00475382721258143));
#7961=CARTESIAN_POINT('',(0.000723517133212261,-0.00583361458477055,-0.0047460449041579));
#7962=CARTESIAN_POINT('',(0.00143676668782306,-0.00570060948642264,-0.00473074109148758));
#7963=CARTESIAN_POINT('',(0.001787206575634,-0.00560115039548208,-0.00472323489089232));
#7964=CARTESIAN_POINT('',(0.00280116366785569,-0.00520653807960757,-0.0047016555260307));
#7965=CARTESIAN_POINT('',(0.00342785579929079,-0.00481664284361739,-0.0046882781746903));
#7966=CARTESIAN_POINT('',(0.00422999316820811,-0.00408335649488583,-0.00466663917267273));
#7967=CARTESIAN_POINT('',(0.00447409607729317,-0.00381396125306457,-0.00465909297280084));
#7968=CARTESIAN_POINT('',(0.00490867857618453,-0.00323497449049,-0.00464369160683813));
#7969=CARTESIAN_POINT('',(0.00509925150342246,-0.00292545498772839,-0.00463585908994424));
#7970=CARTESIAN_POINT('',(0.00536696545291863,-0.002384726396323,-0.00462300835868861));
#7971=CARTESIAN_POINT('',(0.00546066784572899,-0.00216176625642153,-0.00461793648849047));
#7972=CARTESIAN_POINT('',(0.00554020358323802,-0.00193374039021557,-0.00461297558519315));
#7973=CARTESIAN_POINT('',(-0.00555874644062206,-0.00193700172576607,-0.0049212922896986));
#7974=CARTESIAN_POINT('',(-0.00547898968968268,-0.00216605580381774,-0.00491625328541046));
#7975=CARTESIAN_POINT('',(-0.00538519777565085,-0.00239026054140639,-0.00491118512878823));
#7976=CARTESIAN_POINT('',(-0.00511702584175343,-0.0029341518090327,-0.00489851284427128));
#7977=CARTESIAN_POINT('',(-0.00492544675924022,-0.00324532738446729,-0.00489091696926355));
#7978=CARTESIAN_POINT('',(-0.00448762777848467,-0.0038268732865474,-0.00487585728163797));
#7979=CARTESIAN_POINT('',(-0.00424170304462826,-0.00409742229931753,-0.00486838538012785));
#7980=CARTESIAN_POINT('',(-0.00370496628520303,-0.00458897573764503,-0.0048536115995761));
#7981=CARTESIAN_POINT('',(-0.00341414657634428,-0.00480996309559441,-0.00484631084224717));
#7982=CARTESIAN_POINT('',(-0.00248811958295996,-0.00538507046679812,-0.00482473776248444));
#7983=CARTESIAN_POINT('',(-0.0017996696590327,-0.0056520582353576,-0.00481074715108854));
#7984=CARTESIAN_POINT('',(-0.000728743368300991,-0.00585340560796639,-0.00478869685955744));
#7985=CARTESIAN_POINT('',(-0.000365289560928601,-0.0058869458299733,-0.00478111699736458));
#7986=CARTESIAN_POINT('',(0.000362183951577089,-0.0058865057449031,-0.00476572587623052));
#7987=CARTESIAN_POINT('',(0.00072614655024671,-0.00585273944087075,-0.00475794361222365));
#7988=CARTESIAN_POINT('',(0.00144172670166127,-0.00571926590788744,-0.00474263988706835));
#7989=CARTESIAN_POINT('',(0.00179331043257868,-0.0056194645410937,-0.00473513372835902));
#7990=CARTESIAN_POINT('',(0.00281057740711897,-0.00522351229693221,-0.00471355441203217));
#7991=CARTESIAN_POINT('',(0.00343931441161593,-0.00483231065763223,-0.00470017700950332));
#7992=CARTESIAN_POINT('',(0.00424405745700671,-0.00409658036785923,-0.00467853792299513));
#7993=CARTESIAN_POINT('',(0.00448895083797441,-0.00382628884927987,-0.00467099169381245));
#7994=CARTESIAN_POINT('',(0.00492493568692013,-0.00324537996267401,-0.00465559028485099));
#7995=CARTESIAN_POINT('',(0.00511612085838416,-0.00293483490184596,-0.00464775775422568));
#7996=CARTESIAN_POINT('',(0.00538469033553481,-0.00239231923368649,-0.00463490702772103));
#7997=CARTESIAN_POINT('',(0.00547869075071084,-0.00216862346872613,-0.00462983516786988));
#7998=CARTESIAN_POINT('',(0.00555847787133444,-0.00193984656206004,-0.00462487428349282));
#7999=CARTESIAN_POINT('',(-0.00558570239964611,-0.00194706486983312,-0.00495145197099495));
#8000=CARTESIAN_POINT('',(-0.00550552905349678,-0.00217723741925657,-0.00494641284923235));
#8001=CARTESIAN_POINT('',(-0.00541125330197087,-0.00240253515152135,-0.00494134458521512));
#8002=CARTESIAN_POINT('',(-0.00514171307956674,-0.00294906868822579,-0.00492867214260798));
#8003=CARTESIAN_POINT('',(-0.00494916956251084,-0.00326174582750058,-0.0049210763040401));
#8004=CARTESIAN_POINT('',(-0.00450916551763469,-0.00384607705157329,-0.00490601691943812));
#8005=CARTESIAN_POINT('',(-0.00426202072629696,-0.00411791213490735,-0.00489854525615126));
#8006=CARTESIAN_POINT('',(-0.00372262398030914,-0.00461179231418982,-0.00488377187236725));
#8007=CARTESIAN_POINT('',(-0.00343036423083714,-0.00483382032150047,-0.00487647127196296));
#8008=CARTESIAN_POINT('',(-0.00249974077788652,-0.00541163334370691,-0.00485489817398196));
#8009=CARTESIAN_POINT('',(-0.00180786281833715,-0.00567987070700065,-0.00484090696701798));
#8010=CARTESIAN_POINT('',(-0.000731656465790118,-0.00588210494969386,-0.00481885624243738));
#8011=CARTESIAN_POINT('',(-0.000366420683160056,-0.00591577354007219,-0.0048112763396355));
#8012=CARTESIAN_POINT('',(0.000364602819879233,-0.00591525528341972,-0.00479588530757759));
#8013=CARTESIAN_POINT('',(0.000730334013368535,-0.00588128391659969,-0.00478810315829385));
#8014=CARTESIAN_POINT('',(0.00144938480324781,-0.00574707840440353,-0.00477279965942735));
#8015=CARTESIAN_POINT('',(0.00180267061546201,-0.00564674974446734,-0.00476529360915755));
#8016=CARTESIAN_POINT('',(0.00282486312739434,-0.00524875053546228,-0.00474371441923714));
#8017=CARTESIAN_POINT('',(0.00345664228258926,-0.00485557013121153,-0.00473033688548837));
#8018=CARTESIAN_POINT('',(0.00426524973713877,-0.00411615122645622,-0.00470869758046031));
#8019=CARTESIAN_POINT('',(0.0045113128740406,-0.00384450857346092,-0.00470115127509949));
#8020=CARTESIAN_POINT('',(0.00494936784261365,-0.00326070631042225,-0.00468574975396583));
#8021=CARTESIAN_POINT('',(0.00514145398706093,-0.0029486194916252,-0.00467791718725819));
#8022=CARTESIAN_POINT('',(0.00541127778086012,-0.00240342186791051,-0.00466506647251814));
#8023=CARTESIAN_POINT('',(0.00550571367211109,-0.00217862337610946,-0.0046599946393548));
#8024=CARTESIAN_POINT('',(0.0055858664832992,-0.00194872195179849,-0.00465503380402271));
#8025=CARTESIAN_POINT('',(-0.00559404532693542,-0.00195035482123414,-0.00496876772761216));
#8026=CARTESIAN_POINT('',(-0.00551373518220837,-0.00218087555035855,-0.00496372853761279));
#8027=CARTESIAN_POINT('',(-0.00541930203608568,-0.00240651307009855,-0.00495866021119054));
#8028=CARTESIAN_POINT('',(-0.00514932047213491,-0.00295386566229473,-0.00494598767661623));
#8029=CARTESIAN_POINT('',(-0.00495646917530951,-0.00326700563816381,-0.00493839185904155));
#8030=CARTESIAN_POINT('',(-0.00451577268166912,-0.00385218994717034,-0.00492333265001423));
#8031=CARTESIAN_POINT('',(-0.00426824313918199,-0.00412441636702369,-0.0049158611248513));
#8032=CARTESIAN_POINT('',(-0.00372800825869191,-0.00461900187899042,-0.00490108797118251));
#8033=CARTESIAN_POINT('',(-0.00343529507153409,-0.00484134389160684,-0.00489378746183031));
#8034=CARTESIAN_POINT('',(-0.00250322133061857,-0.00541997246907425,-0.00487221435349943));
#8035=CARTESIAN_POINT('',(-0.00181025884575423,-0.00568858453474351,-0.00485822280138386));
#8036=CARTESIAN_POINT('',(-0.000732395463423785,-0.00589106965319243,-0.00483617182569207));
#8037=CARTESIAN_POINT('',(-0.000366603029874557,-0.00592476898246044,-0.00482859189927851));
#8038=CARTESIAN_POINT('',(0.000365525056348764,-0.00592420665535618,-0.00481320091869001));
#8039=CARTESIAN_POINT('',(0.000731804587740742,-0.00589016104581032,-0.00480541883581923));
#8040=CARTESIAN_POINT('',(0.00145192969507654,-0.00575570688477789,-0.00479011546803651));
#8041=CARTESIAN_POINT('',(0.0018057415515267,-0.00565520372170208,-0.0047826094806297));
#8042=CARTESIAN_POINT('',(0.00282945654529838,-0.00525653779100019,-0.00476103036424795));
#8043=CARTESIAN_POINT('',(0.00346217545837732,-0.00486272349928675,-0.0047476527548802));
#8044=CARTESIAN_POINT('',(0.00427196894163137,-0.00412213125171234,-0.00472601332325077));
#8045=CARTESIAN_POINT('',(0.00451838943278171,-0.00385005982184972,-0.00471846697362744));
#8046=CARTESIAN_POINT('',(0.00495707351619383,-0.0032653420315625,-0.00470306538717267));
#8047=CARTESIAN_POINT('',(0.00514943165099674,-0.00295276864645686,-0.00469523279936389));
#8048=CARTESIAN_POINT('',(0.00541963107293121,-0.0024067275552762,-0.00468238209125893));
#8049=CARTESIAN_POINT('',(0.00551419642154346,-0.00218158306258512,-0.00467731027353224));
#8050=CARTESIAN_POINT('',(0.00559445687532812,-0.00195132963961121,-0.00467234946665321));
#8051=CARTESIAN_POINT('',(-0.0055936607678475,-0.00195096797819799,-0.00500277313250328));
#8052=CARTESIAN_POINT('',(-0.00551332264927606,-0.00218148142562194,-0.00499773380853468));
#8053=CARTESIAN_POINT('',(-0.00541886341881975,-0.00240710983885284,-0.00499266535954933));
#8054=CARTESIAN_POINT('',(-0.00514882434880576,-0.0029544302047108,-0.00497999264415598));
#8055=CARTESIAN_POINT('',(-0.00495594674945254,-0.0032675405572838,-0.00497239686747086));
#8056=CARTESIAN_POINT('',(-0.00451521167363435,-0.00385264638908015,-0.00495733800231933));
#8057=CARTESIAN_POINT('',(-0.00426766872524138,-0.00412482552937161,-0.00494986674786176));
#8058=CARTESIAN_POINT('',(-0.00372740766119232,-0.00461931399384789,-0.00493509404531364));
#8059=CARTESIAN_POINT('',(-0.00343468161249967,-0.0048416063063754,-0.00492779371453596));
#8060=CARTESIAN_POINT('',(-0.00250255404325849,-0.00542010201507669,-0.00490622058632263));
#8061=CARTESIAN_POINT('',(-0.00180953889852536,-0.00568864427197284,-0.0048922283580629));
#8062=CARTESIAN_POINT('',(-0.000731652304762447,-0.0058910148663693,-0.00487017689017749));
#8063=CARTESIAN_POINT('',(-0.000365863178614728,-0.00592467357074343,-0.00486259691736319));
#8064=CARTESIAN_POINT('',(0.000366239517496273,-0.00592402660029655,-0.00484720603731325));
#8065=CARTESIAN_POINT('',(0.000732497934063847,-0.00588993742357108,-0.00483942408440643));
#8066=CARTESIAN_POINT('',(0.00145257416508075,-0.00575539835134447,-0.00482412097330424));
#8067=CARTESIAN_POINT('',(0.0018063584882783,-0.00565485393409674,-0.00481661510907985));
#8068=CARTESIAN_POINT('',(0.00282999465994519,-0.00525607404006385,-0.00479503613729028));
#8069=CARTESIAN_POINT('',(0.00346266243134812,-0.00486219540931434,-0.00478165838059263));
#8070=CARTESIAN_POINT('',(0.00427235757861143,-0.00412151897776347,-0.00476001870102594));
#8071=CARTESIAN_POINT('',(0.0045187411571817,-0.00384942109862454,-0.004752472264477));
#8072=CARTESIAN_POINT('',(0.00495734569670759,-0.0032646582039961,-0.00473707054946829));
#8073=CARTESIAN_POINT('',(0.00514966136918966,-0.00295206630476695,-0.00472923791996408));
#8074=CARTESIAN_POINT('',(0.00541978859585941,-0.00240600567489099,-0.00471638722451218));
#8075=CARTESIAN_POINT('',(0.00551432476344322,-0.00218085661576671,-0.00471131543696928));
#8076=CARTESIAN_POINT('',(0.0055945560994629,-0.00195060215824407,-0.00470635468588539));
#8077=CARTESIAN_POINT('',(-0.00558493434717186,-0.0019483050908916,-0.00502007873386062));
#8078=CARTESIAN_POINT('',(-0.00550470443135332,-0.0021784632759908,-0.00501503934156558));
#8079=CARTESIAN_POINT('',(-0.00541037590312655,-0.00240374295424065,-0.00500997083004903));
#8080=CARTESIAN_POINT('',(-0.0051407192393698,-0.00295021224034695,-0.00499729802230272));
#8081=CARTESIAN_POINT('',(-0.00494812236392385,-0.00326283004596384,-0.00498970226630576));
#8082=CARTESIAN_POINT('',(-0.00450803982299526,-0.00384700373408964,-0.00497464357611375));
#8083=CARTESIAN_POINT('',(-0.0042608676215448,-0.00411874379262572,-0.0049671724594792));
#8084=CARTESIAN_POINT('',(-0.00372141725836954,-0.00461242882896048,-0.00495239998667142));
#8085=CARTESIAN_POINT('',(-0.00342913113252921,-0.00483435685500563,-0.00494509974687385));
#8086=CARTESIAN_POINT('',(-0.00249839770960261,-0.00541190256372274,-0.00492352660874291));
#8087=CARTESIAN_POINT('',(-0.00180641248163682,-0.00567999943090124,-0.00490953403639861));
#8088=CARTESIAN_POINT('',(-0.000730157738371778,-0.00588200284189833,-0.00488748231790055));
#8089=CARTESIAN_POINT('',(-0.000364928105304257,-0.0059155894949977,-0.00487990232139876));
#8090=CARTESIAN_POINT('',(0.000366045208705002,-0.00591490041754782,-0.0048645114923647));
#8091=CARTESIAN_POINT('',(0.000731734315949053,-0.00588084107823963,-0.00485672960552537));
#8092=CARTESIAN_POINT('',(0.00145068750176363,-0.00574646401239853,-0.00484142662499));
#8093=CARTESIAN_POINT('',(0.00180391825672807,-0.00564605195248449,-0.00483392082347016));
#8094=CARTESIAN_POINT('',(0.00282595316649842,-0.00524782218005002,-0.00481234192553375));
#8095=CARTESIAN_POINT('',(0.00345763002042322,-0.00485451136697116,-0.00479896409427234));
#8096=CARTESIAN_POINT('',(0.00426604018443456,-0.00411492150613901,-0.00477732428856903));
#8097=CARTESIAN_POINT('',(0.00451202918135156,-0.00384322508487812,-0.00476977780767388));
#8098=CARTESIAN_POINT('',(0.0049499242511439,-0.00325933095663849,-0.00475437602694327));
#8099=CARTESIAN_POINT('',(0.00514192497796256,-0.00294720632544799,-0.00474654337603749));
#8100=CARTESIAN_POINT('',(0.00541160346140054,-0.00240196848643028,-0.0047336926868486));
#8101=CARTESIAN_POINT('',(0.005505980597765,-0.00217716045579094,-0.0047286209146373));
#8102=CARTESIAN_POINT('',(0.005586074761195,-0.00194725661305309,-0.00472366019197585));
#8103=CARTESIAN_POINT('',(-0.00555739971072104,-0.00193936341529537,-0.00505013650775495));
#8104=CARTESIAN_POINT('',(-0.00547753538502344,-0.0021683944506384,-0.00504509699794131));
#8105=CARTESIAN_POINT('',(-0.00538364277688741,-0.00239256913500076,-0.00504002837883419));
#8106=CARTESIAN_POINT('',(-0.00511524763154833,-0.00293634909521852,-0.00502735541200749));
#8107=CARTESIAN_POINT('',(-0.00492356508639141,-0.00324741860570824,-0.00501975969129547));
#8108=CARTESIAN_POINT('',(-0.0044855912263557,-0.0038286787028451,-0.00500470130126912));
#8109=CARTESIAN_POINT('',(-0.00423961081489183,-0.0040990539444429,-0.00499723042125239));
#8110=CARTESIAN_POINT('',(-0.00370276418963437,-0.00459024942915935,-0.00498245834298188));
#8111=CARTESIAN_POINT('',(-0.00341188997457803,-0.00481105286138205,-0.0049751582594947));
#8112=CARTESIAN_POINT('',(-0.00248564064263117,-0.00538566821466054,-0.00495358510470506));
#8113=CARTESIAN_POINT('',(-0.00179697752590083,-0.0056523967838654,-0.00493959194191128));
#8114=CARTESIAN_POINT('',(-0.000725942028865898,-0.00585331422796305,-0.00491753979311188));
#8115=CARTESIAN_POINT('',(-0.000362493538143975,-0.00588670118947184,-0.00490995975582858));
#8116=CARTESIAN_POINT('',(0.000364898213486551,-0.00588594038383212,-0.00489456901407309));
#8117=CARTESIAN_POINT('',(0.000728788034067589,-0.00585200833391422,-0.00488678724047963));
#8118=CARTESIAN_POINT('',(0.00144419720035687,-0.00571821042365158,-0.00487148448389659));
#8119=CARTESIAN_POINT('',(0.00179568358836708,-0.00561825076402871,-0.00486397879001012));
#8120=CARTESIAN_POINT('',(0.0028126721036013,-0.00522185885484997,-0.00484240001929312));
#8121=CARTESIAN_POINT('',(0.00344122781603878,-0.00483040567153191,-0.00482902206081887));
#8122=CARTESIAN_POINT('',(0.00424561424600986,-0.00409434180615097,-0.00480738203873094));
#8123=CARTESIAN_POINT('',(0.00449037262829892,-0.00382394470632585,-0.00479983548153932));
#8124=CARTESIAN_POINT('',(0.00492606474356057,-0.00324285338851967,-0.00478443358748784));
#8125=CARTESIAN_POINT('',(0.00511709282215368,-0.00293223201320835,-0.00477660089952809));
#8126=CARTESIAN_POINT('',(0.005385394085157,-0.00238963154334204,-0.00476375022077043));
#8127=CARTESIAN_POINT('',(0.00547928580022744,-0.00216591403543399,-0.0047586784748166));
#8128=CARTESIAN_POINT('',(0.00555896417815729,-0.00193712866716484,-0.00475371780097968));
#8129=CARTESIAN_POINT('',(-0.00553912996517025,-0.00193325191430819,-0.00506195608043123));
#8130=CARTESIAN_POINT('',(-0.00545951621672966,-0.00216153301796531,-0.00505691652538065));
#8131=CARTESIAN_POINT('',(-0.0053659206316576,-0.00238497298781736,-0.00505184786483259));
#8132=CARTESIAN_POINT('',(-0.00509838069901403,-0.00292696723990684,-0.00503917483661672));
#8133=CARTESIAN_POINT('',(-0.00490731428060191,-0.0032370113631141,-0.00503157912929406));
#8134=CARTESIAN_POINT('',(-0.00447075602771007,-0.00381634737979444,-0.00501652085432118));
#8135=CARTESIAN_POINT('',(-0.00422557366130105,-0.00408582386669756,-0.00500905006510698));
#8136=CARTESIAN_POINT('',(-0.00369046979674791,-0.00457538255365239,-0.00499427813831443));
#8137=CARTESIAN_POINT('',(-0.00340054029285349,-0.00479544802032909,-0.00498697811488537));
#8138=CARTESIAN_POINT('',(-0.00247729440992513,-0.00536814126814978,-0.00496540495394195));
#8139=CARTESIAN_POINT('',(-0.00179085953654555,-0.00563397420722908,-0.00495141156474578));
#8140=CARTESIAN_POINT('',(-0.000723310353269019,-0.00583419512449364,-0.00492935925078923));
#8141=CARTESIAN_POINT('',(-0.000361048900940395,-0.00586745873926392,-0.00492177919778194));
#8142=CARTESIAN_POINT('',(0.000363960459008028,-0.0058666705740135,-0.00490638848932069));
#8143=CARTESIAN_POINT('',(0.000726655448045624,-0.00583283395249604,-0.00489860675906846));
#8144=CARTESIAN_POINT('',(0.00143971294077647,-0.00569944282050941,-0.00488330408829266));
#8145=CARTESIAN_POINT('',(0.00179004267558978,-0.00559979484520285,-0.00487579843569804));
#8146=CARTESIAN_POINT('',(0.00280368483156963,-0.00520465616982779,-0.00485421971407852));
#8147=CARTESIAN_POINT('',(0.00343017143489624,-0.00481445739714563,-0.00484084170730532));
#8148=CARTESIAN_POINT('',(0.00423189823508932,-0.00408076537128877,-0.00481920160228963));
#8149=CARTESIAN_POINT('',(0.00447584485284181,-0.00381124118313823,-0.00481165501571409));
#8150=CARTESIAN_POINT('',(0.00491008706508445,-0.00323202996220714,-0.00479625307785882));
#8151=CARTESIAN_POINT('',(0.00510047675870942,-0.00292241558252432,-0.00478842037547751));
#8152=CARTESIAN_POINT('',(0.00536787702124804,-0.00238157869303451,-0.00477556970051441));
#8153=CARTESIAN_POINT('',(0.00546145206919217,-0.00215858955623948,-0.00477049796459528));
#8154=CARTESIAN_POINT('',(0.00554086020472878,-0.00193055034563616,-0.00476553730951315));
#8155=CARTESIAN_POINT('',(-0.00552119442936598,-0.00192723712285812,-0.0050728729485962));
#8156=CARTESIAN_POINT('',(-0.00544182734901867,-0.00215478183993971,-0.00506783335185716));
#8157=CARTESIAN_POINT('',(-0.00534852400972045,-0.00237750040582994,-0.00506276465311485));
#8158=CARTESIAN_POINT('',(-0.00508182517838632,-0.00291774150696479,-0.00505009156830119));
#8159=CARTESIAN_POINT('',(-0.0048913644143525,-0.00322677916501469,-0.00504249587328751));
#8160=CARTESIAN_POINT('',(-0.00445619726567406,-0.00380422707466421,-0.00502743770426597));
#8161=CARTESIAN_POINT('',(-0.00421179896201181,-0.00407282182704661,-0.0050199669986876));
#8162=CARTESIAN_POINT('',(-0.00367840726018639,-0.00456077493485847,-0.00500519521142933));
#8163=CARTESIAN_POINT('',(-0.00338940585355817,-0.00478011663165268,-0.00499789524332979));
#8164=CARTESIAN_POINT('',(-0.00246911085926874,-0.00535092481291043,-0.00497632207675565));
#8165=CARTESIAN_POINT('',(-0.00178486548900822,-0.00561587953471521,-0.00496232847905521));
#8166=CARTESIAN_POINT('',(-0.000720740805073383,-0.00581541869275128,-0.00494027601297223));
#8167=CARTESIAN_POINT('',(-0.000359645116754177,-0.00584856199024734,-0.00493269594546999));
#8168=CARTESIAN_POINT('',(0.000363024929703054,-0.00584774867698246,-0.00491730526764396));
#8169=CARTESIAN_POINT('',(0.000724546862084553,-0.00581400666662065,-0.00490952357729381));
#8170=CARTESIAN_POINT('',(0.00143529568734042,-0.0056810167755735,-0.00489422098553158));
#8171=CARTESIAN_POINT('',(0.00178448999215324,-0.00558167575664321,-0.00488671537096808));
#8172=CARTESIAN_POINT('',(0.00279484717405106,-0.00518777024485063,-0.00486513669461457));
#8173=CARTESIAN_POINT('',(0.00341930267306791,-0.00479880477896303,-0.00485175864343619));
#8174=CARTESIAN_POINT('',(0.00421841935634079,-0.00406744392985693,-0.00483011846205508));
#8175=CARTESIAN_POINT('',(0.00446156946166443,-0.00379877759642329,-0.00482257184839821));
#8176=CARTESIAN_POINT('',(0.00489438928965388,-0.00322141380159967,-0.00480716987014656));
#8177=CARTESIAN_POINT('',(0.0050841528659641,-0.00291278880422372,-0.00479933715445022));
#8178=CARTESIAN_POINT('',(0.0053506696924429,-0.00237368438627617,-0.00478648648294919));
#8179=CARTESIAN_POINT('',(0.0054439343241681,-0.00215141070115085,-0.00478141475626622));
#8180=CARTESIAN_POINT('',(0.00552307763787183,-0.00192410433912469,-0.00477645411846155));
#8181=CARTESIAN_POINT('',(0.0054937822173509,-0.0020084826416315,-0.00460397566163983));
#8182=CARTESIAN_POINT('',(0.0054937822173509,-0.00205901642314311,-0.00461497399414658));
#8183=CARTESIAN_POINT('',(0.0054937822173509,-0.00208601330816175,-0.00461773776536192));
#8184=CARTESIAN_POINT('',(0.0054937822173509,-0.00220574987779638,-0.00466380070365684));
#8185=CARTESIAN_POINT('',(0.0054937822173509,-0.00222468359926156,-0.00469363427578284));
#8186=CARTESIAN_POINT('',(0.0054937822173509,-0.00220900099373738,-0.00472438604185245));
#8187=CARTESIAN_POINT('',(0.0054937822173509,-0.00208649456415689,-0.00476720507224641));
#8188=CARTESIAN_POINT('',(0.0054937822173509,-0.002060372121196,-0.00476859937747634));
#8189=CARTESIAN_POINT('',(0.0054937822173509,-0.00201022558731128,-0.00477757067554346));
#8190=CARTESIAN_POINT('',(-0.0054937822173509,-0.00200847045051294,-0.00507021834287346));
#8191=CARTESIAN_POINT('',(-0.0054937822173509,-0.00205806181454318,-0.00505942359550871));
#8192=CARTESIAN_POINT('',(-0.0054937822173509,-0.00208598669797186,-0.0050566958381827));
#8193=CARTESIAN_POINT('',(-0.0054937822173509,-0.00220214497442376,-0.00501067088869669));
#8194=CARTESIAN_POINT('',(-0.0054937822173509,-0.00223748280529585,-0.0049727228614393));
#8195=CARTESIAN_POINT('',(-0.0054937822173509,-0.00210961331025616,-0.00490991753826158));
#8196=CARTESIAN_POINT('',(-0.0054937822173509,-0.00205775351037425,-0.0049059645505191));
#8197=CARTESIAN_POINT('',(-0.0054937822173509,-0.0020068961806487,-0.00489689577561525));
#8198=CARTESIAN_POINT('',(-0.00552287230023241,-0.0019242286713321,-0.00414857397255731));
#8199=CARTESIAN_POINT('',(-0.00544360358221224,-0.00215152561536242,-0.00414349542896066));
#8200=CARTESIAN_POINT('',(-0.00535041388273402,-0.00237396954849138,-0.00413837634560253));
#8201=CARTESIAN_POINT('',(-0.00508430222662691,-0.00291367407776787,-0.00412560129180763));
#8202=CARTESIAN_POINT('',(-0.0048947074289463,-0.00322266598109207,-0.00411796684592995));
#8203=CARTESIAN_POINT('',(-0.00424391926057096,-0.00408850165208581,-0.00409555601698284));
#8204=CARTESIAN_POINT('',(-0.00370203703563525,-0.00458503927867087,-0.00408114338357052));
#8205=CARTESIAN_POINT('',(-0.0027825838103865,-0.00515762827772863,-0.00405954111756776));
#8206=CARTESIAN_POINT('',(-0.00245815506019016,-0.00531947004146202,-0.0040523411706913));
#8207=CARTESIAN_POINT('',(-0.00178505232134404,-0.00558102070236964,-0.00403784120906516));
#8208=CARTESIAN_POINT('',(-0.00143642177283631,-0.00568080967342607,-0.00403054169041824));
#8209=CARTESIAN_POINT('',(-0.000726928257850666,-0.0058148452296401,-0.00401574511886801));
#8210=CARTESIAN_POINT('',(-0.000366050371212896,-0.0058488651219325,-0.00400823123595356));
#8211=CARTESIAN_POINT('',(0.000716928584140787,-0.0058489952042545,-0.0039853746656179));
#8212=CARTESIAN_POINT('',(0.00143926766691317,-0.00571480580400097,-0.00396983807051495));
#8213=CARTESIAN_POINT('',(0.00278633679806041,-0.00519349680432934,-0.00394065939064293));
#8214=CARTESIAN_POINT('',(0.00356686115299243,-0.00470862200845451,-0.00392375729668025));
#8215=CARTESIAN_POINT('',(0.00420629493463748,-0.00406843595752761,-0.00390563941561167));
#8216=CARTESIAN_POINT('',(0.00469269993839476,-0.00353319377942715,-0.00389083274273742));
#8217=CARTESIAN_POINT('',(0.00513775954879817,-0.00287810632647845,-0.00387373793666947));
#8218=CARTESIAN_POINT('',(0.0054426911869089,-0.00215436627666161,-0.00385699909687427));
#8219=CARTESIAN_POINT('',(0.00552233292198562,-0.0019268626409225,-0.0038519611898826));
#8220=CARTESIAN_POINT('',(-0.00554067563669073,-0.00193067827074182,-0.0041595043355525));
#8221=CARTESIAN_POINT('',(-0.0054611401337037,-0.00215871005596799,-0.00415442575741073));
#8222=CARTESIAN_POINT('',(-0.0053676389586667,-0.00238187261201977,-0.00414930664063777));
#8223=CARTESIAN_POINT('',(-0.00510064342500027,-0.00292331803989374,-0.00413653153191859));
#8224=CARTESIAN_POINT('',(-0.00491042346010165,-0.00323330400727171,-0.00412889708244656));
#8225=CARTESIAN_POINT('',(-0.00425750344654729,-0.00410191304108792,-0.00410648639932615));
#8226=CARTESIAN_POINT('',(-0.00371386035786221,-0.00460002596393505,-0.00409207402637759));
#8227=CARTESIAN_POINT('',(-0.00279140895428941,-0.00517442702493927,-0.00407047182843061));
#8228=CARTESIAN_POINT('',(-0.00246592011351218,-0.00533678037409959,-0.00406327183824672));
#8229=CARTESIAN_POINT('',(-0.00179061820904479,-0.00559915459495412,-0.00404877173390277));
#8230=CARTESIAN_POINT('',(-0.00144084889171552,-0.00569925569686052,-0.0040414721189189));
#8231=CARTESIAN_POINT('',(-0.000729043869586697,-0.00583370249269184,-0.00402667540060737));
#8232=CARTESIAN_POINT('',(-0.000366993626809262,-0.00586782062083572,-0.00401916147421229));
#8233=CARTESIAN_POINT('',(0.000719489678346691,-0.005867911986138,-0.00399630493285903));
#8234=CARTESIAN_POINT('',(0.00144415078419245,-0.00573325848502101,-0.00398076851971812));
#8235=CARTESIAN_POINT('',(0.00279555480316787,-0.00521020503340301,-0.00395158994282134));
#8236=CARTESIAN_POINT('',(0.00357859541164837,-0.00472372675547649,-0.00393468772765313));
#8237=CARTESIAN_POINT('',(0.00422007926581331,-0.00408144053480425,-0.00391656975670845));
#8238=CARTESIAN_POINT('',(0.00470804074110223,-0.00354444459352178,-0.00390176302784702));
#8239=CARTESIAN_POINT('',(0.00515451415522926,-0.00288721733260724,-0.00388466821467151));
#8240=CARTESIAN_POINT('',(0.00546040253754146,-0.00216112271802584,-0.00386792941400799));
#8241=CARTESIAN_POINT('',(0.00554029271517386,-0.00193287981508234,-0.00386289152211103));
#8242=CARTESIAN_POINT('',(-0.0055587792712007,-0.0019372538925877,-0.004171403088581));
#8243=CARTESIAN_POINT('',(-0.00547897168822985,-0.0021660330593489,-0.00416632447270467));
#8244=CARTESIAN_POINT('',(-0.00538515300153164,-0.00238992646579574,-0.00416120531942889));
#8245=CARTESIAN_POINT('',(-0.00511725684472897,-0.00293314223359436,-0.00414843015070093));
#8246=CARTESIAN_POINT('',(-0.00492640018476168,-0.00324413889750628,-0.00414079569728873));
#8247=CARTESIAN_POINT('',(-0.00427131000802715,-0.00411556687273745,-0.00411838517340694));
#8248=CARTESIAN_POINT('',(-0.00372587541377743,-0.00461527994258424,-0.00410397308492629));
#8249=CARTESIAN_POINT('',(-0.00280037288766327,-0.00519152127912468,-0.00408237096133955));
#8250=CARTESIAN_POINT('',(-0.00247380507634828,-0.00535439412313658,-0.00407517092387547));
#8251=CARTESIAN_POINT('',(-0.00179626484599315,-0.00561760439226088,-0.00406067066369172));
#8252=CARTESIAN_POINT('',(-0.00144533649671409,-0.00571802220006318,-0.00405337094350494));
#8253=CARTESIAN_POINT('',(-0.000731179250342419,-0.00585288568200558,-0.00403857406490561));
#8254=CARTESIAN_POINT('',(-0.000367936234432962,-0.00588710289435,-0.00403106009100609));
#8255=CARTESIAN_POINT('',(0.000722111478634952,-0.00588715216137664,-0.00400820358120555));
#8256=CARTESIAN_POINT('',(0.00144913332169718,-0.00575202456957884,-0.00399266736667877));
#8257=CARTESIAN_POINT('',(0.00280494481313829,-0.00522719279383846,-0.00396348890224881));
#8258=CARTESIAN_POINT('',(0.00359054411554498,-0.00473908113136573,-0.00394658655487311));
#8259=CARTESIAN_POINT('',(0.00423411182960315,-0.00409465674673218,-0.00392846848583008));
#8260=CARTESIAN_POINT('',(0.00472365522028647,-0.00355587546598807,-0.00391366169584205));
#8261=CARTESIAN_POINT('',(0.00517156482326326,-0.00289647034168473,-0.00389656687482632));
#8262=CARTESIAN_POINT('',(0.00547842425999628,-0.00216797994587814,-0.00387982811683546));
#8263=CARTESIAN_POINT('',(0.00555856649397306,-0.00193898489530079,-0.00387479024141192));
#8264=CARTESIAN_POINT('',(-0.00558573765544572,-0.00194731925678174,-0.00420156275272483));
#8265=CARTESIAN_POINT('',(-0.00550551231683699,-0.0021772136786919,-0.00419648403875794));
#8266=CARTESIAN_POINT('',(-0.00541120842420545,-0.00240219709805454,-0.0041913647905529));
#8267=CARTESIAN_POINT('',(-0.0051419420263941,-0.00294805033152604,-0.00417858946564686));
#8268=CARTESIAN_POINT('',(-0.00495012166919204,-0.00326054988919183,-0.00417095500180056));
#8269=CARTESIAN_POINT('',(-0.00429176239935304,-0.00413615644006856,-0.00414854489115084));
#8270=CARTESIAN_POINT('',(-0.00374364502744596,-0.00463822488079206,-0.00413413354154498));
#8271=CARTESIAN_POINT('',(-0.00281356133174394,-0.00521716926693272,-0.00411253161155437));
#8272=CARTESIAN_POINT('',(-0.00248537096114275,-0.00538080430606513,-0.00410533145153016));
#8273=CARTESIAN_POINT('',(-0.0018044648520262,-0.00564523736823653,-0.00409083078699418));
#8274=CARTESIAN_POINT('',(-0.00145179385462016,-0.00574611589645753,-0.00408353079372871));
#8275=CARTESIAN_POINT('',(-0.000734106505663878,-0.00588157630923658,-0.00406873349878308));
#8276=CARTESIAN_POINT('',(-0.000369077142863791,-0.00591592826090993,-0.0040612194012707));
#8277=CARTESIAN_POINT('',(0.000726293397449885,-0.00591587152587038,-0.00403836297204234));
#8278=CARTESIAN_POINT('',(0.00145682347125126,-0.0057800035502903,-0.00402282727178654));
#8279=CARTESIAN_POINT('',(0.00281918974322612,-0.00525245300858298,-0.00399364909949555));
#8280=CARTESIAN_POINT('',(0.00360859921822911,-0.00476186380467187,-0.00397674641100064));
#8281=CARTESIAN_POINT('',(0.00425525748584696,-0.00411421471721044,-0.00395862808801064));
#8282=CARTESIAN_POINT('',(0.00474714369109926,-0.0035727432328052,-0.00394382113953096));
#8283=CARTESIAN_POINT('',(0.0051971687504394,-0.00291006387072129,-0.00392672629709421));
#8284=CARTESIAN_POINT('',(0.00550544518637137,-0.00217798204941658,-0.00390998764904906));
#8285=CARTESIAN_POINT('',(0.0055859536025452,-0.00194786044200745,-0.00390494981624394));
#8286=CARTESIAN_POINT('',(-0.00559408191467577,-0.00195061017580844,-0.00421887849927468));
#8287=CARTESIAN_POINT('',(-0.00551371918999484,-0.00218085128295416,-0.00421379972830649));
#8288=CARTESIAN_POINT('',(-0.00541925716383886,-0.00240617317324735,-0.00420868042492327));
#8289=CARTESIAN_POINT('',(-0.0051495479708099,-0.00295284355195807,-0.0041959050091968));
#8290=CARTESIAN_POINT('',(-0.00495741932890311,-0.00326580691225239,-0.00418827053922119));
#8291=CARTESIAN_POINT('',(-0.00429802415990591,-0.00414269454609018,-0.00416586066846104));
#8292=CARTESIAN_POINT('',(-0.00374906676869676,-0.00464547443279161,-0.00415144974801675));
#8293=CARTESIAN_POINT('',(-0.00281754090923177,-0.00522523152967633,-0.00412984793062866));
#8294=CARTESIAN_POINT('',(-0.00248883815156777,-0.00538909517865335,-0.00412264769950226));
#8295=CARTESIAN_POINT('',(-0.00180686921162861,-0.005653892497826,-0.0041081468002521));
#8296=CARTESIAN_POINT('',(-0.0014536480999875,-0.0057549066440328,-0.00410084664843394));
#8297=CARTESIAN_POINT('',(-0.000734850542762096,-0.00589053670683879,-0.00408604911165592));
#8298=CARTESIAN_POINT('',(-0.000369261738821273,-0.00592492214742665,-0.00407853494226773));
#8299=CARTESIAN_POINT('',(0.000727765974813864,-0.00592480481802494,-0.00405567855936235));
#8300=CARTESIAN_POINT('',(0.00145937732523594,-0.00578868560334079,-0.00404014315725766));
#8301=CARTESIAN_POINT('',(0.00282376703657526,-0.00526024822643284,-0.00401096515465653));
#8302=CARTESIAN_POINT('',(0.00361435584051442,-0.00476886314167949,-0.0039940622688132));
#8303=CARTESIAN_POINT('',(0.00426196265585009,-0.00412018980398956,-0.00397594379861584));
#8304=CARTESIAN_POINT('',(0.00475456578226597,-0.0035778653488133,-0.003961136758175));
#8305=CARTESIAN_POINT('',(0.00520523074772285,-0.00291415255057498,-0.00394404190293222));
#8306=CARTESIAN_POINT('',(0.00551392716801636,-0.00218094380956868,-0.00392730331843981));
#8307=CARTESIAN_POINT('',(0.00559454305125865,-0.00195046932181334,-0.00392226551033041));
#8308=CARTESIAN_POINT('',(-0.00559369982934241,-0.001951224510724,-0.00425288388420487));
#8309=CARTESIAN_POINT('',(-0.00551330816173877,-0.00218145622912817,-0.00424780500128096));
#8310=CARTESIAN_POINT('',(-0.00541881870963821,-0.00240676735716688,-0.00424268558949654));
#8311=CARTESIAN_POINT('',(-0.00514904837337704,-0.0029534037512592,-0.00422990999527023));
#8312=CARTESIAN_POINT('',(-0.00495689025576845,-0.00326633986207388,-0.00422227551313206));
#8313=CARTESIAN_POINT('',(-0.00429743770720656,-0.00414311526032694,-0.00419986611307902));
#8314=CARTESIAN_POINT('',(-0.00374847675772751,-0.00464578583091933,-0.00418545603516085));
#8315=CARTESIAN_POINT('',(-0.00281691148465083,-0.00522540129404093,-0.0041638544391263));
#8316=CARTESIAN_POINT('',(-0.00248818785992602,-0.00538922261317454,-0.00415665406857185));
#8317=CARTESIAN_POINT('',(-0.00180617597126267,-0.00565394122670087,-0.00414215270880799));
#8318=CARTESIAN_POINT('',(-0.00145293329357935,-0.00575491870581373,-0.00413485224583345));
#8319=CARTESIAN_POINT('',(-0.000734110017817225,-0.00589047510281734,-0.00412005423428205));
#8320=CARTESIAN_POINT('',(-0.000368518383451007,-0.00592482318649673,-0.00411253992364191));
#8321=CARTESIAN_POINT('',(0.000728475444592796,-0.00592458748133891,-0.00408968363078209));
#8322=CARTESIAN_POINT('',(0.00146001720828908,-0.00578838351836516,-0.00407414881296353));
#8323=CARTESIAN_POINT('',(0.00282429063168435,-0.00525978916641265,-0.00404497114350816));
#8324=CARTESIAN_POINT('',(0.00361482539294721,-0.00476831397970919,-0.00402806787170774));
#8325=CARTESIAN_POINT('',(0.00426235366640994,-0.00411957361741452,-0.00400994911306551));
#8326=CARTESIAN_POINT('',(0.00475488805616987,-0.00357719975465857,-0.00399514189226748));
#8327=CARTESIAN_POINT('',(0.00520545884839862,-0.00291344714855091,-0.003978047011199));
#8328=CARTESIAN_POINT('',(0.00551405488849667,-0.00218022334564418,-0.0039613085508948));
#8329=CARTESIAN_POINT('',(0.00559464023333141,-0.00194974677111484,-0.00395627079115801));
#8330=CARTESIAN_POINT('',(-0.00558497459535095,-0.00194856185541255,-0.00427018947528215));
#8331=CARTESIAN_POINT('',(-0.00550469073127487,-0.00217843766035193,-0.00426511053523609));
#8332=CARTESIAN_POINT('',(-0.00541033135436719,-0.00240339968377133,-0.00425999106812976));
#8333=CARTESIAN_POINT('',(-0.00514094117536112,-0.00294918511728505,-0.00424721538276786));
#8334=CARTESIAN_POINT('',(-0.00494906105699246,-0.00326163013170429,-0.00423958089436097));
#8335=CARTESIAN_POINT('',(-0.00429058504181982,-0.00413701143718325,-0.00421717173423959));
#8336=CARTESIAN_POINT('',(-0.00374245970054542,-0.00463885998717576,-0.00420276208599937));
#8337=CARTESIAN_POINT('',(-0.00281229512613596,-0.00521751937259762,-0.00418116060300173));
#8338=CARTESIAN_POINT('',(-0.00248406217149742,-0.00538106922060368,-0.00417396016142174));
#8339=CARTESIAN_POINT('',(-0.00180306840788307,-0.00564534382614848,-0.00415945856694165));
#8340=CARTESIAN_POINT('',(-0.00145035338066172,-0.00574614850112332,-0.00415215794533863));
#8341=CARTESIAN_POINT('',(-0.000732613096862932,-0.00588146044278033,-0.00413735969165343));
#8342=CARTESIAN_POINT('',(-0.000367577497102304,-0.00591573705335032,-0.00412984530890217));
#8343=CARTESIAN_POINT('',(0.000727726233166363,-0.00591544142226936,-0.00410698906150854));
#8344=CARTESIAN_POINT('',(0.00145811692340672,-0.00577940221928902,-0.00409145454113836));
#8345=CARTESIAN_POINT('',(0.00282025047203067,-0.00525153412520412,-0.00406227704158941));
#8346=CARTESIAN_POINT('',(0.00360955201794607,-0.00476076237995925,-0.00404537357370705));
#8347=CARTESIAN_POINT('',(0.00425605270895308,-0.00411297709798703,-0.00402725466824223));
#8348=CARTESIAN_POINT('',(0.00474780090306878,-0.00357140512487661,-0.00401244735555599));
#8349=CARTESIAN_POINT('',(0.00519763655710264,-0.00290864447302949,-0.0039953524609679));
#8350=CARTESIAN_POINT('',(0.0055057108575026,-0.00217653120234509,-0.00397861406370383));
#8351=CARTESIAN_POINT('',(0.00558615775941256,-0.0019464050526733,-0.00397357632858053));
#8352=CARTESIAN_POINT('',(-0.00555744892133127,-0.00193962232541926,-0.00430023958255564));
#8353=CARTESIAN_POINT('',(-0.00547752999772388,-0.00216837074752066,-0.00429516054424576));
#8354=CARTESIAN_POINT('',(-0.0053836054222507,-0.00239222810227345,-0.00429004098194857));
#8355=CARTESIAN_POINT('',(-0.00511547195827668,-0.00293532657145998,-0.00427726513970193));
#8356=CARTESIAN_POINT('',(-0.0049244995960069,-0.00324622655482405,-0.00426963064039822));
#8357=CARTESIAN_POINT('',(-0.00426917820066701,-0.00411724767964519,-0.00424722189259954));
#8358=CARTESIAN_POINT('',(-0.00372371861480548,-0.00461655711708983,-0.00423281298315651));
#8359=CARTESIAN_POINT('',(-0.00279804723310206,-0.0051922739955987,-0.00421121169478443));
#8360=CARTESIAN_POINT('',(-0.00247139347204163,-0.00535498989955334,-0.00420401113122683));
#8361=CARTESIAN_POINT('',(-0.00179367622621415,-0.00561790752841402,-0.00418950913342179));
#8362=CARTESIAN_POINT('',(-0.00144265876567058,-0.0057181885340301,-0.00418220823917262));
#8363=CARTESIAN_POINT('',(-0.000728389012871951,-0.00585277576249641,-0.00416740956914825));
#8364=CARTESIAN_POINT('',(-0.000365127610465543,-0.0058868521614828,-0.00415989506227444));
#8365=CARTESIAN_POINT('',(0.000724814714157592,-0.00588645293285215,-0.00413703889223951));
#8366=CARTESIAN_POINT('',(0.00145158824847173,-0.00575100139693806,-0.00412150488235807));
#8367=CARTESIAN_POINT('',(0.0028069877589131,-0.00522556380769073,-0.00409232767496082));
#8368=CARTESIAN_POINT('',(0.00359239888274073,-0.00473710047580975,-0.00407542387127743));
#8369=CARTESIAN_POINT('',(0.00423568259983097,-0.00409240855757691,-0.00405730471386572));
#8370=CARTESIAN_POINT('',(0.00472497589319816,-0.00355342871791093,-0.00404249724334933));
#8371=CARTESIAN_POINT('',(0.00517253814719201,-0.00289385885976503,-0.00402540232489035));
#8372=CARTESIAN_POINT('',(0.00547902374192841,-0.00216529602858397,-0.0040086640354915));
#8373=CARTESIAN_POINT('',(0.00555905196411694,-0.00193628824045753,-0.00400362634258897));
#8374=CARTESIAN_POINT('',(-0.00553919148393663,-0.00193351440302508,-0.00431205475641629));
#8375=CARTESIAN_POINT('',(-0.00545952283865624,-0.00216151353297629,-0.00430697568025859));
#8376=CARTESIAN_POINT('',(-0.00536589474716758,-0.00238463706975378,-0.0043018560812817));
#8377=CARTESIAN_POINT('',(-0.0050986138367341,-0.00292595250803307,-0.00428908017853755));
#8378=CARTESIAN_POINT('',(-0.00490825374541149,-0.00323582909397952,-0.00428144567496359));
#8379=CARTESIAN_POINT('',(-0.00425504921888519,-0.00410397066359741,-0.00425903708570734));
#8380=CARTESIAN_POINT('',(-0.00371136759969252,-0.00460161384161825,-0.00424462846059559));
#8381=CARTESIAN_POINT('',(-0.00278870109444711,-0.00517540334812318,-0.00422302724729975));
#8382=CARTESIAN_POINT('',(-0.00246310513261455,-0.00533757353839412,-0.00421582663689217));
#8383=CARTESIAN_POINT('',(-0.00178758252904321,-0.00559960556702031,-0.00420132448402719));
#8384=CARTESIAN_POINT('',(-0.00143770194858894,-0.00569954633204628,-0.00419402348491488));
#8385=CARTESIAN_POINT('',(-0.000725752011219337,-0.00583366823587011,-0.00417922465465343));
#8386=CARTESIAN_POINT('',(-0.000363674046689772,-0.00586762019227068,-0.00417171009992384));
#8387=CARTESIAN_POINT('',(0.000722702329342729,-0.00586718050757024,-0.00414885395913219));
#8388=CARTESIAN_POINT('',(0.00144708133140819,-0.00573214121748155,-0.00413332014510088));
#8389=CARTESIAN_POINT('',(0.0027980197500652,-0.00520836183964356,-0.00410414305014761));
#8390=CARTESIAN_POINT('',(0.00358085041421389,-0.00472145916453127,-0.00408723911810022));
#8391=CARTESIAN_POINT('',(0.00422200854090814,-0.0040788456079468,-0.0040691198640506));
#8392=CARTESIAN_POINT('',(0.00470968190450933,-0.00354160573208741,-0.0040543123328986));
#8393=CARTESIAN_POINT('',(0.0051557513716641,-0.00288417261092158,-0.00403721740484814));
#8394=CARTESIAN_POINT('',(0.00546120212594219,-0.00215798029189858,-0.00402047915662055));
#8395=CARTESIAN_POINT('',(0.00554095861847954,-0.001929718554879,-0.00401544147990209));
#8396=CARTESIAN_POINT('',(-0.00552126538679702,-0.00192750218912022,-0.00432296697765076));
#8397=CARTESIAN_POINT('',(-0.00544184317378901,-0.00215476549623081,-0.00431788786661215));
#8398=CARTESIAN_POINT('',(-0.00534850687042874,-0.00237716843823943,-0.00431276823382846));
#8399=CARTESIAN_POINT('',(-0.00508206465001576,-0.00291673313596421,-0.00429999227531798));
#8400=CARTESIAN_POINT('',(-0.00489230657991389,-0.00322560501681319,-0.00429235776779696));
#8401=CARTESIAN_POINT('',(-0.00424118258093093,-0.00409092035566405,-0.00426994932461226));
#8402=CARTESIAN_POINT('',(-0.00369924749885001,-0.00458692904014387,-0.00425554096150701));
#8403=CARTESIAN_POINT('',(-0.00277953342653446,-0.00515882822022743,-0.00423393981741992));
#8404=CARTESIAN_POINT('',(-0.00245497694375782,-0.00532046322918479,-0.00422673916385573));
#8405=CARTESIAN_POINT('',(-0.00178161096474908,-0.00558162695163319,-0.00421223686813118));
#8406=CARTESIAN_POINT('',(-0.00143284755574348,-0.00568123425006925,-0.00420493577239973));
#8407=CARTESIAN_POINT('',(-0.000723176845267791,-0.00581490057289944,-0.00419013679448154));
#8408=CARTESIAN_POINT('',(-0.000362261402915481,-0.0058487310525448,-0.00418262219564031));
#8409=CARTESIAN_POINT('',(0.000720612911418437,-0.0058482540445789,-0.00415976608171264));
#8410=CARTESIAN_POINT('',(0.00144264123476865,-0.00571362143005527,-0.00414423244805707));
#8411=CARTESIAN_POINT('',(0.00278919998863366,-0.00519147408325524,-0.00411505545671992));
#8412=CARTESIAN_POINT('',(0.00356949702299076,-0.00470610624101745,-0.00409815140652472));
#8413=CARTESIAN_POINT('',(0.00420856882845033,-0.00406553557888848,-0.00408003206347608));
#8414=CARTESIAN_POINT('',(0.00469465237082682,-0.00353000583848965,-0.00406522447646603));
#8415=CARTESIAN_POINT('',(0.00513925742571963,-0.00287467240113562,-0.00404812953951349));
#8416=CARTESIAN_POINT('',(0.00544369372641436,-0.00215080889385131,-0.00403139132917094));
#8417=CARTESIAN_POINT('',(0.00552318392793637,-0.00192328002968089,-0.00402635366735566));
#8418=CARTESIAN_POINT('',(0.0054937822173509,-0.0020077193969412,-0.00385398751669206));
#8419=CARTESIAN_POINT('',(0.0054937822173509,-0.00205806734578289,-0.0038649885951956));
#8420=CARTESIAN_POINT('',(0.0054937822173509,-0.00208504663088403,-0.00386778246866092));
#8421=CARTESIAN_POINT('',(0.0054937822173509,-0.00220432617218295,-0.00391384288338884));
#8422=CARTESIAN_POINT('',(0.0054937822173509,-0.00222317244392921,-0.00394364824436904));
#8423=CARTESIAN_POINT('',(0.0054937822173509,-0.00220751690174907,-0.00397435549921022));
#8424=CARTESIAN_POINT('',(0.0054937822173509,-0.00208546443456367,-0.00401711405673782));
#8425=CARTESIAN_POINT('',(0.0054937822173509,-0.00205935576638815,-0.00401852567674127));
#8426=CARTESIAN_POINT('',(0.0054937822173509,-0.00200938900792464,-0.00402747897065884));
#8427=CARTESIAN_POINT('',(-0.0054937822173509,-0.0020086157476754,-0.00432032943616032));
#8428=CARTESIAN_POINT('',(-0.0054937822173509,-0.00205816573451964,-0.00430951821022626));
#8429=CARTESIAN_POINT('',(-0.0054937822173509,-0.00208607320453328,-0.00430677808885274));
#8430=CARTESIAN_POINT('',(-0.0054937822173509,-0.00220202667758545,-0.0042607505839088));
#8431=CARTESIAN_POINT('',(-0.0054937822173509,-0.00223736809916314,-0.00422282054310804));
#8432=CARTESIAN_POINT('',(-0.0054937822173509,-0.00210969401308757,-0.00415999724059464));
#8433=CARTESIAN_POINT('',(-0.0054937822173509,-0.00205787996683164,-0.00415605474078206));
#8434=CARTESIAN_POINT('',(-0.0054937822173509,-0.00200707098691,-0.00414698885845317));
#8435=CARTESIAN_POINT('',(-0.00552289884810882,-0.00192378639111552,-0.00339888549422364));
#8436=CARTESIAN_POINT('',(-0.00544338698017851,-0.00215134964865979,-0.00339383955007754));
#8437=CARTESIAN_POINT('',(-0.00534990818435072,-0.00237400893969504,-0.00338872200911961));
#8438=CARTESIAN_POINT('',(-0.00508344621283074,-0.00291395803150675,-0.00337585925172808));
#8439=CARTESIAN_POINT('',(-0.00489409122540975,-0.00322270767512997,-0.00336807757486446));
#8440=CARTESIAN_POINT('',(-0.00446216067949607,-0.00379914267404591,-0.00335269775222063));
#8441=CARTESIAN_POINT('',(-0.00421956642129614,-0.00406716175692244,-0.00334510312237681));
#8442=CARTESIAN_POINT('',(-0.00381989957046281,-0.00443330258074449,-0.00333411283825851));
#8443=CARTESIAN_POINT('',(-0.00368065129730859,-0.00454937939036915,-0.00333052430360268));
#8444=CARTESIAN_POINT('',(-0.00339128943524057,-0.00476857439832929,-0.00332347846324354));
#8445=CARTESIAN_POINT('',(-0.0032412479607191,-0.00487167989558152,-0.00332001211662268));
#8446=CARTESIAN_POINT('',(-0.00277771696328883,-0.00515983520323907,-0.00330964274763272));
#8447=CARTESIAN_POINT('',(-0.00245083984850813,-0.0053236867136236,-0.00330276415770357));
#8448=CARTESIAN_POINT('',(-0.00143786213169637,-0.00571735087165656,-0.003281159935402));
#8449=CARTESIAN_POINT('',(-0.000718753062477324,-0.0058505308698096,-0.00326564663615183));
#8450=CARTESIAN_POINT('',(0.000723961809198584,-0.00584740418305184,-0.00323500451612786));
#8451=CARTESIAN_POINT('',(0.001447260863615,-0.00571155446489838,-0.0032198463845165));
#8452=CARTESIAN_POINT('',(0.0024582456869756,-0.0053198239496965,-0.00319791613447312));
#8453=CARTESIAN_POINT('',(0.00278267931301378,-0.00515749665862275,-0.00319077191042176));
#8454=CARTESIAN_POINT('',(0.00339578923145794,-0.00477553716373499,-0.00317661700398937));
#8455=CARTESIAN_POINT('',(0.00368460706412518,-0.00455616168192032,-0.00316958734970081));
#8456=CARTESIAN_POINT('',(0.00421715422606448,-0.00406866611327123,-0.00315528868158669));
#8457=CARTESIAN_POINT('',(0.00446082810349322,-0.00380051022056968,-0.00314800913205226));
#8458=CARTESIAN_POINT('',(0.0050380160432756,-0.00303137593826384,-0.00312789355147604));
#8459=CARTESIAN_POINT('',(0.00532383153323092,-0.00249481977001711,-0.00311472297266975));
#8460=CARTESIAN_POINT('',(0.0055222439517713,-0.00192735783856299,-0.00310203669455151));
#8461=CARTESIAN_POINT('',(-0.00554070456394256,-0.00193023688992985,-0.00340981584484365));
#8462=CARTESIAN_POINT('',(-0.00546092532559832,-0.0021585355479375,-0.00340476987310885));
#8463=CARTESIAN_POINT('',(-0.00536713409660289,-0.00238191381533506,-0.00339965230472186));
#8464=CARTESIAN_POINT('',(-0.00509978627444471,-0.00292360367101532,-0.00338678949983252));
#8465=CARTESIAN_POINT('',(-0.00490980564528885,-0.0032333458170869,-0.00337900781793188));
#8466=CARTESIAN_POINT('',(-0.00447645571408459,-0.00381162650420477,-0.00336362805586184));
#8467=CARTESIAN_POINT('',(-0.00423306743287186,-0.0040805004302528,-0.00335603348375911));
#8468=CARTESIAN_POINT('',(-0.0038320961810716,-0.00444780677538432,-0.0033450432891432));
#8469=CARTESIAN_POINT('',(-0.00369239403889015,-0.00456425270423684,-0.00334145478483272));
#8470=CARTESIAN_POINT('',(-0.00340208984185052,-0.00478414417970593,-0.00333440899957644));
#8471=CARTESIAN_POINT('',(-0.00325156009959972,-0.00488757694635414,-0.00333094267767952));
#8472=CARTESIAN_POINT('',(-0.0027865207691772,-0.00517664569723146,-0.00332057336404737));
#8473=CARTESIAN_POINT('',(-0.00245858006139238,-0.00534101489756405,-0.00331369478514692));
#8474=CARTESIAN_POINT('',(-0.0014422996006568,-0.00573591564545837,-0.00329209044304579));
#8475=CARTESIAN_POINT('',(-0.000720839368477121,-0.00586950209117326,-0.0032765768880876));
#8476=CARTESIAN_POINT('',(0.00072654846295204,-0.00586631418187911,-0.00324593475568377));
#8477=CARTESIAN_POINT('',(0.00145216999246226,-0.00572999830725846,-0.00323077684276279));
#8478=CARTESIAN_POINT('',(0.00246640369846467,-0.005336958429399,-0.003208846726433));
#8479=CARTESIAN_POINT('',(0.00279188109530058,-0.00517409147689578,-0.00320170250321852));
#8480=CARTESIAN_POINT('',(0.00340696501966077,-0.00479086758207441,-0.00318754752799124));
#8481=CARTESIAN_POINT('',(0.00369671311874537,-0.00457076828060258,-0.00318051781093388));
#8482=CARTESIAN_POINT('',(0.00423097241057912,-0.00408166979515144,-0.00316621902701873));
#8483=CARTESIAN_POINT('',(0.00447542788599169,-0.00381263472704573,-0.00315893942578755));
#8484=CARTESIAN_POINT('',(0.00505445721343973,-0.00304098668568934,-0.00313882380107736));
#8485=CARTESIAN_POINT('',(0.00534117396457367,-0.00250268407137963,-0.00312565327527876));
#8486=CARTESIAN_POINT('',(0.00554020400260883,-0.00193337887506003,-0.00311296704914159));
#8487=CARTESIAN_POINT('',(-0.00555881077112971,-0.0019368135961139,-0.00342171458440088));
#8488=CARTESIAN_POINT('',(-0.00547875887285101,-0.00216586018384108,-0.00341666858253923));
#8489=CARTESIAN_POINT('',(-0.0053846491581997,-0.00238996963690212,-0.00341155098419327));
#8490=CARTESIAN_POINT('',(-0.00511639865103356,-0.00293342962791048,-0.00339868812740262));
#8491=CARTESIAN_POINT('',(-0.00492578075920291,-0.00324418082407645,-0.00339090643996188));
#8492=CARTESIAN_POINT('',(-0.00449098562232975,-0.00382433746988587,-0.00337552674394371));
#8493=CARTESIAN_POINT('',(-0.00424678909675187,-0.00409408002956678,-0.00336793223484569));
#8494=CARTESIAN_POINT('',(-0.00384449033563696,-0.00446257054064749,-0.00335694213795547));
#8495=CARTESIAN_POINT('',(-0.00370432632468007,-0.00457939146700755,-0.00335335366679036));
#8496=CARTESIAN_POINT('',(-0.00341306323806167,-0.00479999046162672,-0.00334630794174565));
#8497=CARTESIAN_POINT('',(-0.0032620366742618,-0.0049037556669665,-0.00334284164687677));
#8498=CARTESIAN_POINT('',(-0.00279546259096239,-0.00519375220133619,-0.00333247239379157));
#8499=CARTESIAN_POINT('',(-0.00246643966155401,-0.00535864709281921,-0.00332559382700845));
#8500=CARTESIAN_POINT('',(-0.00144679813254698,-0.00575480299311901,-0.00330398935417097));
#8501=CARTESIAN_POINT('',(-0.000722944749372386,-0.00588880107999029,-0.00328847551988014));
#8502=CARTESIAN_POINT('',(0.000729196451318253,-0.00588554733398521,-0.00325783337377776));
#8503=CARTESIAN_POINT('',(0.00145717900553825,-0.00574875551757085,-0.00324267569958329));
#8504=CARTESIAN_POINT('',(0.00247471568680961,-0.00535438096828695,-0.00322074572926369));
#8505=CARTESIAN_POINT('',(0.00280125431082906,-0.00519096410755666,-0.00321360150698593));
#8506=CARTESIAN_POINT('',(0.00341834535486436,-0.00480645215648678,-0.00319944645670576));
#8507=CARTESIAN_POINT('',(0.00370903934902519,-0.00458561564927455,-0.00319241667115055));
#8508=CARTESIAN_POINT('',(0.00424503931457693,-0.00409488498632127,-0.0031781177608502));
#8509=CARTESIAN_POINT('',(0.00449028929276502,-0.00382495486975405,-0.00317083810318876));
#8510=CARTESIAN_POINT('',(0.00507118972127251,-0.00305074825034939,-0.00315072243026529));
#8511=CARTESIAN_POINT('',(0.00535882154160614,-0.00251066856358115,-0.00313755196227153));
#8512=CARTESIAN_POINT('',(0.00555847808969793,-0.00193948803862726,-0.00312486579285594));
#8513=CARTESIAN_POINT('',(-0.00558577543903864,-0.00194688324854991,-0.00345187421416863));
#8514=CARTESIAN_POINT('',(-0.00550530516280891,-0.00217704558013051,-0.00344682813411552));
#8515=CARTESIAN_POINT('',(-0.00541070878508451,-0.00240224516244299,-0.00344171045792498));
#8516=CARTESIAN_POINT('',(-0.00514108407689704,-0.00294834124917579,-0.00342884746596883));
#8517=CARTESIAN_POINT('',(-0.00494950028455203,-0.00326059197045945,-0.00342106576360739));
#8518=CARTESIAN_POINT('',(-0.0045125232225108,-0.00384352843989791,-0.00340568623772412));
#8519=CARTESIAN_POINT('',(-0.00426710995592781,-0.00411455449836442,-0.00339809189148342));
#8520=CARTESIAN_POINT('',(-0.00386281678731351,-0.00448479222348868,-0.00338710204808135));
#8521=CARTESIAN_POINT('',(-0.00372195952945718,-0.00460216602867315,-0.00338351366305323));
#8522=CARTESIAN_POINT('',(-0.00342925806093273,-0.00482380752349323,-0.0033764680948185));
#8523=CARTESIAN_POINT('',(-0.00327748662187086,-0.0049280621836064,-0.00337300187050062));
#8524=CARTESIAN_POINT('',(-0.00280861158476674,-0.00521942331988686,-0.00336263277587372));
#8525=CARTESIAN_POINT('',(-0.00247796617962199,-0.00538508941394492,-0.00335575424154875));
#8526=CARTESIAN_POINT('',(-0.00145327814983632,-0.00578307801752113,-0.00333414943055966));
#8527=CARTESIAN_POINT('',(-0.000725824148430362,-0.00591766287275892,-0.00331863486993541));
#8528=CARTESIAN_POINT('',(0.000733420512999301,-0.00591425427373255,-0.00328799268582338));
#8529=CARTESIAN_POINT('',(0.00146490896283961,-0.00577672308963947,-0.00327283563007767));
#8530=CARTESIAN_POINT('',(0.00248735292343872,-0.00538030983022982,-0.00325090603864048));
#8531=CARTESIAN_POINT('',(0.00281546947572833,-0.00521605593473848,-0.00324376181910408));
#8532=CARTESIAN_POINT('',(0.00343554648142854,-0.00482958899506951,-0.00322960657500574));
#8533=CARTESIAN_POINT('',(0.00372764804780508,-0.00460763605913392,-0.00322257661229815));
#8534=CARTESIAN_POINT('',(0.00426623478375962,-0.00411443967576301,-0.00320827737492949));
#8535=CARTESIAN_POINT('',(0.00451266345545043,-0.00384316019821851,-0.00320099757111809));
#8536=CARTESIAN_POINT('',(0.00509632881020064,-0.0030651052164835,-0.00318088177280223));
#8537=CARTESIAN_POINT('',(0.00538530113124231,-0.00252236070136936,-0.0031677114537456));
#8538=CARTESIAN_POINT('',(0.00558586637123124,-0.00194837214473036,-0.00315502543097459));
#8539=CARTESIAN_POINT('',(-0.00559412321665371,-0.00195017720977371,-0.00346918994096303));
#8540=CARTESIAN_POINT('',(-0.00551351551650247,-0.00218068616769156,-0.00346414381551445));
#8541=CARTESIAN_POINT('',(-0.0054187605498857,-0.00240622401131025,-0.00345902609409925));
#8542=CARTESIAN_POINT('',(-0.00514869125002356,-0.0029531361359422,-0.00344616302351165));
#8543=CARTESIAN_POINT('',(-0.00495679761980776,-0.00326584902908247,-0.00343838131230101));
#8544=CARTESIAN_POINT('',(-0.0045191260529735,-0.00384963713564556,-0.00342300188474587));
#8545=CARTESIAN_POINT('',(-0.00427332772612887,-0.00412105405504314,-0.00341540763282559));
#8546=CARTESIAN_POINT('',(-0.00386840595468531,-0.00449182222775126,-0.00340441793653899));
#8547=CARTESIAN_POINT('',(-0.00372733061063816,-0.00460936361113781,-0.00340082960155762));
#8548=CARTESIAN_POINT('',(-0.00343417720250068,-0.00483132067881355,-0.00339378412454656));
#8549=CARTESIAN_POINT('',(-0.00328217196669799,-0.00493572325438016,-0.00339031794132695));
#8550=CARTESIAN_POINT('',(-0.00281257476697645,-0.00522749587874531,-0.00337994893914874));
#8551=CARTESIAN_POINT('',(-0.00248142015974863,-0.00539339322958245,-0.00337307042401557));
#8552=CARTESIAN_POINT('',(-0.00145514350658215,-0.00579192577316605,-0.003351465417107));
#8553=CARTESIAN_POINT('',(-0.000726551330968587,-0.00592667543350577,-0.00333595043433102));
#8554=CARTESIAN_POINT('',(0.000734908152620427,-0.00592318245883655,-0.00330530822730537));
#8555=CARTESIAN_POINT('',(0.00146747538358218,-0.00578540277006004,-0.00329015153021709));
#8556=CARTESIAN_POINT('',(0.00249143106043639,-0.0053883256172832,-0.00326822215872165));
#8557=CARTESIAN_POINT('',(0.00282003450481225,-0.00522380099147448,-0.00326107794088372));
#8558=CARTESIAN_POINT('',(0.00344103389606356,-0.00483670524996777,-0.00324692258459659));
#8559=CARTESIAN_POINT('',(0.00373357051484955,-0.0046143947927762,-0.00323989251925617));
#8560=CARTESIAN_POINT('',(0.00427295452308651,-0.00412041261727628,-0.00322559309233042));
#8561=CARTESIAN_POINT('',(0.00451974519820976,-0.00384870487623246,-0.00321831320377571));
#8562=CARTESIAN_POINT('',(0.00510425266300579,-0.00306943413681203,-0.00319819733257172));
#8563=CARTESIAN_POINT('',(0.00539362569711654,-0.00252585288564451,-0.00318502709960767));
#8564=CARTESIAN_POINT('',(0.00559445664082141,-0.0019509852640078,-0.00317234116177703));
#8565=CARTESIAN_POINT('',(-0.0055937478325687,-0.00195079888153722,-0.00350319528750692));
#8566=CARTESIAN_POINT('',(-0.0055131118659119,-0.0021812975368844,-0.00349814907297708));
#8567=CARTESIAN_POINT('',(-0.00541832947503134,-0.00240682355680529,-0.00349303126275821));
#8568=CARTESIAN_POINT('',(-0.00514819662494991,-0.00295369876855609,-0.00348016803757038));
#8569=CARTESIAN_POINT('',(-0.00495626979084063,-0.00326638192332548,-0.00347238630864308));
#8570=CARTESIAN_POINT('',(-0.00451854653458882,-0.00385009272949327,-0.00345700707320001));
#8571=CARTESIAN_POINT('',(-0.00427272899231808,-0.00412146378951222,-0.00344941300593671));
#8572=CARTESIAN_POINT('',(-0.00386778678940162,-0.00449216251158101,-0.00343842359824313));
#8573=CARTESIAN_POINT('',(-0.00372670612671248,-0.00460968073723363,-0.00343483536154265));
#8574=CARTESIAN_POINT('',(-0.00343354408287818,-0.00483159236930038,-0.00342779006389112));
#8575=CARTESIAN_POINT('',(-0.00328153542398766,-0.00493597255015168,-0.00342432396158116));
#8576=CARTESIAN_POINT('',(-0.00281192785006928,-0.00522767885180376,-0.00341395514167096));
#8577=CARTESIAN_POINT('',(-0.00248076600483818,-0.00539353313353713,-0.003407076664853));
#8578=CARTESIAN_POINT('',(-0.00145444605960202,-0.0057919390689851,-0.00338547127423804));
#8579=CARTESIAN_POINT('',(-0.000725802673471108,-0.00592660788091167,-0.00336995546218094));
#8580=CARTESIAN_POINT('',(0.000735625733064738,-0.00592295985818741,-0.00333931320859773));
#8581=CARTESIAN_POINT('',(0.00146811575962439,-0.00578510584606369,-0.00332415721457459));
#8582=CARTESIAN_POINT('',(0.00249197080697589,-0.00538791578744479,-0.00330222827463161));
#8583=CARTESIAN_POINT('',(0.00282054535506613,-0.00522335276785895,-0.00329508406032799));
#8584=CARTESIAN_POINT('',(0.00344149448762002,-0.0048361825401183,-0.00328092848452075));
#8585=CARTESIAN_POINT('',(0.00373400846337796,-0.00461383630599809,-0.00327389821818695));
#8586=CARTESIAN_POINT('',(0.00427334116553827,-0.00411979160217278,-0.00325959841990414));
#8587=CARTESIAN_POINT('',(0.00452010292487922,-0.00384805723500014,-0.00325231836525525));
#8588=CARTESIAN_POINT('',(0.00510451209199482,-0.00306873490999349,-0.003232202350852));
#8589=CARTESIAN_POINT('',(0.00539380484271209,-0.00252514004611018,-0.00321903228612374));
#8590=CARTESIAN_POINT('',(0.00559455578010334,-0.00195026945315872,-0.00320634651460437));
#8591=CARTESIAN_POINT('',(-0.00558502590293119,-0.00194814065314004,-0.00352050085921006));
#8592=CARTESIAN_POINT('',(-0.00550449846596496,-0.00217828252392628,-0.00351545459926957));
#8593=CARTESIAN_POINT('',(-0.00540984660692999,-0.00240345856849728,-0.00351033674375223));
#8594=CARTESIAN_POINT('',(-0.00514009325943889,-0.0029494809460657,-0.00349747343960222));
#8595=CARTESIAN_POINT('',(-0.00494844218233281,-0.00326167210088399,-0.00348969170146447));
#8596=CARTESIAN_POINT('',(-0.00451136017667973,-0.0038444534073822,-0.00347431256352523));
#8597=CARTESIAN_POINT('',(-0.00426590777820118,-0.0041153873060066,-0.00346671859017395));
#8598=CARTESIAN_POINT('',(-0.00386157279509466,-0.00448548540406082,-0.00345572932954584));
#8599=CARTESIAN_POINT('',(-0.00372070460103962,-0.00460281264303088,-0.00345214114298245));
#8600=CARTESIAN_POINT('',(-0.00342798528376464,-0.00482436276224576,-0.00344509593693961));
#8601=CARTESIAN_POINT('',(-0.003276206718268,-0.00492857237715187,-0.0034416298760076));
#8602=CARTESIAN_POINT('',(-0.00280731007060612,-0.00521980008552769,-0.0034312611494458));
#8603=CARTESIAN_POINT('',(-0.00247664958289424,-0.00538537949942753,-0.00342438269249303));
#8604=CARTESIAN_POINT('',(-0.00145187271134085,-0.0057831131657079,-0.00340277710666158));
#8605=CARTESIAN_POINT('',(-0.000724314315265047,-0.00591753505333698,-0.00338726087141819));
#8606=CARTESIAN_POINT('',(0.000734869727251863,-0.00591381354456178,-0.00335661859328975));
#8607=CARTESIAN_POINT('',(0.00146620342149461,-0.00577613216936831,-0.00334146295728756));
#8608=CARTESIAN_POINT('',(0.00248844577042472,-0.0053794904828104,-0.00331953423731126));
#8609=CARTESIAN_POINT('',(0.00281650447853531,-0.00521515886807941,-0.00331239002491188));
#8610=CARTESIAN_POINT('',(0.00343648094814029,-0.0048285410510093,-0.00329823433752277));
#8611=CARTESIAN_POINT('',(0.00372853723836958,-0.00460651559404988,-0.00329120396893662));
#8612=CARTESIAN_POINT('',(0.00426702120731741,-0.0041131923123049,-0.00327690398166335));
#8613=CARTESIAN_POINT('',(0.00451339187802061,-0.00384185871016175,-0.00326962384244755));
#8614=CARTESIAN_POINT('',(0.00509685969603133,-0.0030636985040672,-0.00324950775496047));
#8615=CARTESIAN_POINT('',(0.00538567041140391,-0.00252092573644339,-0.003236337775633));
#8616=CARTESIAN_POINT('',(0.00558607447780163,-0.00194693035793879,-0.0032236520887048));
#8617=CARTESIAN_POINT('',(-0.00555749484489385,-0.00193920625772673,-0.0035505629086985));
#8618=CARTESIAN_POINT('',(-0.00547733430964892,-0.00216821819404986,-0.00354551657068219));
#8619=CARTESIAN_POINT('',(-0.00538311888018669,-0.00239228713745594,-0.0035403986372293));
#8620=CARTESIAN_POINT('',(-0.00511462243931946,-0.0029356176684685,-0.00352753519704447));
#8621=CARTESIAN_POINT('',(-0.00492387508485946,-0.00324626213322357,-0.00351975344274983));
#8622=CARTESIAN_POINT('',(-0.00448887576556034,-0.00382613698814854,-0.00350437447168344));
#8623=CARTESIAN_POINT('',(-0.00424460175426571,-0.00409571094639412,-0.0034967806594034));
#8624=CARTESIAN_POINT('',(-0.00384221787211128,-0.00446394535688644,-0.00348579165154027));
#8625=CARTESIAN_POINT('',(-0.00370203102413636,-0.0045806807728226,-0.00348220355124494));
#8626=CARTESIAN_POINT('',(-0.0034107296384102,-0.00480111183081126,-0.00347515850302523));
#8627=CARTESIAN_POINT('',(-0.00325968721213294,-0.00490479416698014,-0.00347169251347385));
#8628=CARTESIAN_POINT('',(-0.00279306488554962,-0.00519454495034307,-0.00346132394818723));
#8629=CARTESIAN_POINT('',(-0.00246400823038006,-0.00535927980617253,-0.00345444552598701));
#8630=CARTESIAN_POINT('',(-0.00144418313962325,-0.00575496356366961,-0.00343283960520306));
#8631=CARTESIAN_POINT('',(-0.000720121855389216,-0.0058886578778542,-0.00341732264156284));
#8632=CARTESIAN_POINT('',(0.000731929394726377,-0.00588481657753166,-0.00338668031977761));
#8633=CARTESIAN_POINT('',(0.00145963335211149,-0.00574774051994419,-0.00337152529865296));
#8634=CARTESIAN_POINT('',(0.00247680822217143,-0.0053529306056469,-0.00334959695682804));
#8635=CARTESIAN_POINT('',(0.00280324360828608,-0.00518936513794241,-0.00334245274788657));
#8636=CARTESIAN_POINT('',(0.00342015603447162,-0.00480456358953322,-0.00332829686922919));
#8637=CARTESIAN_POINT('',(0.00371076979897551,-0.00458358729237082,-0.00332126632520953));
#8638=CARTESIAN_POINT('',(0.00424658562540615,-0.00409261030872136,-0.00330696601356432));
#8639=CARTESIAN_POINT('',(0.00449173073541071,-0.00382257413535331,-0.00329968572913374));
#8640=CARTESIAN_POINT('',(0.00507226982769242,-0.0030481572295613,-0.00327956951583807));
#8641=CARTESIAN_POINT('',(0.00535960295313687,-0.00250801562096334,-0.00326639968269671));
#8642=CARTESIAN_POINT('',(0.00555896017180796,-0.00193681289997401,-0.00325371414087006));
#8643=CARTESIAN_POINT('',(-0.00553922134497328,-0.00193309617681834,-0.00356238494537225));
#8644=CARTESIAN_POINT('',(-0.00545931238958276,-0.00216135689342576,-0.00355733857732596));
#8645=CARTESIAN_POINT('',(-0.00536539471407824,-0.00238469021603706,-0.00355222061386296));
#8646=CARTESIAN_POINT('',(-0.00509775206296467,-0.00292623410777731,-0.00353935712117868));
#8647=CARTESIAN_POINT('',(-0.00490761556553745,-0.00323585406393229,-0.00353157536046138));
#8648=CARTESIAN_POINT('',(-0.00447401799604839,-0.00381380890538932,-0.00351619645308042));
#8649=CARTESIAN_POINT('',(-0.00423053466949671,-0.00408248682729347,-0.00350860270249692));
#8650=CARTESIAN_POINT('',(-0.00382945719868593,-0.00444949489164877,-0.00349761379179617));
#8651=CARTESIAN_POINT('',(-0.00368972612436811,-0.00456584114252216,-0.00349402572472457));
#8652=CARTESIAN_POINT('',(-0.00339937264830677,-0.00478553673819222,-0.00348698073741379));
#8653=CARTESIAN_POINT('',(-0.00324882208604466,-0.00488887277833309,-0.00348351477547174));
#8654=CARTESIAN_POINT('',(-0.00278371933706471,-0.0051776544450071,-0.00347314627272065));
#8655=CARTESIAN_POINT('',(-0.00245573425649707,-0.00534183637024276,-0.0034662678642748));
#8656=CARTESIAN_POINT('',(-0.00143922268667316,-0.00573618339602053,-0.00344466181510601));
#8657=CARTESIAN_POINT('',(-0.000717506515207491,-0.00586941195312504,-0.00342914457078624));
#8658=CARTESIAN_POINT('',(0.000729794389906968,-0.00586552827417436,-0.00339850223126562));
#8659=CARTESIAN_POINT('',(0.0014550958494246,-0.00572887398082797,-0.00338334744619932));
#8660=CARTESIAN_POINT('',(0.00246891485711837,-0.00533531326418762,-0.00336141924979302));
#8661=CARTESIAN_POINT('',(0.00279427441392783,-0.00517226814115355,-0.00335427504230086));
#8662=CARTESIAN_POINT('',(0.00340915515992803,-0.00478869614689717,-0.00334011909045118));
#8663=CARTESIAN_POINT('',(0.00369881217998991,-0.0045684283413597,-0.00333308847919631));
#8664=CARTESIAN_POINT('',(0.004232860662044,-0.00407903156847772,-0.00331878804315536));
#8665=CARTESIAN_POINT('',(0.00447719527071056,-0.00380986727771156,-0.0033115077029904));
#8666=CARTESIAN_POINT('',(0.00505580457328313,-0.00303795979342329,-0.00329139144120592));
#8667=CARTESIAN_POINT('',(0.00534217151722823,-0.00249957657241758,-0.00327822166387273));
#8668=CARTESIAN_POINT('',(0.00554084981017763,-0.00193023738943986,-0.00326553617763648));
#8669=CARTESIAN_POINT('',(-0.00552128340625454,-0.00192708312618632,-0.00357330442056829));
#8670=CARTESIAN_POINT('',(-0.00544162208873499,-0.00215460631326774,-0.00356825802485057));
#8671=CARTESIAN_POINT('',(-0.00534799737945204,-0.00237721745619855,-0.00356314003372906));
#8672=CARTESIAN_POINT('',(-0.00508119448437108,-0.00291700752058443,-0.00355027649264091));
#8673=CARTESIAN_POINT('',(-0.0048916585553981,-0.00322562195788922,-0.00354249472597289));
#8674=CARTESIAN_POINT('',(-0.00445943863117502,-0.00380169281378622,-0.00352711587719744));
#8675=CARTESIAN_POINT('',(-0.00421673219161688,-0.00406949171232674,-0.0035195221834246));
#8676=CARTESIAN_POINT('',(-0.00381693810410495,-0.00443529685150682,-0.00350853336224584));
#8677=CARTESIAN_POINT('',(-0.00367765473265097,-0.00455126139250182,-0.00350494532579518));
#8678=CARTESIAN_POINT('',(-0.00338823233107863,-0.00477023564903006,-0.00349790039464165));
#8679=CARTESIAN_POINT('',(-0.00323816487550925,-0.00487323206346888,-0.00349443445816475));
#8680=CARTESIAN_POINT('',(-0.00277455464454236,-0.00516106335422833,-0.0034840660131166));
#8681=CARTESIAN_POINT('',(-0.0024476220546175,-0.00532470314700323,-0.00347718761740548));
#8682=CARTESIAN_POINT('',(-0.00143436541833478,-0.00571773999672261,-0.00345558145000546));
#8683=CARTESIAN_POINT('',(-0.000714953311822108,-0.00585051278694028,-0.00344006394696996));
#8684=CARTESIAN_POINT('',(0.000727683133556091,-0.00584659063704497,-0.00340942159095914));
#8685=CARTESIAN_POINT('',(0.0014506267803377,-0.00571035205597311,-0.00339426702334157));
#8686=CARTESIAN_POINT('',(0.00246115219371586,-0.00531802041620883,-0.00337233896092794));
#8687=CARTESIAN_POINT('',(0.00278545581434873,-0.00515548707932704,-0.00336519475478985));
#8688=CARTESIAN_POINT('',(0.00339834235962731,-0.00477312408347112,-0.00335103873555545));
#8689=CARTESIAN_POINT('',(0.00368706026368608,-0.00455355277904967,-0.00334400806238396));
#8690=CARTESIAN_POINT('',(0.00421937415819065,-0.00406570912360604,-0.00332970751177507));
#8691=CARTESIAN_POINT('',(0.00446291339729212,-0.00379740160719244,-0.00332242712027189));
#8692=CARTESIAN_POINT('',(0.00503962953817788,-0.0030279595553718,-0.00330231081379142));
#8693=CARTESIAN_POINT('',(0.00532504927143527,-0.00249130344352061,-0.00328914108781752));
#8694=CARTESIAN_POINT('',(0.00552306244851507,-0.00192379441665772,-0.00327645565277106));
#8695=CARTESIAN_POINT('',(0.0054937822173509,-0.00200801852520548,-0.0031040648485611));
#8696=CARTESIAN_POINT('',(0.0054937822173509,-0.00205845662329405,-0.0031150798566353));
#8697=CARTESIAN_POINT('',(0.0054937822173509,-0.00208544311557582,-0.00311786769136131));
#8698=CARTESIAN_POINT('',(0.0054937822173509,-0.0022049578763742,-0.00316395939678079));
#8699=CARTESIAN_POINT('',(0.0054937822173509,-0.00222384534270182,-0.00319377116745239));
#8700=CARTESIAN_POINT('',(0.0054937822173509,-0.00220817029768995,-0.00322449308379209));
#8701=CARTESIAN_POINT('',(0.0054937822173509,-0.00208586284045478,-0.00326724727132135));
#8702=CARTESIAN_POINT('',(0.0054937822173509,-0.00205975126842451,-0.00326864232798557));
#8703=CARTESIAN_POINT('',(0.0054937822173509,-0.002009685840634,-0.00327759223724313));
#8704=CARTESIAN_POINT('',(-0.0054937822173509,-0.00200831082799764,-0.00357063500381241));
#8705=CARTESIAN_POINT('',(-0.0054937822173509,-0.00205775893550496,-0.00355983385124634));
#8706=CARTESIAN_POINT('',(-0.0054937822173509,-0.00208474575913869,-0.00355697296521106));
#8707=CARTESIAN_POINT('',(-0.0054937822173509,-0.00220285446015174,-0.00351126153265761));
#8708=CARTESIAN_POINT('',(-0.0054937822173509,-0.00222205190454708,-0.0034818793266671));
#8709=CARTESIAN_POINT('',(-0.0054937822173509,-0.0022068190860879,-0.00345077568693662));
#8710=CARTESIAN_POINT('',(-0.0054937822173509,-0.0020834678155021,-0.00340775046105226));
#8711=CARTESIAN_POINT('',(-0.0054937822173509,-0.00205739478785117,-0.00340640896275692));
#8712=CARTESIAN_POINT('',(-0.0054937822173509,-0.00200669977850972,-0.00339734167769735));
#8713=CARTESIAN_POINT('',(-0.00552296025929463,-0.00192538390211591,-0.0026488042987893));
#8714=CARTESIAN_POINT('',(-0.00532474703539868,-0.00249297854410395,-0.0026361709740144));
#8715=CARTESIAN_POINT('',(-0.00503882505242537,-0.00303007815434417,-0.00262293372957422));
#8716=CARTESIAN_POINT('',(-0.00446103507391571,-0.00380037721580651,-0.00260265678550419));
#8717=CARTESIAN_POINT('',(-0.0042169170187104,-0.00406897349368619,-0.0025953236618088));
#8718=CARTESIAN_POINT('',(-0.00368290634864297,-0.00455700709809577,-0.00258103539959125));
#8719=CARTESIAN_POINT('',(-0.00339320764818023,-0.00477656165524092,-0.00257404537814762));
#8720=CARTESIAN_POINT('',(-0.00277890609419337,-0.00515894337637632,-0.00255996479953345));
#8721=CARTESIAN_POINT('',(-0.00245427373683077,-0.00532166343859568,-0.0025528623206042));
#8722=CARTESIAN_POINT('',(-0.00144394580839074,-0.00571375966910257,-0.0025308723713642));
#8723=CARTESIAN_POINT('',(-0.000722246023883189,-0.00584862063607242,-0.00251547478426981));
#8724=CARTESIAN_POINT('',(0.000720752600616503,-0.00584944217122836,-0.00248512102691828));
#8725=CARTESIAN_POINT('',(0.00144197594240994,-0.00571363071966486,-0.00247025692109057));
#8726=CARTESIAN_POINT('',(0.00245210153520837,-0.00532250846038688,-0.0024483711896951));
#8727=CARTESIAN_POINT('',(0.00277678407474922,-0.00516075245494037,-0.00244114803501697));
#8728=CARTESIAN_POINT('',(0.0036977464428612,-0.00458797718197446,-0.00241959696241958));
#8729=CARTESIAN_POINT('',(0.00424156340463452,-0.00409110550151175,-0.00240533379041809));
#8730=CARTESIAN_POINT('',(0.00489340559383301,-0.00322476741497549,-0.00238289510756003));
#8731=CARTESIAN_POINT('',(0.00508313933341116,-0.00291569169235401,-0.00237521555806563));
#8732=CARTESIAN_POINT('',(0.00534953581933675,-0.00237615246140925,-0.00236238816173762));
#8733=CARTESIAN_POINT('',(0.00544282050351949,-0.0021538336483759,-0.00235725116216081));
#8734=CARTESIAN_POINT('',(0.00552216269624871,-0.00192669999029848,-0.0023521654269883));
#8735=CARTESIAN_POINT('',(-0.0055407669664398,-0.00193184009780535,-0.00265973464007941));
#8736=CARTESIAN_POINT('',(-0.00534188790965576,-0.00250126653557922,-0.00264710127400153));
#8737=CARTESIAN_POINT('',(-0.00505501625575375,-0.00304009516206573,-0.00263386399676678));
#8738=CARTESIAN_POINT('',(-0.00447532597516737,-0.0038128649423876,-0.00261358708667778));
#8739=CARTESIAN_POINT('',(-0.00423040879442633,-0.00408232034384882,-0.00260625400048405));
#8740=CARTESIAN_POINT('',(-0.00369465480042431,-0.0045719104768191,-0.00259196583003153));
#8741=CARTESIAN_POINT('',(-0.00340401232748497,-0.00479216288346466,-0.00258497586011386));
#8742=CARTESIAN_POINT('',(-0.00278770995405471,-0.00517575567307467,-0.00257089534383609));
#8743=CARTESIAN_POINT('',(-0.00246202030769834,-0.00533898862935325,-0.00256379287333504));
#8744=CARTESIAN_POINT('',(-0.00144839867333957,-0.00573231311391599,-0.00254180282657182));
#8745=CARTESIAN_POINT('',(-0.000724344132822795,-0.00586758371121824,-0.0025264050451672));
#8746=CARTESIAN_POINT('',(0.000723329038957369,-0.00586835704581508,-0.0024960512609991));
#8747=CARTESIAN_POINT('',(0.0014468680881207,-0.00573208251813851,-0.00248118738315068));
#8748=CARTESIAN_POINT('',(0.00246023661225641,-0.0053396556386176,-0.0024593018380914));
#8749=CARTESIAN_POINT('',(0.00278596194883255,-0.00517736244090329,-0.00245207871113379));
#8750=CARTESIAN_POINT('',(0.00370988786861678,-0.00460269011369673,-0.00243052754840648));
#8751=CARTESIAN_POINT('',(0.00425545970956378,-0.00410417972466153,-0.00241626413810202));
#8752=CARTESIAN_POINT('',(0.0049093861690819,-0.00323500844666511,-0.00239382534657177));
#8753=CARTESIAN_POINT('',(0.00509972222643138,-0.00292492565519951,-0.0023861458087685));
#8754=CARTESIAN_POINT('',(0.00536695831617557,-0.00238363206689751,-0.00237331846638719));
#8755=CARTESIAN_POINT('',(0.00546053510128716,-0.00216059127691085,-0.0023681814972154));
#8756=CARTESIAN_POINT('',(0.00554012397095652,-0.00193272049992182,-0.00236309579244611));
#8757=CARTESIAN_POINT('',(-0.00555887423380494,-0.00193842263947369,-0.00267163336941858));
#8758=CARTESIAN_POINT('',(-0.00535931622587145,-0.00250971191350537,-0.00265899995821923));
#8759=CARTESIAN_POINT('',(-0.00507147691995122,-0.00305029854811374,-0.00264576264510575));
#8760=CARTESIAN_POINT('',(-0.00448985164602123,-0.00382557986236759,-0.00262548577207815));
#8761=CARTESIAN_POINT('',(-0.00424412101177305,-0.00409590841711827,-0.00261815272683785));
#8762=CARTESIAN_POINT('',(-0.00370659276802966,-0.00458708018663399,-0.0026038646566235));
#8763=CARTESIAN_POINT('',(-0.0034149899177664,-0.00480804153253763,-0.0025968747429994));
#8764=CARTESIAN_POINT('',(-0.00279665154963205,-0.00519286432285379,-0.00258279429484418));
#8765=CARTESIAN_POINT('',(-0.00246988602941232,-0.00535661801105593,-0.00257569183357019));
#8766=CARTESIAN_POINT('',(-0.00145291256239446,-0.00575118894560412,-0.00255370168034286));
#8767=CARTESIAN_POINT('',(-0.000726461560910674,-0.00588687428030654,-0.00253830368672657));
#8768=CARTESIAN_POINT('',(0.000725966639752124,-0.00588759503649793,-0.00250794987315777));
#8769=CARTESIAN_POINT('',(0.00145185983786841,-0.00575084790576839,-0.00249308624416162));
#8770=CARTESIAN_POINT('',(0.00246852507535476,-0.00535709138293138,-0.00247120090253039));
#8771=CARTESIAN_POINT('',(0.00279531052796106,-0.00519425083812498,-0.00246397780584631));
#8772=CARTESIAN_POINT('',(0.00372224959589633,-0.00461764590201605,-0.00244242654477874));
#8773=CARTESIAN_POINT('',(0.00426960600866556,-0.00411746652794602,-0.00242816287437714));
#8774=CARTESIAN_POINT('',(0.00492565069617523,-0.0032454114082128,-0.00240572396420409));
#8775=CARTESIAN_POINT('',(0.00511659858531282,-0.0029343038080491,-0.0023980444391441));
#8776=CARTESIAN_POINT('',(0.00538468711569538,-0.00239122521743932,-0.00238521715561878));
#8777=CARTESIAN_POINT('',(0.0054785603335108,-0.00216744990400099,-0.00238008021962391));
#8778=CARTESIAN_POINT('',(0.00555839941184439,-0.00193882923320342,-0.00237499454803304));
#8779=CARTESIAN_POINT('',(-0.00558584131286064,-0.00194850164846147,-0.00270179297226504));
#8780=CARTESIAN_POINT('',(-0.00538524233610939,-0.00252256717796026,-0.00268915944370136));
#8781=CARTESIAN_POINT('',(-0.00509593095503487,-0.00306576897858511,-0.0026759220365512));
#8782=CARTESIAN_POINT('',(-0.00451138239028087,-0.00384477660008766,-0.00265564525908708));
#8783=CARTESIAN_POINT('',(-0.00426442695490298,-0.00411639803661311,-0.00264831232015605));
#8784=CARTESIAN_POINT('',(-0.00372423250301683,-0.00460990679646634,-0.00263402451052197));
#8785=CARTESIAN_POINT('',(-0.00343118864477514,-0.00483191299506758,-0.0026270347433717));
#8786=CARTESIAN_POINT('',(-0.00280979578694393,-0.00521854363190162,-0.00261295447272145));
#8787=CARTESIAN_POINT('',(-0.00248141623863178,-0.00538305983845938,-0.00260585203571825));
#8788=CARTESIAN_POINT('',(-0.00145941070948571,-0.00577944692620453,-0.00258386160659623));
#8789=CARTESIAN_POINT('',(-0.000729359597005784,-0.00591572136937849,-0.00256846306186599));
#8790=CARTESIAN_POINT('',(0.000730175252542659,-0.00591630728679795,-0.00253810917038652));
#8791=CARTESIAN_POINT('',(0.00145956417879337,-0.00577882903793315,-0.00252324618587284));
#8792=CARTESIAN_POINT('',(0.0024811240093575,-0.0053830445294048,-0.0025013613715166));
#8793=CARTESIAN_POINT('',(0.0028094838098794,-0.00521937154612675,-0.00249413835344222));
#8794=CARTESIAN_POINT('',(0.00374090364723345,-0.00463983233796041,-0.00247258683825961));
#8795=CARTESIAN_POINT('',(0.00429091903505971,-0.00413712595196962,-0.00245832249458048));
#8796=CARTESIAN_POINT('',(0.00495009900580392,-0.00326073112532963,-0.00243588327685443));
#8797=CARTESIAN_POINT('',(0.00514194772672879,-0.00294808551883891,-0.00242820378455205));
#8798=CARTESIAN_POINT('',(0.00541128457946629,-0.00240233212696764,-0.00241537665304341));
#8799=CARTESIAN_POINT('',(0.00550558975890127,-0.00217745716575175,-0.00241023980280787));
#8800=CARTESIAN_POINT('',(0.00558579142950094,-0.00194771438675202,-0.00240515421702751));
#8801=CARTESIAN_POINT('',(-0.00559419037079208,-0.00195179893348502,-0.00271910868329138));
#8802=CARTESIAN_POINT('',(-0.00539324998846349,-0.00252672524192558,-0.00270647508650162));
#8803=CARTESIAN_POINT('',(-0.00510346299586626,-0.00307073476064204,-0.00269323762444089));
#8804=CARTESIAN_POINT('',(-0.00451798274844586,-0.00385088700367463,-0.0026729609022421));
#8805=CARTESIAN_POINT('',(-0.0042706395636952,-0.00412290390703663,-0.00266562802503727));
#8806=CARTESIAN_POINT('',(-0.00372960436725268,-0.00461712431519684,-0.0026513403668329));
#8807=CARTESIAN_POINT('',(-0.00343610749315656,-0.00483944696736426,-0.0026443506848479));
#8808=CARTESIAN_POINT('',(-0.00281375466205196,-0.00522662193050793,-0.00263027051749227));
#8809=CARTESIAN_POINT('',(-0.00248486788172121,-0.00539136587242305,-0.00262316809469111));
#8810=CARTESIAN_POINT('',(-0.00146127863802641,-0.0057882894738593,-0.0026011775055394));
#8811=CARTESIAN_POINT('',(-0.000730092995396046,-0.00592472798966999,-0.00258577864073349));
#8812=CARTESIAN_POINT('',(0.000731658122906705,-0.00592523590027349,-0.002555424703469));
#8813=CARTESIAN_POINT('',(0.00146212272878912,-0.0057875138027828,-0.00254056209264215));
#8814=CARTESIAN_POINT('',(0.0024851881924223,-0.00539107079666151,-0.00251867758416247));
#8815=CARTESIAN_POINT('',(0.00281403254148846,-0.00522712900756786,-0.0025114546117393));
#8816=CARTESIAN_POINT('',(0.00374683533650051,-0.00464664539611369,-0.00248990294941086));
#8817=CARTESIAN_POINT('',(0.0042976747306455,-0.00414313008982919,-0.00247563821546184));
#8818=CARTESIAN_POINT('',(0.00495781295757192,-0.00326536293923568,-0.00245319881930904));
#8819=CARTESIAN_POINT('',(0.00514993392841667,-0.00295223361844292,-0.00244551934591557));
#8820=CARTESIAN_POINT('',(0.00541964365733568,-0.00240564158118585,-0.00243269230240852));
#8821=CARTESIAN_POINT('',(0.00551407647031332,-0.00218042249492095,-0.0024275555018421));
#8822=CARTESIAN_POINT('',(0.00559438395887028,-0.0019503289132538,-0.00242246996577689));
#8823=CARTESIAN_POINT('',(-0.00559381725689452,-0.00195242231751489,-0.00275311399863247));
#8824=CARTESIAN_POINT('',(-0.00539280878538129,-0.0025273155868075,-0.00274048026779426));
#8825=CARTESIAN_POINT('',(-0.00510295649843371,-0.00307128054425441,-0.00272724269738569));
#8826=CARTESIAN_POINT('',(-0.00451740181607802,-0.00385134218208953,-0.00270696608322997));
#8827=CARTESIAN_POINT('',(-0.0042700386933941,-0.00412332043516908,-0.00269963332716499));
#8828=CARTESIAN_POINT('',(-0.00372897445186807,-0.0046174572127032,-0.0026853459663901));
#8829=CARTESIAN_POINT('',(-0.00343546784291666,-0.00483973505432418,-0.00267835645176769));
#8830=CARTESIAN_POINT('',(-0.0028130955842091,-0.00522681861644429,-0.00266427648756463));
#8831=CARTESIAN_POINT('',(-0.00248419866376708,-0.00539151601692306,-0.00265717409284193));
#8832=CARTESIAN_POINT('',(-0.00146056781842431,-0.00578830330501771,-0.00263518318993263));
#8833=CARTESIAN_POINT('',(-0.00072934600208479,-0.0059246546507322,-0.00261978369681063));
#8834=CARTESIAN_POINT('',(0.000732375977601583,-0.00592500798060836,-0.00258942966866013));
#8835=CARTESIAN_POINT('',(0.00146276371808989,-0.0057872205149363,-0.00257456779023129));
#8836=CARTESIAN_POINT('',(0.00248571942588528,-0.00539067340743882,-0.0025526838815284));
#8837=CARTESIAN_POINT('',(0.00281452959900948,-0.00522669532351917,-0.00254546099871266));
#8838=CARTESIAN_POINT('',(0.00374725186293059,-0.00464609721651177,-0.00252390904835963));
#8839=CARTESIAN_POINT('',(0.00429805785034791,-0.00414250231898403,-0.00250964354972406));
#8840=CARTESIAN_POINT('',(0.00495809905476273,-0.00326467120557618,-0.00248720380368008));
#8841=CARTESIAN_POINT('',(0.00515017887218463,-0.00295153061277271,-0.00247952436718682));
#8842=CARTESIAN_POINT('',(0.00541981262002787,-0.00240493018553189,-0.00246669749588968));
#8843=CARTESIAN_POINT('',(0.00551421312535734,-0.00217971047000332,-0.00246156079256502));
#8844=CARTESIAN_POINT('',(0.00559448780476087,-0.00194961776133334,-0.00245647535386255));
#8845=CARTESIAN_POINT('',(-0.00558509635835669,-0.00194976251089159,-0.00277041955429674));
#8846=CARTESIAN_POINT('',(-0.00538435968139524,-0.00252376218907883,-0.00275778575504066));
#8847=CARTESIAN_POINT('',(-0.00509491611281214,-0.00306687484105271,-0.00274454812909702));
#8848=CARTESIAN_POINT('',(-0.00451021648922739,-0.00384570073099217,-0.00272427156981109));
#8849=CARTESIAN_POINT('',(-0.00426322046167949,-0.00411724455735204,-0.00271693887550529));
#8850=CARTESIAN_POINT('',(-0.00372296661665715,-0.00461058525055996,-0.00270265166648915));
#8851=CARTESIAN_POINT('',(-0.00342990269094958,-0.00483250133552514,-0.00269566223730459));
#8852=CARTESIAN_POINT('',(-0.00280846973240799,-0.0052189480705134,-0.00268158237689295));
#8853=CARTESIAN_POINT('',(-0.00248006924797661,-0.0053833705876781,-0.00267447999659033));
#8854=CARTESIAN_POINT('',(-0.00145797829232188,-0.00577948314956093,-0.00265248893387793));
#8855=CARTESIAN_POINT('',(-0.000727853127403381,-0.00591558186963492,-0.00263708912034976));
#8856=CARTESIAN_POINT('',(0.000731625015639859,-0.00591585582622061,-0.00260673504533864));
#8857=CARTESIAN_POINT('',(0.00146085986737594,-0.00577824545887667,-0.00259187353980219));
#8858=CARTESIAN_POINT('',(0.00248219966694205,-0.00538225029245221,-0.00256998993661282));
#8859=CARTESIAN_POINT('',(0.00281049096866231,-0.00521850382665458,-0.00256276709948832));
#8860=CARTESIAN_POINT('',(0.0037417496245005,-0.00463873272006314,-0.00254121500267952));
#8861=CARTESIAN_POINT('',(0.00429169838481529,-0.00413586498722751,-0.00252694911482088));
#8862=CARTESIAN_POINT('',(0.00495068350089503,-0.00325933981625711,-0.00250450919053761));
#8863=CARTESIAN_POINT('',(0.00514244944531619,-0.00294667101199935,-0.00249682977275018));
#8864=CARTESIAN_POINT('',(0.00541163334671615,-0.00240089990339238,-0.00248400298899586));
#8865=CARTESIAN_POINT('',(0.00550587346116823,-0.00217602334887286,-0.0024788663351267));
#8866=CARTESIAN_POINT('',(0.00558600903441351,-0.00194628200130152,-0.00247378094595703));
#8867=CARTESIAN_POINT('',(-0.00555756546845629,-0.00194082135100673,-0.00280048315120167));
#8868=CARTESIAN_POINT('',(-0.00535774569139246,-0.00251199622785097,-0.00278784923415515));
#8869=CARTESIAN_POINT('',(-0.00506965353837408,-0.00305242422636221,-0.00277461151218022));
#8870=CARTESIAN_POINT('',(-0.00448773523180882,-0.00382737687035713,-0.00275433504686727));
#8871=CARTESIAN_POINT('',(-0.00424192440739866,-0.0040975640800748,-0.00274700245876242));
#8872=CARTESIAN_POINT('',(-0.00370427595226148,-0.0045884282389513,-0.00273271551093259));
#8873=CARTESIAN_POINT('',(-0.00341263070599369,-0.00480922396490764,-0.00272572622887026));
#8874=CARTESIAN_POINT('',(-0.0027942070417774,-0.00519370769282867,-0.0027116465473338));
#8875=CARTESIAN_POINT('',(-0.00246739692579238,-0.00535728812240501,-0.00270454419201654));
#8876=CARTESIAN_POINT('',(-0.00145024661146254,-0.00575135000198212,-0.00268255285478683));
#8877=CARTESIAN_POINT('',(-0.000723644819063642,-0.00588670760307073,-0.00266715249014609));
#8878=CARTESIAN_POINT('',(0.000728700407860016,-0.00588684264491134,-0.00263679833361152));
#8879=CARTESIAN_POINT('',(0.00145431606326954,-0.00574984523800446,-0.0026219374684089));
#8880=CARTESIAN_POINT('',(0.00247058462566204,-0.00535568681843363,-0.00260005439010792));
#8881=CARTESIAN_POINT('',(0.00279724675432656,-0.00519270567047464,-0.00259283163156798));
#8882=CARTESIAN_POINT('',(0.00372389819162323,-0.00461565600220025,-0.00257127928360313));
#8883=CARTESIAN_POINT('',(0.00427113836477436,-0.00411516559950432,-0.00255701272756255));
#8884=CARTESIAN_POINT('',(0.00492682781468205,-0.00324285164310331,-0.00253457249703294));
#8885=CARTESIAN_POINT('',(0.00511762337455958,-0.00293169545454509,-0.00252689311122101));
#8886=CARTESIAN_POINT('',(0.00538542906539132,-0.00238857481331375,-0.0025140664775518));
#8887=CARTESIAN_POINT('',(0.00547918163781701,-0.00216479288785308,-0.00250892990851097));
#8888=CARTESIAN_POINT('',(0.00555889790538646,-0.00193617120573764,-0.00250384460433058));
#8889=CARTESIAN_POINT('',(-0.00553929010356026,-0.0019347058422735,-0.00281230608110207));
#8890=CARTESIAN_POINT('',(-0.00534009846817727,-0.00250400430920225,-0.00279967211865106));
#8891=CARTESIAN_POINT('',(-0.00505292364316961,-0.0030426521787542,-0.00278643435938684));
#8892=CARTESIAN_POINT('',(-0.00447287875651021,-0.00381504293846723,-0.00276615792997844));
#8893=CARTESIAN_POINT('',(-0.00422786340094634,-0.00408433451464616,-0.0027588253827293));
#8894=CARTESIAN_POINT('',(-0.00369196001779266,-0.00457356683960537,-0.0027445385355225));
#8895=CARTESIAN_POINT('',(-0.00340126352109529,-0.00479362602963088,-0.00273754931019026));
#8896=CARTESIAN_POINT('',(-0.0027848520428422,-0.00517682237533344,-0.00272346969772404));
#8897=CARTESIAN_POINT('',(-0.0024591053071494,-0.00533985232060191,-0.00271636735214101));
#8898=CARTESIAN_POINT('',(-0.00144526093658499,-0.00573257920083607,-0.00269437590948536));
#8899=CARTESIAN_POINT('',(-0.000721018321794669,-0.00586746350602519,-0.002678975332738));
#8900=CARTESIAN_POINT('',(0.00072657563521391,-0.00586754330051124,-0.00264862114423024));
#8901=CARTESIAN_POINT('',(0.00144979555604309,-0.0057309706239319,-0.00263376052478742));
#8902=CARTESIAN_POINT('',(0.00246270769778509,-0.00533806269174288,-0.00261187764810592));
#8903=CARTESIAN_POINT('',(0.00278829128840912,-0.00517560086978229,-0.00260465491980675));
#8904=CARTESIAN_POINT('',(0.00371188877227485,-0.00460039437390061,-0.00258310247566839));
#8905=CARTESIAN_POINT('',(0.0042573301486971,-0.00410150913901756,-0.0025688356633067));
#8906=CARTESIAN_POINT('',(0.004910844567136,-0.00323201994150314,-0.00254639531512795));
#8907=CARTESIAN_POINT('',(0.00510100275241523,-0.002921875538573,-0.00253871594149322));
#8908=CARTESIAN_POINT('',(0.00536790744222931,-0.0023805250396764,-0.00252588936526808));
#8909=CARTESIAN_POINT('',(0.00546134260001003,-0.00215747348727197,-0.00252075282872128));
#8910=CARTESIAN_POINT('',(0.00554078709437833,-0.00192959851618087,-0.00251566755711499));
#8911=CARTESIAN_POINT('',(-0.0055213508233369,-0.00192868761568464,-0.00282322650202082));
#8912=CARTESIAN_POINT('',(-0.00532277741886268,-0.00249614407227882,-0.00281059249771557));
#8913=CARTESIAN_POINT('',(-0.00503650475638648,-0.00303304471492452,-0.00279735470403521));
#8914=CARTESIAN_POINT('',(-0.00445830112400078,-0.00380292148155866,-0.00277707830767404));
#8915=CARTESIAN_POINT('',(-0.00421406734308301,-0.00407133430938798,-0.00276974579807329));
#8916=CARTESIAN_POINT('',(-0.00367987825342353,-0.00455896583400286,-0.00275545904361292));
#8917=CARTESIAN_POINT('',(-0.0033901136500611,-0.00477830263895341,-0.0027484698705781));
#8918=CARTESIAN_POINT('',(-0.00277567858266514,-0.00516023660088966,-0.00273439032180008));
#8919=CARTESIAN_POINT('',(-0.00245097631847077,-0.00532272690185815,-0.00272728798520627));
#8920=CARTESIAN_POINT('',(-0.00144037930953499,-0.00571414554261547,-0.0027052964454293));
#8921=CARTESIAN_POINT('',(-0.000718454197539384,-0.00584856682134633,-0.00268989567321163));
#8922=CARTESIAN_POINT('',(0.000724474492521098,-0.00584859549683582,-0.00265954145514506));
#8923=CARTESIAN_POINT('',(0.0014453433071954,-0.00571244125009187,-0.00264468106207866));
#8924=CARTESIAN_POINT('',(0.00245496159125004,-0.00532076344605427,-0.00262279837114107));
#8925=CARTESIAN_POINT('',(0.00277948672467255,-0.00515881235244743,-0.00261557567071));
#8926=CARTESIAN_POINT('',(0.00370008678309598,-0.00458541821735434,-0.00259402313801811));
#8927=CARTESIAN_POINT('',(0.00424376237047078,-0.0040881109033859,-0.00257975608957138));
#8928=CARTESIAN_POINT('',(0.00489514282283983,-0.00322139698070252,-0.00255731563300509));
#8929=CARTESIAN_POINT('',(0.00508467592667193,-0.00291224640426739,-0.00254963627057217));
#8930=CARTESIAN_POINT('',(0.00535069735543818,-0.00237263439897534,-0.00253680974723561));
#8931=CARTESIAN_POINT('',(0.00544382146090069,-0.00215030010393494,-0.00253167324061014));
#8932=CARTESIAN_POINT('',(0.00552299973406446,-0.00192315840405581,-0.00252658799900183));
#8933=CARTESIAN_POINT('',(0.0054937822173509,-0.002007444120199,-0.00235424026115699));
#8934=CARTESIAN_POINT('',(0.0054937822173509,-0.00205786214360987,-0.00236524037806737));
#8935=CARTESIAN_POINT('',(0.0054937822173509,-0.0020848826930882,-0.00236803643382701));
#8936=CARTESIAN_POINT('',(0.0054937822173509,-0.00220443742689047,-0.00241410732251683));
#8937=CARTESIAN_POINT('',(0.0054937822173509,-0.00222334510262885,-0.002443898776928));
#8938=CARTESIAN_POINT('',(0.0054937822173509,-0.00220767598540983,-0.00247461342806022));
#8939=CARTESIAN_POINT('',(0.0054937822173509,-0.00208532277351074,-0.00251735688985278));
#8940=CARTESIAN_POINT('',(0.0054937822173509,-0.00205918440867395,-0.00251875656599706));
#8941=CARTESIAN_POINT('',(0.0054937822173509,-0.00200913222995338,-0.00252769508752054));
#8942=CARTESIAN_POINT('',(-0.0054937822173509,-0.00200967292506896,-0.00282064338896136));
#8943=CARTESIAN_POINT('',(-0.0054937822173509,-0.00205927593071519,-0.00280980644649603));
#8944=CARTESIAN_POINT('',(-0.0054937822173509,-0.00208713050442438,-0.00280708186941729));
#8945=CARTESIAN_POINT('',(-0.0054937822173509,-0.00220305917844659,-0.00276101674918126));
#8946=CARTESIAN_POINT('',(-0.0054937822173509,-0.00223835281062054,-0.00272303974108528));
#8947=CARTESIAN_POINT('',(-0.0054937822173509,-0.0021107002936101,-0.00266020170334354));
#8948=CARTESIAN_POINT('',(-0.0054937822173509,-0.00205894540555574,-0.00265626380624049));
#8949=CARTESIAN_POINT('',(-0.0054937822173509,-0.00200810034783638,-0.00264717803268248));
#8950=CARTESIAN_POINT('',(-0.00552299528002077,-0.00192570828038126,-0.00189879320440102));
#8951=CARTESIAN_POINT('',(-0.00544370521502707,-0.00215307458598575,-0.00189379841134181));
#8952=CARTESIAN_POINT('',(-0.00535027115068929,-0.00237538695924563,-0.00188868974220762));
#8953=CARTESIAN_POINT('',(-0.00508349068027481,-0.00291461729555505,-0.00187579190259829));
#8954=CARTESIAN_POINT('',(-0.00489362049062963,-0.00322329626635454,-0.00186795366719362));
#8955=CARTESIAN_POINT('',(-0.00446060061782221,-0.00380059815540611,-0.00185259675136362));
#8956=CARTESIAN_POINT('',(-0.00421728162995082,-0.00406908123312531,-0.0018451219750852));
#8957=CARTESIAN_POINT('',(-0.00341820504837388,-0.00480002748757981,-0.00182361407180616));
#8958=CARTESIAN_POINT('',(-0.00279448085371636,-0.00518894004254289,-0.00181019836965185));
#8959=CARTESIAN_POINT('',(-0.00144701498191394,-0.0057132460316573,-0.00178121716710349));
#8960=CARTESIAN_POINT('',(-0.00054190075567418,-0.00588155717622575,-0.00176160995993513));
#8961=CARTESIAN_POINT('',(0.000361726221934716,-0.00584061316812614,-0.00174255523320929));
#8962=CARTESIAN_POINT('',(0.00108117677868653,-0.0057739890778987,-0.00172749876855734));
#8963=CARTESIAN_POINT('',(0.00196751740740422,-0.00556353931943179,-0.00170939543285615));
#8964=CARTESIAN_POINT('',(0.00277844917639105,-0.00515978587168311,-0.00169153679455852));
#8965=CARTESIAN_POINT('',(0.00369817533398128,-0.00458849569388668,-0.00166992046590784));
#8966=CARTESIAN_POINT('',(0.00424032407961905,-0.0040922792453847,-0.00165527534182053));
#8967=CARTESIAN_POINT('',(0.0048924489297492,-0.00322608968424135,-0.00163277737805896));
#8968=CARTESIAN_POINT('',(0.00508262445707006,-0.0029167822460916,-0.00162516844810903));
#8969=CARTESIAN_POINT('',(0.00534929272375299,-0.00237607875368631,-0.00161243851618155));
#8970=CARTESIAN_POINT('',(0.00544263846750694,-0.00215315836031279,-0.00160734169073509));
#8971=CARTESIAN_POINT('',(0.00552204816714272,-0.00192541236642797,-0.00160227748606487));
#8972=CARTESIAN_POINT('',(-0.00554080207410908,-0.00193216759423994,-0.00190972352289425));
#8973=CARTESIAN_POINT('',(-0.0054612461639029,-0.00216026771296291,-0.00190472871457226));
#8974=CARTESIAN_POINT('',(-0.00536750046832837,-0.00238329654850762,-0.00189962003615198));
#8975=CARTESIAN_POINT('',(-0.00509983397741344,-0.00292426233025439,-0.00188672218763909));
#8976=CARTESIAN_POINT('',(-0.00490933620127788,-0.0032339325997448,-0.0018788839591164));
#8977=CARTESIAN_POINT('',(-0.00447489129616827,-0.00381308495364077,-0.00186352707555494));
#8978=CARTESIAN_POINT('',(-0.00423077446849566,-0.00408242678810146,-0.0018560523256298));
#8979=CARTESIAN_POINT('',(-0.00342908576692951,-0.00481570600531465,-0.00183454451274859));
#8980=CARTESIAN_POINT('',(-0.00280333137468534,-0.00520585224705221,-0.0018211288793932));
#8981=CARTESIAN_POINT('',(-0.00145147731937631,-0.00573180078464058,-0.00179214760463306));
#8982=CARTESIAN_POINT('',(-0.000543413191318795,-0.00590061983771098,-0.00177254020613094));
#8983=CARTESIAN_POINT('',(0.000363138472310333,-0.00585951032303216,-0.00175348548359215));
#8984=CARTESIAN_POINT('',(0.00108491333619751,-0.0057926451234843,-0.00173842906891683));
#8985=CARTESIAN_POINT('',(0.00197410108960364,-0.00558148590194653,-0.00172032597457302));
#8986=CARTESIAN_POINT('',(0.00278763368306363,-0.00517639453367861,-0.00170246746683936));
#8987=CARTESIAN_POINT('',(0.00371031485616703,-0.00460321387068206,-0.00168085111192969));
#8988=CARTESIAN_POINT('',(0.00425421215769736,-0.00410535875381424,-0.00166620574065326));
#8989=CARTESIAN_POINT('',(0.00490842493184656,-0.00323633384225148,-0.0016437076192739));
#8990=CARTESIAN_POINT('',(0.00509920560837532,-0.00292601810615155,-0.0016360986845707));
#8991=CARTESIAN_POINT('',(0.00536671548217318,-0.00238355739250935,-0.00162336880988717));
#8992=CARTESIAN_POINT('',(0.00546035380153871,-0.00215991371731164,-0.0016182720207579));
#8993=CARTESIAN_POINT('',(0.00554001048341901,-0.00193142936199246,-0.00161320785470602));
#8994=CARTESIAN_POINT('',(-0.00555890942033685,-0.00193875345166262,-0.00192162222733747));
#8995=CARTESIAN_POINT('',(-0.00547908246089283,-0.00216759982232505,-0.00191662740234749));
#8996=CARTESIAN_POINT('',(-0.00538501914589088,-0.0023913571919891,-0.00191151871377514));
#8997=CARTESIAN_POINT('',(-0.00511644986781416,-0.00293408749442883,-0.00189862085549698));
#8998=CARTESIAN_POINT('',(-0.00492531283557094,-0.00324476552058166,-0.00189078263445294));
#8999=CARTESIAN_POINT('',(-0.00448941682811087,-0.00382579881979438,-0.00187542578607803));
#9000=CARTESIAN_POINT('',(-0.00424448776406441,-0.00409601342995349,-0.00186795106491991));
#9001=CARTESIAN_POINT('',(-0.0034401403592014,-0.00483166334954798,-0.00184644335079245));
#9002=CARTESIAN_POINT('',(-0.00281232016277281,-0.00522306270560933,-0.00183302779266336));
#9003=CARTESIAN_POINT('',(-0.00145600080005683,-0.00575067815147749,-0.00180404643909219));
#9004=CARTESIAN_POINT('',(-0.000544934762249759,-0.00592001120930066,-0.00178443883157558));
#9005=CARTESIAN_POINT('',(0.000364591756064335,-0.00587873105163835,-0.00176538411357347));
#9006=CARTESIAN_POINT('',(0.00108873050231873,-0.00581161884452283,-0.00175032775345821));
#9007=CARTESIAN_POINT('',(0.00198081272726615,-0.00559973607733271,-0.00173222492271261));
#9008=CARTESIAN_POINT('',(0.00279698909136276,-0.00519328171191321,-0.00171436655760293));
#9009=CARTESIAN_POINT('',(0.00372267442264009,-0.00461817526037776,-0.00169275017405782));
#9010=CARTESIAN_POINT('',(0.00426834979753041,-0.00411865105462113,-0.0016781045328534));
#9011=CARTESIAN_POINT('',(0.00492468470073505,-0.00324673990898675,-0.00165560623929857));
#9012=CARTESIAN_POINT('',(0.00511608018531317,-0.00293539807508652,-0.00164799729937318));
#9013=CARTESIAN_POINT('',(0.00538444461906193,-0.00239114950438731,-0.0016352674871416));
#9014=CARTESIAN_POINT('',(0.00547837987547153,-0.00216677002200363,-0.00163017073764666));
#9015=CARTESIAN_POINT('',(0.00555828708513416,-0.00193753456002682,-0.00162510661374563));
#9016=CARTESIAN_POINT('',(-0.00558587648511145,-0.00194883969981572,-0.00195178176553133));
#9017=CARTESIAN_POINT('',(-0.00550563448560213,-0.00217879829795804,-0.00194678689726672));
#9018=CARTESIAN_POINT('',(-0.00541108659000843,-0.00240364033348162,-0.0019416781821864));
#9019=CARTESIAN_POINT('',(-0.00514114405066247,-0.00294899508522511,-0.00192878029798141));
#9020=CARTESIAN_POINT('',(-0.00494903788851582,-0.00326116961186618,-0.00192094209585101));
#9021=CARTESIAN_POINT('',(-0.0045109487429313,-0.00384499223383635,-0.00190558533810885));
#9022=CARTESIAN_POINT('',(-0.00426479525686216,-0.0041164991032635,-0.00189811069146635));
#9023=CARTESIAN_POINT('',(-0.00345644867715495,-0.00485565365324481,-0.00187660323418635));
#9024=CARTESIAN_POINT('',(-0.00282553063724509,-0.005248897067218,-0.00186318787264478));
#9025=CARTESIAN_POINT('',(-0.00146251261059137,-0.00577894167443721,-0.00183420631513442));
#9026=CARTESIAN_POINT('',(-0.000546940658489772,-0.00594900105221779,-0.00181459816406776));
#9027=CARTESIAN_POINT('',(0.000367029006401885,-0.00590742958623761,-0.00179554345735214));
#9028=CARTESIAN_POINT('',(0.0010946936848737,-0.00583992047355099,-0.00178048723864345));
#9029=CARTESIAN_POINT('',(0.0019910752945681,-0.00562692655871783,-0.0017623850925267));
#9030=CARTESIAN_POINT('',(0.00281117386717102,-0.00521840263255432,-0.00174452709824264));
#9031=CARTESIAN_POINT('',(0.0037413216473952,-0.00464037425439166,-0.00172291064091525));
#9032=CARTESIAN_POINT('',(0.00428964525419871,-0.00413832057847413,-0.00170826429917455));
#9033=CARTESIAN_POINT('',(0.00494912422364164,-0.00326206306424454,-0.00168576555797752));
#9034=CARTESIAN_POINT('',(0.00514142651725238,-0.00294918069441944,-0.00167815660406694));
#9035=CARTESIAN_POINT('',(0.00541104372617366,-0.00240225399398163,-0.00166542695312328));
#9036=CARTESIAN_POINT('',(0.00550541203295878,-0.00217677363977603,-0.00166033030616653));
#9037=CARTESIAN_POINT('',(0.00558568244077371,-0.00194641506813187,-0.00165526629138486));
#9038=CARTESIAN_POINT('',(-0.00559422545424585,-0.00195214070197492,-0.00196909743900989));
#9039=CARTESIAN_POINT('',(-0.00551384766650166,-0.00218244418500911,-0.00196410254561647));
#9040=CARTESIAN_POINT('',(-0.00541914233492937,-0.00240762181895721,-0.00195899381509161));
#9041=CARTESIAN_POINT('',(-0.00514875619502903,-0.00295378689608446,-0.00194609591563378));
#9042=CARTESIAN_POINT('',(-0.00495633902799944,-0.00326642195369958,-0.00193825772431288));
#9043=CARTESIAN_POINT('',(-0.0045175503469026,-0.00385110048318956,-0.00192290101895112));
#9044=CARTESIAN_POINT('',(-0.00427100830934663,-0.0041230025882083,-0.00191542641551946));
#9045=CARTESIAN_POINT('',(-0.00346139819180937,-0.00486322547160321,-0.00189391910754326));
#9046=CARTESIAN_POINT('',(-0.00282950742423233,-0.0052570255699786,-0.00188050386059727));
#9047=CARTESIAN_POINT('',(-0.00146438437099096,-0.00578778802647905,-0.00185152218489564));
#9048=CARTESIAN_POINT('',(-0.000547394813479633,-0.00595804714172968,-0.00183191371789195));
#9049=CARTESIAN_POINT('',(0.000367958608354196,-0.00591636164524079,-0.00181285901756073));
#9050=CARTESIAN_POINT('',(0.00109671839298153,-0.00584871102473708,-0.00179780288087959));
#9051=CARTESIAN_POINT('',(0.00199442382640488,-0.00563535156149291,-0.00177970113240334));
#9052=CARTESIAN_POINT('',(0.00281572700589294,-0.00522616146063745,-0.00176184335363551));
#9053=CARTESIAN_POINT('',(0.00374724890842662,-0.00464719390443037,-0.00174022685365802));
#9054=CARTESIAN_POINT('',(0.00429639251249064,-0.00414432906961852,-0.00172558010522113));
#9055=CARTESIAN_POINT('',(0.00495683436449246,-0.00326669518157285,-0.00170308110386982));
#9056=CARTESIAN_POINT('',(0.00514941174939265,-0.00295332792326794,-0.00169547214169119));
#9057=CARTESIAN_POINT('',(0.00541940404464459,-0.00240556213907385,-0.00168274258411037));
#9058=CARTESIAN_POINT('',(0.00551390053858351,-0.0021797377220325,-0.00167764599657062));
#9059=CARTESIAN_POINT('',(0.00559427703568229,-0.00194902855388457,-0.00167258204504393));
#9060=CARTESIAN_POINT('',(-0.00559385197787384,-0.00195277035370549,-0.00200310268064597));
#9061=CARTESIAN_POINT('',(-0.00551344847536249,-0.00218306076583743,-0.001998107737932));
#9062=CARTESIAN_POINT('',(-0.00541871788235993,-0.00240822246000519,-0.00199299897699643));
#9063=CARTESIAN_POINT('',(-0.0051482711982329,-0.00295434169495818,-0.00198010104722987));
#9064=CARTESIAN_POINT('',(-0.00495582015001821,-0.00326694401679789,-0.00197226287679864));
#9065=CARTESIAN_POINT('',(-0.00451697320877892,-0.00385155085191372,-0.00195690627377673));
#9066=CARTESIAN_POINT('',(-0.00427040726079225,-0.00412341414992666,-0.00194943175504428));
#9067=CARTESIAN_POINT('',(-0.00346074294564417,-0.00486351645840381,-0.00192792474040344));
#9068=CARTESIAN_POINT('',(-0.00282883623375795,-0.00525722960257242,-0.00191450971920458));
#9069=CARTESIAN_POINT('',(-0.00146367164535848,-0.00578781079211094,-0.00188552781196576));
#9070=CARTESIAN_POINT('',(-0.000546647068075456,-0.00595795143021537,-0.00186591872429161));
#9071=CARTESIAN_POINT('',(0.000368680042449071,-0.00591616710160208,-0.0018468640361721));
#9072=CARTESIAN_POINT('',(0.00109740601599358,-0.00584844161194582,-0.00183180806032761));
#9073=CARTESIAN_POINT('',(0.0019950205748716,-0.00563500459922606,-0.00181370709247053));
#9074=CARTESIAN_POINT('',(0.00281622756440443,-0.00522573338683349,-0.00179584973704524));
#9075=CARTESIAN_POINT('',(0.00374765553983896,-0.00464665721507086,-0.00177423315372306));
#9076=CARTESIAN_POINT('',(0.00429676294054649,-0.00414370644753541,-0.00175958560723489));
#9077=CARTESIAN_POINT('',(0.00495711587885334,-0.00326600011582758,-0.00173708609486932));
#9078=CARTESIAN_POINT('',(0.00514965630287485,-0.00295261993437096,-0.00172947711618607));
#9079=CARTESIAN_POINT('',(0.0054195761426741,-0.00240484836182489,-0.0017167477412956));
#9080=CARTESIAN_POINT('',(0.00551404124773169,-0.00217902523616878,-0.00171165127013864));
#9081=CARTESIAN_POINT('',(0.00559438528813524,-0.00194831918222983,-0.00170658744255847));
#9082=CARTESIAN_POINT('',(-0.00558513079917724,-0.00195011321167388,-0.00202040819872588));
#9083=CARTESIAN_POINT('',(-0.00550483678894888,-0.0021800457618976,-0.0020154132308652));
#9084=CARTESIAN_POINT('',(-0.00541023777693893,-0.00240485595241992,-0.00201030445437466));
#9085=CARTESIAN_POINT('',(-0.00514017266422044,-0.00295011897356945,-0.00199740650896538));
#9086=CARTESIAN_POINT('',(-0.00494799784969026,-0.00326222788453803,-0.00198956834901885));
#9087=CARTESIAN_POINT('',(-0.00450979049844794,-0.00384590665850969,-0.00197421179793802));
#9088=CARTESIAN_POINT('',(-0.00426358840440144,-0.00411733560133852,-0.00196673732233393));
#9089=CARTESIAN_POINT('',(-0.00345513128527844,-0.00485624788009672,-0.00194523045740433));
#9090=CARTESIAN_POINT('',(-0.0028241801606843,-0.00524931637591771,-0.00193181555172796));
#9091=CARTESIAN_POINT('',(-0.0014610763513629,-0.00577899592786734,-0.00190283352666));
#9092=CARTESIAN_POINT('',(-0.000545432408806774,-0.00594881644988681,-0.00188322412223476));
#9093=CARTESIAN_POINT('',(0.000368485471022924,-0.00590704546953503,-0.00186416944017907));
#9094=CARTESIAN_POINT('',(0.00109608296113445,-0.00583938516516455,-0.0018491135462579));
#9095=CARTESIAN_POINT('',(0.0019922824644052,-0.00562623444004955,-0.00183101297649422));
#9096=CARTESIAN_POINT('',(0.00281218809388352,-0.00521754623390179,-0.00181315583709217));
#9097=CARTESIAN_POINT('',(0.00374214765602622,-0.00463929782590206,-0.00179153921146161));
#9098=CARTESIAN_POINT('',(0.00429039898893783,-0.00413707000618574,-0.00177689125816601));
#9099=CARTESIAN_POINT('',(0.0049496994686707,-0.00326066503251877,-0.001754391485046));
#9100=CARTESIAN_POINT('',(0.0051419274474689,-0.00294775613241608,-0.00174678249780667));
#9101=CARTESIAN_POINT('',(0.00541139882054869,-0.0024008169639699,-0.00173405321578112));
#9102=CARTESIAN_POINT('',(0.00550570391660769,-0.00217533889168801,-0.00172895680384344));
#9103=CARTESIAN_POINT('',(0.00558590893845558,-0.00194498627361474,-0.00172389303935474));
#9104=CARTESIAN_POINT('',(-0.00555758949281519,-0.00194117274070936,-0.00205048242119781));
#9105=CARTESIAN_POINT('',(-0.00547766371950621,-0.0021699735048388,-0.00204548741007555));
#9106=CARTESIAN_POINT('',(-0.00538350306425554,-0.00239367430920399,-0.00204037860673559));
#9107=CARTESIAN_POINT('',(-0.00511469975030871,-0.0029362402034166,-0.00202748063407537));
#9108=CARTESIAN_POINT('',(-0.00492343104844719,-0.00324679950738256,-0.00201964249186836));
#9109=CARTESIAN_POINT('',(-0.00448730679021598,-0.00382757108935034,-0.00200428602971812));
#9110=CARTESIAN_POINT('',(-0.00424228291757114,-0.00409764327647143,-0.00199681162820913));
#9111=CARTESIAN_POINT('',(-0.00343771633708304,-0.00483284889942854,-0.00197530502110792));
#9112=CARTESIAN_POINT('',(-0.00280982495215801,-0.00522392545873513,-0.00196189031493043));
#9113=CARTESIAN_POINT('',(-0.0014533249306876,-0.00575086305225701,-0.00193290808755298));
#9114=CARTESIAN_POINT('',(-0.000542110560817557,-0.00591975005333785,-0.00191329813767127));
#9115=CARTESIAN_POINT('',(0.000367331850907331,-0.00587809466788714,-0.00189424346575609));
#9116=CARTESIAN_POINT('',(0.00109135489083056,-0.00581069759587565,-0.00187918771262737));
#9117=CARTESIAN_POINT('',(0.00198310804963952,-0.00559851732124672,-0.00186108782788301));
#9118=CARTESIAN_POINT('',(0.00279893390454076,-0.00519174861411538,-0.0018432310604373));
#9119=CARTESIAN_POINT('',(0.00372427918121275,-0.00461622070484286,-0.00182161436235428));
#9120=CARTESIAN_POINT('',(0.00426982672672885,-0.00411636229609044,-0.00180696570936005));
#9121=CARTESIAN_POINT('',(0.00492583595365328,-0.00324416167650383,-0.00178446548727457));
#9122=CARTESIAN_POINT('',(0.00511709465913059,-0.00293276553144032,-0.00177685648506271));
#9123=CARTESIAN_POINT('',(0.00538518912798098,-0.00238848569158664,-0.00176412736229314));
#9124=CARTESIAN_POINT('',(0.00547900704820116,-0.00216410725435494,-0.00175903105201931));
#9125=CARTESIAN_POINT('',(0.00555879263464687,-0.00193487966167662,-0.00175396739588425));
#9126=CARTESIAN_POINT('',(-0.00553929757619406,-0.00193505276974766,-0.00206231145984079));
#9127=CARTESIAN_POINT('',(-0.00545962381676969,-0.00216310129148496,-0.00205731643207075));
#9128=CARTESIAN_POINT('',(-0.00536576186712116,-0.00238606549978095,-0.00205220761834085));
#9129=CARTESIAN_POINT('',(-0.00509781541939651,-0.00292684230878002,-0.00203930963497349));
#9130=CARTESIAN_POINT('',(-0.00490715971700892,-0.00323637526291569,-0.00203147149939949));
#9131=CARTESIAN_POINT('',(-0.00447243994489245,-0.00381522381926905,-0.00201611507119394));
#9132=CARTESIAN_POINT('',(-0.00422820827363462,-0.00408439984740009,-0.0020086406981321));
#9133=CARTESIAN_POINT('',(-0.00342625157494022,-0.0048171606934939,-0.00198713419042281));
#9134=CARTESIAN_POINT('',(-0.00280040628041312,-0.00520692881550732,-0.00197371956150766));
#9135=CARTESIAN_POINT('',(-0.00144832403041461,-0.00573208023179502,-0.00194473725653779));
#9136=CARTESIAN_POINT('',(-0.000540074671382246,-0.00590037287394179,-0.00192512709641245));
#9137=CARTESIAN_POINT('',(0.00036638696628304,-0.00585881860251603,-0.00190607242821034));
#9138=CARTESIAN_POINT('',(0.00108803243528013,-0.00579161537645935,-0.00189101672916626));
#9139=CARTESIAN_POINT('',(0.0019768399119443,-0.00558010163331229,-0.00187291710812759));
#9140=CARTESIAN_POINT('',(0.00278996603932922,-0.00517463376295399,-0.00185506048402257));
#9141=CARTESIAN_POINT('',(0.00371225427899577,-0.00460094798415281,-0.00183344375827512));
#9142=CARTESIAN_POINT('',(0.00425600595477176,-0.00410269187018083,-0.00181879483612888));
#9143=CARTESIAN_POINT('',(0.00490983998794943,-0.00323331500932491,-0.00179629444103258));
#9144=CARTESIAN_POINT('',(0.005100460712212,-0.00292293168603276,-0.00178868543289491));
#9145=CARTESIAN_POINT('',(0.00536765373226027,-0.00238042821977811,-0.00177595637108135));
#9146=CARTESIAN_POINT('',(0.00546115409696801,-0.00215678342162413,-0.00177086009978983));
#9147=CARTESIAN_POINT('',(0.00554066760016302,-0.00192830597296893,-0.00176579648522973));
#9148=CARTESIAN_POINT('',(-0.00552134569331281,-0.00192903131657109,-0.0020732383442414));
#9149=CARTESIAN_POINT('',(-0.00544191988615873,-0.00215634153338574,-0.00206824330112865));
#9150=CARTESIAN_POINT('',(-0.00534835172288504,-0.00237858285655804,-0.00206313447781427));
#9151=CARTESIAN_POINT('',(-0.00508124778974859,-0.00291760402620412,-0.00205023648454479));
#9152=CARTESIAN_POINT('',(-0.0048911946295142,-0.00322612994754706,-0.00204239835505367));
#9153=CARTESIAN_POINT('',(-0.00445785499266599,-0.00380309188165712,-0.00202704195808856));
#9154=CARTESIAN_POINT('',(-0.00421440160677574,-0.004071388824758,-0.00201956761123353));
#9155=CARTESIAN_POINT('',(-0.00341500844676711,-0.00480175177136326,-0.00199806119515178));
#9156=CARTESIAN_POINT('',(-0.00279117237368997,-0.00519023699926301,-0.00198464663751875));
#9157=CARTESIAN_POINT('',(-0.00144342843434218,-0.00571363836591494,-0.00195566426107961));
#9158=CARTESIAN_POINT('',(-0.00053809090022252,-0.00588134983972102,-0.00193605390713905));
#9159=CARTESIAN_POINT('',(0.000365444677786335,-0.0058398968412089,-0.00191699924232934));
#9160=CARTESIAN_POINT('',(0.00108475647769128,-0.00577288545189857,-0.00190194359311524));
#9161=CARTESIAN_POINT('',(0.00197067365616378,-0.00556202769989988,-0.00188384421512472));
#9162=CARTESIAN_POINT('',(0.00278115107342584,-0.00515783866530699,-0.00186598772315549));
#9163=CARTESIAN_POINT('',(0.00370043973901711,-0.00458596372803792,-0.00184437097194605));
#9164=CARTESIAN_POINT('',(0.00424242891362073,-0.00408928251369804,-0.00182972180176383));
#9165=CARTESIAN_POINT('',(0.0048941290850408,-0.00322267954252803,-0.0018072212471821));
#9166=CARTESIAN_POINT('',(0.00508412417191543,-0.00291329089131488,-0.00179961223355756));
#9167=CARTESIAN_POINT('',(0.00535043359527222,-0.00237253162691331,-0.00178688322787031));
#9168=CARTESIAN_POINT('',(0.00544362281225116,-0.00214960710692407,-0.00178178699248337));
#9169=CARTESIAN_POINT('',(0.00552286983501382,-0.00192186610469304,-0.00177672341622013));
#9170=CARTESIAN_POINT('',(0.0054937822173509,-0.0020064214187077,-0.00160441316188247));
#9171=CARTESIAN_POINT('',(0.0054937822173509,-0.00205677826651306,-0.0016153776821104));
#9172=CARTESIAN_POINT('',(0.0054937822173509,-0.00208385248914909,-0.00161818421745225));
#9173=CARTESIAN_POINT('',(0.0054937822173509,-0.00220342158600977,-0.00166421162567943));
#9174=CARTESIAN_POINT('',(0.0054937822173509,-0.0022223240815554,-0.00169398224026857));
#9175=CARTESIAN_POINT('',(0.0054937822173509,-0.00220663982958679,-0.00172466982010725));
#9176=CARTESIAN_POINT('',(0.0054937822173509,-0.00208430106823991,-0.00176739654595294));
#9177=CARTESIAN_POINT('',(0.0054937822173509,-0.00205811076959635,-0.00176881359130565));
#9178=CARTESIAN_POINT('',(0.0054937822173509,-0.00200811231425518,-0.00177773697389776));
#9179=CARTESIAN_POINT('',(-0.0054937822173509,-0.00201013316129772,-0.00207069277548151));
#9180=CARTESIAN_POINT('',(-0.0054937822173509,-0.00205980144841579,-0.00205986155764344));
#9181=CARTESIAN_POINT('',(-0.0054937822173509,-0.00208765714982157,-0.00205715335141337));
#9182=CARTESIAN_POINT('',(-0.0054937822173509,-0.00220372147392004,-0.00201109709079393));
#9183=CARTESIAN_POINT('',(-0.0054937822173509,-0.00223906102001243,-0.00197309886871853));
#9184=CARTESIAN_POINT('',(-0.0054937822173509,-0.00211127702701843,-0.00191020722086423));
#9185=CARTESIAN_POINT('',(-0.0054937822173509,-0.00205949914291335,-0.00190626964304856));
#9186=CARTESIAN_POINT('',(-0.0054937822173509,-0.00200859603649206,-0.00189716979965417));
#9187=CARTESIAN_POINT('',(-0.00552296087525944,-0.00192547834518296,-0.00114866514818621));
#9188=CARTESIAN_POINT('',(-0.00544366986447218,-0.00215308130700837,-0.00114373052695152));
#9189=CARTESIAN_POINT('',(-0.00535018665187908,-0.00237571869626496,-0.00113869480833257));
#9190=CARTESIAN_POINT('',(-0.00492220325837847,-0.00323961760365877,-0.00111820404742233));
#9191=CARTESIAN_POINT('',(-0.00448092996723626,-0.00382807205096097,-0.0011022647484245));
#9192=CARTESIAN_POINT('',(-0.00341569018758339,-0.00480278259067211,-0.00107316125641974));
#9193=CARTESIAN_POINT('',(-0.00279220635533518,-0.00518968977323661,-0.0010598400474643));
#9194=CARTESIAN_POINT('',(-0.00178303848350628,-0.00558249242814493,-0.00103847887277767));
#9195=CARTESIAN_POINT('',(-0.00143414979706466,-0.00568180041716907,-0.00103105337674151));
#9196=CARTESIAN_POINT('',(-0.000723445602752119,-0.00581452020777162,-0.00101577362066084));
#9197=CARTESIAN_POINT('',(-0.000361728823708916,-0.00584813796592854,-0.00100796162085615));
#9198=CARTESIAN_POINT('',(0.000361658805548741,-0.00584871266825245,-0.000992475875274407));
#9199=CARTESIAN_POINT('',(0.000723312064079662,-0.00581557478638956,-0.000984815074358592));
#9200=CARTESIAN_POINT('',(0.00178915856620648,-0.00561504418775854,-0.000962676557440784));
#9201=CARTESIAN_POINT('',(0.00247452401007662,-0.00534807333265937,-0.000948832661077456));
#9202=CARTESIAN_POINT('',(0.00339485113352271,-0.0047769043273797,-0.000927382895114912));
#9203=CARTESIAN_POINT('',(0.00368343379618719,-0.00455778896945832,-0.000920085742847345));
#9204=CARTESIAN_POINT('',(0.00421547477627295,-0.00407030543761189,-0.000905258832708665));
#9205=CARTESIAN_POINT('',(0.00445901072132596,-0.00380202591980773,-0.000897739848091301));
#9206=CARTESIAN_POINT('',(0.00489289134621304,-0.00322517934211379,-0.000882624296863252));
#9207=CARTESIAN_POINT('',(0.00508308924538324,-0.00291649173751186,-0.000875028612498777));
#9208=CARTESIAN_POINT('',(0.00534950846665433,-0.00237625599297128,-0.000862412108002092));
#9209=CARTESIAN_POINT('',(0.00544273223717814,-0.00215341105549666,-0.000857376103102817));
#9210=CARTESIAN_POINT('',(0.00552204098387929,-0.0019256487424014,-0.000852366580566198));
#9211=CARTESIAN_POINT('',(-0.0055407664539619,-0.00193193773495657,-0.0011595954560744));
#9212=CARTESIAN_POINT('',(-0.00546120994127557,-0.00216027593879839,-0.00115466081255701));
#9213=CARTESIAN_POINT('',(-0.00536741543970104,-0.00238363123145834,-0.00114962508185245));
#9214=CARTESIAN_POINT('',(-0.00493801268356231,-0.00325031019379857,-0.00112913432041794));
#9215=CARTESIAN_POINT('',(-0.00449528745104156,-0.00384064685055292,-0.00111319510641409));
#9216=CARTESIAN_POINT('',(-0.00342656188775883,-0.00481846765139115,-0.00108409170740613));
#9217=CARTESIAN_POINT('',(-0.00280104556776338,-0.00520660448315949,-0.00107077051079382));
#9218=CARTESIAN_POINT('',(-0.00178859244015568,-0.00560063973006649,-0.00104940928793397));
#9219=CARTESIAN_POINT('',(-0.00143856845173737,-0.00570025524094001,-0.00104198376187352));
#9220=CARTESIAN_POINT('',(-0.000725553807854086,-0.00583337579946356,-0.00102670394249694));
#9221=CARTESIAN_POINT('',(-0.00036266232849457,-0.00586708756890075,-0.0010188919110229));
#9222=CARTESIAN_POINT('',(0.000363069878333437,-0.00586763540812446,-0.00100340613815976));
#9223=CARTESIAN_POINT('',(0.000725892860042833,-0.00583437640112,-0.000995745343236001));
#9224=CARTESIAN_POINT('',(0.00179517667431348,-0.00563315857812208,-0.000973606941720263));
#9225=CARTESIAN_POINT('',(0.00248274035005977,-0.00536530184414777,-0.000959763226162034));
#9226=CARTESIAN_POINT('',(0.00340602114816899,-0.0047922455042281,-0.000938313490232565));
#9227=CARTESIAN_POINT('',(0.00369553079433472,-0.00457240662579551,-0.000931016297298671));
#9228=CARTESIAN_POINT('',(0.00422928024157914,-0.00408331718302055,-0.000916189265885263));
#9229=CARTESIAN_POINT('',(0.00447359776617,-0.00381415570351758,-0.0009086702040562));
#9230=CARTESIAN_POINT('',(0.00490886652907281,-0.00323541998816187,-0.000893554549250834));
#9231=CARTESIAN_POINT('',(0.00509967032382077,-0.00292572512937283,-0.000885958844260903));
#9232=CARTESIAN_POINT('',(0.00536693147178341,-0.00238373393456475,-0.000873342394268253));
#9233=CARTESIAN_POINT('',(0.00546044788727894,-0.00216016644184563,-0.000868306429265598));
#9234=CARTESIAN_POINT('',(0.00554000367331959,-0.00193166640215277,-0.000863296951862159));
#9235=CARTESIAN_POINT('',(-0.00555887248402675,-0.00193852372318484,-0.00117149414892264));
#9236=CARTESIAN_POINT('',(-0.00547904529303299,-0.00216760967950118,-0.00116655948107922));
#9237=CARTESIAN_POINT('',(-0.00538493355365116,-0.00239169500080108,-0.00116152373717335));
#9238=CARTESIAN_POINT('',(-0.00495408471473753,-0.00326120058068496,-0.00114103297511132));
#9239=CARTESIAN_POINT('',(-0.00450988100954477,-0.00385345017180644,-0.00112509385381237));
#9240=CARTESIAN_POINT('',(-0.00343760725259672,-0.0048344314839654,-0.0010959905563704));
#9241=CARTESIAN_POINT('',(-0.00281002257655028,-0.00522381748181487,-0.00108266937334545));
#9242=CARTESIAN_POINT('',(-0.0017942265316631,-0.00561910374979718,-0.00106130809794647));
#9243=CARTESIAN_POINT('',(-0.00144304734855662,-0.00571903108141495,-0.00105388253910005));
#9244=CARTESIAN_POINT('',(-0.000727681925482982,-0.00585255725992991,-0.00103860265057324));
#9245=CARTESIAN_POINT('',(-0.000363595325214479,-0.0058863636142895,-0.00103079058448797));
#9246=CARTESIAN_POINT('',(0.000364521895480333,-0.00588688212125327,-0.00101530478178574));
#9247=CARTESIAN_POINT('',(0.000728534606843745,-0.00585349894627393,-0.00100764399338663));
#9248=CARTESIAN_POINT('',(0.00180131383286316,-0.00565157947846511,-0.000985505717891681));
#9249=CARTESIAN_POINT('',(0.00249111206354684,-0.00538282019657175,-0.000971662199836757));
#9250=CARTESIAN_POINT('',(0.00341739543708962,-0.00480784147738039,-0.000950212496759459));
#9251=CARTESIAN_POINT('',(0.00370784746306619,-0.00458726566836739,-0.000942915259428441));
#9252=CARTESIAN_POINT('',(0.00424333370920483,-0.00409654079742055,-0.000928088095583993));
#9253=CARTESIAN_POINT('',(0.00448844574011006,-0.00382648126687287,-0.00092056894943088));
#9254=CARTESIAN_POINT('',(0.00492512530590667,-0.00324582245218678,-0.000905453181482645));
#9255=CARTESIAN_POINT('',(0.00511654471104133,-0.00293510248789851,-0.000897857453941226));
#9256=CARTESIAN_POINT('',(0.00538466082304327,-0.00239132525091162,-0.000885241063408028));
#9257=CARTESIAN_POINT('',(0.00547847428013121,-0.00216702272173705,-0.000880205141946806));
#9258=CARTESIAN_POINT('',(0.00555828068122386,-0.00193777226732161,-0.00087519571380538));
#9259=CARTESIAN_POINT('',(-0.00558583632341957,-0.0019486110276206,-0.00120165365682916));
#9260=CARTESIAN_POINT('',(-0.00550559499708318,-0.00217881219706684,-0.00119671892594151));
#9261=CARTESIAN_POINT('',(-0.00541099978197381,-0.00240398486671588,-0.00119168314772076));
#9262=CARTESIAN_POINT('',(-0.00497795345844149,-0.0032776943614437,-0.00117119238327722));
#9263=CARTESIAN_POINT('',(-0.00453151570388818,-0.00387277628937955,-0.00115525350109998));
#9264=CARTESIAN_POINT('',(-0.00345390090512726,-0.00485842883798421,-0.00112615046744892));
#9265=CARTESIAN_POINT('',(-0.00282321106743302,-0.00524965554261033,-0.00111282932117721));
#9266=CARTESIAN_POINT('',(-0.00180240137692649,-0.00564676726540396,-0.00109146791032524));
#9267=CARTESIAN_POINT('',(-0.00144949018348366,-0.00574714485436429,-0.00108404226639078));
#9268=CARTESIAN_POINT('',(-0.000730602620704788,-0.00588124480928383,-0.00106876219796702));
#9269=CARTESIAN_POINT('',(-0.000364726721505729,-0.00591517597132559,-0.0010609500416653));
#9270=CARTESIAN_POINT('',(0.00036695616811953,-0.00591561882936734,-0.0010454641608632));
#9271=CARTESIAN_POINT('',(0.000732744900554381,-0.00588203489007624,-0.00103780338914134));
#9272=CARTESIAN_POINT('',(0.0018107310673563,-0.00567902565182052,-0.00101566544074452));
#9273=CARTESIAN_POINT('',(0.00250384475764887,-0.0054088948796873,-0.00100182243616734));
#9274=CARTESIAN_POINT('',(0.00343458471642492,-0.00483100254293095,-0.000980372819121384));
#9275=CARTESIAN_POINT('',(0.00372643627634702,-0.00460931023136326,-0.0009730754667044));
#9276=CARTESIAN_POINT('',(0.00426450116632215,-0.00411611151171334,-0.000958247959162353));
#9277=CARTESIAN_POINT('',(0.00451079227269177,-0.00384469546669415,-0.000950728594032988));
#9278=CARTESIAN_POINT('',(0.00494956083251332,-0.00326113972173863,-0.000935612531935231));
#9279=CARTESIAN_POINT('',(0.00514188893932431,-0.00294887960920076,-0.000928016745473278));
#9280=CARTESIAN_POINT('',(0.00541125968256557,-0.00240242717840306,-0.000915400508454154));
#9281=CARTESIAN_POINT('',(0.00550550688156098,-0.00217702543572581,-0.000910364699648999));
#9282=CARTESIAN_POINT('',(0.00558567706838716,-0.00194665364195797,-0.000905355399041716));
#9283=CARTESIAN_POINT('',(-0.00559418348250866,-0.00195191290941648,-0.00121896931265708));
#9284=CARTESIAN_POINT('',(-0.00551380687403782,-0.00218246036973001,-0.00121403454519959));
#9285=CARTESIAN_POINT('',(-0.00541905490915919,-0.00240796976120988,-0.00120899874703875));
#9286=CARTESIAN_POINT('',(-0.00498530012183837,-0.00328297710447985,-0.00118850798095319));
#9287=CARTESIAN_POINT('',(-0.00453815006997595,-0.00387892528934031,-0.00117256923709056));
#9288=CARTESIAN_POINT('',(-0.00345884528718275,-0.00486600116337907,-0.00114346635665203));
#9289=CARTESIAN_POINT('',(-0.00282717819999782,-0.00525778513713657,-0.00113014523223091));
#9290=CARTESIAN_POINT('',(-0.00180479379289389,-0.00565543785274493,-0.00110878374305187));
#9291=CARTESIAN_POINT('',(-0.00145133893612092,-0.00575594577552504,-0.00110135804971978));
#9292=CARTESIAN_POINT('',(-0.000731347357085521,-0.00589020393105137,-0.0010860778767075));
#9293=CARTESIAN_POINT('',(-0.000364911451873015,-0.00592416343484805,-0.00107826566789591));
#9294=CARTESIAN_POINT('',(0.000367884148219224,-0.00592456237007358,-0.00106277974152577));
#9295=CARTESIAN_POINT('',(0.000734225409266439,-0.00589090611314109,-0.0010551189793977));
#9296=CARTESIAN_POINT('',(0.00181382444864702,-0.00568753073629368,-0.00103298122091142));
#9297=CARTESIAN_POINT('',(0.00250795662315694,-0.00541695781875394,-0.00101913851474485));
#9298=CARTESIAN_POINT('',(0.00344006663957696,-0.00483813094905272,-0.000997688947910074));
#9299=CARTESIAN_POINT('',(0.00373234896543869,-0.00461608078304584,-0.000990391528727063));
#9300=CARTESIAN_POINT('',(0.00427120710086053,-0.00412209164631765,-0.000975563821650326));
#9301=CARTESIAN_POINT('',(0.00451786057066366,-0.00385024340301967,-0.000968044329348687));
#9302=CARTESIAN_POINT('',(0.00495726812054956,-0.00326576968306249,-0.000952928096305662));
#9303=CARTESIAN_POINT('',(0.00514987235219061,-0.00295302410288283,-0.000945332275501886));
#9304=CARTESIAN_POINT('',(0.00541961956087592,-0.00240573364682855,-0.000932716127329901));
#9305=CARTESIAN_POINT('',(0.00551399550478072,-0.00217998868217653,-0.000927680383808064));
#9306=CARTESIAN_POINT('',(0.0055942722562833,-0.00194926731453758,-0.000922671157132459));
#9307=CARTESIAN_POINT('',(-0.00559380655021401,-0.00195254493157588,-0.00125297451953085));
#9308=CARTESIAN_POINT('',(-0.00551340518996611,-0.0021830813574179,-0.00124803968037048));
#9309=CARTESIAN_POINT('',(-0.00541862943345084,-0.00240857603542684,-0.00124300384304666));
#9310=CARTESIAN_POINT('',(-0.00498478373143773,-0.0032835092865505,-0.0012225130732506));
#9311=CARTESIAN_POINT('',(-0.00453757557039196,-0.0038793723766935,-0.00120657459984455));
#9312=CARTESIAN_POINT('',(-0.003458187687518,-0.00486628482288232,-0.00117747202018121));
#9313=CARTESIAN_POINT('',(-0.00282649502464147,-0.00525798889022303,-0.00116415093960378));
#9314=CARTESIAN_POINT('',(-0.00180408298406927,-0.00565551206118616,-0.00114278929730899));
#9315=CARTESIAN_POINT('',(-0.0014506200352124,-0.00575597463648702,-0.00113536350704539));
#9316=CARTESIAN_POINT('',(-0.000730618702768568,-0.00589014097365866,-0.00112008312852001));
#9317=CARTESIAN_POINT('',(-0.00036418151228889,-0.00592405431660859,-0.00111227081641573));
#9318=CARTESIAN_POINT('',(0.000368602603899052,-0.00592436584384316,-0.00109678480020068));
#9319=CARTESIAN_POINT('',(0.000734930807982463,-0.00589066852602481,-0.00108912405673227));
#9320=CARTESIAN_POINT('',(0.00181446122703559,-0.00568718420735254,-0.00106698667092939));
#9321=CARTESIAN_POINT('',(0.0025085130589728,-0.00541655462714946,-0.00105314455091359));
#9322=CARTESIAN_POINT('',(0.0034405195229563,-0.00483762796727186,-0.00103169508310735));
#9323=CARTESIAN_POINT('',(0.00373277156053451,-0.00461554068480775,-0.00102439753299945));
#9324=CARTESIAN_POINT('',(0.0042715719856636,-0.00412148003394552,-0.00100956943437787));
#9325=CARTESIAN_POINT('',(0.00451819757901385,-0.00384959784247014,-0.00100204969244279));
#9326=CARTESIAN_POINT('',(0.00495754272005735,-0.00326507325718497,-0.000986933123624568));
#9327=CARTESIAN_POINT('',(0.00515011189639979,-0.00295231173220615,-0.000979337235177434));
#9328=CARTESIAN_POINT('',(0.00541979009482786,-0.00240501609307829,-0.000966721260829815));
#9329=CARTESIAN_POINT('',(0.00551413612273701,-0.00217927380995503,-0.000961685645187773));
#9330=CARTESIAN_POINT('',(0.00559438167522656,-0.00194855757973667,-0.000956676563382974));
#9331=CARTESIAN_POINT('',(-0.0055850836629843,-0.00194988932296713,-0.00127028001982604));
#9332=CARTESIAN_POINT('',(-0.00550479226936976,-0.00218006855459121,-0.00126534514414428));
#9333=CARTESIAN_POINT('',(-0.0054101489039991,-0.00240521185454077,-0.00126030928683927));
#9334=CARTESIAN_POINT('',(-0.00497691848147173,-0.00327877307910088,-0.00123981851490295));
#9335=CARTESIAN_POINT('',(-0.00453036281382256,-0.00387368413176371,-0.00122388017887572));
#9336=CARTESIAN_POINT('',(-0.00345257875991141,-0.00485900828148438,-0.00119477775259879));
#9337=CARTESIAN_POINT('',(-0.00282183640066959,-0.00525007428837177,-0.00118145669486326));
#9338=CARTESIAN_POINT('',(-0.00180096947481604,-0.0056469251462905,-0.00116009497481499));
#9339=CARTESIAN_POINT('',(-0.00144804144315767,-0.00574721136319874,-0.00115266913514067));
#9340=CARTESIAN_POINT('',(-0.000729133163164622,-0.00588112621101952,-0.0011373886517115));
#9341=CARTESIAN_POINT('',(-0.000363254144039841,-0.00591496426398732,-0.00112957628682444));
#9342=CARTESIAN_POINT('',(0.000368406621856366,-0.00591523072331648,-0.00111409022459294));
#9343=CARTESIAN_POINT('',(0.000734169529811453,-0.00588156387013861,-0.00110642949055174));
#9344=CARTESIAN_POINT('',(0.00181201876293119,-0.00567833448273242,-0.00108429229473781));
#9345=CARTESIAN_POINT('',(0.00250497130927102,-0.00540808897023148,-0.00107045047381145));
#9346=CARTESIAN_POINT('',(0.00343550362573779,-0.00482999441440948,-0.00104900105673994));
#9347=CARTESIAN_POINT('',(0.00372729448014115,-0.00460822687881237,-0.00104170343993813));
#9348=CARTESIAN_POINT('',(0.00426524367793505,-0.00411488312632906,-0.00102687514172509));
#9349=CARTESIAN_POINT('',(0.0045114788806321,-0.00384339817977464,-0.00101935527249533));
#9350=CARTESIAN_POINT('',(0.00495012212321666,-0.00325973894373918,-0.00100423853234576));
#9351=CARTESIAN_POINT('',(0.00514237976095178,-0.00294744620379729,-0.000996642609287374));
#9352=CARTESIAN_POINT('',(0.0054116116207936,-0.00240098252721543,-0.000984026723282734));
#9353=CARTESIAN_POINT('',(0.00550579858133199,-0.00217558587205358,-0.000978991172713278));
#9354=CARTESIAN_POINT('',(0.00558590592018041,-0.00194522411491942,-0.000973982164652701));
#9355=CARTESIAN_POINT('',(-0.00556442162153188,-0.00194318506217675,-0.00129283991004262));
#9356=CARTESIAN_POINT('',(-0.00548440705861305,-0.00217251576347775,-0.0012879049872794));
#9357=CARTESIAN_POINT('',(-0.00539009364639671,-0.002396826488193,-0.0012828691041702));
#9358=CARTESIAN_POINT('',(-0.00495838576818298,-0.00326714597709636,-0.00126237832913763));
#9359=CARTESIAN_POINT('',(-0.0045134235057475,-0.00385982628481881,-0.00124644016970498));
#9360=CARTESIAN_POINT('',(-0.00343952293360779,-0.00484144074979531,-0.00121733794141973));
#9361=CARTESIAN_POINT('',(-0.00281106850615867,-0.00523102437846003,-0.00120401691381815));
#9362=CARTESIAN_POINT('',(-0.00179391383629044,-0.00562633841236142,-0.00118265509385072));
#9363=CARTESIAN_POINT('',(-0.00144227016693094,-0.00572622779468895,-0.00117522919042576));
#9364=CARTESIAN_POINT('',(-0.000725982600640277,-0.00585959179902667,-0.00115994857145433));
#9365=CARTESIAN_POINT('',(-0.000361439810846024,-0.00589327529082641,-0.00115213613829171));
#9366=CARTESIAN_POINT('',(0.000367539519220983,-0.00589348236024226,-0.00113665001639544));
#9367=CARTESIAN_POINT('',(0.000731957099798981,-0.00585991115549847,-0.00112898929440361));
#9368=CARTESIAN_POINT('',(0.00180582185137789,-0.00565735211300531,-0.00110685234373582));
#9369=CARTESIAN_POINT('',(0.00249618870573117,-0.00538805695303921,-0.00109301090910363));
#9370=CARTESIAN_POINT('',(0.00342325127210126,-0.00481200865021681,-0.00107156155783424));
#9371=CARTESIAN_POINT('',(0.00371395545530606,-0.00459102673188287,-0.00106426385504312));
#9372=CARTESIAN_POINT('',(0.00424989993349935,-0.00409943790954407,-0.00104943529931087));
#9373=CARTESIAN_POINT('',(0.00449521651066937,-0.00382892225030266,-0.00104191526578346));
#9374=CARTESIAN_POINT('',(0.00493221493239869,-0.00324736169315082,-0.00102679830434978));
#9375=CARTESIAN_POINT('',(0.00512374659102795,-0.00293619943465315,-0.0010192023364602));
#9376=CARTESIAN_POINT('',(0.00539194876084845,-0.00239172923764139,-0.00100658656408233));
#9377=CARTESIAN_POINT('',(0.00548577170757633,-0.00216715806820728,-0.00100155109731734));
#9378=CARTESIAN_POINT('',(0.00556556563974461,-0.00193764159923465,-0.00099654218426364));
#9379=CARTESIAN_POINT('',(-0.00555636664940477,-0.00194052882633375,-0.00129973667082153));
#9380=CARTESIAN_POINT('',(-0.00547646169103394,-0.00216952848208281,-0.00129480173377585));
#9381=CARTESIAN_POINT('',(-0.00538227859337371,-0.00239351460555353,-0.00128976584282999));
#9382=CARTESIAN_POINT('',(-0.00495117097598472,-0.0032625711683759,-0.00126927506679289));
#9383=CARTESIAN_POINT('',(-0.0045068348188131,-0.00385438434233722,-0.00125333696083317));
#9384=CARTESIAN_POINT('',(-0.00343445689680069,-0.00483455801941318,-0.00122423479265909));
#9385=CARTESIAN_POINT('',(-0.00280689820894743,-0.00522356673883221,-0.00121091377433188));
#9386=CARTESIAN_POINT('',(-0.00179119612725557,-0.0056182873864483,-0.00118955192411462));
#9387=CARTESIAN_POINT('',(-0.00144005493982735,-0.00571802421828863,-0.00118212600134026));
#9388=CARTESIAN_POINT('',(-0.000724792295298913,-0.00585117809950827,-0.00116684534119205));
#9389=CARTESIAN_POINT('',(-0.000360771876368117,-0.00588480378529966,-0.00115903288727295));
#9390=CARTESIAN_POINT('',(0.000367159997161757,-0.00588499257924441,-0.00114354674721065));
#9391=CARTESIAN_POINT('',(0.000731052461081034,-0.00585146108103564,-0.001135886028854));
#9392=CARTESIAN_POINT('',(0.00180336365702303,-0.00564917021499995,-0.00111374915259586));
#9393=CARTESIAN_POINT('',(0.00249272436955543,-0.00538024972575782,-0.00109990783528849));
#9394=CARTESIAN_POINT('',(0.00341843654921207,-0.00480500688985824,-0.00107845850405754));
#9395=CARTESIAN_POINT('',(0.00370871769135349,-0.00458433414649037,-0.00107116077517889));
#9396=CARTESIAN_POINT('',(0.00424388183579752,-0.00409343532231943,-0.0010563321412847));
#9397=CARTESIAN_POINT('',(0.00448884092038157,-0.00382330045089576,-0.00104881205787865));
#9398=CARTESIAN_POINT('',(0.00492519994924705,-0.00324256308786101,-0.00103369502923717));
#9399=CARTESIAN_POINT('',(0.00511644982167365,-0.00293184360673589,-0.0010260990477067));
#9400=CARTESIAN_POINT('',(0.00538425341109017,-0.00238815290323735,-0.00101348330974782));
#9401=CARTESIAN_POINT('',(0.00547793576444764,-0.00216390424378281,-0.00100844786838923));
#9402=CARTESIAN_POINT('',(0.00555760895679321,-0.00193471788631544,-0.00100343898414479));
#9403=CARTESIAN_POINT('',(-0.00553928507320176,-0.00193484628896652,-0.001312150667399));
#9404=CARTESIAN_POINT('',(-0.00545961450652848,-0.00216314362868427,-0.00130721570488195));
#9405=CARTESIAN_POINT('',(-0.00536570971946224,-0.00238644136343046,-0.00130217979994557));
#9406=CARTESIAN_POINT('',(-0.00493588284355508,-0.00325282071825185,-0.00128168902200898));
#9407=CARTESIAN_POINT('',(-0.00449288016088617,-0.00384279794963656,-0.00126575101125061));
#9408=CARTESIAN_POINT('',(-0.003423741343653,-0.00481992255975685,-0.00123664895036038));
#9409=CARTESIAN_POINT('',(-0.00279808661443996,-0.00520771559259457,-0.0012233279487934));
#9410=CARTESIAN_POINT('',(-0.00178547120454315,-0.00560118457228575,-0.00120196604472992));
#9411=CARTESIAN_POINT('',(-0.00143539766799806,-0.00570060041005266,-0.00119454008743081));
#9412=CARTESIAN_POINT('',(-0.000722312287646613,-0.00583331408098669,-0.00117925935374978));
#9413=CARTESIAN_POINT('',(-0.000359401310832438,-0.00586682003461427,-0.00117144686273955));
#9414=CARTESIAN_POINT('',(0.000366306835995599,-0.00586697575538901,-0.00115596069017002));
#9415=CARTESIAN_POINT('',(0.000729084968434183,-0.00583353127772971,-0.00114829997826315));
#9416=CARTESIAN_POINT('',(0.00179810138866351,-0.00563181709118336,-0.00112616323477868));
#9417=CARTESIAN_POINT('',(0.00248533063670224,-0.00536369601148082,-0.00111232212694076));
#9418=CARTESIAN_POINT('',(0.00340818180225156,-0.0047901702961224,-0.00109087283157381));
#9419=CARTESIAN_POINT('',(0.00369756652127617,-0.00457015658348755,-0.00108357505616705));
#9420=CARTESIAN_POINT('',(0.00423107726069497,-0.0040807278009317,-0.00106874628280924));
#9421=CARTESIAN_POINT('',(0.00447527896871117,-0.00381140383576428,-0.00106122611038661));
#9422=CARTESIAN_POINT('',(0.00491028421728124,-0.00323241802628225,-0.00104610896175424));
#9423=CARTESIAN_POINT('',(0.00510093796263809,-0.00292263991669536,-0.00103851295582856));
#9424=CARTESIAN_POINT('',(0.0053678996197535,-0.0023806049616324,-0.00102589727916919));
#9425=CARTESIAN_POINT('',(0.00546128536007213,-0.00215704103976597,-0.00102086188309364));
#9426=CARTESIAN_POINT('',(0.00554070418658637,-0.00192855540205379,-0.00101585305020841));
#9427=CARTESIAN_POINT('',(-0.00553027686542112,-0.00193182584243917,-0.00131764273654218));
#9428=CARTESIAN_POINT('',(-0.0054507308439093,-0.00215975266649447,-0.00131270776288959));
#9429=CARTESIAN_POINT('',(-0.00535697376360704,-0.00238268735497262,-0.00130767185182857));
#9430=CARTESIAN_POINT('',(-0.00492782603072204,-0.00324765531641584,-0.00128718107300012));
#9431=CARTESIAN_POINT('',(-0.00448552931187933,-0.00383666573184529,-0.00127124310376929));
#9432=CARTESIAN_POINT('',(-0.00341810351498947,-0.00481218538033104,-0.0012421410898275));
#9433=CARTESIAN_POINT('',(-0.00279345497792487,-0.00519933896368127,-0.00122882009571303));
#9434=CARTESIAN_POINT('',(-0.00178247036086451,-0.00559215104536206,-0.00120745816816683));
#9435=CARTESIAN_POINT('',(-0.00143296085451515,-0.00569139879860313,-0.00120003219576461));
#9436=CARTESIAN_POINT('',(-0.000721025491955097,-0.00582388288512313,-0.00118475142988091));
#9437=CARTESIAN_POINT('',(-0.000358700400576834,-0.00585732705673361,-0.00117693892261319));
#9438=CARTESIAN_POINT('',(0.000365833857829635,-0.00585746804571203,-0.00116145273576974));
#9439=CARTESIAN_POINT('',(0.000728023971523794,-0.00582407080338098,-0.00115379202666363));
#9440=CARTESIAN_POINT('',(0.00179530271869708,-0.00562266454143643,-0.00113165534126545));
#9441=CARTESIAN_POINT('',(0.00248140895133078,-0.00535496736574341,-0.0011178143251349));
#9442=CARTESIAN_POINT('',(0.00340275258483635,-0.00478235150292179,-0.00109636504551939));
#9443=CARTESIAN_POINT('',(0.00369166489086613,-0.0045626869543477,-0.00108906724976954));
#9444=CARTESIAN_POINT('',(0.00422430434700687,-0.00407403666833384,-0.00107423841540185));
#9445=CARTESIAN_POINT('',(0.00446810699056365,-0.00380514196636272,-0.00106671820402739));
#9446=CARTESIAN_POINT('',(0.0049023993210012,-0.00322708266116462,-0.0010516010028624));
#9447=CARTESIAN_POINT('',(0.00509273937515923,-0.00291780214472196,-0.00104400498623299));
#9448=CARTESIAN_POINT('',(0.00535925860481877,-0.00237664167596608,-0.00103138933632496));
#9449=CARTESIAN_POINT('',(0.00545248865312745,-0.00215343924861587,-0.00102635396003092));
#9450=CARTESIAN_POINT('',(0.00553177413657043,-0.00192532346811839,-0.00102134514958782));
#9451=CARTESIAN_POINT('',(-0.00552130895363679,-0.00192881869382269,-0.001323100742175));
#9452=CARTESIAN_POINT('',(-0.00544188692840328,-0.00215637665842558,-0.00131816575742739));
#9453=CARTESIAN_POINT('',(-0.0053482769024646,-0.00237894992455655,-0.00131312984026425));
#9454=CARTESIAN_POINT('',(-0.00491980530817832,-0.00324251281058609,-0.00129263906054896));
#9455=CARTESIAN_POINT('',(-0.00447821142054319,-0.00383056074758302,-0.00127670113269733));
#9456=CARTESIAN_POINT('',(-0.00341249102507258,-0.00480448264133387,-0.0012475991655319));
#9457=CARTESIAN_POINT('',(-0.0027888441979416,-0.00519099965081415,-0.00123427817883919));
#9458=CARTESIAN_POINT('',(-0.00177948310551509,-0.00558315780145213,-0.00121291622789403));
#9459=CARTESIAN_POINT('',(-0.00143053511521403,-0.00568223823263264,-0.0012054902404439));
#9460=CARTESIAN_POINT('',(-0.000719744642433236,-0.00581449378437929,-0.00119020944247625));
#9461=CARTESIAN_POINT('',(-0.000358002822963275,-0.00584787646233587,-0.00118239691901137));
#9462=CARTESIAN_POINT('',(0.000365362787609517,-0.00584800280955012,-0.0011669107179477));
#9463=CARTESIAN_POINT('',(0.000726967509778398,-0.00581465260334942,-0.00115925001163278));
#9464=CARTESIAN_POINT('',(0.00179251635651576,-0.00561355292354389,-0.00113711338410841));
#9465=CARTESIAN_POINT('',(0.00247750460753062,-0.00534627777779389,-0.00112327245934788));
#9466=CARTESIAN_POINT('',(0.00339734746390951,-0.00477456773668406,-0.0011018231954244));
#9467=CARTESIAN_POINT('',(0.00368578947282948,-0.00455525080465208,-0.00109452537940551));
#9468=CARTESIAN_POINT('',(0.00421756154837768,-0.00406737556138703,-0.00107969648425097));
#9469=CARTESIAN_POINT('',(0.00446096691528888,-0.0037989082165395,-0.00107217623406739));
#9470=CARTESIAN_POINT('',(0.00489454952532474,-0.00322177129553388,-0.00105705898056301));
#9471=CARTESIAN_POINT('',(0.00508457729766305,-0.00291298615639363,-0.00104946295326992));
#9472=CARTESIAN_POINT('',(0.00535065609375257,-0.00237269627371819,-0.00103684733001732));
#9473=CARTESIAN_POINT('',(0.00544373115344324,-0.00214985372733218,-0.00103181197343327));
#9474=CARTESIAN_POINT('',(0.00552288389788381,-0.00192210615253929,-0.001026803185351));
#9475=CARTESIAN_POINT('',(0.0054937822173509,-0.00200665007769204,-0.000854479853586705));
#9476=CARTESIAN_POINT('',(0.0054937822173509,-0.00205706891004469,-0.000865433954205235));
#9477=CARTESIAN_POINT('',(0.0054937822173509,-0.00208414560246228,-0.000868222497586969));
#9478=CARTESIAN_POINT('',(0.0054937822173509,-0.00220393278152992,-0.000914258402870933));
#9479=CARTESIAN_POINT('',(0.0054937822173509,-0.00222280804069502,-0.000944060050006624));
#9480=CARTESIAN_POINT('',(0.0054937822173509,-0.00220704397585298,-0.000974734424359758));
#9481=CARTESIAN_POINT('',(0.0054937822173509,-0.00208456091658685,-0.00101747179340004));
#9482=CARTESIAN_POINT('',(0.0054937822173509,-0.00205835547786667,-0.00101889005048177));
#9483=CARTESIAN_POINT('',(0.0054937822173509,-0.00200828932877196,-0.00102782490926526));
#9484=CARTESIAN_POINT('',(-0.0054937822173509,-0.0020100278565135,-0.00132059416604203));
#9485=CARTESIAN_POINT('',(-0.0054937822173509,-0.00205972076813778,-0.0013097854491186));
#9486=CARTESIAN_POINT('',(-0.0054937822173509,-0.0020866988779898,-0.00130696982897545));
#9487=CARTESIAN_POINT('',(-0.0054937822173509,-0.00220524785387479,-0.00126126986082884));
#9488=CARTESIAN_POINT('',(-0.0054937822173509,-0.00222458933001977,-0.00123185220612707));
#9489=CARTESIAN_POINT('',(-0.0054937822173509,-0.00220939711910576,-0.00120064663152823));
#9490=CARTESIAN_POINT('',(-0.0054937822173509,-0.00208554647642045,-0.00115749817742062));
#9491=CARTESIAN_POINT('',(-0.0054937822173509,-0.00205949904736711,-0.00115618595949477));
#9492=CARTESIAN_POINT('',(-0.0054937822173509,-0.0020085829827295,-0.00114708108200333));
#9493=CARTESIAN_POINT('',(-0.0055229837837782,-0.00192551274489734,-0.000398487225592432));
#9494=CARTESIAN_POINT('',(-0.00544383091817762,-0.00215281025112697,-0.00039358337840946));
#9495=CARTESIAN_POINT('',(-0.00535056097751797,-0.0023752814397487,-0.000388609276524941));
#9496=CARTESIAN_POINT('',(-0.00492272190269134,-0.00323890633681393,-0.000368344686263979));
#9497=CARTESIAN_POINT('',(-0.00448020655719941,-0.00382794549125116,-0.000352500410470591));
#9498=CARTESIAN_POINT('',(-0.0036805292687418,-0.00456052782465008,-0.000330278292284104));
#9499=CARTESIAN_POINT('',(-0.00339110578142155,-0.00477922846711676,-0.00032318868473308));
#9500=CARTESIAN_POINT('',(-0.00277723003617103,-0.00515970290635781,-0.000309232582328843));
#9501=CARTESIAN_POINT('',(-0.00245283280356855,-0.00532156187199077,-0.000302350538147908));
#9502=CARTESIAN_POINT('',(-0.00178017812162096,-0.00558313826431994,-0.000288264741883428));
#9503=CARTESIAN_POINT('',(-0.00143187617678585,-0.00568266153343969,-0.000281019636754337));
#9504=CARTESIAN_POINT('',(-0.000368107305917067,-0.00588142305375732,-0.000258346731322288));
#9505=CARTESIAN_POINT('',(0.000365895232850705,-0.00588228174200089,-0.00024228564067447));
#9506=CARTESIAN_POINT('',(0.00143113703497545,-0.00568278581509806,-0.000219869505543072));
#9507=CARTESIAN_POINT('',(0.00178024713779675,-0.00558259869468758,-0.000212712639592495));
#9508=CARTESIAN_POINT('',(0.00262321877610774,-0.00525451593400163,-0.000195085337729056));
#9509=CARTESIAN_POINT('',(0.00310218078896049,-0.00498786332157688,-0.000184739249535744));
#9510=CARTESIAN_POINT('',(0.00367827041708012,-0.00455146026843376,-0.000170259850581304));
#9511=CARTESIAN_POINT('',(0.00437224788736599,-0.00397218345450902,-0.000151861471665685));
#9512=CARTESIAN_POINT('',(0.00492367232301874,-0.00323895544936317,-0.000132410010453877));
#9513=CARTESIAN_POINT('',(0.00534987869382571,-0.00237657741431375,-0.000112304480565157));
#9514=CARTESIAN_POINT('',(0.00544295390629372,-0.00215430519275331,-0.000107329784734184));
#9515=CARTESIAN_POINT('',(0.00552208864091383,-0.00192711580093203,-0.000102395086491603));
#9516=CARTESIAN_POINT('',(-0.00554078788976393,-0.00193197073776141,-0.000409417549261479));
#9517=CARTESIAN_POINT('',(-0.00546137001147857,-0.00216000367616427,-0.000404513664879832));
#9518=CARTESIAN_POINT('',(-0.00536778970324738,-0.00238319335770823,-0.000399539537381176));
#9519=CARTESIAN_POINT('',(-0.00493853342650743,-0.00324959959477795,-0.000379274928368291));
#9520=CARTESIAN_POINT('',(-0.00449456467550654,-0.00384052018955656,-0.000363430788451639));
#9521=CARTESIAN_POINT('',(-0.00369227010864417,-0.00457543743495898,-0.000341208763589891));
#9522=CARTESIAN_POINT('',(-0.00340190057151357,-0.00479483445338744,-0.000334119163608837));
#9523=CARTESIAN_POINT('',(-0.00278602073380749,-0.00517651763237479,-0.000320163043896844));
#9524=CARTESIAN_POINT('',(-0.00246056565478098,-0.00533888914719071,-0.000313280976157464));
#9525=CARTESIAN_POINT('',(-0.00178572021249597,-0.00560128804828166,-0.000299195126191032));
#9526=CARTESIAN_POINT('',(-0.00143628520713224,-0.00570112050891001,-0.000291949991410717));
#9527=CARTESIAN_POINT('',(-0.000369060471582024,-0.00590048315796214,-0.00026927701822686));
#9528=CARTESIAN_POINT('',(0.000367320475553152,-0.00590131298954432,-0.000253215907057592));
#9529=CARTESIAN_POINT('',(0.00143600054196378,-0.00570113039486025,-0.000230799843926704));
#9530=CARTESIAN_POINT('',(0.00178623502821819,-0.00560060656964151,-0.000223643021187816));
#9531=CARTESIAN_POINT('',(0.00263191790028374,-0.00527143173845273,-0.000206015821456795));
#9532=CARTESIAN_POINT('',(0.00311241693403211,-0.00500389873773281,-0.000195669788767586));
#9533=CARTESIAN_POINT('',(0.00369035466835199,-0.00456605706973623,-0.000181190356149002));
#9534=CARTESIAN_POINT('',(0.00438655822719151,-0.00398487129391554,-0.000162791888032389));
#9535=CARTESIAN_POINT('',(0.00493974726724177,-0.00324923607793205,-0.000143340216265636));
#9536=CARTESIAN_POINT('',(0.00536730177653055,-0.00238405452271424,-0.000123234752613883));
#9537=CARTESIAN_POINT('',(0.00546066960346632,-0.00216106175312419,-0.000118260096729407));
#9538=CARTESIAN_POINT('',(0.005540051279462,-0.00193313696942973,-0.000113325447770585));
#9539=CARTESIAN_POINT('',(-0.00555889231969335,-0.00193855519560872,-0.00042131625931556));
#9540=CARTESIAN_POINT('',(-0.00547920425936889,-0.00216733616162625,-0.000416412334328803));
#9541=CARTESIAN_POINT('',(-0.00538530766254743,-0.0023912565502661,-0.000411438178866364));
#9542=CARTESIAN_POINT('',(-0.00495460761069484,-0.00326049086822276,-0.000391173549348385));
#9543=CARTESIAN_POINT('',(-0.00450915908490432,-0.00385332343993028,-0.000375329557689728));
#9544=CARTESIAN_POINT('',(-0.0037042003545705,-0.00459061312771114,-0.000353107634706035));
#9545=CARTESIAN_POINT('',(-0.00341286789825421,-0.00481071766469124,-0.000346018043011122));
#9546=CARTESIAN_POINT('',(-0.0027949483990958,-0.00519362872520895,-0.000332061904464098));
#9547=CARTESIAN_POINT('',(-0.00246841677895879,-0.00535652078542701,-0.000325179811042646));
#9548=CARTESIAN_POINT('',(-0.00179134205053038,-0.00561975461066676,-0.000311093902497788));
#9549=CARTESIAN_POINT('',(-0.00144075415122204,-0.0057199006590851,-0.000303848735355315));
#9550=CARTESIAN_POINT('',(-0.000370013389531929,-0.00591987179322284,-0.000281175688159626));
#9551=CARTESIAN_POINT('',(0.000368786938327087,-0.0059206700641366,-0.000265114554484617));
#9552=CARTESIAN_POINT('',(0.00144096357799101,-0.0057197861854826,-0.000242698569951694));
#9553=CARTESIAN_POINT('',(0.00179234134908002,-0.00561891902358774,-0.000235541794413319));
#9554=CARTESIAN_POINT('',(0.00264078076949765,-0.00528863131294834,-0.000217914706266256));
#9555=CARTESIAN_POINT('',(0.00312284227013262,-0.00502020163216264,-0.000207568734239942));
#9556=CARTESIAN_POINT('',(0.00370265864600299,-0.00458089485785679,-0.000193089264891752));
#9557=CARTESIAN_POINT('',(0.00440112505069404,-0.00399776500358274,-0.000174690699390593));
#9558=CARTESIAN_POINT('',(0.00495610751328598,-0.003259678892226,-0.000155238797646807));
#9559=CARTESIAN_POINT('',(0.00538503112165403,-0.00239164486616367,-0.000135133406240583));
#9560=CARTESIAN_POINT('',(0.00547869599087558,-0.00216791911076476,-0.000130158793953881));
#9561=CARTESIAN_POINT('',(0.00555832821624528,-0.00193924631873708,-0.000125224198789827));
#9562=CARTESIAN_POINT('',(-0.00558585213579943,-0.00194863849109905,-0.000451475811514994));
#9563=CARTESIAN_POINT('',(-0.0055057506706088,-0.00217853637776282,-0.000446571781359059));
#9564=CARTESIAN_POINT('',(-0.00541137221623497,-0.00240354637685833,-0.000441597553413724));
#9565=CARTESIAN_POINT('',(-0.0049784798890014,-0.00327698925899459,-0.000421332870294169));
#9566=CARTESIAN_POINT('',(-0.00453079831438425,-0.00387264993428127,-0.000405489261790206));
#9567=CARTESIAN_POINT('',(-0.00372182883952178,-0.00461344303032231,-0.000383267602774854));
#9568=CARTESIAN_POINT('',(-0.00342904801303492,-0.00483459156746845,-0.000376178032855335));
#9569=CARTESIAN_POINT('',(-0.00280806322608441,-0.00521931131245646,-0.000362221846313669));
#9570=CARTESIAN_POINT('',(-0.00247991501282185,-0.0053829682315907,-0.000355339686835552));
#9571=CARTESIAN_POINT('',(-0.00179949567698777,-0.00564742223493923,-0.000341253627134054));
#9572=CARTESIAN_POINT('',(-0.00144717954319172,-0.00574802226723458,-0.000334008376231302));
#9573=CARTESIAN_POINT('',(-0.000371173342612246,-0.00594885537324796,-0.000311335136580005));
#9574=CARTESIAN_POINT('',(0.00037124330465924,-0.00594957147843154,-0.000295273943176635));
#9575=CARTESIAN_POINT('',(0.00144863170925206,-0.00574759513726138,-0.000272858162267263));
#9576=CARTESIAN_POINT('',(0.00180171092905015,-0.00564620157380874,-0.000265701509412006));
#9577=CARTESIAN_POINT('',(0.00265424850880778,-0.00531421870730716,-0.000248074711621215));
#9578=CARTESIAN_POINT('',(0.00313862906848314,-0.00504443085636842,-0.000237728897755997));
#9579=CARTESIAN_POINT('',(0.00372123286382561,-0.00460290705220902,-0.000223249333529244));
#9580=CARTESIAN_POINT('',(0.00442305640278838,-0.00401683596739521,-0.000204850515618873));
#9581=CARTESIAN_POINT('',(0.00498069456770686,-0.00327505137595382,-0.000185398016325823));
#9582=CARTESIAN_POINT('',(0.00541162863962346,-0.00240274333978338,-0.000165292811169548));
#9583=CARTESIAN_POINT('',(0.0055057277542698,-0.00217792158053432,-0.000160318311678688));
#9584=CARTESIAN_POINT('',(0.00558572420242162,-0.00194813154913231,-0.000155383855788806));
#9585=CARTESIAN_POINT('',(-0.00559419699717478,-0.00195193802233896,-0.000468791492932644));
#9586=CARTESIAN_POINT('',(-0.00551396047054139,-0.00218218356089489,-0.000463887401793834));
#9587=CARTESIAN_POINT('',(-0.00541942589861753,-0.0024075317849907,-0.000458913131799814));
#9588=CARTESIAN_POINT('',(-0.00498582785733697,-0.00328227553926645,-0.000438648417429122));
#9589=CARTESIAN_POINT('',(-0.00453743618060482,-0.00387879936010524,-0.00042280503080907));
#9590=CARTESIAN_POINT('',(-0.00372719738070233,-0.00462065796539714,-0.000400583524891359));
#9591=CARTESIAN_POINT('',(-0.00343395896505197,-0.00484212350263173,-0.000393493967706799));
#9592=CARTESIAN_POINT('',(-0.00281200743863601,-0.00522739039538394,-0.000379537753607624));
#9593=CARTESIAN_POINT('',(-0.00248335019151191,-0.00539127745399183,-0.000372655555985441));
#9594=CARTESIAN_POINT('',(-0.00180187961880478,-0.00565609430094491,-0.000358569408829847));
#9595=CARTESIAN_POINT('',(-0.00144902121481762,-0.00575682652303426,-0.000351324109378755));
#9596=CARTESIAN_POINT('',(-0.000371366201231929,-0.0059578981204028,-0.000328650757868213));
#9597=CARTESIAN_POINT('',(0.000372178496941203,-0.0059585662339102,-0.000312589529334769));
#9598=CARTESIAN_POINT('',(0.00145118325252646,-0.00575622084946085,-0.000290173866515146));
#9599=CARTESIAN_POINT('',(0.00180478844812622,-0.00565465464409917,-0.000283017284947305));
#9600=CARTESIAN_POINT('',(0.00265859023504628,-0.00532212274180751,-0.000265390655986636));
#9601=CARTESIAN_POINT('',(0.00314368370197834,-0.00505189980807068,-0.000255044934191438));
#9602=CARTESIAN_POINT('',(0.00372714379558905,-0.00460966712445704,-0.000240565315036158));
#9603=CARTESIAN_POINT('',(0.00442999842767618,-0.00402265597479431,-0.000222166350703335));
#9604=CARTESIAN_POINT('',(0.00498844903226633,-0.00327969530207737,-0.000202713504263086));
#9605=CARTESIAN_POINT('',(0.00541998724807543,-0.00240604745285506,-0.000182608406804755));
#9606=CARTESIAN_POINT('',(0.00551421558580909,-0.00218088356519192,-0.000177633972676205));
#9607=CARTESIAN_POINT('',(0.00559431907698635,-0.00195074556036329,-0.000172699597525568));
#9608=CARTESIAN_POINT('',(-0.00559381558027136,-0.0019525653144507,-0.00050279674978615));
#9609=CARTESIAN_POINT('',(-0.00551355426891209,-0.00218280338626886,-0.000497892539119501));
#9610=CARTESIAN_POINT('',(-0.00541899644987103,-0.00240814032929743,-0.000492918186673062));
#9611=CARTESIAN_POINT('',(-0.00498531232868312,-0.00328281676102033,-0.00047265341072905));
#9612=CARTESIAN_POINT('',(-0.00453687066213144,-0.00387924777445978,-0.000456810458459583));
#9613=CARTESIAN_POINT('',(-0.00372656830790417,-0.00462097527115995,-0.000434589252681433));
#9614=CARTESIAN_POINT('',(-0.00343331036253776,-0.00484239950858314,-0.000427499720661984));
#9615=CARTESIAN_POINT('',(-0.00281132479112652,-0.00522758604593409,-0.00041354345306291));
#9616=CARTESIAN_POINT('',(-0.00248265309310374,-0.0053914337778846,-0.000406661180977574));
#9617=CARTESIAN_POINT('',(-0.00180116088555721,-0.00565616934571381,-0.00039257486277715));
#9618=CARTESIAN_POINT('',(-0.00144829530488873,-0.0057568591983862,-0.000385329468208775));
#9619=CARTESIAN_POINT('',(-0.000370632791941405,-0.00595779643859129,-0.00036265589695602));
#9620=CARTESIAN_POINT('',(0.000372898251648646,-0.0059583683836031,-0.000346594598631423));
#9621=CARTESIAN_POINT('',(0.00145184288584021,-0.00575590515990653,-0.000324179167303542));
#9622=CARTESIAN_POINT('',(0.00180542110524062,-0.00565430452762633,-0.000317022725741455));
#9623=CARTESIAN_POINT('',(0.00265914638106688,-0.00532169161030037,-0.000299396428569197));
#9624=CARTESIAN_POINT('',(0.00314418585186309,-0.00505142451320088,-0.000289050887910989));
#9625=CARTESIAN_POINT('',(0.00372757850753647,-0.00460912550043934,-0.000274571161259327));
#9626=CARTESIAN_POINT('',(0.00443035096143214,-0.00402202796375773,-0.000256171909819301));
#9627=CARTESIAN_POINT('',(0.00498872267304563,-0.00327898460890379,-0.000236718381727951));
#9628=CARTESIAN_POINT('',(0.00542015411490723,-0.00240532439743117,-0.000216613494792916));
#9629=CARTESIAN_POINT('',(0.00551435392016526,-0.00218016357796492,-0.000211639188694515));
#9630=CARTESIAN_POINT('',(0.00559442768608817,-0.00195003208261509,-0.000206704971757228));
#9631=CARTESIAN_POINT('',(-0.00558509042488918,-0.00194990724072891,-0.000520102275439111));
#9632=CARTESIAN_POINT('',(-0.00550493882615188,-0.00217979038923367,-0.000515198003913114));
#9633=CARTESIAN_POINT('',(-0.00541051332075596,-0.00240477794538015,-0.000510223609466444));
#9634=CARTESIAN_POINT('',(-0.00497744665195264,-0.00327808621875905,-0.000489958802008058));
#9635=CARTESIAN_POINT('',(-0.0045296635482139,-0.00387356045447143,-0.000474116070615533));
#9636=CARTESIAN_POINT('',(-0.00372056465004534,-0.00461409002350267,-0.000451895017690805));
#9637=CARTESIAN_POINT('',(-0.00342774398933619,-0.00483515553090078,-0.000444805498588743));
#9638=CARTESIAN_POINT('',(-0.00280668960275341,-0.00521971366272451,-0.000430849204011313));
#9639=CARTESIAN_POINT('',(-0.00247851175408644,-0.00538329145151921,-0.000423966894165042));
#9640=CARTESIAN_POINT('',(-0.00179804777830952,-0.00564758180460859,-0.000409880489061945));
#9641=CARTESIAN_POINT('',(-0.00144571665455832,-0.0057480964752456,-0.000402635046082896));
#9642=CARTESIAN_POINT('',(-0.000369693772194865,-0.00594865872191337,-0.000379961362692429));
#9643=CARTESIAN_POINT('',(0.000372696386136296,-0.00594918074904117,-0.000363900028355526));
#9644=CARTESIAN_POINT('',(0.00144996500805355,-0.00574696630422609,-0.000341484714911963));
#9645=CARTESIAN_POINT('',(0.00180299029447247,-0.00564550311746315,-0.000334328344779081));
#9646=CARTESIAN_POINT('',(0.00265537469191835,-0.00531335627586128,-0.000316702216989336));
#9647=CARTESIAN_POINT('',(0.00313964697768719,-0.00504347891020148,-0.000306356768905314));
#9648=CARTESIAN_POINT('',(0.00372211551333844,-0.00460182061132872,-0.00029187698760429));
#9649=CARTESIAN_POINT('',(0.0044237742165658,-0.00401557434489619,-0.000273477589920242));
#9650=CARTESIAN_POINT('',(0.00498125396842158,-0.00327362182490349,-0.000254023714126428));
#9651=CARTESIAN_POINT('',(0.00541197317775281,-0.00240128758601572,-0.000233918934093487));
#9652=CARTESIAN_POINT('',(0.00550601484582945,-0.00217647169546481,-0.000228944693142072));
#9653=CARTESIAN_POINT('',(0.0055859514199593,-0.00194669447051306,-0.000224010556742451));
#9654=CARTESIAN_POINT('',(-0.00555753711501688,-0.00194096385665707,-0.000550182172469814));
#9655=CARTESIAN_POINT('',(-0.00547775383731213,-0.00216972023966664,-0.000545277796373304));
#9656=CARTESIAN_POINT('',(-0.00538376761930168,-0.00239360151147809,-0.000540303329727465));
#9657=CARTESIAN_POINT('',(-0.00495273436785295,-0.00326259480945147,-0.000520038467826557));
#9658=CARTESIAN_POINT('',(-0.00450708916852131,-0.00385508529681327,-0.000504196115450859));
#9659=CARTESIAN_POINT('',(-0.00370187652601844,-0.0045918900984985,-0.000481975325223133));
#9660=CARTESIAN_POINT('',(-0.00341046533114225,-0.00481184169725361,-0.00047488582850333));
#9661=CARTESIAN_POINT('',(-0.00279240678583966,-0.00519445445643952,-0.000460929488041248));
#9662=CARTESIAN_POINT('',(-0.00246581510297775,-0.0053572001276852,-0.000454047113587855));
#9663=CARTESIAN_POINT('',(-0.0017886473983753,-0.00562013020899672,-0.000439960559502196));
#9664=CARTESIAN_POINT('',(-0.00143802661237893,-0.00572011731919089,-0.000432715033377697));
#9665=CARTESIAN_POINT('',(-0.000367240053203332,-0.00591958253714872,-0.000410041156854552));
#9666=CARTESIAN_POINT('',(0.000371520519798014,-0.00592001637920593,-0.000393979759783101));
#9667=CARTESIAN_POINT('',(0.00144348672299677,-0.00571868267365508,-0.000371564648922506));
#9668=CARTESIAN_POINT('',(0.00179476796702689,-0.00561768340937832,-0.000364408401778842));
#9669=CARTESIAN_POINT('',(0.00264293120882138,-0.00528708332106969,-0.000346782565831584));
#9670=CARTESIAN_POINT('',(0.00312479590809295,-0.00501848192078343,-0.000336437277432418));
#9671=CARTESIAN_POINT('',(0.00370436613080558,-0.00457891665442699,-0.000321957402382233));
#9672=CARTESIAN_POINT('',(0.0044025324486914,-0.00399544996255949,-0.000303557753311091));
#9673=CARTESIAN_POINT('',(0.00495722494649407,-0.00325703854005362,-0.000284103278952664));
#9674=CARTESIAN_POINT('',(0.00538575088222505,-0.00238894357865273,-0.000263998682081783));
#9675=CARTESIAN_POINT('',(0.00547930914373823,-0.00216522581968285,-0.000259024552993048));
#9676=CARTESIAN_POINT('',(0.00555883001336404,-0.00193657398488019,-0.000254090554941275));
#9677=CARTESIAN_POINT('',(-0.00553923397974253,-0.00193484070980585,-0.000562014463022315));
#9678=CARTESIAN_POINT('',(-0.00545970262024112,-0.00216284663150501,-0.000557110046779488));
#9679=CARTESIAN_POINT('',(-0.00536601532748027,-0.00238599204149532,-0.000552135552393753));
#9680=CARTESIAN_POINT('',(-0.00493636054937232,-0.00325212082644756,-0.000531870669400576));
#9681=CARTESIAN_POINT('',(-0.00449215482928794,-0.00384264176348216,-0.000516028462209687));
#9682=CARTESIAN_POINT('',(-0.00368955222436027,-0.00457699157353615,-0.000493807772874166));
#9683=CARTESIAN_POINT('',(-0.00339908678256098,-0.00479620950307926,-0.000486718284869027));
#9684=CARTESIAN_POINT('',(-0.00278303663824917,-0.00517754295030185,-0.000472761927097051));
#9685=CARTESIAN_POINT('',(-0.00245750744773702,-0.00533974260822874,-0.000465879528018757));
#9686=CARTESIAN_POINT('',(-0.00178254571177189,-0.00560178423776854,-0.000451792916955084));
#9687=CARTESIAN_POINT('',(-0.00143306855548292,-0.00570142940710273,-0.000444547358932682));
#9688=CARTESIAN_POINT('',(-0.00036577979097118,-0.00590019480208295,-0.000421873407967468));
#9689=CARTESIAN_POINT('',(0.000370560840484356,-0.00590059310004757,-0.000405811986253787));
#9690=CARTESIAN_POINT('',(0.00143900152739282,-0.00569987600109135,-0.0003833969531878));
#9691=CARTESIAN_POINT('',(0.00178912492542254,-0.00559919482269553,-0.000376240753429008));
#9692=CARTESIAN_POINT('',(0.00263448852154981,-0.00526964706442984,-0.000358615030047721));
#9693=CARTESIAN_POINT('',(0.0031147589223006,-0.00500190826425558,-0.000348269803357985));
#9694=CARTESIAN_POINT('',(0.00369241047836188,-0.00456375648120606,-0.000333789892414264));
#9695=CARTESIAN_POINT('',(0.00438826507905133,-0.00398216650104726,-0.000315390146762652));
#9696=CARTESIAN_POINT('',(0.00494111583471413,-0.00324613931264505,-0.000295935441869949));
#9697=CARTESIAN_POINT('',(0.00536820336120047,-0.00238087765822848,-0.000275830914979439));
#9698=CARTESIAN_POINT('',(0.00546144580458524,-0.00215789231063423,-0.000270856828787859));
#9699=CARTESIAN_POINT('',(0.00554069634614538,-0.00192999025126034,-0.000265922883827606));
#9700=CARTESIAN_POINT('',(-0.0055212731759612,-0.00192881686472677,-0.000572944787296772));
#9701=CARTESIAN_POINT('',(-0.00544198962700302,-0.00215608619675571,-0.000568040334068168));
#9702=CARTESIAN_POINT('',(-0.00534859626181252,-0.00237850942666415,-0.00056306581412303));
#9703=CARTESIAN_POINT('',(-0.00492029648845828,-0.00324182743042174,-0.000542800911668408));
#9704=CARTESIAN_POINT('',(-0.00447750494181865,-0.00383041670038811,-0.000526958838181849));
#9705=CARTESIAN_POINT('',(-0.00367746593875801,-0.00456235904876123,-0.000504738241801781));
#9706=CARTESIAN_POINT('',(-0.00338792935242062,-0.00478085755565803,-0.00049764876184419));
#9707=CARTESIAN_POINT('',(-0.00277385157454951,-0.00516093670050184,-0.000483692388172711));
#9708=CARTESIAN_POINT('',(-0.00244936574105155,-0.0053226011203852,-0.000476809966435977));
#9709=CARTESIAN_POINT('',(-0.00177657007612325,-0.00558377217947603,-0.000462723302914015));
#9710=CARTESIAN_POINT('',(-0.00142821578440589,-0.00568308251330651,-0.000455477715508494));
#9711=CARTESIAN_POINT('',(-0.000364361014451606,-0.00588116358751944,-0.000432803695915801));
#9712=CARTESIAN_POINT('',(0.00036960419400212,-0.0058815289294731,-0.00041674225141311));
#9713=CARTESIAN_POINT('',(0.00143458503619358,-0.00568141954121859,-0.00039432729002001));
#9714=CARTESIAN_POINT('',(0.00178357230243339,-0.00558105132831489,-0.000387171133941525));
#9715=CARTESIAN_POINT('',(0.0026261889848569,-0.00525253829638492,-0.000369545514345489));
#9716=CARTESIAN_POINT('',(0.0031048953262446,-0.0049856472173562,-0.000359200344569967));
#9717=CARTESIAN_POINT('',(0.003680664653593,-0.00454888441178382,-0.00034472040057483));
#9718=CARTESIAN_POINT('',(0.00437425145673103,-0.00396913857151975,-0.000326320565937193));
#9719=CARTESIAN_POINT('',(0.00492529572765128,-0.0032354536880663,-0.000306865648546508));
#9720=CARTESIAN_POINT('',(0.00535097329998977,-0.00237297378600727,-0.000286761186068535));
#9721=CARTESIAN_POINT('',(0.00544390627640262,-0.00215070739686684,-0.000281787139387318));
#9722=CARTESIAN_POINT('',(0.00552289203370099,-0.00192354127332103,-0.000276853243333558));
#9723=CARTESIAN_POINT('',(0.0054937822173509,-0.00200787550630316,-0.000104416129507495));
#9724=CARTESIAN_POINT('',(0.0054937822173509,-0.00205839384939276,-0.000115384192606025));
#9725=CARTESIAN_POINT('',(0.0054937822173509,-0.00208541576749624,-0.000118139722874084));
#9726=CARTESIAN_POINT('',(0.0054937822173509,-0.00220539040037173,-0.000164226391244249));
#9727=CARTESIAN_POINT('',(0.0054937822173509,-0.00222418739177324,-0.000194098506686281));
#9728=CARTESIAN_POINT('',(0.0054937822173509,-0.00220831038108207,-0.000224762483895987));
#9729=CARTESIAN_POINT('',(0.0054937822173509,-0.00208575828389503,-0.000267521894953805));
#9730=CARTESIAN_POINT('',(0.0054937822173509,-0.00205958360519034,-0.00026893368212098));
#9731=CARTESIAN_POINT('',(0.0054937822173509,-0.00200941150036346,-0.00027790266880708));
#9732=CARTESIAN_POINT('',(-0.0054937822173509,-0.00200992543513902,-0.00057041988503257));
#9733=CARTESIAN_POINT('',(-0.0054937822173509,-0.00205965984164399,-0.00055961359531795));
#9734=CARTESIAN_POINT('',(-0.0054937822173509,-0.00208754637149184,-0.00055691771511314));
#9735=CARTESIAN_POINT('',(-0.0054937822173509,-0.00220375805121506,-0.000510955479736959));
#9736=CARTESIAN_POINT('',(-0.0054937822173509,-0.00223932099149182,-0.000473018065189357));
#9737=CARTESIAN_POINT('',(-0.0054937822173509,-0.00211141551760206,-0.000409961551135384));
#9738=CARTESIAN_POINT('',(-0.0054937822173509,-0.00205955294364305,-0.000406026358686728));
#9739=CARTESIAN_POINT('',(-0.0054937822173509,-0.0020086135463015,-0.000396914398752715));
#9740=CARTESIAN_POINT('',(0.,0.,-0.0069));
#9741=CARTESIAN_POINT('',(0.,0.,-0.0069));
#9742=CARTESIAN_POINT('',(0.0053937822173509,0.,-0.0069));
#9743=CARTESIAN_POINT('',(0.0053937822173509,0.,-0.006725));
#9744=CARTESIAN_POINT('',(0.00166677036911879,0.0051297917252885,-0.00035));
#9745=CARTESIAN_POINT('',(0.00166677036911879,0.0051297917252885,-0.000116862053262269));
#9746=CARTESIAN_POINT('',(0.00166677036911879,0.0051297917252885,0.000116275893475461));
#9747=CARTESIAN_POINT('',(0.00166677036911879,0.0051297917252885,0.000349413840213191));
#9748=CARTESIAN_POINT('',(0.00135194935039037,0.00416087225879131,0.006));
#9749=CARTESIAN_POINT('',(0.004375,0.,-0.0009));
#9750=CARTESIAN_POINT('',(0.0054937822173509,0.,-0.0009));
#9751=CARTESIAN_POINT('',(0.0054937822173509,0.,-0.0069));
#9752=CARTESIAN_POINT('',(0.004375,0.,-0.0069));
#9753=CARTESIAN_POINT('',(0.00269689110867545,-0.0125,-0.0069));
#9754=CARTESIAN_POINT('',(0.0054937822173509,0.0125,-0.0069));
#9755=CARTESIAN_POINT('',(-0.0054937822173509,0.0125,-0.00345));
#9756=CARTESIAN_POINT('',(-0.0054937822173509,0.0125,-0.00345));
#9757=CARTESIAN_POINT('',(-0.0054937822173509,0.0125,-0.00345));
#9758=CARTESIAN_POINT('',(-0.0054937822173509,0.0125,-0.00345));
#9759=CARTESIAN_POINT('',(-0.0054937822173509,0.0125,-0.00345));
#9760=CARTESIAN_POINT('',(-0.0054937822173509,0.0125,-0.00345));
#9761=CARTESIAN_POINT('',(-0.0054937822173509,0.0125,-0.00345));
#9762=CARTESIAN_POINT('',(-0.0054937822173509,0.0125,-0.00345));
#9763=CARTESIAN_POINT('',(-0.0054937822173509,0.0125,-0.00345));
#9764=CARTESIAN_POINT('',(0.0054937822173509,0.0125,-0.00345));
#9765=CARTESIAN_POINT('',(0.0054937822173509,0.0125,-0.00345));
#9766=CARTESIAN_POINT('',(0.0054937822173509,0.0125,0.));
#9767=CARTESIAN_POINT('',(0.00689768987720801,0.0125,0.));
#9768=CARTESIAN_POINT('',(0.0054937822173509,0.0125,-0.00345));
#9769=CARTESIAN_POINT('',(0.0054937822173509,0.0125,-0.00345));
#9770=CARTESIAN_POINT('',(0.0054937822173509,0.0125,-0.00345));
#9771=CARTESIAN_POINT('',(0.0054937822173509,0.0125,-0.00345));
#9772=CARTESIAN_POINT('',(0.0054937822173509,0.0125,-0.00345));
#9773=CARTESIAN_POINT('',(0.0054937822173509,0.0125,-0.00345));
#9774=CARTESIAN_POINT('',(0.0054937822173509,0.0125,-0.00345));
#9775=CARTESIAN_POINT('',(0.0054937822173509,0.0125,-0.00345));
#9776=CARTESIAN_POINT('',(0.,0.,0.));
#9777=CARTESIAN_POINT('',(0.0023,-2.16840434497101E-19,-0.0125));
#9778=CARTESIAN_POINT('',(0.0023,-2.16840434497101E-19,-0.0103));
#9779=CARTESIAN_POINT('',(0.0023,-0.00035,-0.0103));
#9780=CARTESIAN_POINT('',(0.0023,0.00035,-0.0103));
#9781=CARTESIAN_POINT('',(0.0023,-0.00035,-0.0103));
#9782=CARTESIAN_POINT('',(0.0023,-0.000616666666666667,-0.0103));
#9783=CARTESIAN_POINT('',(0.0023,-0.00075,-0.0104333333333333));
#9784=CARTESIAN_POINT('',(0.0023,-0.00075,-0.0107));
#9785=CARTESIAN_POINT('',(0.0023,-0.00075,-0.0107));
#9786=CARTESIAN_POINT('',(0.0023,-0.00075,-0.0125));
#9787=CARTESIAN_POINT('',(0.0023,-0.00075,-0.0114));
#9788=CARTESIAN_POINT('',(0.0023,-0.00075,-0.0114));
#9789=CARTESIAN_POINT('',(0.0023,-0.00075,-0.0116666666666667));
#9790=CARTESIAN_POINT('',(0.0023,-0.000616666666666667,-0.0118));
#9791=CARTESIAN_POINT('',(0.0023,-0.00035,-0.0118));
#9792=CARTESIAN_POINT('',(0.0023,-0.00035,-0.0118));
#9793=CARTESIAN_POINT('',(0.0023,-2.16840434497101E-19,-0.0118));
#9794=CARTESIAN_POINT('',(0.0023,0.00035,-0.0118));
#9795=CARTESIAN_POINT('',(0.0023,0.00035,-0.0118));
#9796=CARTESIAN_POINT('',(0.0023,0.000616666666666666,-0.0118));
#9797=CARTESIAN_POINT('',(0.0023,0.00075,-0.0116666666666667));
#9798=CARTESIAN_POINT('',(0.0023,0.00075,-0.0114));
#9799=CARTESIAN_POINT('',(0.0023,0.00075,-0.0114));
#9800=CARTESIAN_POINT('',(0.0023,0.00075,-0.0125));
#9801=CARTESIAN_POINT('',(0.0023,0.00075,-0.0107));
#9802=CARTESIAN_POINT('',(0.0023,0.00075,-0.0107));
#9803=CARTESIAN_POINT('',(0.0023,0.00075,-0.0104333333333333));
#9804=CARTESIAN_POINT('',(0.0023,0.000616666666666666,-0.0103));
#9805=CARTESIAN_POINT('',(0.0023,0.00035,-0.0103));
#9806=CARTESIAN_POINT('',(0.0023,0.0014,-0.0125));
#9807=CARTESIAN_POINT('',(0.0023,0.0014,-0.0119));
#9808=CARTESIAN_POINT('',(0.0023,0.0014,-0.0099));
#9809=CARTESIAN_POINT('',(0.0023,0.0004,-0.0129));
#9810=CARTESIAN_POINT('',(0.0023,0.0008,-0.0125));
#9811=CARTESIAN_POINT('',(0.0023,-2.16840434497101E-19,-0.0125));
#9812=CARTESIAN_POINT('',(0.0023,-0.0008,-0.0125));
#9813=CARTESIAN_POINT('',(0.0023,-0.0004,-0.0129));
#9814=CARTESIAN_POINT('',(0.0023,-0.0014,-0.0119));
#9815=CARTESIAN_POINT('',(0.0023,-0.0014,-0.0125));
#9816=CARTESIAN_POINT('',(0.0023,-0.0014,-0.0099));
#9817=CARTESIAN_POINT('',(0.0023,-2.16840434497101E-19,-0.0099));
#9818=CARTESIAN_POINT('',(0.00255,0.0014,-0.0125));
#9819=CARTESIAN_POINT('',(0.0028,0.0014,-0.0125));
#9820=CARTESIAN_POINT('',(0.0028,0.0014,-0.0119));
#9821=CARTESIAN_POINT('',(0.0028,0.0014,-0.0099));
#9822=CARTESIAN_POINT('',(0.0023,0.0014,-0.0119));
#9823=CARTESIAN_POINT('',(0.00255,0.0014,-0.0099));
#9824=CARTESIAN_POINT('',(0.0028,-2.16840434497101E-19,-0.0125));
#9825=CARTESIAN_POINT('',(0.0028,-2.16840434497101E-19,-0.0103));
#9826=CARTESIAN_POINT('',(0.0028,0.00035,-0.0103));
#9827=CARTESIAN_POINT('',(0.0028,-0.00035,-0.0103));
#9828=CARTESIAN_POINT('',(0.0028,0.00035,-0.0103));
#9829=CARTESIAN_POINT('',(0.0028,0.000616666666666666,-0.0103));
#9830=CARTESIAN_POINT('',(0.0028,0.00075,-0.0104333333333333));
#9831=CARTESIAN_POINT('',(0.0028,0.00075,-0.0107));
#9832=CARTESIAN_POINT('',(0.0028,0.00075,-0.0107));
#9833=CARTESIAN_POINT('',(0.0028,0.00075,-0.0125));
#9834=CARTESIAN_POINT('',(0.0028,0.00075,-0.0114));
#9835=CARTESIAN_POINT('',(0.0028,0.00075,-0.0114));
#9836=CARTESIAN_POINT('',(0.0028,0.00075,-0.0116666666666667));
#9837=CARTESIAN_POINT('',(0.0028,0.000616666666666666,-0.0118));
#9838=CARTESIAN_POINT('',(0.0028,0.00035,-0.0118));
#9839=CARTESIAN_POINT('',(0.0028,0.00035,-0.0118));
#9840=CARTESIAN_POINT('',(0.0028,-2.16840434497101E-19,-0.0118));
#9841=CARTESIAN_POINT('',(0.0028,-0.00035,-0.0118));
#9842=CARTESIAN_POINT('',(0.0028,-0.00035,-0.0118));
#9843=CARTESIAN_POINT('',(0.0028,-0.000616666666666667,-0.0118));
#9844=CARTESIAN_POINT('',(0.0028,-0.00075,-0.0116666666666667));
#9845=CARTESIAN_POINT('',(0.0028,-0.00075,-0.0114));
#9846=CARTESIAN_POINT('',(0.0028,-0.00075,-0.0114));
#9847=CARTESIAN_POINT('',(0.0028,-0.00075,-0.0125));
#9848=CARTESIAN_POINT('',(0.0028,-0.00075,-0.0107));
#9849=CARTESIAN_POINT('',(0.0028,-0.00075,-0.0107));
#9850=CARTESIAN_POINT('',(0.0028,-0.00075,-0.0104333333333333));
#9851=CARTESIAN_POINT('',(0.0028,-0.000616666666666667,-0.0103));
#9852=CARTESIAN_POINT('',(0.0028,-0.00035,-0.0103));
#9853=CARTESIAN_POINT('',(0.0028,-2.16840434497101E-19,-0.0125));
#9854=CARTESIAN_POINT('',(0.0028,-0.0008,-0.0125));
#9855=CARTESIAN_POINT('',(0.0028,0.0008,-0.0125));
#9856=CARTESIAN_POINT('',(0.0028,0.0004,-0.0129));
#9857=CARTESIAN_POINT('',(0.0028,-2.16840434497101E-19,-0.0099));
#9858=CARTESIAN_POINT('',(0.0028,-0.0014,-0.0099));
#9859=CARTESIAN_POINT('',(0.0028,-0.0014,-0.0125));
#9860=CARTESIAN_POINT('',(0.0028,-0.0014,-0.0119));
#9861=CARTESIAN_POINT('',(0.0028,-0.0004,-0.0129));
#9862=CARTESIAN_POINT('',(0.00255,-0.0014,-0.0125));
#9863=CARTESIAN_POINT('',(0.00255,-0.0014,-0.0119));
#9864=CARTESIAN_POINT('',(0.00255,-0.0014,-0.0099));
#9865=CARTESIAN_POINT('',(-3.70315765134503E-8,-2.766883944183E-16,-0.0125));
#9866=CARTESIAN_POINT('',(0.0028,0.0008,-0.0125));
#9867=CARTESIAN_POINT('',(-3.70315765134503E-8,-0.0008,-0.0125));
#9868=CARTESIAN_POINT('',(-3.70315765134772E-8,-2.766883944183E-16,-0.0099));
#9869=CARTESIAN_POINT('',(-3.70315765134503E-8,0.0008,-0.0125));
#9870=CARTESIAN_POINT('',(0.00255,-0.0014,-0.0119));
#9871=CARTESIAN_POINT('',(0.0125,-1.62630325872826E-19,-0.0103));
#9872=CARTESIAN_POINT('',(0.0023,0.00035,-0.0103));
#9873=CARTESIAN_POINT('',(0.00246666666666667,0.00035,-0.0103));
#9874=CARTESIAN_POINT('',(0.00263333333333333,0.00035,-0.0103));
#9875=CARTESIAN_POINT('',(0.0028,0.00035,-0.0103));
#9876=CARTESIAN_POINT('',(0.0028,-0.00035,-0.0103));
#9877=CARTESIAN_POINT('',(0.00263333333333333,-0.00035,-0.0103));
#9878=CARTESIAN_POINT('',(0.00246666666666667,-0.00035,-0.0103));
#9879=CARTESIAN_POINT('',(0.0023,-0.00035,-0.0103));
#9880=CARTESIAN_POINT('',(0.0125,-0.00075,-0.01105));
#9881=CARTESIAN_POINT('',(0.0028,-0.00075,-0.0114));
#9882=CARTESIAN_POINT('',(0.00263333333333333,-0.00075,-0.0114));
#9883=CARTESIAN_POINT('',(0.00246666666666667,-0.00075,-0.0114));
#9884=CARTESIAN_POINT('',(0.0023,-0.00075,-0.0114));
#9885=CARTESIAN_POINT('',(0.0023,-0.00075,-0.0107));
#9886=CARTESIAN_POINT('',(0.00246666666666667,-0.00075,-0.0107));
#9887=CARTESIAN_POINT('',(0.00263333333333333,-0.00075,-0.0107));
#9888=CARTESIAN_POINT('',(0.0028,-0.00075,-0.0107));
#9889=CARTESIAN_POINT('',(0.0125,5.42101086242752E-20,-0.0118));
#9890=CARTESIAN_POINT('',(0.0028,0.00035,-0.0118));
#9891=CARTESIAN_POINT('',(0.00263333333333333,0.00035,-0.0118));
#9892=CARTESIAN_POINT('',(0.00246666666666667,0.00035,-0.0118));
#9893=CARTESIAN_POINT('',(0.0023,0.00035,-0.0118));
#9894=CARTESIAN_POINT('',(0.0023,-0.00035,-0.0118));
#9895=CARTESIAN_POINT('',(0.00246666666666667,-0.00035,-0.0118));
#9896=CARTESIAN_POINT('',(0.00263333333333333,-0.00035,-0.0118));
#9897=CARTESIAN_POINT('',(0.0028,-0.00035,-0.0118));
#9898=CARTESIAN_POINT('',(0.0125,0.00075,-0.01105));
#9899=CARTESIAN_POINT('',(0.0023,0.00075,-0.0114));
#9900=CARTESIAN_POINT('',(0.00246666666666667,0.00075,-0.0114));
#9901=CARTESIAN_POINT('',(0.00263333333333333,0.00075,-0.0114));
#9902=CARTESIAN_POINT('',(0.0028,0.00075,-0.0114));
#9903=CARTESIAN_POINT('',(0.0028,0.00075,-0.0107));
#9904=CARTESIAN_POINT('',(0.00263333333333333,0.00075,-0.0107));
#9905=CARTESIAN_POINT('',(0.00246666666666667,0.00075,-0.0107));
#9906=CARTESIAN_POINT('',(0.0023,0.00075,-0.0107));
#9907=CARTESIAN_POINT('',(0.0023,0.000350000000000001,-0.0118));
#9908=CARTESIAN_POINT('',(0.0028,0.000350000000000001,-0.0118));
#9909=CARTESIAN_POINT('',(0.0023,0.000410000000000001,-0.0118));
#9910=CARTESIAN_POINT('',(0.0028,0.000410000000000001,-0.0118));
#9911=CARTESIAN_POINT('',(0.0023,0.000470000000000001,-0.0118));
#9912=CARTESIAN_POINT('',(0.0028,0.000470000000000001,-0.0118));
#9913=CARTESIAN_POINT('',(0.0023,0.000616666666666668,-0.01176));
#9914=CARTESIAN_POINT('',(0.0028,0.000616666666666668,-0.01176));
#9915=CARTESIAN_POINT('',(0.0023,0.00071,-0.0116666666666667));
#9916=CARTESIAN_POINT('',(0.0028,0.00071,-0.0116666666666667));
#9917=CARTESIAN_POINT('',(0.0023,0.00075,-0.01152));
#9918=CARTESIAN_POINT('',(0.0028,0.00075,-0.01152));
#9919=CARTESIAN_POINT('',(0.0023,0.00075,-0.01146));
#9920=CARTESIAN_POINT('',(0.0028,0.00075,-0.01146));
#9921=CARTESIAN_POINT('',(0.0023,0.00075,-0.0114));
#9922=CARTESIAN_POINT('',(0.0028,0.00075,-0.0114));
#9923=CARTESIAN_POINT('',(0.0028,-0.000349999999999999,-0.0118));
#9924=CARTESIAN_POINT('',(0.0023,-0.000349999999999999,-0.0118));
#9925=CARTESIAN_POINT('',(0.0028,-0.000409999999999999,-0.0118));
#9926=CARTESIAN_POINT('',(0.0023,-0.000409999999999999,-0.0118));
#9927=CARTESIAN_POINT('',(0.0028,-0.000469999999999999,-0.0118));
#9928=CARTESIAN_POINT('',(0.0023,-0.000469999999999999,-0.0118));
#9929=CARTESIAN_POINT('',(0.0028,-0.000616666666666666,-0.01176));
#9930=CARTESIAN_POINT('',(0.0023,-0.000616666666666666,-0.01176));
#9931=CARTESIAN_POINT('',(0.0028,-0.000709999999999999,-0.0116666666666667));
#9932=CARTESIAN_POINT('',(0.0023,-0.000709999999999999,-0.0116666666666667));
#9933=CARTESIAN_POINT('',(0.0028,-0.000749999999999999,-0.01152));
#9934=CARTESIAN_POINT('',(0.0023,-0.000749999999999999,-0.01152));
#9935=CARTESIAN_POINT('',(0.0028,-0.00075,-0.01146));
#9936=CARTESIAN_POINT('',(0.0023,-0.00075,-0.01146));
#9937=CARTESIAN_POINT('',(0.0028,-0.00075,-0.0114));
#9938=CARTESIAN_POINT('',(0.0023,-0.00075,-0.0114));
#9939=CARTESIAN_POINT('',(0.0028,0.000349999999999998,-0.0103));
#9940=CARTESIAN_POINT('',(0.0023,0.000349999999999998,-0.0103));
#9941=CARTESIAN_POINT('',(0.0028,0.000409999999999998,-0.0103));
#9942=CARTESIAN_POINT('',(0.0023,0.000409999999999998,-0.0103));
#9943=CARTESIAN_POINT('',(0.0028,0.000469999999999998,-0.0103));
#9944=CARTESIAN_POINT('',(0.0023,0.000469999999999998,-0.0103));
#9945=CARTESIAN_POINT('',(0.0028,0.000616666666666667,-0.01034));
#9946=CARTESIAN_POINT('',(0.0023,0.000616666666666667,-0.01034));
#9947=CARTESIAN_POINT('',(0.0028,0.000710000000000001,-0.0104333333333333));
#9948=CARTESIAN_POINT('',(0.0023,0.000710000000000001,-0.0104333333333333));
#9949=CARTESIAN_POINT('',(0.0028,0.000750000000000001,-0.01058));
#9950=CARTESIAN_POINT('',(0.0023,0.000750000000000001,-0.01058));
#9951=CARTESIAN_POINT('',(0.0028,0.00075,-0.01064));
#9952=CARTESIAN_POINT('',(0.0023,0.00075,-0.01064));
#9953=CARTESIAN_POINT('',(0.0028,0.00075,-0.0107));
#9954=CARTESIAN_POINT('',(0.0023,0.00075,-0.0107));
#9955=CARTESIAN_POINT('',(0.0023,-0.000350000000000002,-0.0103));
#9956=CARTESIAN_POINT('',(0.0028,-0.000350000000000002,-0.0103));
#9957=CARTESIAN_POINT('',(0.0023,-0.000410000000000002,-0.0103));
#9958=CARTESIAN_POINT('',(0.0028,-0.000410000000000002,-0.0103));
#9959=CARTESIAN_POINT('',(0.0023,-0.000470000000000002,-0.0103));
#9960=CARTESIAN_POINT('',(0.0028,-0.000470000000000002,-0.0103));
#9961=CARTESIAN_POINT('',(0.0023,-0.000616666666666671,-0.01034));
#9962=CARTESIAN_POINT('',(0.0028,-0.000616666666666671,-0.01034));
#9963=CARTESIAN_POINT('',(0.0023,-0.000710000000000002,-0.0104333333333333));
#9964=CARTESIAN_POINT('',(0.0028,-0.000710000000000002,-0.0104333333333333));
#9965=CARTESIAN_POINT('',(0.0023,-0.000750000000000001,-0.01058));
#9966=CARTESIAN_POINT('',(0.0028,-0.000750000000000001,-0.01058));
#9967=CARTESIAN_POINT('',(0.0023,-0.00075,-0.01064));
#9968=CARTESIAN_POINT('',(0.0028,-0.00075,-0.01064));
#9969=CARTESIAN_POINT('',(0.0023,-0.00075,-0.0107));
#9970=CARTESIAN_POINT('',(0.0028,-0.00075,-0.0107));
#9971=CARTESIAN_POINT('',(0.,0.,0.));
#9972=CARTESIAN_POINT('',(0.00269689110867545,0.,-0.0069));
#9973=CARTESIAN_POINT('',(0.,0.,-0.0069));
#9974=CARTESIAN_POINT('',(0.0053937822173509,0.,-0.0069));
#9975=CARTESIAN_POINT('',(0.,0.,-0.003625));
#9976=CARTESIAN_POINT('',(0.,0.,0.));
#9977=CARTESIAN_POINT('',(0.0053937822173509,0.,0.));
#9978=CARTESIAN_POINT('',(0.00269689110867545,0.,0.));
#9979=MECHANICAL_DESIGN_GEOMETRIC_PRESENTATION_REPRESENTATION('',(#1620),
#9988);
#9980=MECHANICAL_DESIGN_GEOMETRIC_PRESENTATION_REPRESENTATION('',(#1621),
#9989);
#9981=MECHANICAL_DESIGN_GEOMETRIC_PRESENTATION_REPRESENTATION('',(#1622),
#9990);
#9982=MECHANICAL_DESIGN_GEOMETRIC_PRESENTATION_REPRESENTATION('',(#1623,
#1624),#9991);
#9983=MECHANICAL_DESIGN_GEOMETRIC_PRESENTATION_REPRESENTATION('',(#1625),
#9992);
#9984=MECHANICAL_DESIGN_GEOMETRIC_PRESENTATION_REPRESENTATION('',(#1626),
#9993);
#9985=MECHANICAL_DESIGN_GEOMETRIC_PRESENTATION_REPRESENTATION('',(#1627),
#9994);
#9986=MECHANICAL_DESIGN_GEOMETRIC_PRESENTATION_REPRESENTATION('',(#1628),
#9995);
#9987=MECHANICAL_DESIGN_GEOMETRIC_PRESENTATION_REPRESENTATION('',(#1629),
#9996);
#9988=(
GEOMETRIC_REPRESENTATION_CONTEXT(3)
GLOBAL_UNCERTAINTY_ASSIGNED_CONTEXT((#9997))
GLOBAL_UNIT_ASSIGNED_CONTEXT((#10024,#10015,#10006))
REPRESENTATION_CONTEXT('thread OD','TOP_LEVEL_ASSEMBLY_PART')
);
#9989=(
GEOMETRIC_REPRESENTATION_CONTEXT(3)
GLOBAL_UNCERTAINTY_ASSIGNED_CONTEXT((#9998))
GLOBAL_UNIT_ASSIGNED_CONTEXT((#10025,#10016,#10007))
REPRESENTATION_CONTEXT('Part 4','TOP_LEVEL_ASSEMBLY_PART')
);
#9990=(
GEOMETRIC_REPRESENTATION_CONTEXT(3)
GLOBAL_UNCERTAINTY_ASSIGNED_CONTEXT((#9999))
GLOBAL_UNIT_ASSIGNED_CONTEXT((#10026,#10017,#10008))
REPRESENTATION_CONTEXT('Part 2','TOP_LEVEL_ASSEMBLY_PART')
);
#9991=(
GEOMETRIC_REPRESENTATION_CONTEXT(3)
GLOBAL_UNCERTAINTY_ASSIGNED_CONTEXT((#10000))
GLOBAL_UNIT_ASSIGNED_CONTEXT((#10027,#10018,#10009))
REPRESENTATION_CONTEXT('Curve 1','TOP_LEVEL_ASSEMBLY_PART')
);
#9992=(
GEOMETRIC_REPRESENTATION_CONTEXT(3)
GLOBAL_UNCERTAINTY_ASSIGNED_CONTEXT((#10001))
GLOBAL_UNIT_ASSIGNED_CONTEXT((#10028,#10019,#10010))
REPRESENTATION_CONTEXT('Part 1','TOP_LEVEL_ASSEMBLY_PART')
);
#9993=(
GEOMETRIC_REPRESENTATION_CONTEXT(3)
GLOBAL_UNCERTAINTY_ASSIGNED_CONTEXT((#10002))
GLOBAL_UNIT_ASSIGNED_CONTEXT((#10029,#10020,#10011))
REPRESENTATION_CONTEXT('Part 8','TOP_LEVEL_ASSEMBLY_PART')
);
#9994=(
GEOMETRIC_REPRESENTATION_CONTEXT(3)
GLOBAL_UNCERTAINTY_ASSIGNED_CONTEXT((#10003))
GLOBAL_UNIT_ASSIGNED_CONTEXT((#10030,#10021,#10012))
REPRESENTATION_CONTEXT('Part 5','TOP_LEVEL_ASSEMBLY_PART')
);
#9995=(
GEOMETRIC_REPRESENTATION_CONTEXT(3)
GLOBAL_UNCERTAINTY_ASSIGNED_CONTEXT((#10004))
GLOBAL_UNIT_ASSIGNED_CONTEXT((#10031,#10022,#10013))
REPRESENTATION_CONTEXT('Part 7','TOP_LEVEL_ASSEMBLY_PART')
);
#9996=(
GEOMETRIC_REPRESENTATION_CONTEXT(3)
GLOBAL_UNCERTAINTY_ASSIGNED_CONTEXT((#10005))
GLOBAL_UNIT_ASSIGNED_CONTEXT((#10032,#10023,#10014))
REPRESENTATION_CONTEXT('Part 6','TOP_LEVEL_ASSEMBLY_PART')
);
#9997=UNCERTAINTY_MEASURE_WITH_UNIT(LENGTH_MEASURE(1.E-8),#10024,
'DISTANCE_ACCURACY_VALUE','Maximum Tolerance applied to model');
#9998=UNCERTAINTY_MEASURE_WITH_UNIT(LENGTH_MEASURE(2.E-5),#10025,
'DISTANCE_ACCURACY_VALUE','Maximum Tolerance applied to model');
#9999=UNCERTAINTY_MEASURE_WITH_UNIT(LENGTH_MEASURE(2.E-5),#10026,
'DISTANCE_ACCURACY_VALUE','Maximum Tolerance applied to model');
#10000=UNCERTAINTY_MEASURE_WITH_UNIT(LENGTH_MEASURE(1.E-8),#10027,
'DISTANCE_ACCURACY_VALUE','Maximum Tolerance applied to model');
#10001=UNCERTAINTY_MEASURE_WITH_UNIT(LENGTH_MEASURE(2.E-5),#10028,
'DISTANCE_ACCURACY_VALUE','Maximum Tolerance applied to model');
#10002=UNCERTAINTY_MEASURE_WITH_UNIT(LENGTH_MEASURE(2.E-5),#10029,
'DISTANCE_ACCURACY_VALUE','Maximum Tolerance applied to model');
#10003=UNCERTAINTY_MEASURE_WITH_UNIT(LENGTH_MEASURE(4.61451254560269E-5),
#10030,'DISTANCE_ACCURACY_VALUE','Maximum Tolerance applied to model');
#10004=UNCERTAINTY_MEASURE_WITH_UNIT(LENGTH_MEASURE(2.E-5),#10031,
'DISTANCE_ACCURACY_VALUE','Maximum Tolerance applied to model');
#10005=UNCERTAINTY_MEASURE_WITH_UNIT(LENGTH_MEASURE(1.E-8),#10032,
'DISTANCE_ACCURACY_VALUE','Maximum Tolerance applied to model');
#10006=(
NAMED_UNIT(*)
SI_UNIT($,.STERADIAN.)
SOLID_ANGLE_UNIT()
);
#10007=(
NAMED_UNIT(*)
SI_UNIT($,.STERADIAN.)
SOLID_ANGLE_UNIT()
);
#10008=(
NAMED_UNIT(*)
SI_UNIT($,.STERADIAN.)
SOLID_ANGLE_UNIT()
);
#10009=(
NAMED_UNIT(*)
SI_UNIT($,.STERADIAN.)
SOLID_ANGLE_UNIT()
);
#10010=(
NAMED_UNIT(*)
SI_UNIT($,.STERADIAN.)
SOLID_ANGLE_UNIT()
);
#10011=(
NAMED_UNIT(*)
SI_UNIT($,.STERADIAN.)
SOLID_ANGLE_UNIT()
);
#10012=(
NAMED_UNIT(*)
SI_UNIT($,.STERADIAN.)
SOLID_ANGLE_UNIT()
);
#10013=(
NAMED_UNIT(*)
SI_UNIT($,.STERADIAN.)
SOLID_ANGLE_UNIT()
);
#10014=(
NAMED_UNIT(*)
SI_UNIT($,.STERADIAN.)
SOLID_ANGLE_UNIT()
);
#10015=(
NAMED_UNIT(*)
PLANE_ANGLE_UNIT()
SI_UNIT($,.RADIAN.)
);
#10016=(
NAMED_UNIT(*)
PLANE_ANGLE_UNIT()
SI_UNIT($,.RADIAN.)
);
#10017=(
NAMED_UNIT(*)
PLANE_ANGLE_UNIT()
SI_UNIT($,.RADIAN.)
);
#10018=(
NAMED_UNIT(*)
PLANE_ANGLE_UNIT()
SI_UNIT($,.RADIAN.)
);
#10019=(
NAMED_UNIT(*)
PLANE_ANGLE_UNIT()
SI_UNIT($,.RADIAN.)
);
#10020=(
NAMED_UNIT(*)
PLANE_ANGLE_UNIT()
SI_UNIT($,.RADIAN.)
);
#10021=(
NAMED_UNIT(*)
PLANE_ANGLE_UNIT()
SI_UNIT($,.RADIAN.)
);
#10022=(
NAMED_UNIT(*)
PLANE_ANGLE_UNIT()
SI_UNIT($,.RADIAN.)
);
#10023=(
NAMED_UNIT(*)
PLANE_ANGLE_UNIT()
SI_UNIT($,.RADIAN.)
);
#10024=(
LENGTH_UNIT()
NAMED_UNIT(*)
SI_UNIT($,.METRE.)
);
#10025=(
LENGTH_UNIT()
NAMED_UNIT(*)
SI_UNIT($,.METRE.)
);
#10026=(
LENGTH_UNIT()
NAMED_UNIT(*)
SI_UNIT($,.METRE.)
);
#10027=(
LENGTH_UNIT()
NAMED_UNIT(*)
SI_UNIT($,.METRE.)
);
#10028=(
LENGTH_UNIT()
NAMED_UNIT(*)
SI_UNIT($,.METRE.)
);
#10029=(
LENGTH_UNIT()
NAMED_UNIT(*)
SI_UNIT($,.METRE.)
);
#10030=(
LENGTH_UNIT()
NAMED_UNIT(*)
SI_UNIT($,.METRE.)
);
#10031=(
LENGTH_UNIT()
NAMED_UNIT(*)
SI_UNIT($,.METRE.)
);
#10032=(
LENGTH_UNIT()
NAMED_UNIT(*)
SI_UNIT($,.METRE.)
);
#10033=PRODUCT_DEFINITION_SHAPE('','',#10042);
#10034=PRODUCT_DEFINITION_SHAPE('','',#10043);
#10035=PRODUCT_DEFINITION_SHAPE('','',#10044);
#10036=PRODUCT_DEFINITION_SHAPE('','',#10045);
#10037=PRODUCT_DEFINITION_SHAPE('','',#10046);
#10038=PRODUCT_DEFINITION_SHAPE('','',#10047);
#10039=PRODUCT_DEFINITION_SHAPE('','',#10048);
#10040=PRODUCT_DEFINITION_SHAPE('','',#10049);
#10041=PRODUCT_DEFINITION_SHAPE('','',#10050);
#10042=PRODUCT_DEFINITION('','',#10060,#10051);
#10043=PRODUCT_DEFINITION('','',#10061,#10052);
#10044=PRODUCT_DEFINITION('','',#10062,#10053);
#10045=PRODUCT_DEFINITION('','',#10063,#10054);
#10046=PRODUCT_DEFINITION('','',#10064,#10055);
#10047=PRODUCT_DEFINITION('','',#10065,#10056);
#10048=PRODUCT_DEFINITION('','',#10066,#10057);
#10049=PRODUCT_DEFINITION('','',#10067,#10058);
#10050=PRODUCT_DEFINITION('','',#10068,#10059);
#10051=PRODUCT_DEFINITION_CONTEXT('',#10114,'design');
#10052=PRODUCT_DEFINITION_CONTEXT('',#10115,'design');
#10053=PRODUCT_DEFINITION_CONTEXT('',#10116,'design');
#10054=PRODUCT_DEFINITION_CONTEXT('',#10117,'design');
#10055=PRODUCT_DEFINITION_CONTEXT('',#10118,'design');
#10056=PRODUCT_DEFINITION_CONTEXT('',#10119,'design');
#10057=PRODUCT_DEFINITION_CONTEXT('',#10120,'design');
#10058=PRODUCT_DEFINITION_CONTEXT('',#10121,'design');
#10059=PRODUCT_DEFINITION_CONTEXT('',#10122,'design');
#10060=PRODUCT_DEFINITION_FORMATION_WITH_SPECIFIED_SOURCE('','',#10078,
 .NOT_KNOWN.);
#10061=PRODUCT_DEFINITION_FORMATION_WITH_SPECIFIED_SOURCE('','',#10079,
 .NOT_KNOWN.);
#10062=PRODUCT_DEFINITION_FORMATION_WITH_SPECIFIED_SOURCE('','',#10080,
 .NOT_KNOWN.);
#10063=PRODUCT_DEFINITION_FORMATION_WITH_SPECIFIED_SOURCE('','',#10081,
 .NOT_KNOWN.);
#10064=PRODUCT_DEFINITION_FORMATION_WITH_SPECIFIED_SOURCE('','',#10082,
 .NOT_KNOWN.);
#10065=PRODUCT_DEFINITION_FORMATION_WITH_SPECIFIED_SOURCE('','',#10083,
 .NOT_KNOWN.);
#10066=PRODUCT_DEFINITION_FORMATION_WITH_SPECIFIED_SOURCE('','',#10084,
 .NOT_KNOWN.);
#10067=PRODUCT_DEFINITION_FORMATION_WITH_SPECIFIED_SOURCE('','',#10085,
 .NOT_KNOWN.);
#10068=PRODUCT_DEFINITION_FORMATION_WITH_SPECIFIED_SOURCE('','',#10086,
 .NOT_KNOWN.);
#10069=PRODUCT_RELATED_PRODUCT_CATEGORY('','',(#10078));
#10070=PRODUCT_RELATED_PRODUCT_CATEGORY('','',(#10079));
#10071=PRODUCT_RELATED_PRODUCT_CATEGORY('','',(#10080));
#10072=PRODUCT_RELATED_PRODUCT_CATEGORY('','',(#10081));
#10073=PRODUCT_RELATED_PRODUCT_CATEGORY('','',(#10082));
#10074=PRODUCT_RELATED_PRODUCT_CATEGORY('','',(#10083));
#10075=PRODUCT_RELATED_PRODUCT_CATEGORY('','',(#10084));
#10076=PRODUCT_RELATED_PRODUCT_CATEGORY('','',(#10085));
#10077=PRODUCT_RELATED_PRODUCT_CATEGORY('','',(#10086));
#10078=PRODUCT('thread OD','thread OD','thread OD',(#10096));
#10079=PRODUCT('Part 4','Part 4','Part 4',(#10097));
#10080=PRODUCT('Part 2','Part 2','Part 2',(#10098));
#10081=PRODUCT('Curve 1','Curve 1','Curve 1',(#10099));
#10082=PRODUCT('Part 1','Part 1','Part 1',(#10100));
#10083=PRODUCT('Part 8','Part 8','Part 8',(#10101));
#10084=PRODUCT('Part 5','Part 5','Part 5',(#10102));
#10085=PRODUCT('Part 7','Part 7','Part 7',(#10103));
#10086=PRODUCT('Part 6','Part 6','Part 6',(#10104));
#10087=PRODUCT_CATEGORY('','');
#10088=PRODUCT_CATEGORY('','');
#10089=PRODUCT_CATEGORY('','');
#10090=PRODUCT_CATEGORY('','');
#10091=PRODUCT_CATEGORY('','');
#10092=PRODUCT_CATEGORY('','');
#10093=PRODUCT_CATEGORY('','');
#10094=PRODUCT_CATEGORY('','');
#10095=PRODUCT_CATEGORY('','');
#10096=PRODUCT_CONTEXT('',#10114,'mechanical');
#10097=PRODUCT_CONTEXT('',#10115,'mechanical');
#10098=PRODUCT_CONTEXT('',#10116,'mechanical');
#10099=PRODUCT_CONTEXT('',#10117,'mechanical');
#10100=PRODUCT_CONTEXT('',#10118,'mechanical');
#10101=PRODUCT_CONTEXT('',#10119,'mechanical');
#10102=PRODUCT_CONTEXT('',#10120,'mechanical');
#10103=PRODUCT_CONTEXT('',#10121,'mechanical');
#10104=PRODUCT_CONTEXT('',#10122,'mechanical');
#10105=APPLICATION_PROTOCOL_DEFINITION('international standard',
'ap242_managed_model_based_3d_engineering',2011,#10114);
#10106=APPLICATION_PROTOCOL_DEFINITION('international standard',
'ap242_managed_model_based_3d_engineering',2011,#10115);
#10107=APPLICATION_PROTOCOL_DEFINITION('international standard',
'ap242_managed_model_based_3d_engineering',2011,#10116);
#10108=APPLICATION_PROTOCOL_DEFINITION('international standard',
'ap242_managed_model_based_3d_engineering',2011,#10117);
#10109=APPLICATION_PROTOCOL_DEFINITION('international standard',
'ap242_managed_model_based_3d_engineering',2011,#10118);
#10110=APPLICATION_PROTOCOL_DEFINITION('international standard',
'ap242_managed_model_based_3d_engineering',2011,#10119);
#10111=APPLICATION_PROTOCOL_DEFINITION('international standard',
'ap242_managed_model_based_3d_engineering',2011,#10120);
#10112=APPLICATION_PROTOCOL_DEFINITION('international standard',
'ap242_managed_model_based_3d_engineering',2011,#10121);
#10113=APPLICATION_PROTOCOL_DEFINITION('international standard',
'ap242_managed_model_based_3d_engineering',2011,#10122);
#10114=APPLICATION_CONTEXT('managed model based 3d engineering');
#10115=APPLICATION_CONTEXT('managed model based 3d engineering');
#10116=APPLICATION_CONTEXT('managed model based 3d engineering');
#10117=APPLICATION_CONTEXT('managed model based 3d engineering');
#10118=APPLICATION_CONTEXT('managed model based 3d engineering');
#10119=APPLICATION_CONTEXT('managed model based 3d engineering');
#10120=APPLICATION_CONTEXT('managed model based 3d engineering');
#10121=APPLICATION_CONTEXT('managed model based 3d engineering');
#10122=APPLICATION_CONTEXT('managed model based 3d engineering');
ENDSEC;
END-ISO-10303-21;
