ISO-10303-21;
HEADER;
/* Generated by software containing ST-Developer
 * from STEP Tools, Inc. (www.steptools.com) 
 */
/* OPTION: using custom renumber hook */

FILE_DESCRIPTION(
/* description */ ('STEP AP242',
'CAx-IF Rec.Pracs.---Representation and Presentation of Product Manufa
cturing Information (PMI)---4.0---2014-10-13',
'CAx-IF Rec.Pracs.---3D Tessellated Geometry---0.4---2014-09-14','2;1'),

/* implementation_level */ '2;1');

FILE_NAME(
/* name */ '6892195eb00a41518ef01866',
/* time_stamp */ '2025-08-05T14:46:55Z',
/* author */ (''),
/* organization */ (''),
/* preprocessor_version */ 'ST-DEVELOPER v20',
/* originating_system */ 'ONSHAPE BY PTC INC, 1.201',
/* authorisation */ '  ');

FILE_SCHEMA (('AP242_MANAGED_MODEL_BASED_3D_ENGINEERING_MIM_LF { 1 0 10303 442 1 1 4 }'));
ENDSEC;

DATA;
#10=SHAPE_REPRESENTATION_RELATIONSHIP('','',#3950,#11);
#11=ADVANCED_BREP_SHAPE_REPRESENTATION('',(#3948),#6549);
#12=PLANE('',#4129);
#13=PLANE('',#4141);
#14=PLANE('',#4144);
#15=PLANE('',#4145);
#16=PLANE('',#4153);
#17=PLANE('',#4161);
#18=PLANE('',#4165);
#19=PLANE('',#4170);
#20=PLANE('',#4171);
#21=PLANE('',#4172);
#22=PLANE('',#4173);
#23=PLANE('',#4174);
#24=PLANE('',#4175);
#25=PLANE('',#4176);
#26=PLANE('',#4177);
#27=PLANE('',#4178);
#28=PLANE('',#4179);
#29=PLANE('',#4180);
#30=PLANE('',#4181);
#31=PLANE('',#4182);
#32=PLANE('',#4183);
#33=PLANE('',#4184);
#34=PLANE('',#4185);
#35=PLANE('',#4186);
#36=PLANE('',#4187);
#37=PLANE('',#4188);
#38=PLANE('',#4189);
#39=PLANE('',#4190);
#40=PLANE('',#4191);
#41=PLANE('',#4192);
#42=PLANE('',#4193);
#43=PLANE('',#4194);
#44=PLANE('',#4195);
#45=PLANE('',#4196);
#46=PLANE('',#4197);
#47=PLANE('',#4198);
#48=PLANE('',#4199);
#49=PLANE('',#4200);
#50=PLANE('',#4201);
#51=PLANE('',#4202);
#52=PLANE('',#4203);
#53=PLANE('',#4204);
#54=PLANE('',#4205);
#55=PLANE('',#4206);
#56=PLANE('',#4207);
#57=PLANE('',#4208);
#58=PLANE('',#4209);
#59=PLANE('',#4210);
#60=PLANE('',#4211);
#61=PLANE('',#4212);
#62=PLANE('',#4213);
#63=PLANE('',#4214);
#64=PLANE('',#4215);
#65=PLANE('',#4216);
#66=PLANE('',#4217);
#67=PLANE('',#4218);
#68=PLANE('',#4219);
#69=PLANE('',#4220);
#70=PLANE('',#4221);
#71=PLANE('',#4222);
#72=PLANE('',#4223);
#73=PLANE('',#4224);
#74=PLANE('',#4225);
#75=PLANE('',#4226);
#76=PLANE('',#4227);
#77=PLANE('',#4228);
#78=PLANE('',#4229);
#79=PLANE('',#4230);
#80=PLANE('',#4231);
#81=PLANE('',#4232);
#82=PLANE('',#4233);
#83=PLANE('',#4234);
#84=PLANE('',#4235);
#85=PLANE('',#4236);
#86=PLANE('',#4237);
#87=PLANE('',#4238);
#88=PLANE('',#4239);
#89=PLANE('',#4240);
#90=PLANE('',#4241);
#91=PLANE('',#4242);
#92=PLANE('',#4243);
#93=PLANE('',#4244);
#94=PLANE('',#4245);
#95=PLANE('',#4246);
#96=PLANE('',#4247);
#97=PLANE('',#4248);
#98=PLANE('',#4249);
#99=PLANE('',#4250);
#100=PLANE('',#4251);
#101=PLANE('',#4252);
#102=PLANE('',#4253);
#103=PLANE('',#4254);
#104=PLANE('',#4255);
#105=PLANE('',#4256);
#106=PLANE('',#4257);
#107=PLANE('',#4258);
#108=PLANE('',#4259);
#109=PLANE('',#4260);
#110=PLANE('',#4261);
#111=PLANE('',#4262);
#112=PLANE('',#4263);
#113=PLANE('',#4264);
#114=PLANE('',#4265);
#115=PLANE('',#4266);
#116=PLANE('',#4267);
#117=PLANE('',#4268);
#118=PLANE('',#4269);
#119=PLANE('',#4270);
#120=PLANE('',#4271);
#121=PLANE('',#4272);
#122=PLANE('',#4273);
#123=PLANE('',#4274);
#124=PLANE('',#4275);
#125=PLANE('',#4276);
#126=PLANE('',#4277);
#127=PLANE('',#4278);
#128=PLANE('',#4279);
#129=PLANE('',#4280);
#130=PLANE('',#4281);
#131=PLANE('',#4282);
#132=PLANE('',#4283);
#133=PLANE('',#4284);
#134=PLANE('',#4285);
#135=PLANE('',#4286);
#136=PLANE('',#4287);
#137=PLANE('',#4288);
#138=PLANE('',#4289);
#139=LINE('',#5401,#567);
#140=LINE('',#5405,#568);
#141=LINE('',#5410,#569);
#142=LINE('',#5414,#570);
#143=LINE('',#5419,#571);
#144=LINE('',#5423,#572);
#145=LINE('',#5428,#573);
#146=LINE('',#5432,#574);
#147=LINE('',#5437,#575);
#148=LINE('',#5441,#576);
#149=LINE('',#5446,#577);
#150=LINE('',#5450,#578);
#151=LINE('',#5455,#579);
#152=LINE('',#5459,#580);
#153=LINE('',#5464,#581);
#154=LINE('',#5468,#582);
#155=LINE('',#5473,#583);
#156=LINE('',#5477,#584);
#157=LINE('',#5482,#585);
#158=LINE('',#5486,#586);
#159=LINE('',#5491,#587);
#160=LINE('',#5495,#588);
#161=LINE('',#5500,#589);
#162=LINE('',#5504,#590);
#163=LINE('',#5509,#591);
#164=LINE('',#5513,#592);
#165=LINE('',#5518,#593);
#166=LINE('',#5522,#594);
#167=LINE('',#5527,#595);
#168=LINE('',#5531,#596);
#169=LINE('',#5536,#597);
#170=LINE('',#5540,#598);
#171=LINE('',#5545,#599);
#172=LINE('',#5549,#600);
#173=LINE('',#5554,#601);
#174=LINE('',#5558,#602);
#175=LINE('',#5563,#603);
#176=LINE('',#5567,#604);
#177=LINE('',#5572,#605);
#178=LINE('',#5576,#606);
#179=LINE('',#5581,#607);
#180=LINE('',#5585,#608);
#181=LINE('',#5590,#609);
#182=LINE('',#5594,#610);
#183=LINE('',#5599,#611);
#184=LINE('',#5603,#612);
#185=LINE('',#5608,#613);
#186=LINE('',#5612,#614);
#187=LINE('',#5617,#615);
#188=LINE('',#5621,#616);
#189=LINE('',#5626,#617);
#190=LINE('',#5630,#618);
#191=LINE('',#5635,#619);
#192=LINE('',#5639,#620);
#193=LINE('',#5644,#621);
#194=LINE('',#5648,#622);
#195=LINE('',#5653,#623);
#196=LINE('',#5657,#624);
#197=LINE('',#5662,#625);
#198=LINE('',#5666,#626);
#199=LINE('',#5671,#627);
#200=LINE('',#5675,#628);
#201=LINE('',#5680,#629);
#202=LINE('',#5684,#630);
#203=LINE('',#5689,#631);
#204=LINE('',#5693,#632);
#205=LINE('',#5698,#633);
#206=LINE('',#5702,#634);
#207=LINE('',#5707,#635);
#208=LINE('',#5711,#636);
#209=LINE('',#5716,#637);
#210=LINE('',#5720,#638);
#211=LINE('',#5725,#639);
#212=LINE('',#5729,#640);
#213=LINE('',#5734,#641);
#214=LINE('',#5738,#642);
#215=LINE('',#5743,#643);
#216=LINE('',#5747,#644);
#217=LINE('',#5752,#645);
#218=LINE('',#5756,#646);
#219=LINE('',#5761,#647);
#220=LINE('',#5765,#648);
#221=LINE('',#5770,#649);
#222=LINE('',#5774,#650);
#223=LINE('',#5779,#651);
#224=LINE('',#5783,#652);
#225=LINE('',#5788,#653);
#226=LINE('',#5792,#654);
#227=LINE('',#5797,#655);
#228=LINE('',#5801,#656);
#229=LINE('',#5806,#657);
#230=LINE('',#5810,#658);
#231=LINE('',#5815,#659);
#232=LINE('',#5819,#660);
#233=LINE('',#5824,#661);
#234=LINE('',#5828,#662);
#235=LINE('',#5833,#663);
#236=LINE('',#5837,#664);
#237=LINE('',#5842,#665);
#238=LINE('',#5846,#666);
#239=LINE('',#5851,#667);
#240=LINE('',#5855,#668);
#241=LINE('',#5860,#669);
#242=LINE('',#5864,#670);
#243=LINE('',#5869,#671);
#244=LINE('',#5873,#672);
#245=LINE('',#5878,#673);
#246=LINE('',#5882,#674);
#247=LINE('',#5887,#675);
#248=LINE('',#5891,#676);
#249=LINE('',#5896,#677);
#250=LINE('',#5900,#678);
#251=LINE('',#5905,#679);
#252=LINE('',#5909,#680);
#253=LINE('',#5914,#681);
#254=LINE('',#5918,#682);
#255=LINE('',#5923,#683);
#256=LINE('',#5927,#684);
#257=LINE('',#5936,#685);
#258=LINE('',#5940,#686);
#259=LINE('',#5953,#687);
#260=LINE('',#5954,#688);
#261=LINE('',#5958,#689);
#262=LINE('',#5960,#690);
#263=LINE('',#5964,#691);
#264=LINE('',#5966,#692);
#265=LINE('',#5986,#693);
#266=LINE('',#5988,#694);
#267=LINE('',#5989,#695);
#268=LINE('',#5991,#696);
#269=LINE('',#5992,#697);
#270=LINE('',#5994,#698);
#271=LINE('',#5995,#699);
#272=LINE('',#5997,#700);
#273=LINE('',#5998,#701);
#274=LINE('',#6000,#702);
#275=LINE('',#6001,#703);
#276=LINE('',#6003,#704);
#277=LINE('',#6004,#705);
#278=LINE('',#6006,#706);
#279=LINE('',#6007,#707);
#280=LINE('',#6009,#708);
#281=LINE('',#6010,#709);
#282=LINE('',#6012,#710);
#283=LINE('',#6013,#711);
#284=LINE('',#6015,#712);
#285=LINE('',#6016,#713);
#286=LINE('',#6018,#714);
#287=LINE('',#6019,#715);
#288=LINE('',#6021,#716);
#289=LINE('',#6022,#717);
#290=LINE('',#6024,#718);
#291=LINE('',#6025,#719);
#292=LINE('',#6027,#720);
#293=LINE('',#6028,#721);
#294=LINE('',#6030,#722);
#295=LINE('',#6031,#723);
#296=LINE('',#6033,#724);
#297=LINE('',#6034,#725);
#298=LINE('',#6036,#726);
#299=LINE('',#6037,#727);
#300=LINE('',#6039,#728);
#301=LINE('',#6040,#729);
#302=LINE('',#6042,#730);
#303=LINE('',#6043,#731);
#304=LINE('',#6045,#732);
#305=LINE('',#6046,#733);
#306=LINE('',#6048,#734);
#307=LINE('',#6049,#735);
#308=LINE('',#6051,#736);
#309=LINE('',#6052,#737);
#310=LINE('',#6054,#738);
#311=LINE('',#6055,#739);
#312=LINE('',#6057,#740);
#313=LINE('',#6058,#741);
#314=LINE('',#6060,#742);
#315=LINE('',#6061,#743);
#316=LINE('',#6063,#744);
#317=LINE('',#6064,#745);
#318=LINE('',#6066,#746);
#319=LINE('',#6067,#747);
#320=LINE('',#6069,#748);
#321=LINE('',#6070,#749);
#322=LINE('',#6072,#750);
#323=LINE('',#6073,#751);
#324=LINE('',#6075,#752);
#325=LINE('',#6076,#753);
#326=LINE('',#6078,#754);
#327=LINE('',#6079,#755);
#328=LINE('',#6081,#756);
#329=LINE('',#6082,#757);
#330=LINE('',#6084,#758);
#331=LINE('',#6085,#759);
#332=LINE('',#6087,#760);
#333=LINE('',#6088,#761);
#334=LINE('',#6090,#762);
#335=LINE('',#6091,#763);
#336=LINE('',#6093,#764);
#337=LINE('',#6094,#765);
#338=LINE('',#6096,#766);
#339=LINE('',#6097,#767);
#340=LINE('',#6099,#768);
#341=LINE('',#6100,#769);
#342=LINE('',#6102,#770);
#343=LINE('',#6103,#771);
#344=LINE('',#6105,#772);
#345=LINE('',#6106,#773);
#346=LINE('',#6108,#774);
#347=LINE('',#6109,#775);
#348=LINE('',#6111,#776);
#349=LINE('',#6112,#777);
#350=LINE('',#6114,#778);
#351=LINE('',#6115,#779);
#352=LINE('',#6117,#780);
#353=LINE('',#6118,#781);
#354=LINE('',#6120,#782);
#355=LINE('',#6121,#783);
#356=LINE('',#6123,#784);
#357=LINE('',#6124,#785);
#358=LINE('',#6126,#786);
#359=LINE('',#6127,#787);
#360=LINE('',#6129,#788);
#361=LINE('',#6130,#789);
#362=LINE('',#6132,#790);
#363=LINE('',#6133,#791);
#364=LINE('',#6135,#792);
#365=LINE('',#6136,#793);
#366=LINE('',#6138,#794);
#367=LINE('',#6139,#795);
#368=LINE('',#6141,#796);
#369=LINE('',#6142,#797);
#370=LINE('',#6144,#798);
#371=LINE('',#6145,#799);
#372=LINE('',#6147,#800);
#373=LINE('',#6148,#801);
#374=LINE('',#6150,#802);
#375=LINE('',#6151,#803);
#376=LINE('',#6153,#804);
#377=LINE('',#6154,#805);
#378=LINE('',#6156,#806);
#379=LINE('',#6157,#807);
#380=LINE('',#6159,#808);
#381=LINE('',#6160,#809);
#382=LINE('',#6162,#810);
#383=LINE('',#6163,#811);
#384=LINE('',#6165,#812);
#385=LINE('',#6175,#813);
#386=LINE('',#6178,#814);
#387=LINE('',#6179,#815);
#388=LINE('',#6181,#816);
#389=LINE('',#6182,#817);
#390=LINE('',#6184,#818);
#391=LINE('',#6185,#819);
#392=LINE('',#6187,#820);
#393=LINE('',#6188,#821);
#394=LINE('',#6190,#822);
#395=LINE('',#6191,#823);
#396=LINE('',#6193,#824);
#397=LINE('',#6194,#825);
#398=LINE('',#6196,#826);
#399=LINE('',#6197,#827);
#400=LINE('',#6199,#828);
#401=LINE('',#6200,#829);
#402=LINE('',#6202,#830);
#403=LINE('',#6203,#831);
#404=LINE('',#6205,#832);
#405=LINE('',#6206,#833);
#406=LINE('',#6208,#834);
#407=LINE('',#6209,#835);
#408=LINE('',#6211,#836);
#409=LINE('',#6212,#837);
#410=LINE('',#6214,#838);
#411=LINE('',#6215,#839);
#412=LINE('',#6217,#840);
#413=LINE('',#6218,#841);
#414=LINE('',#6220,#842);
#415=LINE('',#6221,#843);
#416=LINE('',#6223,#844);
#417=LINE('',#6224,#845);
#418=LINE('',#6226,#846);
#419=LINE('',#6227,#847);
#420=LINE('',#6229,#848);
#421=LINE('',#6230,#849);
#422=LINE('',#6232,#850);
#423=LINE('',#6233,#851);
#424=LINE('',#6235,#852);
#425=LINE('',#6236,#853);
#426=LINE('',#6238,#854);
#427=LINE('',#6239,#855);
#428=LINE('',#6241,#856);
#429=LINE('',#6242,#857);
#430=LINE('',#6244,#858);
#431=LINE('',#6245,#859);
#432=LINE('',#6247,#860);
#433=LINE('',#6248,#861);
#434=LINE('',#6250,#862);
#435=LINE('',#6251,#863);
#436=LINE('',#6253,#864);
#437=LINE('',#6254,#865);
#438=LINE('',#6256,#866);
#439=LINE('',#6257,#867);
#440=LINE('',#6259,#868);
#441=LINE('',#6260,#869);
#442=LINE('',#6262,#870);
#443=LINE('',#6263,#871);
#444=LINE('',#6265,#872);
#445=LINE('',#6266,#873);
#446=LINE('',#6268,#874);
#447=LINE('',#6269,#875);
#448=LINE('',#6271,#876);
#449=LINE('',#6272,#877);
#450=LINE('',#6274,#878);
#451=LINE('',#6275,#879);
#452=LINE('',#6277,#880);
#453=LINE('',#6278,#881);
#454=LINE('',#6280,#882);
#455=LINE('',#6281,#883);
#456=LINE('',#6283,#884);
#457=LINE('',#6284,#885);
#458=LINE('',#6286,#886);
#459=LINE('',#6287,#887);
#460=LINE('',#6289,#888);
#461=LINE('',#6290,#889);
#462=LINE('',#6292,#890);
#463=LINE('',#6293,#891);
#464=LINE('',#6295,#892);
#465=LINE('',#6296,#893);
#466=LINE('',#6298,#894);
#467=LINE('',#6299,#895);
#468=LINE('',#6301,#896);
#469=LINE('',#6302,#897);
#470=LINE('',#6304,#898);
#471=LINE('',#6305,#899);
#472=LINE('',#6307,#900);
#473=LINE('',#6308,#901);
#474=LINE('',#6310,#902);
#475=LINE('',#6311,#903);
#476=LINE('',#6313,#904);
#477=LINE('',#6314,#905);
#478=LINE('',#6316,#906);
#479=LINE('',#6317,#907);
#480=LINE('',#6319,#908);
#481=LINE('',#6320,#909);
#482=LINE('',#6322,#910);
#483=LINE('',#6323,#911);
#484=LINE('',#6325,#912);
#485=LINE('',#6326,#913);
#486=LINE('',#6328,#914);
#487=LINE('',#6329,#915);
#488=LINE('',#6331,#916);
#489=LINE('',#6332,#917);
#490=LINE('',#6334,#918);
#491=LINE('',#6335,#919);
#492=LINE('',#6337,#920);
#493=LINE('',#6338,#921);
#494=LINE('',#6340,#922);
#495=LINE('',#6341,#923);
#496=LINE('',#6343,#924);
#497=LINE('',#6344,#925);
#498=LINE('',#6346,#926);
#499=LINE('',#6347,#927);
#500=LINE('',#6349,#928);
#501=LINE('',#6350,#929);
#502=LINE('',#6352,#930);
#503=LINE('',#6353,#931);
#504=LINE('',#6355,#932);
#505=LINE('',#6359,#933);
#506=LINE('',#6360,#934);
#507=LINE('',#6369,#935);
#508=LINE('',#6372,#936);
#509=LINE('',#6375,#937);
#510=LINE('',#6378,#938);
#511=LINE('',#6381,#939);
#512=LINE('',#6384,#940);
#513=LINE('',#6387,#941);
#514=LINE('',#6390,#942);
#515=LINE('',#6393,#943);
#516=LINE('',#6396,#944);
#517=LINE('',#6399,#945);
#518=LINE('',#6402,#946);
#519=LINE('',#6405,#947);
#520=LINE('',#6408,#948);
#521=LINE('',#6411,#949);
#522=LINE('',#6414,#950);
#523=LINE('',#6417,#951);
#524=LINE('',#6420,#952);
#525=LINE('',#6423,#953);
#526=LINE('',#6426,#954);
#527=LINE('',#6429,#955);
#528=LINE('',#6432,#956);
#529=LINE('',#6435,#957);
#530=LINE('',#6438,#958);
#531=LINE('',#6441,#959);
#532=LINE('',#6444,#960);
#533=LINE('',#6447,#961);
#534=LINE('',#6450,#962);
#535=LINE('',#6453,#963);
#536=LINE('',#6456,#964);
#537=LINE('',#6459,#965);
#538=LINE('',#6462,#966);
#539=LINE('',#6465,#967);
#540=LINE('',#6468,#968);
#541=LINE('',#6471,#969);
#542=LINE('',#6474,#970);
#543=LINE('',#6477,#971);
#544=LINE('',#6480,#972);
#545=LINE('',#6483,#973);
#546=LINE('',#6486,#974);
#547=LINE('',#6489,#975);
#548=LINE('',#6492,#976);
#549=LINE('',#6495,#977);
#550=LINE('',#6498,#978);
#551=LINE('',#6501,#979);
#552=LINE('',#6504,#980);
#553=LINE('',#6507,#981);
#554=LINE('',#6510,#982);
#555=LINE('',#6513,#983);
#556=LINE('',#6516,#984);
#557=LINE('',#6519,#985);
#558=LINE('',#6522,#986);
#559=LINE('',#6525,#987);
#560=LINE('',#6528,#988);
#561=LINE('',#6531,#989);
#562=LINE('',#6534,#990);
#563=LINE('',#6537,#991);
#564=LINE('',#6540,#992);
#565=LINE('',#6543,#993);
#566=LINE('',#6546,#994);
#567=VECTOR('',#4296,1.);
#568=VECTOR('',#4299,1.);
#569=VECTOR('',#4304,1.);
#570=VECTOR('',#4307,1.);
#571=VECTOR('',#4312,1.);
#572=VECTOR('',#4315,1.);
#573=VECTOR('',#4320,1.);
#574=VECTOR('',#4323,1.);
#575=VECTOR('',#4328,1.);
#576=VECTOR('',#4331,1.);
#577=VECTOR('',#4336,1.);
#578=VECTOR('',#4339,1.);
#579=VECTOR('',#4344,1.);
#580=VECTOR('',#4347,1.);
#581=VECTOR('',#4352,1.);
#582=VECTOR('',#4355,1.);
#583=VECTOR('',#4360,1.);
#584=VECTOR('',#4363,1.);
#585=VECTOR('',#4368,1.);
#586=VECTOR('',#4371,1.);
#587=VECTOR('',#4376,1.);
#588=VECTOR('',#4379,1.);
#589=VECTOR('',#4384,1.);
#590=VECTOR('',#4387,1.);
#591=VECTOR('',#4392,1.);
#592=VECTOR('',#4395,1.);
#593=VECTOR('',#4400,1.);
#594=VECTOR('',#4403,1.);
#595=VECTOR('',#4408,1.);
#596=VECTOR('',#4411,1.);
#597=VECTOR('',#4416,1.);
#598=VECTOR('',#4419,1.);
#599=VECTOR('',#4424,1.);
#600=VECTOR('',#4427,1.);
#601=VECTOR('',#4432,1.);
#602=VECTOR('',#4435,1.);
#603=VECTOR('',#4440,1.);
#604=VECTOR('',#4443,1.);
#605=VECTOR('',#4448,1.);
#606=VECTOR('',#4451,1.);
#607=VECTOR('',#4456,1.);
#608=VECTOR('',#4459,1.);
#609=VECTOR('',#4464,1.);
#610=VECTOR('',#4467,1.);
#611=VECTOR('',#4472,1.);
#612=VECTOR('',#4475,1.);
#613=VECTOR('',#4480,1.);
#614=VECTOR('',#4483,1.);
#615=VECTOR('',#4488,1.);
#616=VECTOR('',#4491,1.);
#617=VECTOR('',#4496,1.);
#618=VECTOR('',#4499,1.);
#619=VECTOR('',#4504,1.);
#620=VECTOR('',#4507,1.);
#621=VECTOR('',#4512,1.);
#622=VECTOR('',#4515,1.);
#623=VECTOR('',#4520,1.);
#624=VECTOR('',#4523,1.);
#625=VECTOR('',#4528,1.);
#626=VECTOR('',#4531,1.);
#627=VECTOR('',#4536,1.);
#628=VECTOR('',#4539,1.);
#629=VECTOR('',#4544,1.);
#630=VECTOR('',#4547,1.);
#631=VECTOR('',#4552,1.);
#632=VECTOR('',#4555,1.);
#633=VECTOR('',#4560,1.);
#634=VECTOR('',#4563,1.);
#635=VECTOR('',#4568,1.);
#636=VECTOR('',#4571,1.);
#637=VECTOR('',#4576,1.);
#638=VECTOR('',#4579,1.);
#639=VECTOR('',#4584,1.);
#640=VECTOR('',#4587,1.);
#641=VECTOR('',#4592,1.);
#642=VECTOR('',#4595,1.);
#643=VECTOR('',#4600,1.);
#644=VECTOR('',#4603,1.);
#645=VECTOR('',#4608,1.);
#646=VECTOR('',#4611,1.);
#647=VECTOR('',#4616,1.);
#648=VECTOR('',#4619,1.);
#649=VECTOR('',#4624,1.);
#650=VECTOR('',#4627,1.);
#651=VECTOR('',#4632,1.);
#652=VECTOR('',#4635,1.);
#653=VECTOR('',#4640,1.);
#654=VECTOR('',#4643,1.);
#655=VECTOR('',#4648,1.);
#656=VECTOR('',#4651,1.);
#657=VECTOR('',#4656,1.);
#658=VECTOR('',#4659,1.);
#659=VECTOR('',#4664,1.);
#660=VECTOR('',#4667,1.);
#661=VECTOR('',#4672,1.);
#662=VECTOR('',#4675,1.);
#663=VECTOR('',#4680,1.);
#664=VECTOR('',#4683,1.);
#665=VECTOR('',#4688,1.);
#666=VECTOR('',#4691,1.);
#667=VECTOR('',#4696,1.);
#668=VECTOR('',#4699,1.);
#669=VECTOR('',#4704,1.);
#670=VECTOR('',#4707,1.);
#671=VECTOR('',#4712,1.);
#672=VECTOR('',#4715,1.);
#673=VECTOR('',#4720,1.);
#674=VECTOR('',#4723,1.);
#675=VECTOR('',#4728,1.);
#676=VECTOR('',#4731,1.);
#677=VECTOR('',#4736,1.);
#678=VECTOR('',#4739,1.);
#679=VECTOR('',#4744,1.);
#680=VECTOR('',#4747,1.);
#681=VECTOR('',#4752,1.);
#682=VECTOR('',#4755,1.);
#683=VECTOR('',#4760,1.);
#684=VECTOR('',#4763,1.);
#685=VECTOR('',#4772,1.);
#686=VECTOR('',#4775,1.);
#687=VECTOR('',#4788,1.);
#688=VECTOR('',#4789,1.);
#689=VECTOR('',#4794,1.);
#690=VECTOR('',#4795,1.);
#691=VECTOR('',#4800,1.);
#692=VECTOR('',#4803,1.);
#693=VECTOR('',#4824,1.);
#694=VECTOR('',#4825,1.);
#695=VECTOR('',#4826,1.);
#696=VECTOR('',#4827,1.);
#697=VECTOR('',#4828,1.);
#698=VECTOR('',#4829,1.);
#699=VECTOR('',#4830,1.);
#700=VECTOR('',#4831,1.);
#701=VECTOR('',#4832,1.);
#702=VECTOR('',#4833,1.);
#703=VECTOR('',#4834,1.);
#704=VECTOR('',#4835,1.);
#705=VECTOR('',#4836,1.);
#706=VECTOR('',#4837,1.);
#707=VECTOR('',#4838,1.);
#708=VECTOR('',#4839,1.);
#709=VECTOR('',#4840,1.);
#710=VECTOR('',#4841,1.);
#711=VECTOR('',#4842,1.);
#712=VECTOR('',#4843,1.);
#713=VECTOR('',#4844,1.);
#714=VECTOR('',#4845,1.);
#715=VECTOR('',#4846,1.);
#716=VECTOR('',#4847,1.);
#717=VECTOR('',#4848,1.);
#718=VECTOR('',#4849,1.);
#719=VECTOR('',#4850,1.);
#720=VECTOR('',#4851,1.);
#721=VECTOR('',#4852,1.);
#722=VECTOR('',#4853,1.);
#723=VECTOR('',#4854,1.);
#724=VECTOR('',#4855,1.);
#725=VECTOR('',#4856,1.);
#726=VECTOR('',#4857,1.);
#727=VECTOR('',#4858,1.);
#728=VECTOR('',#4859,1.);
#729=VECTOR('',#4860,1.);
#730=VECTOR('',#4861,1.);
#731=VECTOR('',#4862,1.);
#732=VECTOR('',#4863,1.);
#733=VECTOR('',#4864,1.);
#734=VECTOR('',#4865,1.);
#735=VECTOR('',#4866,1.);
#736=VECTOR('',#4867,1.);
#737=VECTOR('',#4868,1.);
#738=VECTOR('',#4869,1.);
#739=VECTOR('',#4870,1.);
#740=VECTOR('',#4871,1.);
#741=VECTOR('',#4872,1.);
#742=VECTOR('',#4873,1.);
#743=VECTOR('',#4874,1.);
#744=VECTOR('',#4875,1.);
#745=VECTOR('',#4876,1.);
#746=VECTOR('',#4877,1.);
#747=VECTOR('',#4878,1.);
#748=VECTOR('',#4879,1.);
#749=VECTOR('',#4880,1.);
#750=VECTOR('',#4881,1.);
#751=VECTOR('',#4882,1.);
#752=VECTOR('',#4883,1.);
#753=VECTOR('',#4884,1.);
#754=VECTOR('',#4885,1.);
#755=VECTOR('',#4886,1.);
#756=VECTOR('',#4887,1.);
#757=VECTOR('',#4888,1.);
#758=VECTOR('',#4889,1.);
#759=VECTOR('',#4890,1.);
#760=VECTOR('',#4891,1.);
#761=VECTOR('',#4892,1.);
#762=VECTOR('',#4893,1.);
#763=VECTOR('',#4894,1.);
#764=VECTOR('',#4895,1.);
#765=VECTOR('',#4896,1.);
#766=VECTOR('',#4897,1.);
#767=VECTOR('',#4898,1.);
#768=VECTOR('',#4899,1.);
#769=VECTOR('',#4900,1.);
#770=VECTOR('',#4901,1.);
#771=VECTOR('',#4902,1.);
#772=VECTOR('',#4903,1.);
#773=VECTOR('',#4904,1.);
#774=VECTOR('',#4905,1.);
#775=VECTOR('',#4906,1.);
#776=VECTOR('',#4907,1.);
#777=VECTOR('',#4908,1.);
#778=VECTOR('',#4909,1.);
#779=VECTOR('',#4910,1.);
#780=VECTOR('',#4911,1.);
#781=VECTOR('',#4912,1.);
#782=VECTOR('',#4913,1.);
#783=VECTOR('',#4914,1.);
#784=VECTOR('',#4915,1.);
#785=VECTOR('',#4916,1.);
#786=VECTOR('',#4917,1.);
#787=VECTOR('',#4918,1.);
#788=VECTOR('',#4919,1.);
#789=VECTOR('',#4920,1.);
#790=VECTOR('',#4921,1.);
#791=VECTOR('',#4922,1.);
#792=VECTOR('',#4923,1.);
#793=VECTOR('',#4924,1.);
#794=VECTOR('',#4925,1.);
#795=VECTOR('',#4926,1.);
#796=VECTOR('',#4927,1.);
#797=VECTOR('',#4928,1.);
#798=VECTOR('',#4929,1.);
#799=VECTOR('',#4930,1.);
#800=VECTOR('',#4931,1.);
#801=VECTOR('',#4932,1.);
#802=VECTOR('',#4933,1.);
#803=VECTOR('',#4934,1.);
#804=VECTOR('',#4935,1.);
#805=VECTOR('',#4936,1.);
#806=VECTOR('',#4937,1.);
#807=VECTOR('',#4938,1.);
#808=VECTOR('',#4939,1.);
#809=VECTOR('',#4940,1.);
#810=VECTOR('',#4941,1.);
#811=VECTOR('',#4942,1.);
#812=VECTOR('',#4943,1.);
#813=VECTOR('',#4960,1.);
#814=VECTOR('',#4961,1.);
#815=VECTOR('',#4962,1.);
#816=VECTOR('',#4963,1.);
#817=VECTOR('',#4964,1.);
#818=VECTOR('',#4965,1.);
#819=VECTOR('',#4966,1.);
#820=VECTOR('',#4967,1.);
#821=VECTOR('',#4968,1.);
#822=VECTOR('',#4969,1.);
#823=VECTOR('',#4970,1.);
#824=VECTOR('',#4971,1.);
#825=VECTOR('',#4972,1.);
#826=VECTOR('',#4973,1.);
#827=VECTOR('',#4974,1.);
#828=VECTOR('',#4975,1.);
#829=VECTOR('',#4976,1.);
#830=VECTOR('',#4977,1.);
#831=VECTOR('',#4978,1.);
#832=VECTOR('',#4979,1.);
#833=VECTOR('',#4980,1.);
#834=VECTOR('',#4981,1.);
#835=VECTOR('',#4982,1.);
#836=VECTOR('',#4983,1.);
#837=VECTOR('',#4984,1.);
#838=VECTOR('',#4985,1.);
#839=VECTOR('',#4986,1.);
#840=VECTOR('',#4987,1.);
#841=VECTOR('',#4988,1.);
#842=VECTOR('',#4989,1.);
#843=VECTOR('',#4990,1.);
#844=VECTOR('',#4991,1.);
#845=VECTOR('',#4992,1.);
#846=VECTOR('',#4993,1.);
#847=VECTOR('',#4994,1.);
#848=VECTOR('',#4995,1.);
#849=VECTOR('',#4996,1.);
#850=VECTOR('',#4997,1.);
#851=VECTOR('',#4998,1.);
#852=VECTOR('',#4999,1.);
#853=VECTOR('',#5000,1.);
#854=VECTOR('',#5001,1.);
#855=VECTOR('',#5002,1.);
#856=VECTOR('',#5003,1.);
#857=VECTOR('',#5004,1.);
#858=VECTOR('',#5005,1.);
#859=VECTOR('',#5006,1.);
#860=VECTOR('',#5007,1.);
#861=VECTOR('',#5008,1.);
#862=VECTOR('',#5009,1.);
#863=VECTOR('',#5010,1.);
#864=VECTOR('',#5011,1.);
#865=VECTOR('',#5012,1.);
#866=VECTOR('',#5013,1.);
#867=VECTOR('',#5014,1.);
#868=VECTOR('',#5015,1.);
#869=VECTOR('',#5016,1.);
#870=VECTOR('',#5017,1.);
#871=VECTOR('',#5018,1.);
#872=VECTOR('',#5019,1.);
#873=VECTOR('',#5020,1.);
#874=VECTOR('',#5021,1.);
#875=VECTOR('',#5022,1.);
#876=VECTOR('',#5023,1.);
#877=VECTOR('',#5024,1.);
#878=VECTOR('',#5025,1.);
#879=VECTOR('',#5026,1.);
#880=VECTOR('',#5027,1.);
#881=VECTOR('',#5028,1.);
#882=VECTOR('',#5029,1.);
#883=VECTOR('',#5030,1.);
#884=VECTOR('',#5031,1.);
#885=VECTOR('',#5032,1.);
#886=VECTOR('',#5033,1.);
#887=VECTOR('',#5034,1.);
#888=VECTOR('',#5035,1.);
#889=VECTOR('',#5036,1.);
#890=VECTOR('',#5037,1.);
#891=VECTOR('',#5038,1.);
#892=VECTOR('',#5039,1.);
#893=VECTOR('',#5040,1.);
#894=VECTOR('',#5041,1.);
#895=VECTOR('',#5042,1.);
#896=VECTOR('',#5043,1.);
#897=VECTOR('',#5044,1.);
#898=VECTOR('',#5045,1.);
#899=VECTOR('',#5046,1.);
#900=VECTOR('',#5047,1.);
#901=VECTOR('',#5048,1.);
#902=VECTOR('',#5049,1.);
#903=VECTOR('',#5050,1.);
#904=VECTOR('',#5051,1.);
#905=VECTOR('',#5052,1.);
#906=VECTOR('',#5053,1.);
#907=VECTOR('',#5054,1.);
#908=VECTOR('',#5055,1.);
#909=VECTOR('',#5056,1.);
#910=VECTOR('',#5057,1.);
#911=VECTOR('',#5058,1.);
#912=VECTOR('',#5059,1.);
#913=VECTOR('',#5060,1.);
#914=VECTOR('',#5061,1.);
#915=VECTOR('',#5062,1.);
#916=VECTOR('',#5063,1.);
#917=VECTOR('',#5064,1.);
#918=VECTOR('',#5065,1.);
#919=VECTOR('',#5066,1.);
#920=VECTOR('',#5067,1.);
#921=VECTOR('',#5068,1.);
#922=VECTOR('',#5069,1.);
#923=VECTOR('',#5070,1.);
#924=VECTOR('',#5071,1.);
#925=VECTOR('',#5072,1.);
#926=VECTOR('',#5073,1.);
#927=VECTOR('',#5074,1.);
#928=VECTOR('',#5075,1.);
#929=VECTOR('',#5076,1.);
#930=VECTOR('',#5077,1.);
#931=VECTOR('',#5078,1.);
#932=VECTOR('',#5079,1.);
#933=VECTOR('',#5084,1.);
#934=VECTOR('',#5085,1.);
#935=VECTOR('',#5098,1.);
#936=VECTOR('',#5103,1.);
#937=VECTOR('',#5108,1.);
#938=VECTOR('',#5113,1.);
#939=VECTOR('',#5118,1.);
#940=VECTOR('',#5123,1.);
#941=VECTOR('',#5128,1.);
#942=VECTOR('',#5133,1.);
#943=VECTOR('',#5138,1.);
#944=VECTOR('',#5143,1.);
#945=VECTOR('',#5148,1.);
#946=VECTOR('',#5153,1.);
#947=VECTOR('',#5158,1.);
#948=VECTOR('',#5163,1.);
#949=VECTOR('',#5168,1.);
#950=VECTOR('',#5173,1.);
#951=VECTOR('',#5178,1.);
#952=VECTOR('',#5183,1.);
#953=VECTOR('',#5188,1.);
#954=VECTOR('',#5193,1.);
#955=VECTOR('',#5198,1.);
#956=VECTOR('',#5203,1.);
#957=VECTOR('',#5208,1.);
#958=VECTOR('',#5213,1.);
#959=VECTOR('',#5218,1.);
#960=VECTOR('',#5223,1.);
#961=VECTOR('',#5228,1.);
#962=VECTOR('',#5233,1.);
#963=VECTOR('',#5238,1.);
#964=VECTOR('',#5243,1.);
#965=VECTOR('',#5248,1.);
#966=VECTOR('',#5253,1.);
#967=VECTOR('',#5258,1.);
#968=VECTOR('',#5263,1.);
#969=VECTOR('',#5268,1.);
#970=VECTOR('',#5273,1.);
#971=VECTOR('',#5278,1.);
#972=VECTOR('',#5283,1.);
#973=VECTOR('',#5288,1.);
#974=VECTOR('',#5293,1.);
#975=VECTOR('',#5298,1.);
#976=VECTOR('',#5303,1.);
#977=VECTOR('',#5308,1.);
#978=VECTOR('',#5313,1.);
#979=VECTOR('',#5318,1.);
#980=VECTOR('',#5323,1.);
#981=VECTOR('',#5328,1.);
#982=VECTOR('',#5333,1.);
#983=VECTOR('',#5338,1.);
#984=VECTOR('',#5343,1.);
#985=VECTOR('',#5348,1.);
#986=VECTOR('',#5353,1.);
#987=VECTOR('',#5358,1.);
#988=VECTOR('',#5363,1.);
#989=VECTOR('',#5368,1.);
#990=VECTOR('',#5373,1.);
#991=VECTOR('',#5378,1.);
#992=VECTOR('',#5383,1.);
#993=VECTOR('',#5388,1.);
#994=VECTOR('',#5393,1.);
#995=ORIENTED_EDGE('',*,*,#2133,.F.);
#996=ORIENTED_EDGE('',*,*,#2134,.T.);
#997=ORIENTED_EDGE('',*,*,#2135,.T.);
#998=ORIENTED_EDGE('',*,*,#2136,.F.);
#999=ORIENTED_EDGE('',*,*,#2137,.F.);
#1000=ORIENTED_EDGE('',*,*,#2138,.T.);
#1001=ORIENTED_EDGE('',*,*,#2139,.T.);
#1002=ORIENTED_EDGE('',*,*,#2140,.F.);
#1003=ORIENTED_EDGE('',*,*,#2141,.F.);
#1004=ORIENTED_EDGE('',*,*,#2142,.T.);
#1005=ORIENTED_EDGE('',*,*,#2143,.T.);
#1006=ORIENTED_EDGE('',*,*,#2144,.F.);
#1007=ORIENTED_EDGE('',*,*,#2145,.F.);
#1008=ORIENTED_EDGE('',*,*,#2146,.T.);
#1009=ORIENTED_EDGE('',*,*,#2147,.T.);
#1010=ORIENTED_EDGE('',*,*,#2148,.F.);
#1011=ORIENTED_EDGE('',*,*,#2149,.F.);
#1012=ORIENTED_EDGE('',*,*,#2150,.T.);
#1013=ORIENTED_EDGE('',*,*,#2151,.T.);
#1014=ORIENTED_EDGE('',*,*,#2152,.F.);
#1015=ORIENTED_EDGE('',*,*,#2153,.F.);
#1016=ORIENTED_EDGE('',*,*,#2154,.T.);
#1017=ORIENTED_EDGE('',*,*,#2155,.T.);
#1018=ORIENTED_EDGE('',*,*,#2156,.F.);
#1019=ORIENTED_EDGE('',*,*,#2157,.F.);
#1020=ORIENTED_EDGE('',*,*,#2158,.T.);
#1021=ORIENTED_EDGE('',*,*,#2159,.T.);
#1022=ORIENTED_EDGE('',*,*,#2160,.F.);
#1023=ORIENTED_EDGE('',*,*,#2161,.F.);
#1024=ORIENTED_EDGE('',*,*,#2162,.T.);
#1025=ORIENTED_EDGE('',*,*,#2163,.T.);
#1026=ORIENTED_EDGE('',*,*,#2164,.F.);
#1027=ORIENTED_EDGE('',*,*,#2165,.F.);
#1028=ORIENTED_EDGE('',*,*,#2166,.T.);
#1029=ORIENTED_EDGE('',*,*,#2167,.T.);
#1030=ORIENTED_EDGE('',*,*,#2168,.F.);
#1031=ORIENTED_EDGE('',*,*,#2169,.F.);
#1032=ORIENTED_EDGE('',*,*,#2170,.T.);
#1033=ORIENTED_EDGE('',*,*,#2171,.T.);
#1034=ORIENTED_EDGE('',*,*,#2172,.F.);
#1035=ORIENTED_EDGE('',*,*,#2173,.F.);
#1036=ORIENTED_EDGE('',*,*,#2174,.T.);
#1037=ORIENTED_EDGE('',*,*,#2175,.T.);
#1038=ORIENTED_EDGE('',*,*,#2176,.F.);
#1039=ORIENTED_EDGE('',*,*,#2177,.F.);
#1040=ORIENTED_EDGE('',*,*,#2178,.T.);
#1041=ORIENTED_EDGE('',*,*,#2179,.T.);
#1042=ORIENTED_EDGE('',*,*,#2180,.F.);
#1043=ORIENTED_EDGE('',*,*,#2181,.F.);
#1044=ORIENTED_EDGE('',*,*,#2182,.T.);
#1045=ORIENTED_EDGE('',*,*,#2183,.T.);
#1046=ORIENTED_EDGE('',*,*,#2184,.F.);
#1047=ORIENTED_EDGE('',*,*,#2185,.F.);
#1048=ORIENTED_EDGE('',*,*,#2186,.T.);
#1049=ORIENTED_EDGE('',*,*,#2187,.T.);
#1050=ORIENTED_EDGE('',*,*,#2188,.F.);
#1051=ORIENTED_EDGE('',*,*,#2189,.F.);
#1052=ORIENTED_EDGE('',*,*,#2190,.T.);
#1053=ORIENTED_EDGE('',*,*,#2191,.T.);
#1054=ORIENTED_EDGE('',*,*,#2192,.F.);
#1055=ORIENTED_EDGE('',*,*,#2193,.F.);
#1056=ORIENTED_EDGE('',*,*,#2194,.T.);
#1057=ORIENTED_EDGE('',*,*,#2195,.T.);
#1058=ORIENTED_EDGE('',*,*,#2196,.F.);
#1059=ORIENTED_EDGE('',*,*,#2197,.F.);
#1060=ORIENTED_EDGE('',*,*,#2198,.T.);
#1061=ORIENTED_EDGE('',*,*,#2199,.T.);
#1062=ORIENTED_EDGE('',*,*,#2200,.F.);
#1063=ORIENTED_EDGE('',*,*,#2201,.F.);
#1064=ORIENTED_EDGE('',*,*,#2202,.T.);
#1065=ORIENTED_EDGE('',*,*,#2203,.T.);
#1066=ORIENTED_EDGE('',*,*,#2204,.F.);
#1067=ORIENTED_EDGE('',*,*,#2205,.F.);
#1068=ORIENTED_EDGE('',*,*,#2206,.T.);
#1069=ORIENTED_EDGE('',*,*,#2207,.T.);
#1070=ORIENTED_EDGE('',*,*,#2208,.F.);
#1071=ORIENTED_EDGE('',*,*,#2209,.F.);
#1072=ORIENTED_EDGE('',*,*,#2210,.T.);
#1073=ORIENTED_EDGE('',*,*,#2211,.T.);
#1074=ORIENTED_EDGE('',*,*,#2212,.F.);
#1075=ORIENTED_EDGE('',*,*,#2213,.F.);
#1076=ORIENTED_EDGE('',*,*,#2214,.T.);
#1077=ORIENTED_EDGE('',*,*,#2215,.T.);
#1078=ORIENTED_EDGE('',*,*,#2216,.F.);
#1079=ORIENTED_EDGE('',*,*,#2217,.F.);
#1080=ORIENTED_EDGE('',*,*,#2218,.T.);
#1081=ORIENTED_EDGE('',*,*,#2219,.T.);
#1082=ORIENTED_EDGE('',*,*,#2220,.F.);
#1083=ORIENTED_EDGE('',*,*,#2221,.F.);
#1084=ORIENTED_EDGE('',*,*,#2222,.T.);
#1085=ORIENTED_EDGE('',*,*,#2223,.T.);
#1086=ORIENTED_EDGE('',*,*,#2224,.F.);
#1087=ORIENTED_EDGE('',*,*,#2225,.F.);
#1088=ORIENTED_EDGE('',*,*,#2226,.T.);
#1089=ORIENTED_EDGE('',*,*,#2227,.T.);
#1090=ORIENTED_EDGE('',*,*,#2228,.F.);
#1091=ORIENTED_EDGE('',*,*,#2229,.F.);
#1092=ORIENTED_EDGE('',*,*,#2230,.T.);
#1093=ORIENTED_EDGE('',*,*,#2231,.T.);
#1094=ORIENTED_EDGE('',*,*,#2232,.F.);
#1095=ORIENTED_EDGE('',*,*,#2233,.F.);
#1096=ORIENTED_EDGE('',*,*,#2234,.T.);
#1097=ORIENTED_EDGE('',*,*,#2235,.T.);
#1098=ORIENTED_EDGE('',*,*,#2236,.F.);
#1099=ORIENTED_EDGE('',*,*,#2237,.F.);
#1100=ORIENTED_EDGE('',*,*,#2238,.T.);
#1101=ORIENTED_EDGE('',*,*,#2239,.T.);
#1102=ORIENTED_EDGE('',*,*,#2240,.F.);
#1103=ORIENTED_EDGE('',*,*,#2241,.F.);
#1104=ORIENTED_EDGE('',*,*,#2242,.T.);
#1105=ORIENTED_EDGE('',*,*,#2243,.T.);
#1106=ORIENTED_EDGE('',*,*,#2244,.F.);
#1107=ORIENTED_EDGE('',*,*,#2245,.F.);
#1108=ORIENTED_EDGE('',*,*,#2246,.T.);
#1109=ORIENTED_EDGE('',*,*,#2247,.T.);
#1110=ORIENTED_EDGE('',*,*,#2248,.F.);
#1111=ORIENTED_EDGE('',*,*,#2249,.F.);
#1112=ORIENTED_EDGE('',*,*,#2250,.T.);
#1113=ORIENTED_EDGE('',*,*,#2251,.T.);
#1114=ORIENTED_EDGE('',*,*,#2252,.F.);
#1115=ORIENTED_EDGE('',*,*,#2253,.F.);
#1116=ORIENTED_EDGE('',*,*,#2254,.T.);
#1117=ORIENTED_EDGE('',*,*,#2255,.T.);
#1118=ORIENTED_EDGE('',*,*,#2256,.F.);
#1119=ORIENTED_EDGE('',*,*,#2257,.F.);
#1120=ORIENTED_EDGE('',*,*,#2258,.T.);
#1121=ORIENTED_EDGE('',*,*,#2259,.T.);
#1122=ORIENTED_EDGE('',*,*,#2260,.F.);
#1123=ORIENTED_EDGE('',*,*,#2261,.F.);
#1124=ORIENTED_EDGE('',*,*,#2262,.T.);
#1125=ORIENTED_EDGE('',*,*,#2263,.T.);
#1126=ORIENTED_EDGE('',*,*,#2264,.F.);
#1127=ORIENTED_EDGE('',*,*,#2265,.F.);
#1128=ORIENTED_EDGE('',*,*,#2266,.T.);
#1129=ORIENTED_EDGE('',*,*,#2267,.T.);
#1130=ORIENTED_EDGE('',*,*,#2268,.F.);
#1131=ORIENTED_EDGE('',*,*,#2269,.F.);
#1132=ORIENTED_EDGE('',*,*,#2270,.T.);
#1133=ORIENTED_EDGE('',*,*,#2271,.T.);
#1134=ORIENTED_EDGE('',*,*,#2272,.F.);
#1135=ORIENTED_EDGE('',*,*,#2273,.F.);
#1136=ORIENTED_EDGE('',*,*,#2274,.T.);
#1137=ORIENTED_EDGE('',*,*,#2275,.T.);
#1138=ORIENTED_EDGE('',*,*,#2276,.F.);
#1139=ORIENTED_EDGE('',*,*,#2277,.F.);
#1140=ORIENTED_EDGE('',*,*,#2278,.T.);
#1141=ORIENTED_EDGE('',*,*,#2279,.T.);
#1142=ORIENTED_EDGE('',*,*,#2280,.F.);
#1143=ORIENTED_EDGE('',*,*,#2281,.F.);
#1144=ORIENTED_EDGE('',*,*,#2282,.T.);
#1145=ORIENTED_EDGE('',*,*,#2283,.T.);
#1146=ORIENTED_EDGE('',*,*,#2284,.F.);
#1147=ORIENTED_EDGE('',*,*,#2285,.F.);
#1148=ORIENTED_EDGE('',*,*,#2286,.T.);
#1149=ORIENTED_EDGE('',*,*,#2287,.T.);
#1150=ORIENTED_EDGE('',*,*,#2288,.F.);
#1151=ORIENTED_EDGE('',*,*,#2289,.F.);
#1152=ORIENTED_EDGE('',*,*,#2290,.T.);
#1153=ORIENTED_EDGE('',*,*,#2291,.T.);
#1154=ORIENTED_EDGE('',*,*,#2292,.F.);
#1155=ORIENTED_EDGE('',*,*,#2293,.F.);
#1156=ORIENTED_EDGE('',*,*,#2294,.T.);
#1157=ORIENTED_EDGE('',*,*,#2295,.T.);
#1158=ORIENTED_EDGE('',*,*,#2296,.F.);
#1159=ORIENTED_EDGE('',*,*,#2297,.F.);
#1160=ORIENTED_EDGE('',*,*,#2298,.T.);
#1161=ORIENTED_EDGE('',*,*,#2299,.T.);
#1162=ORIENTED_EDGE('',*,*,#2300,.F.);
#1163=ORIENTED_EDGE('',*,*,#2301,.F.);
#1164=ORIENTED_EDGE('',*,*,#2302,.T.);
#1165=ORIENTED_EDGE('',*,*,#2303,.T.);
#1166=ORIENTED_EDGE('',*,*,#2304,.F.);
#1167=ORIENTED_EDGE('',*,*,#2305,.F.);
#1168=ORIENTED_EDGE('',*,*,#2306,.T.);
#1169=ORIENTED_EDGE('',*,*,#2307,.T.);
#1170=ORIENTED_EDGE('',*,*,#2308,.F.);
#1171=ORIENTED_EDGE('',*,*,#2309,.F.);
#1172=ORIENTED_EDGE('',*,*,#2310,.T.);
#1173=ORIENTED_EDGE('',*,*,#2311,.T.);
#1174=ORIENTED_EDGE('',*,*,#2312,.F.);
#1175=ORIENTED_EDGE('',*,*,#2313,.F.);
#1176=ORIENTED_EDGE('',*,*,#2314,.T.);
#1177=ORIENTED_EDGE('',*,*,#2315,.T.);
#1178=ORIENTED_EDGE('',*,*,#2316,.F.);
#1179=ORIENTED_EDGE('',*,*,#2317,.F.);
#1180=ORIENTED_EDGE('',*,*,#2318,.T.);
#1181=ORIENTED_EDGE('',*,*,#2319,.T.);
#1182=ORIENTED_EDGE('',*,*,#2320,.F.);
#1183=ORIENTED_EDGE('',*,*,#2321,.F.);
#1184=ORIENTED_EDGE('',*,*,#2322,.T.);
#1185=ORIENTED_EDGE('',*,*,#2323,.T.);
#1186=ORIENTED_EDGE('',*,*,#2324,.F.);
#1187=ORIENTED_EDGE('',*,*,#2325,.F.);
#1188=ORIENTED_EDGE('',*,*,#2326,.T.);
#1189=ORIENTED_EDGE('',*,*,#2327,.T.);
#1190=ORIENTED_EDGE('',*,*,#2328,.F.);
#1191=ORIENTED_EDGE('',*,*,#2329,.F.);
#1192=ORIENTED_EDGE('',*,*,#2330,.T.);
#1193=ORIENTED_EDGE('',*,*,#2331,.T.);
#1194=ORIENTED_EDGE('',*,*,#2332,.F.);
#1195=ORIENTED_EDGE('',*,*,#2333,.F.);
#1196=ORIENTED_EDGE('',*,*,#2334,.T.);
#1197=ORIENTED_EDGE('',*,*,#2335,.T.);
#1198=ORIENTED_EDGE('',*,*,#2336,.F.);
#1199=ORIENTED_EDGE('',*,*,#2337,.F.);
#1200=ORIENTED_EDGE('',*,*,#2338,.T.);
#1201=ORIENTED_EDGE('',*,*,#2339,.T.);
#1202=ORIENTED_EDGE('',*,*,#2340,.F.);
#1203=ORIENTED_EDGE('',*,*,#2341,.F.);
#1204=ORIENTED_EDGE('',*,*,#2342,.T.);
#1205=ORIENTED_EDGE('',*,*,#2343,.T.);
#1206=ORIENTED_EDGE('',*,*,#2344,.F.);
#1207=ORIENTED_EDGE('',*,*,#2345,.F.);
#1208=ORIENTED_EDGE('',*,*,#2346,.T.);
#1209=ORIENTED_EDGE('',*,*,#2347,.T.);
#1210=ORIENTED_EDGE('',*,*,#2348,.F.);
#1211=ORIENTED_EDGE('',*,*,#2349,.F.);
#1212=ORIENTED_EDGE('',*,*,#2350,.T.);
#1213=ORIENTED_EDGE('',*,*,#2351,.T.);
#1214=ORIENTED_EDGE('',*,*,#2352,.F.);
#1215=ORIENTED_EDGE('',*,*,#2353,.F.);
#1216=ORIENTED_EDGE('',*,*,#2354,.T.);
#1217=ORIENTED_EDGE('',*,*,#2355,.T.);
#1218=ORIENTED_EDGE('',*,*,#2356,.F.);
#1219=ORIENTED_EDGE('',*,*,#2357,.F.);
#1220=ORIENTED_EDGE('',*,*,#2358,.T.);
#1221=ORIENTED_EDGE('',*,*,#2359,.T.);
#1222=ORIENTED_EDGE('',*,*,#2360,.F.);
#1223=ORIENTED_EDGE('',*,*,#2361,.F.);
#1224=ORIENTED_EDGE('',*,*,#2362,.T.);
#1225=ORIENTED_EDGE('',*,*,#2363,.T.);
#1226=ORIENTED_EDGE('',*,*,#2364,.F.);
#1227=ORIENTED_EDGE('',*,*,#2365,.F.);
#1228=ORIENTED_EDGE('',*,*,#2366,.T.);
#1229=ORIENTED_EDGE('',*,*,#2367,.T.);
#1230=ORIENTED_EDGE('',*,*,#2368,.F.);
#1231=ORIENTED_EDGE('',*,*,#2369,.T.);
#1232=ORIENTED_EDGE('',*,*,#2370,.T.);
#1233=ORIENTED_EDGE('',*,*,#2371,.F.);
#1234=ORIENTED_EDGE('',*,*,#2372,.F.);
#1235=ORIENTED_EDGE('',*,*,#2373,.F.);
#1236=ORIENTED_EDGE('',*,*,#2374,.F.);
#1237=ORIENTED_EDGE('',*,*,#2375,.T.);
#1238=ORIENTED_EDGE('',*,*,#2376,.T.);
#1239=ORIENTED_EDGE('',*,*,#2377,.T.);
#1240=ORIENTED_EDGE('',*,*,#2378,.T.);
#1241=ORIENTED_EDGE('',*,*,#2379,.F.);
#1242=ORIENTED_EDGE('',*,*,#2380,.F.);
#1243=ORIENTED_EDGE('',*,*,#2371,.T.);
#1244=ORIENTED_EDGE('',*,*,#2381,.T.);
#1245=ORIENTED_EDGE('',*,*,#2382,.T.);
#1246=ORIENTED_EDGE('',*,*,#2383,.F.);
#1247=ORIENTED_EDGE('',*,*,#2384,.F.);
#1248=ORIENTED_EDGE('',*,*,#2372,.T.);
#1249=ORIENTED_EDGE('',*,*,#2380,.T.);
#1250=ORIENTED_EDGE('',*,*,#2385,.F.);
#1251=ORIENTED_EDGE('',*,*,#2386,.F.);
#1252=ORIENTED_EDGE('',*,*,#2373,.T.);
#1253=ORIENTED_EDGE('',*,*,#2384,.T.);
#1254=ORIENTED_EDGE('',*,*,#2387,.F.);
#1255=ORIENTED_EDGE('',*,*,#2381,.F.);
#1256=ORIENTED_EDGE('',*,*,#2374,.T.);
#1257=ORIENTED_EDGE('',*,*,#2386,.T.);
#1258=ORIENTED_EDGE('',*,*,#2388,.F.);
#1259=ORIENTED_EDGE('',*,*,#2389,.F.);
#1260=ORIENTED_EDGE('',*,*,#2390,.F.);
#1261=ORIENTED_EDGE('',*,*,#2379,.T.);
#1262=ORIENTED_EDGE('',*,*,#2387,.T.);
#1263=ORIENTED_EDGE('',*,*,#2385,.T.);
#1264=ORIENTED_EDGE('',*,*,#2383,.T.);
#1265=ORIENTED_EDGE('',*,*,#2391,.F.);
#1266=ORIENTED_EDGE('',*,*,#2392,.F.);
#1267=ORIENTED_EDGE('',*,*,#2393,.F.);
#1268=ORIENTED_EDGE('',*,*,#2394,.F.);
#1269=ORIENTED_EDGE('',*,*,#2395,.F.);
#1270=ORIENTED_EDGE('',*,*,#2396,.T.);
#1271=ORIENTED_EDGE('',*,*,#2397,.T.);
#1272=ORIENTED_EDGE('',*,*,#2367,.F.);
#1273=ORIENTED_EDGE('',*,*,#2398,.T.);
#1274=ORIENTED_EDGE('',*,*,#2399,.T.);
#1275=ORIENTED_EDGE('',*,*,#2363,.F.);
#1276=ORIENTED_EDGE('',*,*,#2400,.T.);
#1277=ORIENTED_EDGE('',*,*,#2401,.T.);
#1278=ORIENTED_EDGE('',*,*,#2359,.F.);
#1279=ORIENTED_EDGE('',*,*,#2402,.T.);
#1280=ORIENTED_EDGE('',*,*,#2403,.T.);
#1281=ORIENTED_EDGE('',*,*,#2355,.F.);
#1282=ORIENTED_EDGE('',*,*,#2404,.T.);
#1283=ORIENTED_EDGE('',*,*,#2405,.T.);
#1284=ORIENTED_EDGE('',*,*,#2351,.F.);
#1285=ORIENTED_EDGE('',*,*,#2406,.T.);
#1286=ORIENTED_EDGE('',*,*,#2407,.T.);
#1287=ORIENTED_EDGE('',*,*,#2347,.F.);
#1288=ORIENTED_EDGE('',*,*,#2408,.T.);
#1289=ORIENTED_EDGE('',*,*,#2409,.T.);
#1290=ORIENTED_EDGE('',*,*,#2343,.F.);
#1291=ORIENTED_EDGE('',*,*,#2410,.T.);
#1292=ORIENTED_EDGE('',*,*,#2411,.T.);
#1293=ORIENTED_EDGE('',*,*,#2339,.F.);
#1294=ORIENTED_EDGE('',*,*,#2412,.T.);
#1295=ORIENTED_EDGE('',*,*,#2413,.T.);
#1296=ORIENTED_EDGE('',*,*,#2335,.F.);
#1297=ORIENTED_EDGE('',*,*,#2414,.T.);
#1298=ORIENTED_EDGE('',*,*,#2415,.T.);
#1299=ORIENTED_EDGE('',*,*,#2331,.F.);
#1300=ORIENTED_EDGE('',*,*,#2416,.T.);
#1301=ORIENTED_EDGE('',*,*,#2417,.T.);
#1302=ORIENTED_EDGE('',*,*,#2327,.F.);
#1303=ORIENTED_EDGE('',*,*,#2418,.T.);
#1304=ORIENTED_EDGE('',*,*,#2419,.T.);
#1305=ORIENTED_EDGE('',*,*,#2323,.F.);
#1306=ORIENTED_EDGE('',*,*,#2420,.T.);
#1307=ORIENTED_EDGE('',*,*,#2421,.T.);
#1308=ORIENTED_EDGE('',*,*,#2319,.F.);
#1309=ORIENTED_EDGE('',*,*,#2422,.T.);
#1310=ORIENTED_EDGE('',*,*,#2423,.T.);
#1311=ORIENTED_EDGE('',*,*,#2315,.F.);
#1312=ORIENTED_EDGE('',*,*,#2424,.T.);
#1313=ORIENTED_EDGE('',*,*,#2425,.T.);
#1314=ORIENTED_EDGE('',*,*,#2311,.F.);
#1315=ORIENTED_EDGE('',*,*,#2426,.T.);
#1316=ORIENTED_EDGE('',*,*,#2427,.T.);
#1317=ORIENTED_EDGE('',*,*,#2307,.F.);
#1318=ORIENTED_EDGE('',*,*,#2428,.T.);
#1319=ORIENTED_EDGE('',*,*,#2429,.T.);
#1320=ORIENTED_EDGE('',*,*,#2303,.F.);
#1321=ORIENTED_EDGE('',*,*,#2430,.T.);
#1322=ORIENTED_EDGE('',*,*,#2431,.T.);
#1323=ORIENTED_EDGE('',*,*,#2299,.F.);
#1324=ORIENTED_EDGE('',*,*,#2432,.T.);
#1325=ORIENTED_EDGE('',*,*,#2433,.T.);
#1326=ORIENTED_EDGE('',*,*,#2295,.F.);
#1327=ORIENTED_EDGE('',*,*,#2434,.T.);
#1328=ORIENTED_EDGE('',*,*,#2435,.T.);
#1329=ORIENTED_EDGE('',*,*,#2291,.F.);
#1330=ORIENTED_EDGE('',*,*,#2436,.T.);
#1331=ORIENTED_EDGE('',*,*,#2437,.T.);
#1332=ORIENTED_EDGE('',*,*,#2287,.F.);
#1333=ORIENTED_EDGE('',*,*,#2438,.T.);
#1334=ORIENTED_EDGE('',*,*,#2439,.T.);
#1335=ORIENTED_EDGE('',*,*,#2283,.F.);
#1336=ORIENTED_EDGE('',*,*,#2440,.T.);
#1337=ORIENTED_EDGE('',*,*,#2441,.T.);
#1338=ORIENTED_EDGE('',*,*,#2279,.F.);
#1339=ORIENTED_EDGE('',*,*,#2442,.T.);
#1340=ORIENTED_EDGE('',*,*,#2443,.T.);
#1341=ORIENTED_EDGE('',*,*,#2275,.F.);
#1342=ORIENTED_EDGE('',*,*,#2444,.T.);
#1343=ORIENTED_EDGE('',*,*,#2445,.T.);
#1344=ORIENTED_EDGE('',*,*,#2271,.F.);
#1345=ORIENTED_EDGE('',*,*,#2446,.T.);
#1346=ORIENTED_EDGE('',*,*,#2447,.T.);
#1347=ORIENTED_EDGE('',*,*,#2267,.F.);
#1348=ORIENTED_EDGE('',*,*,#2448,.T.);
#1349=ORIENTED_EDGE('',*,*,#2449,.T.);
#1350=ORIENTED_EDGE('',*,*,#2263,.F.);
#1351=ORIENTED_EDGE('',*,*,#2450,.T.);
#1352=ORIENTED_EDGE('',*,*,#2451,.T.);
#1353=ORIENTED_EDGE('',*,*,#2259,.F.);
#1354=ORIENTED_EDGE('',*,*,#2452,.T.);
#1355=ORIENTED_EDGE('',*,*,#2453,.T.);
#1356=ORIENTED_EDGE('',*,*,#2255,.F.);
#1357=ORIENTED_EDGE('',*,*,#2454,.T.);
#1358=ORIENTED_EDGE('',*,*,#2455,.T.);
#1359=ORIENTED_EDGE('',*,*,#2251,.F.);
#1360=ORIENTED_EDGE('',*,*,#2456,.T.);
#1361=ORIENTED_EDGE('',*,*,#2457,.T.);
#1362=ORIENTED_EDGE('',*,*,#2247,.F.);
#1363=ORIENTED_EDGE('',*,*,#2458,.T.);
#1364=ORIENTED_EDGE('',*,*,#2459,.T.);
#1365=ORIENTED_EDGE('',*,*,#2243,.F.);
#1366=ORIENTED_EDGE('',*,*,#2460,.T.);
#1367=ORIENTED_EDGE('',*,*,#2461,.T.);
#1368=ORIENTED_EDGE('',*,*,#2239,.F.);
#1369=ORIENTED_EDGE('',*,*,#2462,.T.);
#1370=ORIENTED_EDGE('',*,*,#2463,.T.);
#1371=ORIENTED_EDGE('',*,*,#2235,.F.);
#1372=ORIENTED_EDGE('',*,*,#2464,.T.);
#1373=ORIENTED_EDGE('',*,*,#2465,.T.);
#1374=ORIENTED_EDGE('',*,*,#2231,.F.);
#1375=ORIENTED_EDGE('',*,*,#2466,.T.);
#1376=ORIENTED_EDGE('',*,*,#2467,.T.);
#1377=ORIENTED_EDGE('',*,*,#2227,.F.);
#1378=ORIENTED_EDGE('',*,*,#2468,.T.);
#1379=ORIENTED_EDGE('',*,*,#2469,.T.);
#1380=ORIENTED_EDGE('',*,*,#2223,.F.);
#1381=ORIENTED_EDGE('',*,*,#2470,.T.);
#1382=ORIENTED_EDGE('',*,*,#2471,.T.);
#1383=ORIENTED_EDGE('',*,*,#2219,.F.);
#1384=ORIENTED_EDGE('',*,*,#2472,.T.);
#1385=ORIENTED_EDGE('',*,*,#2473,.T.);
#1386=ORIENTED_EDGE('',*,*,#2215,.F.);
#1387=ORIENTED_EDGE('',*,*,#2474,.T.);
#1388=ORIENTED_EDGE('',*,*,#2475,.T.);
#1389=ORIENTED_EDGE('',*,*,#2211,.F.);
#1390=ORIENTED_EDGE('',*,*,#2476,.T.);
#1391=ORIENTED_EDGE('',*,*,#2477,.T.);
#1392=ORIENTED_EDGE('',*,*,#2207,.F.);
#1393=ORIENTED_EDGE('',*,*,#2478,.T.);
#1394=ORIENTED_EDGE('',*,*,#2479,.T.);
#1395=ORIENTED_EDGE('',*,*,#2203,.F.);
#1396=ORIENTED_EDGE('',*,*,#2480,.T.);
#1397=ORIENTED_EDGE('',*,*,#2481,.T.);
#1398=ORIENTED_EDGE('',*,*,#2199,.F.);
#1399=ORIENTED_EDGE('',*,*,#2482,.T.);
#1400=ORIENTED_EDGE('',*,*,#2483,.T.);
#1401=ORIENTED_EDGE('',*,*,#2195,.F.);
#1402=ORIENTED_EDGE('',*,*,#2484,.T.);
#1403=ORIENTED_EDGE('',*,*,#2485,.T.);
#1404=ORIENTED_EDGE('',*,*,#2191,.F.);
#1405=ORIENTED_EDGE('',*,*,#2486,.T.);
#1406=ORIENTED_EDGE('',*,*,#2487,.T.);
#1407=ORIENTED_EDGE('',*,*,#2187,.F.);
#1408=ORIENTED_EDGE('',*,*,#2488,.T.);
#1409=ORIENTED_EDGE('',*,*,#2489,.T.);
#1410=ORIENTED_EDGE('',*,*,#2183,.F.);
#1411=ORIENTED_EDGE('',*,*,#2490,.T.);
#1412=ORIENTED_EDGE('',*,*,#2491,.T.);
#1413=ORIENTED_EDGE('',*,*,#2179,.F.);
#1414=ORIENTED_EDGE('',*,*,#2492,.T.);
#1415=ORIENTED_EDGE('',*,*,#2493,.T.);
#1416=ORIENTED_EDGE('',*,*,#2175,.F.);
#1417=ORIENTED_EDGE('',*,*,#2494,.T.);
#1418=ORIENTED_EDGE('',*,*,#2495,.T.);
#1419=ORIENTED_EDGE('',*,*,#2171,.F.);
#1420=ORIENTED_EDGE('',*,*,#2496,.T.);
#1421=ORIENTED_EDGE('',*,*,#2497,.T.);
#1422=ORIENTED_EDGE('',*,*,#2167,.F.);
#1423=ORIENTED_EDGE('',*,*,#2498,.T.);
#1424=ORIENTED_EDGE('',*,*,#2499,.T.);
#1425=ORIENTED_EDGE('',*,*,#2163,.F.);
#1426=ORIENTED_EDGE('',*,*,#2500,.T.);
#1427=ORIENTED_EDGE('',*,*,#2501,.T.);
#1428=ORIENTED_EDGE('',*,*,#2159,.F.);
#1429=ORIENTED_EDGE('',*,*,#2502,.T.);
#1430=ORIENTED_EDGE('',*,*,#2503,.T.);
#1431=ORIENTED_EDGE('',*,*,#2155,.F.);
#1432=ORIENTED_EDGE('',*,*,#2504,.T.);
#1433=ORIENTED_EDGE('',*,*,#2505,.T.);
#1434=ORIENTED_EDGE('',*,*,#2151,.F.);
#1435=ORIENTED_EDGE('',*,*,#2506,.T.);
#1436=ORIENTED_EDGE('',*,*,#2507,.T.);
#1437=ORIENTED_EDGE('',*,*,#2147,.F.);
#1438=ORIENTED_EDGE('',*,*,#2508,.T.);
#1439=ORIENTED_EDGE('',*,*,#2509,.T.);
#1440=ORIENTED_EDGE('',*,*,#2143,.F.);
#1441=ORIENTED_EDGE('',*,*,#2510,.T.);
#1442=ORIENTED_EDGE('',*,*,#2511,.T.);
#1443=ORIENTED_EDGE('',*,*,#2139,.F.);
#1444=ORIENTED_EDGE('',*,*,#2512,.T.);
#1445=ORIENTED_EDGE('',*,*,#2513,.T.);
#1446=ORIENTED_EDGE('',*,*,#2135,.F.);
#1447=ORIENTED_EDGE('',*,*,#2514,.T.);
#1448=ORIENTED_EDGE('',*,*,#2515,.T.);
#1449=ORIENTED_EDGE('',*,*,#2382,.F.);
#1450=ORIENTED_EDGE('',*,*,#2390,.T.);
#1451=ORIENTED_EDGE('',*,*,#2370,.F.);
#1452=ORIENTED_EDGE('',*,*,#2389,.T.);
#1453=ORIENTED_EDGE('',*,*,#2369,.F.);
#1454=ORIENTED_EDGE('',*,*,#2391,.T.);
#1455=ORIENTED_EDGE('',*,*,#2375,.F.);
#1456=ORIENTED_EDGE('',*,*,#2392,.T.);
#1457=ORIENTED_EDGE('',*,*,#2376,.F.);
#1458=ORIENTED_EDGE('',*,*,#2393,.T.);
#1459=ORIENTED_EDGE('',*,*,#2377,.F.);
#1460=ORIENTED_EDGE('',*,*,#2394,.T.);
#1461=ORIENTED_EDGE('',*,*,#2378,.F.);
#1462=ORIENTED_EDGE('',*,*,#2516,.T.);
#1463=ORIENTED_EDGE('',*,*,#2517,.F.);
#1464=ORIENTED_EDGE('',*,*,#2518,.F.);
#1465=ORIENTED_EDGE('',*,*,#2133,.T.);
#1466=ORIENTED_EDGE('',*,*,#2519,.F.);
#1467=ORIENTED_EDGE('',*,*,#2520,.F.);
#1468=ORIENTED_EDGE('',*,*,#2137,.T.);
#1469=ORIENTED_EDGE('',*,*,#2521,.F.);
#1470=ORIENTED_EDGE('',*,*,#2522,.F.);
#1471=ORIENTED_EDGE('',*,*,#2141,.T.);
#1472=ORIENTED_EDGE('',*,*,#2523,.F.);
#1473=ORIENTED_EDGE('',*,*,#2524,.F.);
#1474=ORIENTED_EDGE('',*,*,#2145,.T.);
#1475=ORIENTED_EDGE('',*,*,#2525,.F.);
#1476=ORIENTED_EDGE('',*,*,#2526,.F.);
#1477=ORIENTED_EDGE('',*,*,#2149,.T.);
#1478=ORIENTED_EDGE('',*,*,#2527,.F.);
#1479=ORIENTED_EDGE('',*,*,#2528,.F.);
#1480=ORIENTED_EDGE('',*,*,#2153,.T.);
#1481=ORIENTED_EDGE('',*,*,#2529,.F.);
#1482=ORIENTED_EDGE('',*,*,#2530,.F.);
#1483=ORIENTED_EDGE('',*,*,#2157,.T.);
#1484=ORIENTED_EDGE('',*,*,#2531,.F.);
#1485=ORIENTED_EDGE('',*,*,#2532,.F.);
#1486=ORIENTED_EDGE('',*,*,#2161,.T.);
#1487=ORIENTED_EDGE('',*,*,#2533,.F.);
#1488=ORIENTED_EDGE('',*,*,#2534,.F.);
#1489=ORIENTED_EDGE('',*,*,#2165,.T.);
#1490=ORIENTED_EDGE('',*,*,#2535,.F.);
#1491=ORIENTED_EDGE('',*,*,#2536,.F.);
#1492=ORIENTED_EDGE('',*,*,#2169,.T.);
#1493=ORIENTED_EDGE('',*,*,#2537,.F.);
#1494=ORIENTED_EDGE('',*,*,#2538,.F.);
#1495=ORIENTED_EDGE('',*,*,#2173,.T.);
#1496=ORIENTED_EDGE('',*,*,#2539,.F.);
#1497=ORIENTED_EDGE('',*,*,#2540,.F.);
#1498=ORIENTED_EDGE('',*,*,#2177,.T.);
#1499=ORIENTED_EDGE('',*,*,#2541,.F.);
#1500=ORIENTED_EDGE('',*,*,#2542,.F.);
#1501=ORIENTED_EDGE('',*,*,#2181,.T.);
#1502=ORIENTED_EDGE('',*,*,#2543,.F.);
#1503=ORIENTED_EDGE('',*,*,#2544,.F.);
#1504=ORIENTED_EDGE('',*,*,#2185,.T.);
#1505=ORIENTED_EDGE('',*,*,#2545,.F.);
#1506=ORIENTED_EDGE('',*,*,#2546,.F.);
#1507=ORIENTED_EDGE('',*,*,#2189,.T.);
#1508=ORIENTED_EDGE('',*,*,#2547,.F.);
#1509=ORIENTED_EDGE('',*,*,#2548,.F.);
#1510=ORIENTED_EDGE('',*,*,#2193,.T.);
#1511=ORIENTED_EDGE('',*,*,#2549,.F.);
#1512=ORIENTED_EDGE('',*,*,#2550,.F.);
#1513=ORIENTED_EDGE('',*,*,#2197,.T.);
#1514=ORIENTED_EDGE('',*,*,#2551,.F.);
#1515=ORIENTED_EDGE('',*,*,#2552,.F.);
#1516=ORIENTED_EDGE('',*,*,#2201,.T.);
#1517=ORIENTED_EDGE('',*,*,#2553,.F.);
#1518=ORIENTED_EDGE('',*,*,#2554,.F.);
#1519=ORIENTED_EDGE('',*,*,#2205,.T.);
#1520=ORIENTED_EDGE('',*,*,#2555,.F.);
#1521=ORIENTED_EDGE('',*,*,#2556,.F.);
#1522=ORIENTED_EDGE('',*,*,#2209,.T.);
#1523=ORIENTED_EDGE('',*,*,#2557,.F.);
#1524=ORIENTED_EDGE('',*,*,#2558,.F.);
#1525=ORIENTED_EDGE('',*,*,#2213,.T.);
#1526=ORIENTED_EDGE('',*,*,#2559,.F.);
#1527=ORIENTED_EDGE('',*,*,#2560,.F.);
#1528=ORIENTED_EDGE('',*,*,#2217,.T.);
#1529=ORIENTED_EDGE('',*,*,#2561,.F.);
#1530=ORIENTED_EDGE('',*,*,#2562,.F.);
#1531=ORIENTED_EDGE('',*,*,#2221,.T.);
#1532=ORIENTED_EDGE('',*,*,#2563,.F.);
#1533=ORIENTED_EDGE('',*,*,#2564,.F.);
#1534=ORIENTED_EDGE('',*,*,#2225,.T.);
#1535=ORIENTED_EDGE('',*,*,#2565,.F.);
#1536=ORIENTED_EDGE('',*,*,#2566,.F.);
#1537=ORIENTED_EDGE('',*,*,#2229,.T.);
#1538=ORIENTED_EDGE('',*,*,#2567,.F.);
#1539=ORIENTED_EDGE('',*,*,#2568,.F.);
#1540=ORIENTED_EDGE('',*,*,#2233,.T.);
#1541=ORIENTED_EDGE('',*,*,#2569,.F.);
#1542=ORIENTED_EDGE('',*,*,#2570,.F.);
#1543=ORIENTED_EDGE('',*,*,#2237,.T.);
#1544=ORIENTED_EDGE('',*,*,#2571,.F.);
#1545=ORIENTED_EDGE('',*,*,#2572,.F.);
#1546=ORIENTED_EDGE('',*,*,#2241,.T.);
#1547=ORIENTED_EDGE('',*,*,#2573,.F.);
#1548=ORIENTED_EDGE('',*,*,#2574,.F.);
#1549=ORIENTED_EDGE('',*,*,#2245,.T.);
#1550=ORIENTED_EDGE('',*,*,#2575,.F.);
#1551=ORIENTED_EDGE('',*,*,#2576,.F.);
#1552=ORIENTED_EDGE('',*,*,#2249,.T.);
#1553=ORIENTED_EDGE('',*,*,#2577,.F.);
#1554=ORIENTED_EDGE('',*,*,#2578,.F.);
#1555=ORIENTED_EDGE('',*,*,#2253,.T.);
#1556=ORIENTED_EDGE('',*,*,#2579,.F.);
#1557=ORIENTED_EDGE('',*,*,#2580,.F.);
#1558=ORIENTED_EDGE('',*,*,#2257,.T.);
#1559=ORIENTED_EDGE('',*,*,#2581,.F.);
#1560=ORIENTED_EDGE('',*,*,#2582,.F.);
#1561=ORIENTED_EDGE('',*,*,#2261,.T.);
#1562=ORIENTED_EDGE('',*,*,#2583,.F.);
#1563=ORIENTED_EDGE('',*,*,#2584,.F.);
#1564=ORIENTED_EDGE('',*,*,#2265,.T.);
#1565=ORIENTED_EDGE('',*,*,#2585,.F.);
#1566=ORIENTED_EDGE('',*,*,#2586,.F.);
#1567=ORIENTED_EDGE('',*,*,#2269,.T.);
#1568=ORIENTED_EDGE('',*,*,#2587,.F.);
#1569=ORIENTED_EDGE('',*,*,#2588,.F.);
#1570=ORIENTED_EDGE('',*,*,#2273,.T.);
#1571=ORIENTED_EDGE('',*,*,#2589,.F.);
#1572=ORIENTED_EDGE('',*,*,#2590,.F.);
#1573=ORIENTED_EDGE('',*,*,#2277,.T.);
#1574=ORIENTED_EDGE('',*,*,#2591,.F.);
#1575=ORIENTED_EDGE('',*,*,#2592,.F.);
#1576=ORIENTED_EDGE('',*,*,#2281,.T.);
#1577=ORIENTED_EDGE('',*,*,#2593,.F.);
#1578=ORIENTED_EDGE('',*,*,#2594,.F.);
#1579=ORIENTED_EDGE('',*,*,#2285,.T.);
#1580=ORIENTED_EDGE('',*,*,#2595,.F.);
#1581=ORIENTED_EDGE('',*,*,#2596,.F.);
#1582=ORIENTED_EDGE('',*,*,#2289,.T.);
#1583=ORIENTED_EDGE('',*,*,#2597,.F.);
#1584=ORIENTED_EDGE('',*,*,#2598,.F.);
#1585=ORIENTED_EDGE('',*,*,#2293,.T.);
#1586=ORIENTED_EDGE('',*,*,#2599,.F.);
#1587=ORIENTED_EDGE('',*,*,#2600,.F.);
#1588=ORIENTED_EDGE('',*,*,#2297,.T.);
#1589=ORIENTED_EDGE('',*,*,#2601,.F.);
#1590=ORIENTED_EDGE('',*,*,#2602,.F.);
#1591=ORIENTED_EDGE('',*,*,#2301,.T.);
#1592=ORIENTED_EDGE('',*,*,#2603,.F.);
#1593=ORIENTED_EDGE('',*,*,#2604,.F.);
#1594=ORIENTED_EDGE('',*,*,#2305,.T.);
#1595=ORIENTED_EDGE('',*,*,#2605,.F.);
#1596=ORIENTED_EDGE('',*,*,#2606,.F.);
#1597=ORIENTED_EDGE('',*,*,#2309,.T.);
#1598=ORIENTED_EDGE('',*,*,#2607,.F.);
#1599=ORIENTED_EDGE('',*,*,#2608,.F.);
#1600=ORIENTED_EDGE('',*,*,#2313,.T.);
#1601=ORIENTED_EDGE('',*,*,#2609,.F.);
#1602=ORIENTED_EDGE('',*,*,#2610,.F.);
#1603=ORIENTED_EDGE('',*,*,#2317,.T.);
#1604=ORIENTED_EDGE('',*,*,#2611,.F.);
#1605=ORIENTED_EDGE('',*,*,#2612,.F.);
#1606=ORIENTED_EDGE('',*,*,#2321,.T.);
#1607=ORIENTED_EDGE('',*,*,#2613,.F.);
#1608=ORIENTED_EDGE('',*,*,#2614,.F.);
#1609=ORIENTED_EDGE('',*,*,#2325,.T.);
#1610=ORIENTED_EDGE('',*,*,#2615,.F.);
#1611=ORIENTED_EDGE('',*,*,#2616,.F.);
#1612=ORIENTED_EDGE('',*,*,#2329,.T.);
#1613=ORIENTED_EDGE('',*,*,#2617,.F.);
#1614=ORIENTED_EDGE('',*,*,#2618,.F.);
#1615=ORIENTED_EDGE('',*,*,#2333,.T.);
#1616=ORIENTED_EDGE('',*,*,#2619,.F.);
#1617=ORIENTED_EDGE('',*,*,#2620,.F.);
#1618=ORIENTED_EDGE('',*,*,#2337,.T.);
#1619=ORIENTED_EDGE('',*,*,#2621,.F.);
#1620=ORIENTED_EDGE('',*,*,#2622,.F.);
#1621=ORIENTED_EDGE('',*,*,#2341,.T.);
#1622=ORIENTED_EDGE('',*,*,#2623,.F.);
#1623=ORIENTED_EDGE('',*,*,#2624,.F.);
#1624=ORIENTED_EDGE('',*,*,#2345,.T.);
#1625=ORIENTED_EDGE('',*,*,#2625,.F.);
#1626=ORIENTED_EDGE('',*,*,#2626,.F.);
#1627=ORIENTED_EDGE('',*,*,#2349,.T.);
#1628=ORIENTED_EDGE('',*,*,#2627,.F.);
#1629=ORIENTED_EDGE('',*,*,#2628,.F.);
#1630=ORIENTED_EDGE('',*,*,#2353,.T.);
#1631=ORIENTED_EDGE('',*,*,#2629,.F.);
#1632=ORIENTED_EDGE('',*,*,#2630,.F.);
#1633=ORIENTED_EDGE('',*,*,#2357,.T.);
#1634=ORIENTED_EDGE('',*,*,#2631,.F.);
#1635=ORIENTED_EDGE('',*,*,#2632,.F.);
#1636=ORIENTED_EDGE('',*,*,#2361,.T.);
#1637=ORIENTED_EDGE('',*,*,#2633,.F.);
#1638=ORIENTED_EDGE('',*,*,#2634,.F.);
#1639=ORIENTED_EDGE('',*,*,#2365,.T.);
#1640=ORIENTED_EDGE('',*,*,#2635,.F.);
#1641=ORIENTED_EDGE('',*,*,#2636,.F.);
#1642=ORIENTED_EDGE('',*,*,#2637,.T.);
#1643=ORIENTED_EDGE('',*,*,#2395,.T.);
#1644=ORIENTED_EDGE('',*,*,#2638,.F.);
#1645=ORIENTED_EDGE('',*,*,#2637,.F.);
#1646=ORIENTED_EDGE('',*,*,#2639,.T.);
#1647=ORIENTED_EDGE('',*,*,#2640,.T.);
#1648=ORIENTED_EDGE('',*,*,#2641,.T.);
#1649=ORIENTED_EDGE('',*,*,#2641,.F.);
#1650=ORIENTED_EDGE('',*,*,#2388,.T.);
#1651=ORIENTED_EDGE('',*,*,#2640,.F.);
#1652=ORIENTED_EDGE('',*,*,#2516,.F.);
#1653=ORIENTED_EDGE('',*,*,#2639,.F.);
#1654=ORIENTED_EDGE('',*,*,#2636,.T.);
#1655=ORIENTED_EDGE('',*,*,#2642,.T.);
#1656=ORIENTED_EDGE('',*,*,#2396,.F.);
#1657=ORIENTED_EDGE('',*,*,#2642,.F.);
#1658=ORIENTED_EDGE('',*,*,#2635,.T.);
#1659=ORIENTED_EDGE('',*,*,#2368,.T.);
#1660=ORIENTED_EDGE('',*,*,#2397,.F.);
#1661=ORIENTED_EDGE('',*,*,#2366,.F.);
#1662=ORIENTED_EDGE('',*,*,#2634,.T.);
#1663=ORIENTED_EDGE('',*,*,#2643,.T.);
#1664=ORIENTED_EDGE('',*,*,#2398,.F.);
#1665=ORIENTED_EDGE('',*,*,#2643,.F.);
#1666=ORIENTED_EDGE('',*,*,#2633,.T.);
#1667=ORIENTED_EDGE('',*,*,#2364,.T.);
#1668=ORIENTED_EDGE('',*,*,#2399,.F.);
#1669=ORIENTED_EDGE('',*,*,#2362,.F.);
#1670=ORIENTED_EDGE('',*,*,#2632,.T.);
#1671=ORIENTED_EDGE('',*,*,#2644,.T.);
#1672=ORIENTED_EDGE('',*,*,#2400,.F.);
#1673=ORIENTED_EDGE('',*,*,#2644,.F.);
#1674=ORIENTED_EDGE('',*,*,#2631,.T.);
#1675=ORIENTED_EDGE('',*,*,#2360,.T.);
#1676=ORIENTED_EDGE('',*,*,#2401,.F.);
#1677=ORIENTED_EDGE('',*,*,#2358,.F.);
#1678=ORIENTED_EDGE('',*,*,#2630,.T.);
#1679=ORIENTED_EDGE('',*,*,#2645,.T.);
#1680=ORIENTED_EDGE('',*,*,#2402,.F.);
#1681=ORIENTED_EDGE('',*,*,#2645,.F.);
#1682=ORIENTED_EDGE('',*,*,#2629,.T.);
#1683=ORIENTED_EDGE('',*,*,#2356,.T.);
#1684=ORIENTED_EDGE('',*,*,#2403,.F.);
#1685=ORIENTED_EDGE('',*,*,#2354,.F.);
#1686=ORIENTED_EDGE('',*,*,#2628,.T.);
#1687=ORIENTED_EDGE('',*,*,#2646,.T.);
#1688=ORIENTED_EDGE('',*,*,#2404,.F.);
#1689=ORIENTED_EDGE('',*,*,#2646,.F.);
#1690=ORIENTED_EDGE('',*,*,#2627,.T.);
#1691=ORIENTED_EDGE('',*,*,#2352,.T.);
#1692=ORIENTED_EDGE('',*,*,#2405,.F.);
#1693=ORIENTED_EDGE('',*,*,#2350,.F.);
#1694=ORIENTED_EDGE('',*,*,#2626,.T.);
#1695=ORIENTED_EDGE('',*,*,#2647,.T.);
#1696=ORIENTED_EDGE('',*,*,#2406,.F.);
#1697=ORIENTED_EDGE('',*,*,#2647,.F.);
#1698=ORIENTED_EDGE('',*,*,#2625,.T.);
#1699=ORIENTED_EDGE('',*,*,#2348,.T.);
#1700=ORIENTED_EDGE('',*,*,#2407,.F.);
#1701=ORIENTED_EDGE('',*,*,#2346,.F.);
#1702=ORIENTED_EDGE('',*,*,#2624,.T.);
#1703=ORIENTED_EDGE('',*,*,#2648,.T.);
#1704=ORIENTED_EDGE('',*,*,#2408,.F.);
#1705=ORIENTED_EDGE('',*,*,#2648,.F.);
#1706=ORIENTED_EDGE('',*,*,#2623,.T.);
#1707=ORIENTED_EDGE('',*,*,#2344,.T.);
#1708=ORIENTED_EDGE('',*,*,#2409,.F.);
#1709=ORIENTED_EDGE('',*,*,#2342,.F.);
#1710=ORIENTED_EDGE('',*,*,#2622,.T.);
#1711=ORIENTED_EDGE('',*,*,#2649,.T.);
#1712=ORIENTED_EDGE('',*,*,#2410,.F.);
#1713=ORIENTED_EDGE('',*,*,#2649,.F.);
#1714=ORIENTED_EDGE('',*,*,#2621,.T.);
#1715=ORIENTED_EDGE('',*,*,#2340,.T.);
#1716=ORIENTED_EDGE('',*,*,#2411,.F.);
#1717=ORIENTED_EDGE('',*,*,#2338,.F.);
#1718=ORIENTED_EDGE('',*,*,#2620,.T.);
#1719=ORIENTED_EDGE('',*,*,#2650,.T.);
#1720=ORIENTED_EDGE('',*,*,#2412,.F.);
#1721=ORIENTED_EDGE('',*,*,#2650,.F.);
#1722=ORIENTED_EDGE('',*,*,#2619,.T.);
#1723=ORIENTED_EDGE('',*,*,#2336,.T.);
#1724=ORIENTED_EDGE('',*,*,#2413,.F.);
#1725=ORIENTED_EDGE('',*,*,#2334,.F.);
#1726=ORIENTED_EDGE('',*,*,#2618,.T.);
#1727=ORIENTED_EDGE('',*,*,#2651,.T.);
#1728=ORIENTED_EDGE('',*,*,#2414,.F.);
#1729=ORIENTED_EDGE('',*,*,#2651,.F.);
#1730=ORIENTED_EDGE('',*,*,#2617,.T.);
#1731=ORIENTED_EDGE('',*,*,#2332,.T.);
#1732=ORIENTED_EDGE('',*,*,#2415,.F.);
#1733=ORIENTED_EDGE('',*,*,#2330,.F.);
#1734=ORIENTED_EDGE('',*,*,#2616,.T.);
#1735=ORIENTED_EDGE('',*,*,#2652,.T.);
#1736=ORIENTED_EDGE('',*,*,#2416,.F.);
#1737=ORIENTED_EDGE('',*,*,#2652,.F.);
#1738=ORIENTED_EDGE('',*,*,#2615,.T.);
#1739=ORIENTED_EDGE('',*,*,#2328,.T.);
#1740=ORIENTED_EDGE('',*,*,#2417,.F.);
#1741=ORIENTED_EDGE('',*,*,#2326,.F.);
#1742=ORIENTED_EDGE('',*,*,#2614,.T.);
#1743=ORIENTED_EDGE('',*,*,#2653,.T.);
#1744=ORIENTED_EDGE('',*,*,#2418,.F.);
#1745=ORIENTED_EDGE('',*,*,#2653,.F.);
#1746=ORIENTED_EDGE('',*,*,#2613,.T.);
#1747=ORIENTED_EDGE('',*,*,#2324,.T.);
#1748=ORIENTED_EDGE('',*,*,#2419,.F.);
#1749=ORIENTED_EDGE('',*,*,#2322,.F.);
#1750=ORIENTED_EDGE('',*,*,#2612,.T.);
#1751=ORIENTED_EDGE('',*,*,#2654,.T.);
#1752=ORIENTED_EDGE('',*,*,#2420,.F.);
#1753=ORIENTED_EDGE('',*,*,#2654,.F.);
#1754=ORIENTED_EDGE('',*,*,#2611,.T.);
#1755=ORIENTED_EDGE('',*,*,#2320,.T.);
#1756=ORIENTED_EDGE('',*,*,#2421,.F.);
#1757=ORIENTED_EDGE('',*,*,#2318,.F.);
#1758=ORIENTED_EDGE('',*,*,#2610,.T.);
#1759=ORIENTED_EDGE('',*,*,#2655,.T.);
#1760=ORIENTED_EDGE('',*,*,#2422,.F.);
#1761=ORIENTED_EDGE('',*,*,#2655,.F.);
#1762=ORIENTED_EDGE('',*,*,#2609,.T.);
#1763=ORIENTED_EDGE('',*,*,#2316,.T.);
#1764=ORIENTED_EDGE('',*,*,#2423,.F.);
#1765=ORIENTED_EDGE('',*,*,#2314,.F.);
#1766=ORIENTED_EDGE('',*,*,#2608,.T.);
#1767=ORIENTED_EDGE('',*,*,#2656,.T.);
#1768=ORIENTED_EDGE('',*,*,#2424,.F.);
#1769=ORIENTED_EDGE('',*,*,#2656,.F.);
#1770=ORIENTED_EDGE('',*,*,#2607,.T.);
#1771=ORIENTED_EDGE('',*,*,#2312,.T.);
#1772=ORIENTED_EDGE('',*,*,#2425,.F.);
#1773=ORIENTED_EDGE('',*,*,#2310,.F.);
#1774=ORIENTED_EDGE('',*,*,#2606,.T.);
#1775=ORIENTED_EDGE('',*,*,#2657,.T.);
#1776=ORIENTED_EDGE('',*,*,#2426,.F.);
#1777=ORIENTED_EDGE('',*,*,#2657,.F.);
#1778=ORIENTED_EDGE('',*,*,#2605,.T.);
#1779=ORIENTED_EDGE('',*,*,#2308,.T.);
#1780=ORIENTED_EDGE('',*,*,#2427,.F.);
#1781=ORIENTED_EDGE('',*,*,#2306,.F.);
#1782=ORIENTED_EDGE('',*,*,#2604,.T.);
#1783=ORIENTED_EDGE('',*,*,#2658,.T.);
#1784=ORIENTED_EDGE('',*,*,#2428,.F.);
#1785=ORIENTED_EDGE('',*,*,#2658,.F.);
#1786=ORIENTED_EDGE('',*,*,#2603,.T.);
#1787=ORIENTED_EDGE('',*,*,#2304,.T.);
#1788=ORIENTED_EDGE('',*,*,#2429,.F.);
#1789=ORIENTED_EDGE('',*,*,#2302,.F.);
#1790=ORIENTED_EDGE('',*,*,#2602,.T.);
#1791=ORIENTED_EDGE('',*,*,#2659,.T.);
#1792=ORIENTED_EDGE('',*,*,#2430,.F.);
#1793=ORIENTED_EDGE('',*,*,#2659,.F.);
#1794=ORIENTED_EDGE('',*,*,#2601,.T.);
#1795=ORIENTED_EDGE('',*,*,#2300,.T.);
#1796=ORIENTED_EDGE('',*,*,#2431,.F.);
#1797=ORIENTED_EDGE('',*,*,#2298,.F.);
#1798=ORIENTED_EDGE('',*,*,#2600,.T.);
#1799=ORIENTED_EDGE('',*,*,#2660,.T.);
#1800=ORIENTED_EDGE('',*,*,#2432,.F.);
#1801=ORIENTED_EDGE('',*,*,#2660,.F.);
#1802=ORIENTED_EDGE('',*,*,#2599,.T.);
#1803=ORIENTED_EDGE('',*,*,#2296,.T.);
#1804=ORIENTED_EDGE('',*,*,#2433,.F.);
#1805=ORIENTED_EDGE('',*,*,#2294,.F.);
#1806=ORIENTED_EDGE('',*,*,#2598,.T.);
#1807=ORIENTED_EDGE('',*,*,#2661,.T.);
#1808=ORIENTED_EDGE('',*,*,#2434,.F.);
#1809=ORIENTED_EDGE('',*,*,#2661,.F.);
#1810=ORIENTED_EDGE('',*,*,#2597,.T.);
#1811=ORIENTED_EDGE('',*,*,#2292,.T.);
#1812=ORIENTED_EDGE('',*,*,#2435,.F.);
#1813=ORIENTED_EDGE('',*,*,#2290,.F.);
#1814=ORIENTED_EDGE('',*,*,#2596,.T.);
#1815=ORIENTED_EDGE('',*,*,#2662,.T.);
#1816=ORIENTED_EDGE('',*,*,#2436,.F.);
#1817=ORIENTED_EDGE('',*,*,#2662,.F.);
#1818=ORIENTED_EDGE('',*,*,#2595,.T.);
#1819=ORIENTED_EDGE('',*,*,#2288,.T.);
#1820=ORIENTED_EDGE('',*,*,#2437,.F.);
#1821=ORIENTED_EDGE('',*,*,#2286,.F.);
#1822=ORIENTED_EDGE('',*,*,#2594,.T.);
#1823=ORIENTED_EDGE('',*,*,#2663,.T.);
#1824=ORIENTED_EDGE('',*,*,#2438,.F.);
#1825=ORIENTED_EDGE('',*,*,#2663,.F.);
#1826=ORIENTED_EDGE('',*,*,#2593,.T.);
#1827=ORIENTED_EDGE('',*,*,#2284,.T.);
#1828=ORIENTED_EDGE('',*,*,#2439,.F.);
#1829=ORIENTED_EDGE('',*,*,#2282,.F.);
#1830=ORIENTED_EDGE('',*,*,#2592,.T.);
#1831=ORIENTED_EDGE('',*,*,#2664,.T.);
#1832=ORIENTED_EDGE('',*,*,#2440,.F.);
#1833=ORIENTED_EDGE('',*,*,#2664,.F.);
#1834=ORIENTED_EDGE('',*,*,#2591,.T.);
#1835=ORIENTED_EDGE('',*,*,#2280,.T.);
#1836=ORIENTED_EDGE('',*,*,#2441,.F.);
#1837=ORIENTED_EDGE('',*,*,#2278,.F.);
#1838=ORIENTED_EDGE('',*,*,#2590,.T.);
#1839=ORIENTED_EDGE('',*,*,#2665,.T.);
#1840=ORIENTED_EDGE('',*,*,#2442,.F.);
#1841=ORIENTED_EDGE('',*,*,#2665,.F.);
#1842=ORIENTED_EDGE('',*,*,#2589,.T.);
#1843=ORIENTED_EDGE('',*,*,#2276,.T.);
#1844=ORIENTED_EDGE('',*,*,#2443,.F.);
#1845=ORIENTED_EDGE('',*,*,#2274,.F.);
#1846=ORIENTED_EDGE('',*,*,#2588,.T.);
#1847=ORIENTED_EDGE('',*,*,#2666,.T.);
#1848=ORIENTED_EDGE('',*,*,#2444,.F.);
#1849=ORIENTED_EDGE('',*,*,#2666,.F.);
#1850=ORIENTED_EDGE('',*,*,#2587,.T.);
#1851=ORIENTED_EDGE('',*,*,#2272,.T.);
#1852=ORIENTED_EDGE('',*,*,#2445,.F.);
#1853=ORIENTED_EDGE('',*,*,#2270,.F.);
#1854=ORIENTED_EDGE('',*,*,#2586,.T.);
#1855=ORIENTED_EDGE('',*,*,#2667,.T.);
#1856=ORIENTED_EDGE('',*,*,#2446,.F.);
#1857=ORIENTED_EDGE('',*,*,#2667,.F.);
#1858=ORIENTED_EDGE('',*,*,#2585,.T.);
#1859=ORIENTED_EDGE('',*,*,#2268,.T.);
#1860=ORIENTED_EDGE('',*,*,#2447,.F.);
#1861=ORIENTED_EDGE('',*,*,#2266,.F.);
#1862=ORIENTED_EDGE('',*,*,#2584,.T.);
#1863=ORIENTED_EDGE('',*,*,#2668,.T.);
#1864=ORIENTED_EDGE('',*,*,#2448,.F.);
#1865=ORIENTED_EDGE('',*,*,#2668,.F.);
#1866=ORIENTED_EDGE('',*,*,#2583,.T.);
#1867=ORIENTED_EDGE('',*,*,#2264,.T.);
#1868=ORIENTED_EDGE('',*,*,#2449,.F.);
#1869=ORIENTED_EDGE('',*,*,#2262,.F.);
#1870=ORIENTED_EDGE('',*,*,#2582,.T.);
#1871=ORIENTED_EDGE('',*,*,#2669,.T.);
#1872=ORIENTED_EDGE('',*,*,#2450,.F.);
#1873=ORIENTED_EDGE('',*,*,#2669,.F.);
#1874=ORIENTED_EDGE('',*,*,#2581,.T.);
#1875=ORIENTED_EDGE('',*,*,#2260,.T.);
#1876=ORIENTED_EDGE('',*,*,#2451,.F.);
#1877=ORIENTED_EDGE('',*,*,#2258,.F.);
#1878=ORIENTED_EDGE('',*,*,#2580,.T.);
#1879=ORIENTED_EDGE('',*,*,#2670,.T.);
#1880=ORIENTED_EDGE('',*,*,#2452,.F.);
#1881=ORIENTED_EDGE('',*,*,#2670,.F.);
#1882=ORIENTED_EDGE('',*,*,#2579,.T.);
#1883=ORIENTED_EDGE('',*,*,#2256,.T.);
#1884=ORIENTED_EDGE('',*,*,#2453,.F.);
#1885=ORIENTED_EDGE('',*,*,#2254,.F.);
#1886=ORIENTED_EDGE('',*,*,#2578,.T.);
#1887=ORIENTED_EDGE('',*,*,#2671,.T.);
#1888=ORIENTED_EDGE('',*,*,#2454,.F.);
#1889=ORIENTED_EDGE('',*,*,#2671,.F.);
#1890=ORIENTED_EDGE('',*,*,#2577,.T.);
#1891=ORIENTED_EDGE('',*,*,#2252,.T.);
#1892=ORIENTED_EDGE('',*,*,#2455,.F.);
#1893=ORIENTED_EDGE('',*,*,#2250,.F.);
#1894=ORIENTED_EDGE('',*,*,#2576,.T.);
#1895=ORIENTED_EDGE('',*,*,#2672,.T.);
#1896=ORIENTED_EDGE('',*,*,#2456,.F.);
#1897=ORIENTED_EDGE('',*,*,#2672,.F.);
#1898=ORIENTED_EDGE('',*,*,#2575,.T.);
#1899=ORIENTED_EDGE('',*,*,#2248,.T.);
#1900=ORIENTED_EDGE('',*,*,#2457,.F.);
#1901=ORIENTED_EDGE('',*,*,#2246,.F.);
#1902=ORIENTED_EDGE('',*,*,#2574,.T.);
#1903=ORIENTED_EDGE('',*,*,#2673,.T.);
#1904=ORIENTED_EDGE('',*,*,#2458,.F.);
#1905=ORIENTED_EDGE('',*,*,#2673,.F.);
#1906=ORIENTED_EDGE('',*,*,#2573,.T.);
#1907=ORIENTED_EDGE('',*,*,#2244,.T.);
#1908=ORIENTED_EDGE('',*,*,#2459,.F.);
#1909=ORIENTED_EDGE('',*,*,#2242,.F.);
#1910=ORIENTED_EDGE('',*,*,#2572,.T.);
#1911=ORIENTED_EDGE('',*,*,#2674,.T.);
#1912=ORIENTED_EDGE('',*,*,#2460,.F.);
#1913=ORIENTED_EDGE('',*,*,#2674,.F.);
#1914=ORIENTED_EDGE('',*,*,#2571,.T.);
#1915=ORIENTED_EDGE('',*,*,#2240,.T.);
#1916=ORIENTED_EDGE('',*,*,#2461,.F.);
#1917=ORIENTED_EDGE('',*,*,#2238,.F.);
#1918=ORIENTED_EDGE('',*,*,#2570,.T.);
#1919=ORIENTED_EDGE('',*,*,#2675,.T.);
#1920=ORIENTED_EDGE('',*,*,#2462,.F.);
#1921=ORIENTED_EDGE('',*,*,#2675,.F.);
#1922=ORIENTED_EDGE('',*,*,#2569,.T.);
#1923=ORIENTED_EDGE('',*,*,#2236,.T.);
#1924=ORIENTED_EDGE('',*,*,#2463,.F.);
#1925=ORIENTED_EDGE('',*,*,#2234,.F.);
#1926=ORIENTED_EDGE('',*,*,#2568,.T.);
#1927=ORIENTED_EDGE('',*,*,#2676,.T.);
#1928=ORIENTED_EDGE('',*,*,#2464,.F.);
#1929=ORIENTED_EDGE('',*,*,#2676,.F.);
#1930=ORIENTED_EDGE('',*,*,#2567,.T.);
#1931=ORIENTED_EDGE('',*,*,#2232,.T.);
#1932=ORIENTED_EDGE('',*,*,#2465,.F.);
#1933=ORIENTED_EDGE('',*,*,#2230,.F.);
#1934=ORIENTED_EDGE('',*,*,#2566,.T.);
#1935=ORIENTED_EDGE('',*,*,#2677,.T.);
#1936=ORIENTED_EDGE('',*,*,#2466,.F.);
#1937=ORIENTED_EDGE('',*,*,#2677,.F.);
#1938=ORIENTED_EDGE('',*,*,#2565,.T.);
#1939=ORIENTED_EDGE('',*,*,#2228,.T.);
#1940=ORIENTED_EDGE('',*,*,#2467,.F.);
#1941=ORIENTED_EDGE('',*,*,#2226,.F.);
#1942=ORIENTED_EDGE('',*,*,#2564,.T.);
#1943=ORIENTED_EDGE('',*,*,#2678,.T.);
#1944=ORIENTED_EDGE('',*,*,#2468,.F.);
#1945=ORIENTED_EDGE('',*,*,#2678,.F.);
#1946=ORIENTED_EDGE('',*,*,#2563,.T.);
#1947=ORIENTED_EDGE('',*,*,#2224,.T.);
#1948=ORIENTED_EDGE('',*,*,#2469,.F.);
#1949=ORIENTED_EDGE('',*,*,#2222,.F.);
#1950=ORIENTED_EDGE('',*,*,#2562,.T.);
#1951=ORIENTED_EDGE('',*,*,#2679,.T.);
#1952=ORIENTED_EDGE('',*,*,#2470,.F.);
#1953=ORIENTED_EDGE('',*,*,#2679,.F.);
#1954=ORIENTED_EDGE('',*,*,#2561,.T.);
#1955=ORIENTED_EDGE('',*,*,#2220,.T.);
#1956=ORIENTED_EDGE('',*,*,#2471,.F.);
#1957=ORIENTED_EDGE('',*,*,#2218,.F.);
#1958=ORIENTED_EDGE('',*,*,#2560,.T.);
#1959=ORIENTED_EDGE('',*,*,#2680,.T.);
#1960=ORIENTED_EDGE('',*,*,#2472,.F.);
#1961=ORIENTED_EDGE('',*,*,#2680,.F.);
#1962=ORIENTED_EDGE('',*,*,#2559,.T.);
#1963=ORIENTED_EDGE('',*,*,#2216,.T.);
#1964=ORIENTED_EDGE('',*,*,#2473,.F.);
#1965=ORIENTED_EDGE('',*,*,#2214,.F.);
#1966=ORIENTED_EDGE('',*,*,#2558,.T.);
#1967=ORIENTED_EDGE('',*,*,#2681,.T.);
#1968=ORIENTED_EDGE('',*,*,#2474,.F.);
#1969=ORIENTED_EDGE('',*,*,#2681,.F.);
#1970=ORIENTED_EDGE('',*,*,#2557,.T.);
#1971=ORIENTED_EDGE('',*,*,#2212,.T.);
#1972=ORIENTED_EDGE('',*,*,#2475,.F.);
#1973=ORIENTED_EDGE('',*,*,#2210,.F.);
#1974=ORIENTED_EDGE('',*,*,#2556,.T.);
#1975=ORIENTED_EDGE('',*,*,#2682,.T.);
#1976=ORIENTED_EDGE('',*,*,#2476,.F.);
#1977=ORIENTED_EDGE('',*,*,#2682,.F.);
#1978=ORIENTED_EDGE('',*,*,#2555,.T.);
#1979=ORIENTED_EDGE('',*,*,#2208,.T.);
#1980=ORIENTED_EDGE('',*,*,#2477,.F.);
#1981=ORIENTED_EDGE('',*,*,#2206,.F.);
#1982=ORIENTED_EDGE('',*,*,#2554,.T.);
#1983=ORIENTED_EDGE('',*,*,#2683,.T.);
#1984=ORIENTED_EDGE('',*,*,#2478,.F.);
#1985=ORIENTED_EDGE('',*,*,#2683,.F.);
#1986=ORIENTED_EDGE('',*,*,#2553,.T.);
#1987=ORIENTED_EDGE('',*,*,#2204,.T.);
#1988=ORIENTED_EDGE('',*,*,#2479,.F.);
#1989=ORIENTED_EDGE('',*,*,#2202,.F.);
#1990=ORIENTED_EDGE('',*,*,#2552,.T.);
#1991=ORIENTED_EDGE('',*,*,#2684,.T.);
#1992=ORIENTED_EDGE('',*,*,#2480,.F.);
#1993=ORIENTED_EDGE('',*,*,#2684,.F.);
#1994=ORIENTED_EDGE('',*,*,#2551,.T.);
#1995=ORIENTED_EDGE('',*,*,#2200,.T.);
#1996=ORIENTED_EDGE('',*,*,#2481,.F.);
#1997=ORIENTED_EDGE('',*,*,#2198,.F.);
#1998=ORIENTED_EDGE('',*,*,#2550,.T.);
#1999=ORIENTED_EDGE('',*,*,#2685,.T.);
#2000=ORIENTED_EDGE('',*,*,#2482,.F.);
#2001=ORIENTED_EDGE('',*,*,#2685,.F.);
#2002=ORIENTED_EDGE('',*,*,#2549,.T.);
#2003=ORIENTED_EDGE('',*,*,#2196,.T.);
#2004=ORIENTED_EDGE('',*,*,#2483,.F.);
#2005=ORIENTED_EDGE('',*,*,#2194,.F.);
#2006=ORIENTED_EDGE('',*,*,#2548,.T.);
#2007=ORIENTED_EDGE('',*,*,#2686,.T.);
#2008=ORIENTED_EDGE('',*,*,#2484,.F.);
#2009=ORIENTED_EDGE('',*,*,#2686,.F.);
#2010=ORIENTED_EDGE('',*,*,#2547,.T.);
#2011=ORIENTED_EDGE('',*,*,#2192,.T.);
#2012=ORIENTED_EDGE('',*,*,#2485,.F.);
#2013=ORIENTED_EDGE('',*,*,#2190,.F.);
#2014=ORIENTED_EDGE('',*,*,#2546,.T.);
#2015=ORIENTED_EDGE('',*,*,#2687,.T.);
#2016=ORIENTED_EDGE('',*,*,#2486,.F.);
#2017=ORIENTED_EDGE('',*,*,#2687,.F.);
#2018=ORIENTED_EDGE('',*,*,#2545,.T.);
#2019=ORIENTED_EDGE('',*,*,#2188,.T.);
#2020=ORIENTED_EDGE('',*,*,#2487,.F.);
#2021=ORIENTED_EDGE('',*,*,#2186,.F.);
#2022=ORIENTED_EDGE('',*,*,#2544,.T.);
#2023=ORIENTED_EDGE('',*,*,#2688,.T.);
#2024=ORIENTED_EDGE('',*,*,#2488,.F.);
#2025=ORIENTED_EDGE('',*,*,#2688,.F.);
#2026=ORIENTED_EDGE('',*,*,#2543,.T.);
#2027=ORIENTED_EDGE('',*,*,#2184,.T.);
#2028=ORIENTED_EDGE('',*,*,#2489,.F.);
#2029=ORIENTED_EDGE('',*,*,#2182,.F.);
#2030=ORIENTED_EDGE('',*,*,#2542,.T.);
#2031=ORIENTED_EDGE('',*,*,#2689,.T.);
#2032=ORIENTED_EDGE('',*,*,#2490,.F.);
#2033=ORIENTED_EDGE('',*,*,#2689,.F.);
#2034=ORIENTED_EDGE('',*,*,#2541,.T.);
#2035=ORIENTED_EDGE('',*,*,#2180,.T.);
#2036=ORIENTED_EDGE('',*,*,#2491,.F.);
#2037=ORIENTED_EDGE('',*,*,#2178,.F.);
#2038=ORIENTED_EDGE('',*,*,#2540,.T.);
#2039=ORIENTED_EDGE('',*,*,#2690,.T.);
#2040=ORIENTED_EDGE('',*,*,#2492,.F.);
#2041=ORIENTED_EDGE('',*,*,#2690,.F.);
#2042=ORIENTED_EDGE('',*,*,#2539,.T.);
#2043=ORIENTED_EDGE('',*,*,#2176,.T.);
#2044=ORIENTED_EDGE('',*,*,#2493,.F.);
#2045=ORIENTED_EDGE('',*,*,#2174,.F.);
#2046=ORIENTED_EDGE('',*,*,#2538,.T.);
#2047=ORIENTED_EDGE('',*,*,#2691,.T.);
#2048=ORIENTED_EDGE('',*,*,#2494,.F.);
#2049=ORIENTED_EDGE('',*,*,#2691,.F.);
#2050=ORIENTED_EDGE('',*,*,#2537,.T.);
#2051=ORIENTED_EDGE('',*,*,#2172,.T.);
#2052=ORIENTED_EDGE('',*,*,#2495,.F.);
#2053=ORIENTED_EDGE('',*,*,#2170,.F.);
#2054=ORIENTED_EDGE('',*,*,#2536,.T.);
#2055=ORIENTED_EDGE('',*,*,#2692,.T.);
#2056=ORIENTED_EDGE('',*,*,#2496,.F.);
#2057=ORIENTED_EDGE('',*,*,#2692,.F.);
#2058=ORIENTED_EDGE('',*,*,#2535,.T.);
#2059=ORIENTED_EDGE('',*,*,#2168,.T.);
#2060=ORIENTED_EDGE('',*,*,#2497,.F.);
#2061=ORIENTED_EDGE('',*,*,#2166,.F.);
#2062=ORIENTED_EDGE('',*,*,#2534,.T.);
#2063=ORIENTED_EDGE('',*,*,#2693,.T.);
#2064=ORIENTED_EDGE('',*,*,#2498,.F.);
#2065=ORIENTED_EDGE('',*,*,#2693,.F.);
#2066=ORIENTED_EDGE('',*,*,#2533,.T.);
#2067=ORIENTED_EDGE('',*,*,#2164,.T.);
#2068=ORIENTED_EDGE('',*,*,#2499,.F.);
#2069=ORIENTED_EDGE('',*,*,#2162,.F.);
#2070=ORIENTED_EDGE('',*,*,#2532,.T.);
#2071=ORIENTED_EDGE('',*,*,#2694,.T.);
#2072=ORIENTED_EDGE('',*,*,#2500,.F.);
#2073=ORIENTED_EDGE('',*,*,#2694,.F.);
#2074=ORIENTED_EDGE('',*,*,#2531,.T.);
#2075=ORIENTED_EDGE('',*,*,#2160,.T.);
#2076=ORIENTED_EDGE('',*,*,#2501,.F.);
#2077=ORIENTED_EDGE('',*,*,#2158,.F.);
#2078=ORIENTED_EDGE('',*,*,#2530,.T.);
#2079=ORIENTED_EDGE('',*,*,#2695,.T.);
#2080=ORIENTED_EDGE('',*,*,#2502,.F.);
#2081=ORIENTED_EDGE('',*,*,#2695,.F.);
#2082=ORIENTED_EDGE('',*,*,#2529,.T.);
#2083=ORIENTED_EDGE('',*,*,#2156,.T.);
#2084=ORIENTED_EDGE('',*,*,#2503,.F.);
#2085=ORIENTED_EDGE('',*,*,#2154,.F.);
#2086=ORIENTED_EDGE('',*,*,#2528,.T.);
#2087=ORIENTED_EDGE('',*,*,#2696,.T.);
#2088=ORIENTED_EDGE('',*,*,#2504,.F.);
#2089=ORIENTED_EDGE('',*,*,#2696,.F.);
#2090=ORIENTED_EDGE('',*,*,#2527,.T.);
#2091=ORIENTED_EDGE('',*,*,#2152,.T.);
#2092=ORIENTED_EDGE('',*,*,#2505,.F.);
#2093=ORIENTED_EDGE('',*,*,#2150,.F.);
#2094=ORIENTED_EDGE('',*,*,#2526,.T.);
#2095=ORIENTED_EDGE('',*,*,#2697,.T.);
#2096=ORIENTED_EDGE('',*,*,#2506,.F.);
#2097=ORIENTED_EDGE('',*,*,#2697,.F.);
#2098=ORIENTED_EDGE('',*,*,#2525,.T.);
#2099=ORIENTED_EDGE('',*,*,#2148,.T.);
#2100=ORIENTED_EDGE('',*,*,#2507,.F.);
#2101=ORIENTED_EDGE('',*,*,#2146,.F.);
#2102=ORIENTED_EDGE('',*,*,#2524,.T.);
#2103=ORIENTED_EDGE('',*,*,#2698,.T.);
#2104=ORIENTED_EDGE('',*,*,#2508,.F.);
#2105=ORIENTED_EDGE('',*,*,#2698,.F.);
#2106=ORIENTED_EDGE('',*,*,#2523,.T.);
#2107=ORIENTED_EDGE('',*,*,#2144,.T.);
#2108=ORIENTED_EDGE('',*,*,#2509,.F.);
#2109=ORIENTED_EDGE('',*,*,#2142,.F.);
#2110=ORIENTED_EDGE('',*,*,#2522,.T.);
#2111=ORIENTED_EDGE('',*,*,#2699,.T.);
#2112=ORIENTED_EDGE('',*,*,#2510,.F.);
#2113=ORIENTED_EDGE('',*,*,#2699,.F.);
#2114=ORIENTED_EDGE('',*,*,#2521,.T.);
#2115=ORIENTED_EDGE('',*,*,#2140,.T.);
#2116=ORIENTED_EDGE('',*,*,#2511,.F.);
#2117=ORIENTED_EDGE('',*,*,#2138,.F.);
#2118=ORIENTED_EDGE('',*,*,#2520,.T.);
#2119=ORIENTED_EDGE('',*,*,#2700,.T.);
#2120=ORIENTED_EDGE('',*,*,#2512,.F.);
#2121=ORIENTED_EDGE('',*,*,#2700,.F.);
#2122=ORIENTED_EDGE('',*,*,#2519,.T.);
#2123=ORIENTED_EDGE('',*,*,#2136,.T.);
#2124=ORIENTED_EDGE('',*,*,#2513,.F.);
#2125=ORIENTED_EDGE('',*,*,#2134,.F.);
#2126=ORIENTED_EDGE('',*,*,#2518,.T.);
#2127=ORIENTED_EDGE('',*,*,#2701,.T.);
#2128=ORIENTED_EDGE('',*,*,#2514,.F.);
#2129=ORIENTED_EDGE('',*,*,#2701,.F.);
#2130=ORIENTED_EDGE('',*,*,#2517,.T.);
#2131=ORIENTED_EDGE('',*,*,#2638,.T.);
#2132=ORIENTED_EDGE('',*,*,#2515,.F.);
#2133=EDGE_CURVE('',#2702,#2703,#3087,.T.);
#2134=EDGE_CURVE('',#2702,#2704,#139,.T.);
#2135=EDGE_CURVE('',#2704,#2705,#3088,.T.);
#2136=EDGE_CURVE('',#2703,#2705,#140,.T.);
#2137=EDGE_CURVE('',#2706,#2707,#3089,.T.);
#2138=EDGE_CURVE('',#2706,#2708,#141,.T.);
#2139=EDGE_CURVE('',#2708,#2709,#3090,.T.);
#2140=EDGE_CURVE('',#2707,#2709,#142,.T.);
#2141=EDGE_CURVE('',#2710,#2711,#3091,.T.);
#2142=EDGE_CURVE('',#2710,#2712,#143,.T.);
#2143=EDGE_CURVE('',#2712,#2713,#3092,.T.);
#2144=EDGE_CURVE('',#2711,#2713,#144,.T.);
#2145=EDGE_CURVE('',#2714,#2715,#3093,.T.);
#2146=EDGE_CURVE('',#2714,#2716,#145,.T.);
#2147=EDGE_CURVE('',#2716,#2717,#3094,.T.);
#2148=EDGE_CURVE('',#2715,#2717,#146,.T.);
#2149=EDGE_CURVE('',#2718,#2719,#3095,.T.);
#2150=EDGE_CURVE('',#2718,#2720,#147,.T.);
#2151=EDGE_CURVE('',#2720,#2721,#3096,.T.);
#2152=EDGE_CURVE('',#2719,#2721,#148,.T.);
#2153=EDGE_CURVE('',#2722,#2723,#3097,.T.);
#2154=EDGE_CURVE('',#2722,#2724,#149,.T.);
#2155=EDGE_CURVE('',#2724,#2725,#3098,.T.);
#2156=EDGE_CURVE('',#2723,#2725,#150,.T.);
#2157=EDGE_CURVE('',#2726,#2727,#3099,.T.);
#2158=EDGE_CURVE('',#2726,#2728,#151,.T.);
#2159=EDGE_CURVE('',#2728,#2729,#3100,.T.);
#2160=EDGE_CURVE('',#2727,#2729,#152,.T.);
#2161=EDGE_CURVE('',#2730,#2731,#3101,.T.);
#2162=EDGE_CURVE('',#2730,#2732,#153,.T.);
#2163=EDGE_CURVE('',#2732,#2733,#3102,.T.);
#2164=EDGE_CURVE('',#2731,#2733,#154,.T.);
#2165=EDGE_CURVE('',#2734,#2735,#3103,.T.);
#2166=EDGE_CURVE('',#2734,#2736,#155,.T.);
#2167=EDGE_CURVE('',#2736,#2737,#3104,.T.);
#2168=EDGE_CURVE('',#2735,#2737,#156,.T.);
#2169=EDGE_CURVE('',#2738,#2739,#3105,.T.);
#2170=EDGE_CURVE('',#2738,#2740,#157,.T.);
#2171=EDGE_CURVE('',#2740,#2741,#3106,.T.);
#2172=EDGE_CURVE('',#2739,#2741,#158,.T.);
#2173=EDGE_CURVE('',#2742,#2743,#3107,.T.);
#2174=EDGE_CURVE('',#2742,#2744,#159,.T.);
#2175=EDGE_CURVE('',#2744,#2745,#3108,.T.);
#2176=EDGE_CURVE('',#2743,#2745,#160,.T.);
#2177=EDGE_CURVE('',#2746,#2747,#3109,.T.);
#2178=EDGE_CURVE('',#2746,#2748,#161,.T.);
#2179=EDGE_CURVE('',#2748,#2749,#3110,.T.);
#2180=EDGE_CURVE('',#2747,#2749,#162,.T.);
#2181=EDGE_CURVE('',#2750,#2751,#3111,.T.);
#2182=EDGE_CURVE('',#2750,#2752,#163,.T.);
#2183=EDGE_CURVE('',#2752,#2753,#3112,.T.);
#2184=EDGE_CURVE('',#2751,#2753,#164,.T.);
#2185=EDGE_CURVE('',#2754,#2755,#3113,.T.);
#2186=EDGE_CURVE('',#2754,#2756,#165,.T.);
#2187=EDGE_CURVE('',#2756,#2757,#3114,.T.);
#2188=EDGE_CURVE('',#2755,#2757,#166,.T.);
#2189=EDGE_CURVE('',#2758,#2759,#3115,.T.);
#2190=EDGE_CURVE('',#2758,#2760,#167,.T.);
#2191=EDGE_CURVE('',#2760,#2761,#3116,.T.);
#2192=EDGE_CURVE('',#2759,#2761,#168,.T.);
#2193=EDGE_CURVE('',#2762,#2763,#3117,.T.);
#2194=EDGE_CURVE('',#2762,#2764,#169,.T.);
#2195=EDGE_CURVE('',#2764,#2765,#3118,.T.);
#2196=EDGE_CURVE('',#2763,#2765,#170,.T.);
#2197=EDGE_CURVE('',#2766,#2767,#3119,.T.);
#2198=EDGE_CURVE('',#2766,#2768,#171,.T.);
#2199=EDGE_CURVE('',#2768,#2769,#3120,.T.);
#2200=EDGE_CURVE('',#2767,#2769,#172,.T.);
#2201=EDGE_CURVE('',#2770,#2771,#3121,.T.);
#2202=EDGE_CURVE('',#2770,#2772,#173,.T.);
#2203=EDGE_CURVE('',#2772,#2773,#3122,.T.);
#2204=EDGE_CURVE('',#2771,#2773,#174,.T.);
#2205=EDGE_CURVE('',#2774,#2775,#3123,.T.);
#2206=EDGE_CURVE('',#2774,#2776,#175,.T.);
#2207=EDGE_CURVE('',#2776,#2777,#3124,.T.);
#2208=EDGE_CURVE('',#2775,#2777,#176,.T.);
#2209=EDGE_CURVE('',#2778,#2779,#3125,.T.);
#2210=EDGE_CURVE('',#2778,#2780,#177,.T.);
#2211=EDGE_CURVE('',#2780,#2781,#3126,.T.);
#2212=EDGE_CURVE('',#2779,#2781,#178,.T.);
#2213=EDGE_CURVE('',#2782,#2783,#3127,.T.);
#2214=EDGE_CURVE('',#2782,#2784,#179,.T.);
#2215=EDGE_CURVE('',#2784,#2785,#3128,.T.);
#2216=EDGE_CURVE('',#2783,#2785,#180,.T.);
#2217=EDGE_CURVE('',#2786,#2787,#3129,.T.);
#2218=EDGE_CURVE('',#2786,#2788,#181,.T.);
#2219=EDGE_CURVE('',#2788,#2789,#3130,.T.);
#2220=EDGE_CURVE('',#2787,#2789,#182,.T.);
#2221=EDGE_CURVE('',#2790,#2791,#3131,.T.);
#2222=EDGE_CURVE('',#2790,#2792,#183,.T.);
#2223=EDGE_CURVE('',#2792,#2793,#3132,.T.);
#2224=EDGE_CURVE('',#2791,#2793,#184,.T.);
#2225=EDGE_CURVE('',#2794,#2795,#3133,.T.);
#2226=EDGE_CURVE('',#2794,#2796,#185,.T.);
#2227=EDGE_CURVE('',#2796,#2797,#3134,.T.);
#2228=EDGE_CURVE('',#2795,#2797,#186,.T.);
#2229=EDGE_CURVE('',#2798,#2799,#3135,.T.);
#2230=EDGE_CURVE('',#2798,#2800,#187,.T.);
#2231=EDGE_CURVE('',#2800,#2801,#3136,.T.);
#2232=EDGE_CURVE('',#2799,#2801,#188,.T.);
#2233=EDGE_CURVE('',#2802,#2803,#3137,.T.);
#2234=EDGE_CURVE('',#2802,#2804,#189,.T.);
#2235=EDGE_CURVE('',#2804,#2805,#3138,.T.);
#2236=EDGE_CURVE('',#2803,#2805,#190,.T.);
#2237=EDGE_CURVE('',#2806,#2807,#3139,.T.);
#2238=EDGE_CURVE('',#2806,#2808,#191,.T.);
#2239=EDGE_CURVE('',#2808,#2809,#3140,.T.);
#2240=EDGE_CURVE('',#2807,#2809,#192,.T.);
#2241=EDGE_CURVE('',#2810,#2811,#3141,.T.);
#2242=EDGE_CURVE('',#2810,#2812,#193,.T.);
#2243=EDGE_CURVE('',#2812,#2813,#3142,.T.);
#2244=EDGE_CURVE('',#2811,#2813,#194,.T.);
#2245=EDGE_CURVE('',#2814,#2815,#3143,.T.);
#2246=EDGE_CURVE('',#2814,#2816,#195,.T.);
#2247=EDGE_CURVE('',#2816,#2817,#3144,.T.);
#2248=EDGE_CURVE('',#2815,#2817,#196,.T.);
#2249=EDGE_CURVE('',#2818,#2819,#3145,.T.);
#2250=EDGE_CURVE('',#2818,#2820,#197,.T.);
#2251=EDGE_CURVE('',#2820,#2821,#3146,.T.);
#2252=EDGE_CURVE('',#2819,#2821,#198,.T.);
#2253=EDGE_CURVE('',#2822,#2823,#3147,.T.);
#2254=EDGE_CURVE('',#2822,#2824,#199,.T.);
#2255=EDGE_CURVE('',#2824,#2825,#3148,.T.);
#2256=EDGE_CURVE('',#2823,#2825,#200,.T.);
#2257=EDGE_CURVE('',#2826,#2827,#3149,.T.);
#2258=EDGE_CURVE('',#2826,#2828,#201,.T.);
#2259=EDGE_CURVE('',#2828,#2829,#3150,.T.);
#2260=EDGE_CURVE('',#2827,#2829,#202,.T.);
#2261=EDGE_CURVE('',#2830,#2831,#3151,.T.);
#2262=EDGE_CURVE('',#2830,#2832,#203,.T.);
#2263=EDGE_CURVE('',#2832,#2833,#3152,.T.);
#2264=EDGE_CURVE('',#2831,#2833,#204,.T.);
#2265=EDGE_CURVE('',#2834,#2835,#3153,.T.);
#2266=EDGE_CURVE('',#2834,#2836,#205,.T.);
#2267=EDGE_CURVE('',#2836,#2837,#3154,.T.);
#2268=EDGE_CURVE('',#2835,#2837,#206,.T.);
#2269=EDGE_CURVE('',#2838,#2839,#3155,.T.);
#2270=EDGE_CURVE('',#2838,#2840,#207,.T.);
#2271=EDGE_CURVE('',#2840,#2841,#3156,.T.);
#2272=EDGE_CURVE('',#2839,#2841,#208,.T.);
#2273=EDGE_CURVE('',#2842,#2843,#3157,.T.);
#2274=EDGE_CURVE('',#2842,#2844,#209,.T.);
#2275=EDGE_CURVE('',#2844,#2845,#3158,.T.);
#2276=EDGE_CURVE('',#2843,#2845,#210,.T.);
#2277=EDGE_CURVE('',#2846,#2847,#3159,.T.);
#2278=EDGE_CURVE('',#2846,#2848,#211,.T.);
#2279=EDGE_CURVE('',#2848,#2849,#3160,.T.);
#2280=EDGE_CURVE('',#2847,#2849,#212,.T.);
#2281=EDGE_CURVE('',#2850,#2851,#3161,.T.);
#2282=EDGE_CURVE('',#2850,#2852,#213,.T.);
#2283=EDGE_CURVE('',#2852,#2853,#3162,.T.);
#2284=EDGE_CURVE('',#2851,#2853,#214,.T.);
#2285=EDGE_CURVE('',#2854,#2855,#3163,.T.);
#2286=EDGE_CURVE('',#2854,#2856,#215,.T.);
#2287=EDGE_CURVE('',#2856,#2857,#3164,.T.);
#2288=EDGE_CURVE('',#2855,#2857,#216,.T.);
#2289=EDGE_CURVE('',#2858,#2859,#3165,.T.);
#2290=EDGE_CURVE('',#2858,#2860,#217,.T.);
#2291=EDGE_CURVE('',#2860,#2861,#3166,.T.);
#2292=EDGE_CURVE('',#2859,#2861,#218,.T.);
#2293=EDGE_CURVE('',#2862,#2863,#3167,.T.);
#2294=EDGE_CURVE('',#2862,#2864,#219,.T.);
#2295=EDGE_CURVE('',#2864,#2865,#3168,.T.);
#2296=EDGE_CURVE('',#2863,#2865,#220,.T.);
#2297=EDGE_CURVE('',#2866,#2867,#3169,.T.);
#2298=EDGE_CURVE('',#2866,#2868,#221,.T.);
#2299=EDGE_CURVE('',#2868,#2869,#3170,.T.);
#2300=EDGE_CURVE('',#2867,#2869,#222,.T.);
#2301=EDGE_CURVE('',#2870,#2871,#3171,.T.);
#2302=EDGE_CURVE('',#2870,#2872,#223,.T.);
#2303=EDGE_CURVE('',#2872,#2873,#3172,.T.);
#2304=EDGE_CURVE('',#2871,#2873,#224,.T.);
#2305=EDGE_CURVE('',#2874,#2875,#3173,.T.);
#2306=EDGE_CURVE('',#2874,#2876,#225,.T.);
#2307=EDGE_CURVE('',#2876,#2877,#3174,.T.);
#2308=EDGE_CURVE('',#2875,#2877,#226,.T.);
#2309=EDGE_CURVE('',#2878,#2879,#3175,.T.);
#2310=EDGE_CURVE('',#2878,#2880,#227,.T.);
#2311=EDGE_CURVE('',#2880,#2881,#3176,.T.);
#2312=EDGE_CURVE('',#2879,#2881,#228,.T.);
#2313=EDGE_CURVE('',#2882,#2883,#3177,.T.);
#2314=EDGE_CURVE('',#2882,#2884,#229,.T.);
#2315=EDGE_CURVE('',#2884,#2885,#3178,.T.);
#2316=EDGE_CURVE('',#2883,#2885,#230,.T.);
#2317=EDGE_CURVE('',#2886,#2887,#3179,.T.);
#2318=EDGE_CURVE('',#2886,#2888,#231,.T.);
#2319=EDGE_CURVE('',#2888,#2889,#3180,.T.);
#2320=EDGE_CURVE('',#2887,#2889,#232,.T.);
#2321=EDGE_CURVE('',#2890,#2891,#3181,.T.);
#2322=EDGE_CURVE('',#2890,#2892,#233,.T.);
#2323=EDGE_CURVE('',#2892,#2893,#3182,.T.);
#2324=EDGE_CURVE('',#2891,#2893,#234,.T.);
#2325=EDGE_CURVE('',#2894,#2895,#3183,.T.);
#2326=EDGE_CURVE('',#2894,#2896,#235,.T.);
#2327=EDGE_CURVE('',#2896,#2897,#3184,.T.);
#2328=EDGE_CURVE('',#2895,#2897,#236,.T.);
#2329=EDGE_CURVE('',#2898,#2899,#3185,.T.);
#2330=EDGE_CURVE('',#2898,#2900,#237,.T.);
#2331=EDGE_CURVE('',#2900,#2901,#3186,.T.);
#2332=EDGE_CURVE('',#2899,#2901,#238,.T.);
#2333=EDGE_CURVE('',#2902,#2903,#3187,.T.);
#2334=EDGE_CURVE('',#2902,#2904,#239,.T.);
#2335=EDGE_CURVE('',#2904,#2905,#3188,.T.);
#2336=EDGE_CURVE('',#2903,#2905,#240,.T.);
#2337=EDGE_CURVE('',#2906,#2907,#3189,.T.);
#2338=EDGE_CURVE('',#2906,#2908,#241,.T.);
#2339=EDGE_CURVE('',#2908,#2909,#3190,.T.);
#2340=EDGE_CURVE('',#2907,#2909,#242,.T.);
#2341=EDGE_CURVE('',#2910,#2911,#3191,.T.);
#2342=EDGE_CURVE('',#2910,#2912,#243,.T.);
#2343=EDGE_CURVE('',#2912,#2913,#3192,.T.);
#2344=EDGE_CURVE('',#2911,#2913,#244,.T.);
#2345=EDGE_CURVE('',#2914,#2915,#3193,.T.);
#2346=EDGE_CURVE('',#2914,#2916,#245,.T.);
#2347=EDGE_CURVE('',#2916,#2917,#3194,.T.);
#2348=EDGE_CURVE('',#2915,#2917,#246,.T.);
#2349=EDGE_CURVE('',#2918,#2919,#3195,.T.);
#2350=EDGE_CURVE('',#2918,#2920,#247,.T.);
#2351=EDGE_CURVE('',#2920,#2921,#3196,.T.);
#2352=EDGE_CURVE('',#2919,#2921,#248,.T.);
#2353=EDGE_CURVE('',#2922,#2923,#3197,.T.);
#2354=EDGE_CURVE('',#2922,#2924,#249,.T.);
#2355=EDGE_CURVE('',#2924,#2925,#3198,.T.);
#2356=EDGE_CURVE('',#2923,#2925,#250,.T.);
#2357=EDGE_CURVE('',#2926,#2927,#3199,.T.);
#2358=EDGE_CURVE('',#2926,#2928,#251,.T.);
#2359=EDGE_CURVE('',#2928,#2929,#3200,.T.);
#2360=EDGE_CURVE('',#2927,#2929,#252,.T.);
#2361=EDGE_CURVE('',#2930,#2931,#3201,.T.);
#2362=EDGE_CURVE('',#2930,#2932,#253,.T.);
#2363=EDGE_CURVE('',#2932,#2933,#3202,.T.);
#2364=EDGE_CURVE('',#2931,#2933,#254,.T.);
#2365=EDGE_CURVE('',#2934,#2935,#3203,.T.);
#2366=EDGE_CURVE('',#2934,#2936,#255,.T.);
#2367=EDGE_CURVE('',#2936,#2937,#3204,.T.);
#2368=EDGE_CURVE('',#2935,#2937,#256,.T.);
#2369=EDGE_CURVE('',#2938,#2938,#3205,.T.);
#2370=EDGE_CURVE('',#2939,#2939,#3206,.T.);
#2371=EDGE_CURVE('',#2940,#2941,#3207,.T.);
#2372=EDGE_CURVE('',#2942,#2940,#257,.T.);
#2373=EDGE_CURVE('',#2943,#2942,#3208,.T.);
#2374=EDGE_CURVE('',#2941,#2943,#258,.T.);
#2375=EDGE_CURVE('',#2944,#2944,#3209,.T.);
#2376=EDGE_CURVE('',#2945,#2945,#3210,.T.);
#2377=EDGE_CURVE('',#2946,#2946,#3211,.T.);
#2378=EDGE_CURVE('',#2947,#2947,#3212,.T.);
#2379=EDGE_CURVE('',#2948,#2949,#3213,.T.);
#2380=EDGE_CURVE('',#2940,#2948,#259,.T.);
#2381=EDGE_CURVE('',#2941,#2949,#260,.T.);
#2382=EDGE_CURVE('',#2950,#2950,#3214,.T.);
#2383=EDGE_CURVE('',#2951,#2948,#261,.T.);
#2384=EDGE_CURVE('',#2942,#2951,#262,.T.);
#2385=EDGE_CURVE('',#2952,#2951,#3215,.T.);
#2386=EDGE_CURVE('',#2943,#2952,#263,.T.);
#2387=EDGE_CURVE('',#2949,#2952,#264,.T.);
#2388=EDGE_CURVE('',#2953,#2953,#3216,.T.);
#2389=EDGE_CURVE('',#2954,#2954,#3217,.T.);
#2390=EDGE_CURVE('',#2955,#2955,#3218,.T.);
#2391=EDGE_CURVE('',#2956,#2956,#3219,.T.);
#2392=EDGE_CURVE('',#2957,#2957,#3220,.T.);
#2393=EDGE_CURVE('',#2958,#2958,#3221,.T.);
#2394=EDGE_CURVE('',#2959,#2959,#3222,.T.);
#2395=EDGE_CURVE('',#2960,#2961,#3223,.T.);
#2396=EDGE_CURVE('',#2960,#2962,#265,.T.);
#2397=EDGE_CURVE('',#2962,#2937,#266,.T.);
#2398=EDGE_CURVE('',#2936,#2963,#267,.T.);
#2399=EDGE_CURVE('',#2963,#2933,#268,.T.);
#2400=EDGE_CURVE('',#2932,#2964,#269,.T.);
#2401=EDGE_CURVE('',#2964,#2929,#270,.T.);
#2402=EDGE_CURVE('',#2928,#2965,#271,.T.);
#2403=EDGE_CURVE('',#2965,#2925,#272,.T.);
#2404=EDGE_CURVE('',#2924,#2966,#273,.T.);
#2405=EDGE_CURVE('',#2966,#2921,#274,.T.);
#2406=EDGE_CURVE('',#2920,#2967,#275,.T.);
#2407=EDGE_CURVE('',#2967,#2917,#276,.T.);
#2408=EDGE_CURVE('',#2916,#2968,#277,.T.);
#2409=EDGE_CURVE('',#2968,#2913,#278,.T.);
#2410=EDGE_CURVE('',#2912,#2969,#279,.T.);
#2411=EDGE_CURVE('',#2969,#2909,#280,.T.);
#2412=EDGE_CURVE('',#2908,#2970,#281,.T.);
#2413=EDGE_CURVE('',#2970,#2905,#282,.T.);
#2414=EDGE_CURVE('',#2904,#2971,#283,.T.);
#2415=EDGE_CURVE('',#2971,#2901,#284,.T.);
#2416=EDGE_CURVE('',#2900,#2972,#285,.T.);
#2417=EDGE_CURVE('',#2972,#2897,#286,.T.);
#2418=EDGE_CURVE('',#2896,#2973,#287,.T.);
#2419=EDGE_CURVE('',#2973,#2893,#288,.T.);
#2420=EDGE_CURVE('',#2892,#2974,#289,.T.);
#2421=EDGE_CURVE('',#2974,#2889,#290,.T.);
#2422=EDGE_CURVE('',#2888,#2975,#291,.T.);
#2423=EDGE_CURVE('',#2975,#2885,#292,.T.);
#2424=EDGE_CURVE('',#2884,#2976,#293,.T.);
#2425=EDGE_CURVE('',#2976,#2881,#294,.T.);
#2426=EDGE_CURVE('',#2880,#2977,#295,.T.);
#2427=EDGE_CURVE('',#2977,#2877,#296,.T.);
#2428=EDGE_CURVE('',#2876,#2978,#297,.T.);
#2429=EDGE_CURVE('',#2978,#2873,#298,.T.);
#2430=EDGE_CURVE('',#2872,#2979,#299,.T.);
#2431=EDGE_CURVE('',#2979,#2869,#300,.T.);
#2432=EDGE_CURVE('',#2868,#2980,#301,.T.);
#2433=EDGE_CURVE('',#2980,#2865,#302,.T.);
#2434=EDGE_CURVE('',#2864,#2981,#303,.T.);
#2435=EDGE_CURVE('',#2981,#2861,#304,.T.);
#2436=EDGE_CURVE('',#2860,#2982,#305,.T.);
#2437=EDGE_CURVE('',#2982,#2857,#306,.T.);
#2438=EDGE_CURVE('',#2856,#2983,#307,.T.);
#2439=EDGE_CURVE('',#2983,#2853,#308,.T.);
#2440=EDGE_CURVE('',#2852,#2984,#309,.T.);
#2441=EDGE_CURVE('',#2984,#2849,#310,.T.);
#2442=EDGE_CURVE('',#2848,#2985,#311,.T.);
#2443=EDGE_CURVE('',#2985,#2845,#312,.T.);
#2444=EDGE_CURVE('',#2844,#2986,#313,.T.);
#2445=EDGE_CURVE('',#2986,#2841,#314,.T.);
#2446=EDGE_CURVE('',#2840,#2987,#315,.T.);
#2447=EDGE_CURVE('',#2987,#2837,#316,.T.);
#2448=EDGE_CURVE('',#2836,#2988,#317,.T.);
#2449=EDGE_CURVE('',#2988,#2833,#318,.T.);
#2450=EDGE_CURVE('',#2832,#2989,#319,.T.);
#2451=EDGE_CURVE('',#2989,#2829,#320,.T.);
#2452=EDGE_CURVE('',#2828,#2990,#321,.T.);
#2453=EDGE_CURVE('',#2990,#2825,#322,.T.);
#2454=EDGE_CURVE('',#2824,#2991,#323,.T.);
#2455=EDGE_CURVE('',#2991,#2821,#324,.T.);
#2456=EDGE_CURVE('',#2820,#2992,#325,.T.);
#2457=EDGE_CURVE('',#2992,#2817,#326,.T.);
#2458=EDGE_CURVE('',#2816,#2993,#327,.T.);
#2459=EDGE_CURVE('',#2993,#2813,#328,.T.);
#2460=EDGE_CURVE('',#2812,#2994,#329,.T.);
#2461=EDGE_CURVE('',#2994,#2809,#330,.T.);
#2462=EDGE_CURVE('',#2808,#2995,#331,.T.);
#2463=EDGE_CURVE('',#2995,#2805,#332,.T.);
#2464=EDGE_CURVE('',#2804,#2996,#333,.T.);
#2465=EDGE_CURVE('',#2996,#2801,#334,.T.);
#2466=EDGE_CURVE('',#2800,#2997,#335,.T.);
#2467=EDGE_CURVE('',#2997,#2797,#336,.T.);
#2468=EDGE_CURVE('',#2796,#2998,#337,.T.);
#2469=EDGE_CURVE('',#2998,#2793,#338,.T.);
#2470=EDGE_CURVE('',#2792,#2999,#339,.T.);
#2471=EDGE_CURVE('',#2999,#2789,#340,.T.);
#2472=EDGE_CURVE('',#2788,#3000,#341,.T.);
#2473=EDGE_CURVE('',#3000,#2785,#342,.T.);
#2474=EDGE_CURVE('',#2784,#3001,#343,.T.);
#2475=EDGE_CURVE('',#3001,#2781,#344,.T.);
#2476=EDGE_CURVE('',#2780,#3002,#345,.T.);
#2477=EDGE_CURVE('',#3002,#2777,#346,.T.);
#2478=EDGE_CURVE('',#2776,#3003,#347,.T.);
#2479=EDGE_CURVE('',#3003,#2773,#348,.T.);
#2480=EDGE_CURVE('',#2772,#3004,#349,.T.);
#2481=EDGE_CURVE('',#3004,#2769,#350,.T.);
#2482=EDGE_CURVE('',#2768,#3005,#351,.T.);
#2483=EDGE_CURVE('',#3005,#2765,#352,.T.);
#2484=EDGE_CURVE('',#2764,#3006,#353,.T.);
#2485=EDGE_CURVE('',#3006,#2761,#354,.T.);
#2486=EDGE_CURVE('',#2760,#3007,#355,.T.);
#2487=EDGE_CURVE('',#3007,#2757,#356,.T.);
#2488=EDGE_CURVE('',#2756,#3008,#357,.T.);
#2489=EDGE_CURVE('',#3008,#2753,#358,.T.);
#2490=EDGE_CURVE('',#2752,#3009,#359,.T.);
#2491=EDGE_CURVE('',#3009,#2749,#360,.T.);
#2492=EDGE_CURVE('',#2748,#3010,#361,.T.);
#2493=EDGE_CURVE('',#3010,#2745,#362,.T.);
#2494=EDGE_CURVE('',#2744,#3011,#363,.T.);
#2495=EDGE_CURVE('',#3011,#2741,#364,.T.);
#2496=EDGE_CURVE('',#2740,#3012,#365,.T.);
#2497=EDGE_CURVE('',#3012,#2737,#366,.T.);
#2498=EDGE_CURVE('',#2736,#3013,#367,.T.);
#2499=EDGE_CURVE('',#3013,#2733,#368,.T.);
#2500=EDGE_CURVE('',#2732,#3014,#369,.T.);
#2501=EDGE_CURVE('',#3014,#2729,#370,.T.);
#2502=EDGE_CURVE('',#2728,#3015,#371,.T.);
#2503=EDGE_CURVE('',#3015,#2725,#372,.T.);
#2504=EDGE_CURVE('',#2724,#3016,#373,.T.);
#2505=EDGE_CURVE('',#3016,#2721,#374,.T.);
#2506=EDGE_CURVE('',#2720,#3017,#375,.T.);
#2507=EDGE_CURVE('',#3017,#2717,#376,.T.);
#2508=EDGE_CURVE('',#2716,#3018,#377,.T.);
#2509=EDGE_CURVE('',#3018,#2713,#378,.T.);
#2510=EDGE_CURVE('',#2712,#3019,#379,.T.);
#2511=EDGE_CURVE('',#3019,#2709,#380,.T.);
#2512=EDGE_CURVE('',#2708,#3020,#381,.T.);
#2513=EDGE_CURVE('',#3020,#2705,#382,.T.);
#2514=EDGE_CURVE('',#2704,#3021,#383,.T.);
#2515=EDGE_CURVE('',#3021,#2961,#384,.T.);
#2516=EDGE_CURVE('',#3022,#3022,#3224,.T.);
#2517=EDGE_CURVE('',#3023,#3024,#385,.T.);
#2518=EDGE_CURVE('',#2702,#3023,#386,.T.);
#2519=EDGE_CURVE('',#3025,#2703,#387,.T.);
#2520=EDGE_CURVE('',#2706,#3025,#388,.T.);
#2521=EDGE_CURVE('',#3026,#2707,#389,.T.);
#2522=EDGE_CURVE('',#2710,#3026,#390,.T.);
#2523=EDGE_CURVE('',#3027,#2711,#391,.T.);
#2524=EDGE_CURVE('',#2714,#3027,#392,.T.);
#2525=EDGE_CURVE('',#3028,#2715,#393,.T.);
#2526=EDGE_CURVE('',#2718,#3028,#394,.T.);
#2527=EDGE_CURVE('',#3029,#2719,#395,.T.);
#2528=EDGE_CURVE('',#2722,#3029,#396,.T.);
#2529=EDGE_CURVE('',#3030,#2723,#397,.T.);
#2530=EDGE_CURVE('',#2726,#3030,#398,.T.);
#2531=EDGE_CURVE('',#3031,#2727,#399,.T.);
#2532=EDGE_CURVE('',#2730,#3031,#400,.T.);
#2533=EDGE_CURVE('',#3032,#2731,#401,.T.);
#2534=EDGE_CURVE('',#2734,#3032,#402,.T.);
#2535=EDGE_CURVE('',#3033,#2735,#403,.T.);
#2536=EDGE_CURVE('',#2738,#3033,#404,.T.);
#2537=EDGE_CURVE('',#3034,#2739,#405,.T.);
#2538=EDGE_CURVE('',#2742,#3034,#406,.T.);
#2539=EDGE_CURVE('',#3035,#2743,#407,.T.);
#2540=EDGE_CURVE('',#2746,#3035,#408,.T.);
#2541=EDGE_CURVE('',#3036,#2747,#409,.T.);
#2542=EDGE_CURVE('',#2750,#3036,#410,.T.);
#2543=EDGE_CURVE('',#3037,#2751,#411,.T.);
#2544=EDGE_CURVE('',#2754,#3037,#412,.T.);
#2545=EDGE_CURVE('',#3038,#2755,#413,.T.);
#2546=EDGE_CURVE('',#2758,#3038,#414,.T.);
#2547=EDGE_CURVE('',#3039,#2759,#415,.T.);
#2548=EDGE_CURVE('',#2762,#3039,#416,.T.);
#2549=EDGE_CURVE('',#3040,#2763,#417,.T.);
#2550=EDGE_CURVE('',#2766,#3040,#418,.T.);
#2551=EDGE_CURVE('',#3041,#2767,#419,.T.);
#2552=EDGE_CURVE('',#2770,#3041,#420,.T.);
#2553=EDGE_CURVE('',#3042,#2771,#421,.T.);
#2554=EDGE_CURVE('',#2774,#3042,#422,.T.);
#2555=EDGE_CURVE('',#3043,#2775,#423,.T.);
#2556=EDGE_CURVE('',#2778,#3043,#424,.T.);
#2557=EDGE_CURVE('',#3044,#2779,#425,.T.);
#2558=EDGE_CURVE('',#2782,#3044,#426,.T.);
#2559=EDGE_CURVE('',#3045,#2783,#427,.T.);
#2560=EDGE_CURVE('',#2786,#3045,#428,.T.);
#2561=EDGE_CURVE('',#3046,#2787,#429,.T.);
#2562=EDGE_CURVE('',#2790,#3046,#430,.T.);
#2563=EDGE_CURVE('',#3047,#2791,#431,.T.);
#2564=EDGE_CURVE('',#2794,#3047,#432,.T.);
#2565=EDGE_CURVE('',#3048,#2795,#433,.T.);
#2566=EDGE_CURVE('',#2798,#3048,#434,.T.);
#2567=EDGE_CURVE('',#3049,#2799,#435,.T.);
#2568=EDGE_CURVE('',#2802,#3049,#436,.T.);
#2569=EDGE_CURVE('',#3050,#2803,#437,.T.);
#2570=EDGE_CURVE('',#2806,#3050,#438,.T.);
#2571=EDGE_CURVE('',#3051,#2807,#439,.T.);
#2572=EDGE_CURVE('',#2810,#3051,#440,.T.);
#2573=EDGE_CURVE('',#3052,#2811,#441,.T.);
#2574=EDGE_CURVE('',#2814,#3052,#442,.T.);
#2575=EDGE_CURVE('',#3053,#2815,#443,.T.);
#2576=EDGE_CURVE('',#2818,#3053,#444,.T.);
#2577=EDGE_CURVE('',#3054,#2819,#445,.T.);
#2578=EDGE_CURVE('',#2822,#3054,#446,.T.);
#2579=EDGE_CURVE('',#3055,#2823,#447,.T.);
#2580=EDGE_CURVE('',#2826,#3055,#448,.T.);
#2581=EDGE_CURVE('',#3056,#2827,#449,.T.);
#2582=EDGE_CURVE('',#2830,#3056,#450,.T.);
#2583=EDGE_CURVE('',#3057,#2831,#451,.T.);
#2584=EDGE_CURVE('',#2834,#3057,#452,.T.);
#2585=EDGE_CURVE('',#3058,#2835,#453,.T.);
#2586=EDGE_CURVE('',#2838,#3058,#454,.T.);
#2587=EDGE_CURVE('',#3059,#2839,#455,.T.);
#2588=EDGE_CURVE('',#2842,#3059,#456,.T.);
#2589=EDGE_CURVE('',#3060,#2843,#457,.T.);
#2590=EDGE_CURVE('',#2846,#3060,#458,.T.);
#2591=EDGE_CURVE('',#3061,#2847,#459,.T.);
#2592=EDGE_CURVE('',#2850,#3061,#460,.T.);
#2593=EDGE_CURVE('',#3062,#2851,#461,.T.);
#2594=EDGE_CURVE('',#2854,#3062,#462,.T.);
#2595=EDGE_CURVE('',#3063,#2855,#463,.T.);
#2596=EDGE_CURVE('',#2858,#3063,#464,.T.);
#2597=EDGE_CURVE('',#3064,#2859,#465,.T.);
#2598=EDGE_CURVE('',#2862,#3064,#466,.T.);
#2599=EDGE_CURVE('',#3065,#2863,#467,.T.);
#2600=EDGE_CURVE('',#2866,#3065,#468,.T.);
#2601=EDGE_CURVE('',#3066,#2867,#469,.T.);
#2602=EDGE_CURVE('',#2870,#3066,#470,.T.);
#2603=EDGE_CURVE('',#3067,#2871,#471,.T.);
#2604=EDGE_CURVE('',#2874,#3067,#472,.T.);
#2605=EDGE_CURVE('',#3068,#2875,#473,.T.);
#2606=EDGE_CURVE('',#2878,#3068,#474,.T.);
#2607=EDGE_CURVE('',#3069,#2879,#475,.T.);
#2608=EDGE_CURVE('',#2882,#3069,#476,.T.);
#2609=EDGE_CURVE('',#3070,#2883,#477,.T.);
#2610=EDGE_CURVE('',#2886,#3070,#478,.T.);
#2611=EDGE_CURVE('',#3071,#2887,#479,.T.);
#2612=EDGE_CURVE('',#2890,#3071,#480,.T.);
#2613=EDGE_CURVE('',#3072,#2891,#481,.T.);
#2614=EDGE_CURVE('',#2894,#3072,#482,.T.);
#2615=EDGE_CURVE('',#3073,#2895,#483,.T.);
#2616=EDGE_CURVE('',#2898,#3073,#484,.T.);
#2617=EDGE_CURVE('',#3074,#2899,#485,.T.);
#2618=EDGE_CURVE('',#2902,#3074,#486,.T.);
#2619=EDGE_CURVE('',#3075,#2903,#487,.T.);
#2620=EDGE_CURVE('',#2906,#3075,#488,.T.);
#2621=EDGE_CURVE('',#3076,#2907,#489,.T.);
#2622=EDGE_CURVE('',#2910,#3076,#490,.T.);
#2623=EDGE_CURVE('',#3077,#2911,#491,.T.);
#2624=EDGE_CURVE('',#2914,#3077,#492,.T.);
#2625=EDGE_CURVE('',#3078,#2915,#493,.T.);
#2626=EDGE_CURVE('',#2918,#3078,#494,.T.);
#2627=EDGE_CURVE('',#3079,#2919,#495,.T.);
#2628=EDGE_CURVE('',#2922,#3079,#496,.T.);
#2629=EDGE_CURVE('',#3080,#2923,#497,.T.);
#2630=EDGE_CURVE('',#2926,#3080,#498,.T.);
#2631=EDGE_CURVE('',#3081,#2927,#499,.T.);
#2632=EDGE_CURVE('',#2930,#3081,#500,.T.);
#2633=EDGE_CURVE('',#3082,#2931,#501,.T.);
#2634=EDGE_CURVE('',#2934,#3082,#502,.T.);
#2635=EDGE_CURVE('',#3083,#2935,#503,.T.);
#2636=EDGE_CURVE('',#3084,#3083,#504,.T.);
#2637=EDGE_CURVE('',#3084,#3024,#3225,.T.);
#2638=EDGE_CURVE('',#3024,#2961,#505,.T.);
#2639=EDGE_CURVE('',#3084,#2960,#506,.T.);
#2640=EDGE_CURVE('',#3085,#3085,#3226,.T.);
#2641=EDGE_CURVE('',#3086,#3086,#3227,.T.);
#2642=EDGE_CURVE('',#3083,#2962,#507,.T.);
#2643=EDGE_CURVE('',#3082,#2963,#508,.T.);
#2644=EDGE_CURVE('',#3081,#2964,#509,.T.);
#2645=EDGE_CURVE('',#3080,#2965,#510,.T.);
#2646=EDGE_CURVE('',#3079,#2966,#511,.T.);
#2647=EDGE_CURVE('',#3078,#2967,#512,.T.);
#2648=EDGE_CURVE('',#3077,#2968,#513,.T.);
#2649=EDGE_CURVE('',#3076,#2969,#514,.T.);
#2650=EDGE_CURVE('',#3075,#2970,#515,.T.);
#2651=EDGE_CURVE('',#3074,#2971,#516,.T.);
#2652=EDGE_CURVE('',#3073,#2972,#517,.T.);
#2653=EDGE_CURVE('',#3072,#2973,#518,.T.);
#2654=EDGE_CURVE('',#3071,#2974,#519,.T.);
#2655=EDGE_CURVE('',#3070,#2975,#520,.T.);
#2656=EDGE_CURVE('',#3069,#2976,#521,.T.);
#2657=EDGE_CURVE('',#3068,#2977,#522,.T.);
#2658=EDGE_CURVE('',#3067,#2978,#523,.T.);
#2659=EDGE_CURVE('',#3066,#2979,#524,.T.);
#2660=EDGE_CURVE('',#3065,#2980,#525,.T.);
#2661=EDGE_CURVE('',#3064,#2981,#526,.T.);
#2662=EDGE_CURVE('',#3063,#2982,#527,.T.);
#2663=EDGE_CURVE('',#3062,#2983,#528,.T.);
#2664=EDGE_CURVE('',#3061,#2984,#529,.T.);
#2665=EDGE_CURVE('',#3060,#2985,#530,.T.);
#2666=EDGE_CURVE('',#3059,#2986,#531,.T.);
#2667=EDGE_CURVE('',#3058,#2987,#532,.T.);
#2668=EDGE_CURVE('',#3057,#2988,#533,.T.);
#2669=EDGE_CURVE('',#3056,#2989,#534,.T.);
#2670=EDGE_CURVE('',#3055,#2990,#535,.T.);
#2671=EDGE_CURVE('',#3054,#2991,#536,.T.);
#2672=EDGE_CURVE('',#3053,#2992,#537,.T.);
#2673=EDGE_CURVE('',#3052,#2993,#538,.T.);
#2674=EDGE_CURVE('',#3051,#2994,#539,.T.);
#2675=EDGE_CURVE('',#3050,#2995,#540,.T.);
#2676=EDGE_CURVE('',#3049,#2996,#541,.T.);
#2677=EDGE_CURVE('',#3048,#2997,#542,.T.);
#2678=EDGE_CURVE('',#3047,#2998,#543,.T.);
#2679=EDGE_CURVE('',#3046,#2999,#544,.T.);
#2680=EDGE_CURVE('',#3045,#3000,#545,.T.);
#2681=EDGE_CURVE('',#3044,#3001,#546,.T.);
#2682=EDGE_CURVE('',#3043,#3002,#547,.T.);
#2683=EDGE_CURVE('',#3042,#3003,#548,.T.);
#2684=EDGE_CURVE('',#3041,#3004,#549,.T.);
#2685=EDGE_CURVE('',#3040,#3005,#550,.T.);
#2686=EDGE_CURVE('',#3039,#3006,#551,.T.);
#2687=EDGE_CURVE('',#3038,#3007,#552,.T.);
#2688=EDGE_CURVE('',#3037,#3008,#553,.T.);
#2689=EDGE_CURVE('',#3036,#3009,#554,.T.);
#2690=EDGE_CURVE('',#3035,#3010,#555,.T.);
#2691=EDGE_CURVE('',#3034,#3011,#556,.T.);
#2692=EDGE_CURVE('',#3033,#3012,#557,.T.);
#2693=EDGE_CURVE('',#3032,#3013,#558,.T.);
#2694=EDGE_CURVE('',#3031,#3014,#559,.T.);
#2695=EDGE_CURVE('',#3030,#3015,#560,.T.);
#2696=EDGE_CURVE('',#3029,#3016,#561,.T.);
#2697=EDGE_CURVE('',#3028,#3017,#562,.T.);
#2698=EDGE_CURVE('',#3027,#3018,#563,.T.);
#2699=EDGE_CURVE('',#3026,#3019,#564,.T.);
#2700=EDGE_CURVE('',#3025,#3020,#565,.T.);
#2701=EDGE_CURVE('',#3023,#3021,#566,.T.);
#2702=VERTEX_POINT('',#5399);
#2703=VERTEX_POINT('',#5400);
#2704=VERTEX_POINT('',#5402);
#2705=VERTEX_POINT('',#5404);
#2706=VERTEX_POINT('',#5408);
#2707=VERTEX_POINT('',#5409);
#2708=VERTEX_POINT('',#5411);
#2709=VERTEX_POINT('',#5413);
#2710=VERTEX_POINT('',#5417);
#2711=VERTEX_POINT('',#5418);
#2712=VERTEX_POINT('',#5420);
#2713=VERTEX_POINT('',#5422);
#2714=VERTEX_POINT('',#5426);
#2715=VERTEX_POINT('',#5427);
#2716=VERTEX_POINT('',#5429);
#2717=VERTEX_POINT('',#5431);
#2718=VERTEX_POINT('',#5435);
#2719=VERTEX_POINT('',#5436);
#2720=VERTEX_POINT('',#5438);
#2721=VERTEX_POINT('',#5440);
#2722=VERTEX_POINT('',#5444);
#2723=VERTEX_POINT('',#5445);
#2724=VERTEX_POINT('',#5447);
#2725=VERTEX_POINT('',#5449);
#2726=VERTEX_POINT('',#5453);
#2727=VERTEX_POINT('',#5454);
#2728=VERTEX_POINT('',#5456);
#2729=VERTEX_POINT('',#5458);
#2730=VERTEX_POINT('',#5462);
#2731=VERTEX_POINT('',#5463);
#2732=VERTEX_POINT('',#5465);
#2733=VERTEX_POINT('',#5467);
#2734=VERTEX_POINT('',#5471);
#2735=VERTEX_POINT('',#5472);
#2736=VERTEX_POINT('',#5474);
#2737=VERTEX_POINT('',#5476);
#2738=VERTEX_POINT('',#5480);
#2739=VERTEX_POINT('',#5481);
#2740=VERTEX_POINT('',#5483);
#2741=VERTEX_POINT('',#5485);
#2742=VERTEX_POINT('',#5489);
#2743=VERTEX_POINT('',#5490);
#2744=VERTEX_POINT('',#5492);
#2745=VERTEX_POINT('',#5494);
#2746=VERTEX_POINT('',#5498);
#2747=VERTEX_POINT('',#5499);
#2748=VERTEX_POINT('',#5501);
#2749=VERTEX_POINT('',#5503);
#2750=VERTEX_POINT('',#5507);
#2751=VERTEX_POINT('',#5508);
#2752=VERTEX_POINT('',#5510);
#2753=VERTEX_POINT('',#5512);
#2754=VERTEX_POINT('',#5516);
#2755=VERTEX_POINT('',#5517);
#2756=VERTEX_POINT('',#5519);
#2757=VERTEX_POINT('',#5521);
#2758=VERTEX_POINT('',#5525);
#2759=VERTEX_POINT('',#5526);
#2760=VERTEX_POINT('',#5528);
#2761=VERTEX_POINT('',#5530);
#2762=VERTEX_POINT('',#5534);
#2763=VERTEX_POINT('',#5535);
#2764=VERTEX_POINT('',#5537);
#2765=VERTEX_POINT('',#5539);
#2766=VERTEX_POINT('',#5543);
#2767=VERTEX_POINT('',#5544);
#2768=VERTEX_POINT('',#5546);
#2769=VERTEX_POINT('',#5548);
#2770=VERTEX_POINT('',#5552);
#2771=VERTEX_POINT('',#5553);
#2772=VERTEX_POINT('',#5555);
#2773=VERTEX_POINT('',#5557);
#2774=VERTEX_POINT('',#5561);
#2775=VERTEX_POINT('',#5562);
#2776=VERTEX_POINT('',#5564);
#2777=VERTEX_POINT('',#5566);
#2778=VERTEX_POINT('',#5570);
#2779=VERTEX_POINT('',#5571);
#2780=VERTEX_POINT('',#5573);
#2781=VERTEX_POINT('',#5575);
#2782=VERTEX_POINT('',#5579);
#2783=VERTEX_POINT('',#5580);
#2784=VERTEX_POINT('',#5582);
#2785=VERTEX_POINT('',#5584);
#2786=VERTEX_POINT('',#5588);
#2787=VERTEX_POINT('',#5589);
#2788=VERTEX_POINT('',#5591);
#2789=VERTEX_POINT('',#5593);
#2790=VERTEX_POINT('',#5597);
#2791=VERTEX_POINT('',#5598);
#2792=VERTEX_POINT('',#5600);
#2793=VERTEX_POINT('',#5602);
#2794=VERTEX_POINT('',#5606);
#2795=VERTEX_POINT('',#5607);
#2796=VERTEX_POINT('',#5609);
#2797=VERTEX_POINT('',#5611);
#2798=VERTEX_POINT('',#5615);
#2799=VERTEX_POINT('',#5616);
#2800=VERTEX_POINT('',#5618);
#2801=VERTEX_POINT('',#5620);
#2802=VERTEX_POINT('',#5624);
#2803=VERTEX_POINT('',#5625);
#2804=VERTEX_POINT('',#5627);
#2805=VERTEX_POINT('',#5629);
#2806=VERTEX_POINT('',#5633);
#2807=VERTEX_POINT('',#5634);
#2808=VERTEX_POINT('',#5636);
#2809=VERTEX_POINT('',#5638);
#2810=VERTEX_POINT('',#5642);
#2811=VERTEX_POINT('',#5643);
#2812=VERTEX_POINT('',#5645);
#2813=VERTEX_POINT('',#5647);
#2814=VERTEX_POINT('',#5651);
#2815=VERTEX_POINT('',#5652);
#2816=VERTEX_POINT('',#5654);
#2817=VERTEX_POINT('',#5656);
#2818=VERTEX_POINT('',#5660);
#2819=VERTEX_POINT('',#5661);
#2820=VERTEX_POINT('',#5663);
#2821=VERTEX_POINT('',#5665);
#2822=VERTEX_POINT('',#5669);
#2823=VERTEX_POINT('',#5670);
#2824=VERTEX_POINT('',#5672);
#2825=VERTEX_POINT('',#5674);
#2826=VERTEX_POINT('',#5678);
#2827=VERTEX_POINT('',#5679);
#2828=VERTEX_POINT('',#5681);
#2829=VERTEX_POINT('',#5683);
#2830=VERTEX_POINT('',#5687);
#2831=VERTEX_POINT('',#5688);
#2832=VERTEX_POINT('',#5690);
#2833=VERTEX_POINT('',#5692);
#2834=VERTEX_POINT('',#5696);
#2835=VERTEX_POINT('',#5697);
#2836=VERTEX_POINT('',#5699);
#2837=VERTEX_POINT('',#5701);
#2838=VERTEX_POINT('',#5705);
#2839=VERTEX_POINT('',#5706);
#2840=VERTEX_POINT('',#5708);
#2841=VERTEX_POINT('',#5710);
#2842=VERTEX_POINT('',#5714);
#2843=VERTEX_POINT('',#5715);
#2844=VERTEX_POINT('',#5717);
#2845=VERTEX_POINT('',#5719);
#2846=VERTEX_POINT('',#5723);
#2847=VERTEX_POINT('',#5724);
#2848=VERTEX_POINT('',#5726);
#2849=VERTEX_POINT('',#5728);
#2850=VERTEX_POINT('',#5732);
#2851=VERTEX_POINT('',#5733);
#2852=VERTEX_POINT('',#5735);
#2853=VERTEX_POINT('',#5737);
#2854=VERTEX_POINT('',#5741);
#2855=VERTEX_POINT('',#5742);
#2856=VERTEX_POINT('',#5744);
#2857=VERTEX_POINT('',#5746);
#2858=VERTEX_POINT('',#5750);
#2859=VERTEX_POINT('',#5751);
#2860=VERTEX_POINT('',#5753);
#2861=VERTEX_POINT('',#5755);
#2862=VERTEX_POINT('',#5759);
#2863=VERTEX_POINT('',#5760);
#2864=VERTEX_POINT('',#5762);
#2865=VERTEX_POINT('',#5764);
#2866=VERTEX_POINT('',#5768);
#2867=VERTEX_POINT('',#5769);
#2868=VERTEX_POINT('',#5771);
#2869=VERTEX_POINT('',#5773);
#2870=VERTEX_POINT('',#5777);
#2871=VERTEX_POINT('',#5778);
#2872=VERTEX_POINT('',#5780);
#2873=VERTEX_POINT('',#5782);
#2874=VERTEX_POINT('',#5786);
#2875=VERTEX_POINT('',#5787);
#2876=VERTEX_POINT('',#5789);
#2877=VERTEX_POINT('',#5791);
#2878=VERTEX_POINT('',#5795);
#2879=VERTEX_POINT('',#5796);
#2880=VERTEX_POINT('',#5798);
#2881=VERTEX_POINT('',#5800);
#2882=VERTEX_POINT('',#5804);
#2883=VERTEX_POINT('',#5805);
#2884=VERTEX_POINT('',#5807);
#2885=VERTEX_POINT('',#5809);
#2886=VERTEX_POINT('',#5813);
#2887=VERTEX_POINT('',#5814);
#2888=VERTEX_POINT('',#5816);
#2889=VERTEX_POINT('',#5818);
#2890=VERTEX_POINT('',#5822);
#2891=VERTEX_POINT('',#5823);
#2892=VERTEX_POINT('',#5825);
#2893=VERTEX_POINT('',#5827);
#2894=VERTEX_POINT('',#5831);
#2895=VERTEX_POINT('',#5832);
#2896=VERTEX_POINT('',#5834);
#2897=VERTEX_POINT('',#5836);
#2898=VERTEX_POINT('',#5840);
#2899=VERTEX_POINT('',#5841);
#2900=VERTEX_POINT('',#5843);
#2901=VERTEX_POINT('',#5845);
#2902=VERTEX_POINT('',#5849);
#2903=VERTEX_POINT('',#5850);
#2904=VERTEX_POINT('',#5852);
#2905=VERTEX_POINT('',#5854);
#2906=VERTEX_POINT('',#5858);
#2907=VERTEX_POINT('',#5859);
#2908=VERTEX_POINT('',#5861);
#2909=VERTEX_POINT('',#5863);
#2910=VERTEX_POINT('',#5867);
#2911=VERTEX_POINT('',#5868);
#2912=VERTEX_POINT('',#5870);
#2913=VERTEX_POINT('',#5872);
#2914=VERTEX_POINT('',#5876);
#2915=VERTEX_POINT('',#5877);
#2916=VERTEX_POINT('',#5879);
#2917=VERTEX_POINT('',#5881);
#2918=VERTEX_POINT('',#5885);
#2919=VERTEX_POINT('',#5886);
#2920=VERTEX_POINT('',#5888);
#2921=VERTEX_POINT('',#5890);
#2922=VERTEX_POINT('',#5894);
#2923=VERTEX_POINT('',#5895);
#2924=VERTEX_POINT('',#5897);
#2925=VERTEX_POINT('',#5899);
#2926=VERTEX_POINT('',#5903);
#2927=VERTEX_POINT('',#5904);
#2928=VERTEX_POINT('',#5906);
#2929=VERTEX_POINT('',#5908);
#2930=VERTEX_POINT('',#5912);
#2931=VERTEX_POINT('',#5913);
#2932=VERTEX_POINT('',#5915);
#2933=VERTEX_POINT('',#5917);
#2934=VERTEX_POINT('',#5921);
#2935=VERTEX_POINT('',#5922);
#2936=VERTEX_POINT('',#5924);
#2937=VERTEX_POINT('',#5926);
#2938=VERTEX_POINT('',#5930);
#2939=VERTEX_POINT('',#5932);
#2940=VERTEX_POINT('',#5934);
#2941=VERTEX_POINT('',#5935);
#2942=VERTEX_POINT('',#5937);
#2943=VERTEX_POINT('',#5939);
#2944=VERTEX_POINT('',#5942);
#2945=VERTEX_POINT('',#5944);
#2946=VERTEX_POINT('',#5946);
#2947=VERTEX_POINT('',#5948);
#2948=VERTEX_POINT('',#5951);
#2949=VERTEX_POINT('',#5952);
#2950=VERTEX_POINT('',#5956);
#2951=VERTEX_POINT('',#5959);
#2952=VERTEX_POINT('',#5963);
#2953=VERTEX_POINT('',#5969);
#2954=VERTEX_POINT('',#5971);
#2955=VERTEX_POINT('',#5973);
#2956=VERTEX_POINT('',#5975);
#2957=VERTEX_POINT('',#5977);
#2958=VERTEX_POINT('',#5979);
#2959=VERTEX_POINT('',#5981);
#2960=VERTEX_POINT('',#5984);
#2961=VERTEX_POINT('',#5985);
#2962=VERTEX_POINT('',#5987);
#2963=VERTEX_POINT('',#5990);
#2964=VERTEX_POINT('',#5993);
#2965=VERTEX_POINT('',#5996);
#2966=VERTEX_POINT('',#5999);
#2967=VERTEX_POINT('',#6002);
#2968=VERTEX_POINT('',#6005);
#2969=VERTEX_POINT('',#6008);
#2970=VERTEX_POINT('',#6011);
#2971=VERTEX_POINT('',#6014);
#2972=VERTEX_POINT('',#6017);
#2973=VERTEX_POINT('',#6020);
#2974=VERTEX_POINT('',#6023);
#2975=VERTEX_POINT('',#6026);
#2976=VERTEX_POINT('',#6029);
#2977=VERTEX_POINT('',#6032);
#2978=VERTEX_POINT('',#6035);
#2979=VERTEX_POINT('',#6038);
#2980=VERTEX_POINT('',#6041);
#2981=VERTEX_POINT('',#6044);
#2982=VERTEX_POINT('',#6047);
#2983=VERTEX_POINT('',#6050);
#2984=VERTEX_POINT('',#6053);
#2985=VERTEX_POINT('',#6056);
#2986=VERTEX_POINT('',#6059);
#2987=VERTEX_POINT('',#6062);
#2988=VERTEX_POINT('',#6065);
#2989=VERTEX_POINT('',#6068);
#2990=VERTEX_POINT('',#6071);
#2991=VERTEX_POINT('',#6074);
#2992=VERTEX_POINT('',#6077);
#2993=VERTEX_POINT('',#6080);
#2994=VERTEX_POINT('',#6083);
#2995=VERTEX_POINT('',#6086);
#2996=VERTEX_POINT('',#6089);
#2997=VERTEX_POINT('',#6092);
#2998=VERTEX_POINT('',#6095);
#2999=VERTEX_POINT('',#6098);
#3000=VERTEX_POINT('',#6101);
#3001=VERTEX_POINT('',#6104);
#3002=VERTEX_POINT('',#6107);
#3003=VERTEX_POINT('',#6110);
#3004=VERTEX_POINT('',#6113);
#3005=VERTEX_POINT('',#6116);
#3006=VERTEX_POINT('',#6119);
#3007=VERTEX_POINT('',#6122);
#3008=VERTEX_POINT('',#6125);
#3009=VERTEX_POINT('',#6128);
#3010=VERTEX_POINT('',#6131);
#3011=VERTEX_POINT('',#6134);
#3012=VERTEX_POINT('',#6137);
#3013=VERTEX_POINT('',#6140);
#3014=VERTEX_POINT('',#6143);
#3015=VERTEX_POINT('',#6146);
#3016=VERTEX_POINT('',#6149);
#3017=VERTEX_POINT('',#6152);
#3018=VERTEX_POINT('',#6155);
#3019=VERTEX_POINT('',#6158);
#3020=VERTEX_POINT('',#6161);
#3021=VERTEX_POINT('',#6164);
#3022=VERTEX_POINT('',#6174);
#3023=VERTEX_POINT('',#6176);
#3024=VERTEX_POINT('',#6177);
#3025=VERTEX_POINT('',#6180);
#3026=VERTEX_POINT('',#6183);
#3027=VERTEX_POINT('',#6186);
#3028=VERTEX_POINT('',#6189);
#3029=VERTEX_POINT('',#6192);
#3030=VERTEX_POINT('',#6195);
#3031=VERTEX_POINT('',#6198);
#3032=VERTEX_POINT('',#6201);
#3033=VERTEX_POINT('',#6204);
#3034=VERTEX_POINT('',#6207);
#3035=VERTEX_POINT('',#6210);
#3036=VERTEX_POINT('',#6213);
#3037=VERTEX_POINT('',#6216);
#3038=VERTEX_POINT('',#6219);
#3039=VERTEX_POINT('',#6222);
#3040=VERTEX_POINT('',#6225);
#3041=VERTEX_POINT('',#6228);
#3042=VERTEX_POINT('',#6231);
#3043=VERTEX_POINT('',#6234);
#3044=VERTEX_POINT('',#6237);
#3045=VERTEX_POINT('',#6240);
#3046=VERTEX_POINT('',#6243);
#3047=VERTEX_POINT('',#6246);
#3048=VERTEX_POINT('',#6249);
#3049=VERTEX_POINT('',#6252);
#3050=VERTEX_POINT('',#6255);
#3051=VERTEX_POINT('',#6258);
#3052=VERTEX_POINT('',#6261);
#3053=VERTEX_POINT('',#6264);
#3054=VERTEX_POINT('',#6267);
#3055=VERTEX_POINT('',#6270);
#3056=VERTEX_POINT('',#6273);
#3057=VERTEX_POINT('',#6276);
#3058=VERTEX_POINT('',#6279);
#3059=VERTEX_POINT('',#6282);
#3060=VERTEX_POINT('',#6285);
#3061=VERTEX_POINT('',#6288);
#3062=VERTEX_POINT('',#6291);
#3063=VERTEX_POINT('',#6294);
#3064=VERTEX_POINT('',#6297);
#3065=VERTEX_POINT('',#6300);
#3066=VERTEX_POINT('',#6303);
#3067=VERTEX_POINT('',#6306);
#3068=VERTEX_POINT('',#6309);
#3069=VERTEX_POINT('',#6312);
#3070=VERTEX_POINT('',#6315);
#3071=VERTEX_POINT('',#6318);
#3072=VERTEX_POINT('',#6321);
#3073=VERTEX_POINT('',#6324);
#3074=VERTEX_POINT('',#6327);
#3075=VERTEX_POINT('',#6330);
#3076=VERTEX_POINT('',#6333);
#3077=VERTEX_POINT('',#6336);
#3078=VERTEX_POINT('',#6339);
#3079=VERTEX_POINT('',#6342);
#3080=VERTEX_POINT('',#6345);
#3081=VERTEX_POINT('',#6348);
#3082=VERTEX_POINT('',#6351);
#3083=VERTEX_POINT('',#6354);
#3084=VERTEX_POINT('',#6356);
#3085=VERTEX_POINT('',#6363);
#3086=VERTEX_POINT('',#6365);
#3087=CIRCLE('',#3953,0.002475);
#3088=CIRCLE('',#3954,0.002475);
#3089=CIRCLE('',#3956,0.002475);
#3090=CIRCLE('',#3957,0.002475);
#3091=CIRCLE('',#3959,0.002475);
#3092=CIRCLE('',#3960,0.002475);
#3093=CIRCLE('',#3962,0.002475);
#3094=CIRCLE('',#3963,0.002475);
#3095=CIRCLE('',#3965,0.002475);
#3096=CIRCLE('',#3966,0.002475);
#3097=CIRCLE('',#3968,0.002475);
#3098=CIRCLE('',#3969,0.002475);
#3099=CIRCLE('',#3971,0.002475);
#3100=CIRCLE('',#3972,0.002475);
#3101=CIRCLE('',#3974,0.002475);
#3102=CIRCLE('',#3975,0.002475);
#3103=CIRCLE('',#3977,0.002475);
#3104=CIRCLE('',#3978,0.002475);
#3105=CIRCLE('',#3980,0.002475);
#3106=CIRCLE('',#3981,0.002475);
#3107=CIRCLE('',#3983,0.002475);
#3108=CIRCLE('',#3984,0.002475);
#3109=CIRCLE('',#3986,0.002475);
#3110=CIRCLE('',#3987,0.002475);
#3111=CIRCLE('',#3989,0.002475);
#3112=CIRCLE('',#3990,0.002475);
#3113=CIRCLE('',#3992,0.002475);
#3114=CIRCLE('',#3993,0.002475);
#3115=CIRCLE('',#3995,0.002475);
#3116=CIRCLE('',#3996,0.002475);
#3117=CIRCLE('',#3998,0.002475);
#3118=CIRCLE('',#3999,0.002475);
#3119=CIRCLE('',#4001,0.002475);
#3120=CIRCLE('',#4002,0.002475);
#3121=CIRCLE('',#4004,0.002475);
#3122=CIRCLE('',#4005,0.002475);
#3123=CIRCLE('',#4007,0.002475);
#3124=CIRCLE('',#4008,0.002475);
#3125=CIRCLE('',#4010,0.002475);
#3126=CIRCLE('',#4011,0.002475);
#3127=CIRCLE('',#4013,0.002475);
#3128=CIRCLE('',#4014,0.002475);
#3129=CIRCLE('',#4016,0.002475);
#3130=CIRCLE('',#4017,0.002475);
#3131=CIRCLE('',#4019,0.002475);
#3132=CIRCLE('',#4020,0.002475);
#3133=CIRCLE('',#4022,0.002475);
#3134=CIRCLE('',#4023,0.002475);
#3135=CIRCLE('',#4025,0.002475);
#3136=CIRCLE('',#4026,0.002475);
#3137=CIRCLE('',#4028,0.002475);
#3138=CIRCLE('',#4029,0.002475);
#3139=CIRCLE('',#4031,0.002475);
#3140=CIRCLE('',#4032,0.002475);
#3141=CIRCLE('',#4034,0.002475);
#3142=CIRCLE('',#4035,0.002475);
#3143=CIRCLE('',#4037,0.002475);
#3144=CIRCLE('',#4038,0.002475);
#3145=CIRCLE('',#4040,0.002475);
#3146=CIRCLE('',#4041,0.002475);
#3147=CIRCLE('',#4043,0.002475);
#3148=CIRCLE('',#4044,0.002475);
#3149=CIRCLE('',#4046,0.002475);
#3150=CIRCLE('',#4047,0.002475);
#3151=CIRCLE('',#4049,0.002475);
#3152=CIRCLE('',#4050,0.002475);
#3153=CIRCLE('',#4052,0.002475);
#3154=CIRCLE('',#4053,0.002475);
#3155=CIRCLE('',#4055,0.002475);
#3156=CIRCLE('',#4056,0.002475);
#3157=CIRCLE('',#4058,0.002475);
#3158=CIRCLE('',#4059,0.002475);
#3159=CIRCLE('',#4061,0.002475);
#3160=CIRCLE('',#4062,0.002475);
#3161=CIRCLE('',#4064,0.002475);
#3162=CIRCLE('',#4065,0.002475);
#3163=CIRCLE('',#4067,0.002475);
#3164=CIRCLE('',#4068,0.002475);
#3165=CIRCLE('',#4070,0.002475);
#3166=CIRCLE('',#4071,0.002475);
#3167=CIRCLE('',#4073,0.002475);
#3168=CIRCLE('',#4074,0.002475);
#3169=CIRCLE('',#4076,0.002475);
#3170=CIRCLE('',#4077,0.002475);
#3171=CIRCLE('',#4079,0.002475);
#3172=CIRCLE('',#4080,0.002475);
#3173=CIRCLE('',#4082,0.002475);
#3174=CIRCLE('',#4083,0.002475);
#3175=CIRCLE('',#4085,0.002475);
#3176=CIRCLE('',#4086,0.002475);
#3177=CIRCLE('',#4088,0.002475);
#3178=CIRCLE('',#4089,0.002475);
#3179=CIRCLE('',#4091,0.002475);
#3180=CIRCLE('',#4092,0.002475);
#3181=CIRCLE('',#4094,0.002475);
#3182=CIRCLE('',#4095,0.002475);
#3183=CIRCLE('',#4097,0.002475);
#3184=CIRCLE('',#4098,0.002475);
#3185=CIRCLE('',#4100,0.002475);
#3186=CIRCLE('',#4101,0.002475);
#3187=CIRCLE('',#4103,0.002475);
#3188=CIRCLE('',#4104,0.002475);
#3189=CIRCLE('',#4106,0.002475);
#3190=CIRCLE('',#4107,0.002475);
#3191=CIRCLE('',#4109,0.002475);
#3192=CIRCLE('',#4110,0.002475);
#3193=CIRCLE('',#4112,0.002475);
#3194=CIRCLE('',#4113,0.002475);
#3195=CIRCLE('',#4115,0.002475);
#3196=CIRCLE('',#4116,0.002475);
#3197=CIRCLE('',#4118,0.002475);
#3198=CIRCLE('',#4119,0.002475);
#3199=CIRCLE('',#4121,0.002475);
#3200=CIRCLE('',#4122,0.002475);
#3201=CIRCLE('',#4124,0.002475);
#3202=CIRCLE('',#4125,0.002475);
#3203=CIRCLE('',#4127,0.002475);
#3204=CIRCLE('',#4128,0.002475);
#3205=CIRCLE('',#4130,0.000600000000000014);
#3206=CIRCLE('',#4131,0.000600000000000014);
#3207=CIRCLE('',#4132,0.00345);
#3208=CIRCLE('',#4133,0.002);
#3209=CIRCLE('',#4134,0.000600000000000014);
#3210=CIRCLE('',#4135,0.000600000000000014);
#3211=CIRCLE('',#4136,0.000600000000000014);
#3212=CIRCLE('',#4137,0.000600000000000014);
#3213=CIRCLE('',#4139,0.00345);
#3214=CIRCLE('',#4140,0.00345);
#3215=CIRCLE('',#4143,0.002);
#3216=CIRCLE('',#4146,0.0023);
#3217=CIRCLE('',#4147,0.000600000000000014);
#3218=CIRCLE('',#4148,0.000600000000000014);
#3219=CIRCLE('',#4149,0.000600000000000014);
#3220=CIRCLE('',#4150,0.000600000000000014);
#3221=CIRCLE('',#4151,0.000600000000000014);
#3222=CIRCLE('',#4152,0.000600000000000014);
#3223=CIRCLE('',#4154,0.002475);
#3224=CIRCLE('',#4162,0.00105);
#3225=CIRCLE('',#4163,0.002475);
#3226=CIRCLE('',#4166,0.00105);
#3227=CIRCLE('',#4167,0.0023);
#3228=EDGE_LOOP('',(#995,#996,#997,#998));
#3229=EDGE_LOOP('',(#999,#1000,#1001,#1002));
#3230=EDGE_LOOP('',(#1003,#1004,#1005,#1006));
#3231=EDGE_LOOP('',(#1007,#1008,#1009,#1010));
#3232=EDGE_LOOP('',(#1011,#1012,#1013,#1014));
#3233=EDGE_LOOP('',(#1015,#1016,#1017,#1018));
#3234=EDGE_LOOP('',(#1019,#1020,#1021,#1022));
#3235=EDGE_LOOP('',(#1023,#1024,#1025,#1026));
#3236=EDGE_LOOP('',(#1027,#1028,#1029,#1030));
#3237=EDGE_LOOP('',(#1031,#1032,#1033,#1034));
#3238=EDGE_LOOP('',(#1035,#1036,#1037,#1038));
#3239=EDGE_LOOP('',(#1039,#1040,#1041,#1042));
#3240=EDGE_LOOP('',(#1043,#1044,#1045,#1046));
#3241=EDGE_LOOP('',(#1047,#1048,#1049,#1050));
#3242=EDGE_LOOP('',(#1051,#1052,#1053,#1054));
#3243=EDGE_LOOP('',(#1055,#1056,#1057,#1058));
#3244=EDGE_LOOP('',(#1059,#1060,#1061,#1062));
#3245=EDGE_LOOP('',(#1063,#1064,#1065,#1066));
#3246=EDGE_LOOP('',(#1067,#1068,#1069,#1070));
#3247=EDGE_LOOP('',(#1071,#1072,#1073,#1074));
#3248=EDGE_LOOP('',(#1075,#1076,#1077,#1078));
#3249=EDGE_LOOP('',(#1079,#1080,#1081,#1082));
#3250=EDGE_LOOP('',(#1083,#1084,#1085,#1086));
#3251=EDGE_LOOP('',(#1087,#1088,#1089,#1090));
#3252=EDGE_LOOP('',(#1091,#1092,#1093,#1094));
#3253=EDGE_LOOP('',(#1095,#1096,#1097,#1098));
#3254=EDGE_LOOP('',(#1099,#1100,#1101,#1102));
#3255=EDGE_LOOP('',(#1103,#1104,#1105,#1106));
#3256=EDGE_LOOP('',(#1107,#1108,#1109,#1110));
#3257=EDGE_LOOP('',(#1111,#1112,#1113,#1114));
#3258=EDGE_LOOP('',(#1115,#1116,#1117,#1118));
#3259=EDGE_LOOP('',(#1119,#1120,#1121,#1122));
#3260=EDGE_LOOP('',(#1123,#1124,#1125,#1126));
#3261=EDGE_LOOP('',(#1127,#1128,#1129,#1130));
#3262=EDGE_LOOP('',(#1131,#1132,#1133,#1134));
#3263=EDGE_LOOP('',(#1135,#1136,#1137,#1138));
#3264=EDGE_LOOP('',(#1139,#1140,#1141,#1142));
#3265=EDGE_LOOP('',(#1143,#1144,#1145,#1146));
#3266=EDGE_LOOP('',(#1147,#1148,#1149,#1150));
#3267=EDGE_LOOP('',(#1151,#1152,#1153,#1154));
#3268=EDGE_LOOP('',(#1155,#1156,#1157,#1158));
#3269=EDGE_LOOP('',(#1159,#1160,#1161,#1162));
#3270=EDGE_LOOP('',(#1163,#1164,#1165,#1166));
#3271=EDGE_LOOP('',(#1167,#1168,#1169,#1170));
#3272=EDGE_LOOP('',(#1171,#1172,#1173,#1174));
#3273=EDGE_LOOP('',(#1175,#1176,#1177,#1178));
#3274=EDGE_LOOP('',(#1179,#1180,#1181,#1182));
#3275=EDGE_LOOP('',(#1183,#1184,#1185,#1186));
#3276=EDGE_LOOP('',(#1187,#1188,#1189,#1190));
#3277=EDGE_LOOP('',(#1191,#1192,#1193,#1194));
#3278=EDGE_LOOP('',(#1195,#1196,#1197,#1198));
#3279=EDGE_LOOP('',(#1199,#1200,#1201,#1202));
#3280=EDGE_LOOP('',(#1203,#1204,#1205,#1206));
#3281=EDGE_LOOP('',(#1207,#1208,#1209,#1210));
#3282=EDGE_LOOP('',(#1211,#1212,#1213,#1214));
#3283=EDGE_LOOP('',(#1215,#1216,#1217,#1218));
#3284=EDGE_LOOP('',(#1219,#1220,#1221,#1222));
#3285=EDGE_LOOP('',(#1223,#1224,#1225,#1226));
#3286=EDGE_LOOP('',(#1227,#1228,#1229,#1230));
#3287=EDGE_LOOP('',(#1231));
#3288=EDGE_LOOP('',(#1232));
#3289=EDGE_LOOP('',(#1233,#1234,#1235,#1236));
#3290=EDGE_LOOP('',(#1237));
#3291=EDGE_LOOP('',(#1238));
#3292=EDGE_LOOP('',(#1239));
#3293=EDGE_LOOP('',(#1240));
#3294=EDGE_LOOP('',(#1241,#1242,#1243,#1244));
#3295=EDGE_LOOP('',(#1245));
#3296=EDGE_LOOP('',(#1246,#1247,#1248,#1249));
#3297=EDGE_LOOP('',(#1250,#1251,#1252,#1253));
#3298=EDGE_LOOP('',(#1254,#1255,#1256,#1257));
#3299=EDGE_LOOP('',(#1258));
#3300=EDGE_LOOP('',(#1259));
#3301=EDGE_LOOP('',(#1260));
#3302=EDGE_LOOP('',(#1261,#1262,#1263,#1264));
#3303=EDGE_LOOP('',(#1265));
#3304=EDGE_LOOP('',(#1266));
#3305=EDGE_LOOP('',(#1267));
#3306=EDGE_LOOP('',(#1268));
#3307=EDGE_LOOP('',(#1269,#1270,#1271,#1272,#1273,#1274,#1275,#1276,#1277,
#1278,#1279,#1280,#1281,#1282,#1283,#1284,#1285,#1286,#1287,#1288,#1289,
#1290,#1291,#1292,#1293,#1294,#1295,#1296,#1297,#1298,#1299,#1300,#1301,
#1302,#1303,#1304,#1305,#1306,#1307,#1308,#1309,#1310,#1311,#1312,#1313,
#1314,#1315,#1316,#1317,#1318,#1319,#1320,#1321,#1322,#1323,#1324,#1325,
#1326,#1327,#1328,#1329,#1330,#1331,#1332,#1333,#1334,#1335,#1336,#1337,
#1338,#1339,#1340,#1341,#1342,#1343,#1344,#1345,#1346,#1347,#1348,#1349,
#1350,#1351,#1352,#1353,#1354,#1355,#1356,#1357,#1358,#1359,#1360,#1361,
#1362,#1363,#1364,#1365,#1366,#1367,#1368,#1369,#1370,#1371,#1372,#1373,
#1374,#1375,#1376,#1377,#1378,#1379,#1380,#1381,#1382,#1383,#1384,#1385,
#1386,#1387,#1388,#1389,#1390,#1391,#1392,#1393,#1394,#1395,#1396,#1397,
#1398,#1399,#1400,#1401,#1402,#1403,#1404,#1405,#1406,#1407,#1408,#1409,
#1410,#1411,#1412,#1413,#1414,#1415,#1416,#1417,#1418,#1419,#1420,#1421,
#1422,#1423,#1424,#1425,#1426,#1427,#1428,#1429,#1430,#1431,#1432,#1433,
#1434,#1435,#1436,#1437,#1438,#1439,#1440,#1441,#1442,#1443,#1444,#1445,
#1446,#1447,#1448));
#3308=EDGE_LOOP('',(#1449));
#3309=EDGE_LOOP('',(#1450));
#3310=EDGE_LOOP('',(#1451));
#3311=EDGE_LOOP('',(#1452));
#3312=EDGE_LOOP('',(#1453));
#3313=EDGE_LOOP('',(#1454));
#3314=EDGE_LOOP('',(#1455));
#3315=EDGE_LOOP('',(#1456));
#3316=EDGE_LOOP('',(#1457));
#3317=EDGE_LOOP('',(#1458));
#3318=EDGE_LOOP('',(#1459));
#3319=EDGE_LOOP('',(#1460));
#3320=EDGE_LOOP('',(#1461));
#3321=EDGE_LOOP('',(#1462));
#3322=EDGE_LOOP('',(#1463,#1464,#1465,#1466,#1467,#1468,#1469,#1470,#1471,
#1472,#1473,#1474,#1475,#1476,#1477,#1478,#1479,#1480,#1481,#1482,#1483,
#1484,#1485,#1486,#1487,#1488,#1489,#1490,#1491,#1492,#1493,#1494,#1495,
#1496,#1497,#1498,#1499,#1500,#1501,#1502,#1503,#1504,#1505,#1506,#1507,
#1508,#1509,#1510,#1511,#1512,#1513,#1514,#1515,#1516,#1517,#1518,#1519,
#1520,#1521,#1522,#1523,#1524,#1525,#1526,#1527,#1528,#1529,#1530,#1531,
#1532,#1533,#1534,#1535,#1536,#1537,#1538,#1539,#1540,#1541,#1542,#1543,
#1544,#1545,#1546,#1547,#1548,#1549,#1550,#1551,#1552,#1553,#1554,#1555,
#1556,#1557,#1558,#1559,#1560,#1561,#1562,#1563,#1564,#1565,#1566,#1567,
#1568,#1569,#1570,#1571,#1572,#1573,#1574,#1575,#1576,#1577,#1578,#1579,
#1580,#1581,#1582,#1583,#1584,#1585,#1586,#1587,#1588,#1589,#1590,#1591,
#1592,#1593,#1594,#1595,#1596,#1597,#1598,#1599,#1600,#1601,#1602,#1603,
#1604,#1605,#1606,#1607,#1608,#1609,#1610,#1611,#1612,#1613,#1614,#1615,
#1616,#1617,#1618,#1619,#1620,#1621,#1622,#1623,#1624,#1625,#1626,#1627,
#1628,#1629,#1630,#1631,#1632,#1633,#1634,#1635,#1636,#1637,#1638,#1639,
#1640,#1641,#1642));
#3323=EDGE_LOOP('',(#1643,#1644,#1645,#1646));
#3324=EDGE_LOOP('',(#1647));
#3325=EDGE_LOOP('',(#1648));
#3326=EDGE_LOOP('',(#1649));
#3327=EDGE_LOOP('',(#1650));
#3328=EDGE_LOOP('',(#1651));
#3329=EDGE_LOOP('',(#1652));
#3330=EDGE_LOOP('',(#1653,#1654,#1655,#1656));
#3331=EDGE_LOOP('',(#1657,#1658,#1659,#1660));
#3332=EDGE_LOOP('',(#1661,#1662,#1663,#1664));
#3333=EDGE_LOOP('',(#1665,#1666,#1667,#1668));
#3334=EDGE_LOOP('',(#1669,#1670,#1671,#1672));
#3335=EDGE_LOOP('',(#1673,#1674,#1675,#1676));
#3336=EDGE_LOOP('',(#1677,#1678,#1679,#1680));
#3337=EDGE_LOOP('',(#1681,#1682,#1683,#1684));
#3338=EDGE_LOOP('',(#1685,#1686,#1687,#1688));
#3339=EDGE_LOOP('',(#1689,#1690,#1691,#1692));
#3340=EDGE_LOOP('',(#1693,#1694,#1695,#1696));
#3341=EDGE_LOOP('',(#1697,#1698,#1699,#1700));
#3342=EDGE_LOOP('',(#1701,#1702,#1703,#1704));
#3343=EDGE_LOOP('',(#1705,#1706,#1707,#1708));
#3344=EDGE_LOOP('',(#1709,#1710,#1711,#1712));
#3345=EDGE_LOOP('',(#1713,#1714,#1715,#1716));
#3346=EDGE_LOOP('',(#1717,#1718,#1719,#1720));
#3347=EDGE_LOOP('',(#1721,#1722,#1723,#1724));
#3348=EDGE_LOOP('',(#1725,#1726,#1727,#1728));
#3349=EDGE_LOOP('',(#1729,#1730,#1731,#1732));
#3350=EDGE_LOOP('',(#1733,#1734,#1735,#1736));
#3351=EDGE_LOOP('',(#1737,#1738,#1739,#1740));
#3352=EDGE_LOOP('',(#1741,#1742,#1743,#1744));
#3353=EDGE_LOOP('',(#1745,#1746,#1747,#1748));
#3354=EDGE_LOOP('',(#1749,#1750,#1751,#1752));
#3355=EDGE_LOOP('',(#1753,#1754,#1755,#1756));
#3356=EDGE_LOOP('',(#1757,#1758,#1759,#1760));
#3357=EDGE_LOOP('',(#1761,#1762,#1763,#1764));
#3358=EDGE_LOOP('',(#1765,#1766,#1767,#1768));
#3359=EDGE_LOOP('',(#1769,#1770,#1771,#1772));
#3360=EDGE_LOOP('',(#1773,#1774,#1775,#1776));
#3361=EDGE_LOOP('',(#1777,#1778,#1779,#1780));
#3362=EDGE_LOOP('',(#1781,#1782,#1783,#1784));
#3363=EDGE_LOOP('',(#1785,#1786,#1787,#1788));
#3364=EDGE_LOOP('',(#1789,#1790,#1791,#1792));
#3365=EDGE_LOOP('',(#1793,#1794,#1795,#1796));
#3366=EDGE_LOOP('',(#1797,#1798,#1799,#1800));
#3367=EDGE_LOOP('',(#1801,#1802,#1803,#1804));
#3368=EDGE_LOOP('',(#1805,#1806,#1807,#1808));
#3369=EDGE_LOOP('',(#1809,#1810,#1811,#1812));
#3370=EDGE_LOOP('',(#1813,#1814,#1815,#1816));
#3371=EDGE_LOOP('',(#1817,#1818,#1819,#1820));
#3372=EDGE_LOOP('',(#1821,#1822,#1823,#1824));
#3373=EDGE_LOOP('',(#1825,#1826,#1827,#1828));
#3374=EDGE_LOOP('',(#1829,#1830,#1831,#1832));
#3375=EDGE_LOOP('',(#1833,#1834,#1835,#1836));
#3376=EDGE_LOOP('',(#1837,#1838,#1839,#1840));
#3377=EDGE_LOOP('',(#1841,#1842,#1843,#1844));
#3378=EDGE_LOOP('',(#1845,#1846,#1847,#1848));
#3379=EDGE_LOOP('',(#1849,#1850,#1851,#1852));
#3380=EDGE_LOOP('',(#1853,#1854,#1855,#1856));
#3381=EDGE_LOOP('',(#1857,#1858,#1859,#1860));
#3382=EDGE_LOOP('',(#1861,#1862,#1863,#1864));
#3383=EDGE_LOOP('',(#1865,#1866,#1867,#1868));
#3384=EDGE_LOOP('',(#1869,#1870,#1871,#1872));
#3385=EDGE_LOOP('',(#1873,#1874,#1875,#1876));
#3386=EDGE_LOOP('',(#1877,#1878,#1879,#1880));
#3387=EDGE_LOOP('',(#1881,#1882,#1883,#1884));
#3388=EDGE_LOOP('',(#1885,#1886,#1887,#1888));
#3389=EDGE_LOOP('',(#1889,#1890,#1891,#1892));
#3390=EDGE_LOOP('',(#1893,#1894,#1895,#1896));
#3391=EDGE_LOOP('',(#1897,#1898,#1899,#1900));
#3392=EDGE_LOOP('',(#1901,#1902,#1903,#1904));
#3393=EDGE_LOOP('',(#1905,#1906,#1907,#1908));
#3394=EDGE_LOOP('',(#1909,#1910,#1911,#1912));
#3395=EDGE_LOOP('',(#1913,#1914,#1915,#1916));
#3396=EDGE_LOOP('',(#1917,#1918,#1919,#1920));
#3397=EDGE_LOOP('',(#1921,#1922,#1923,#1924));
#3398=EDGE_LOOP('',(#1925,#1926,#1927,#1928));
#3399=EDGE_LOOP('',(#1929,#1930,#1931,#1932));
#3400=EDGE_LOOP('',(#1933,#1934,#1935,#1936));
#3401=EDGE_LOOP('',(#1937,#1938,#1939,#1940));
#3402=EDGE_LOOP('',(#1941,#1942,#1943,#1944));
#3403=EDGE_LOOP('',(#1945,#1946,#1947,#1948));
#3404=EDGE_LOOP('',(#1949,#1950,#1951,#1952));
#3405=EDGE_LOOP('',(#1953,#1954,#1955,#1956));
#3406=EDGE_LOOP('',(#1957,#1958,#1959,#1960));
#3407=EDGE_LOOP('',(#1961,#1962,#1963,#1964));
#3408=EDGE_LOOP('',(#1965,#1966,#1967,#1968));
#3409=EDGE_LOOP('',(#1969,#1970,#1971,#1972));
#3410=EDGE_LOOP('',(#1973,#1974,#1975,#1976));
#3411=EDGE_LOOP('',(#1977,#1978,#1979,#1980));
#3412=EDGE_LOOP('',(#1981,#1982,#1983,#1984));
#3413=EDGE_LOOP('',(#1985,#1986,#1987,#1988));
#3414=EDGE_LOOP('',(#1989,#1990,#1991,#1992));
#3415=EDGE_LOOP('',(#1993,#1994,#1995,#1996));
#3416=EDGE_LOOP('',(#1997,#1998,#1999,#2000));
#3417=EDGE_LOOP('',(#2001,#2002,#2003,#2004));
#3418=EDGE_LOOP('',(#2005,#2006,#2007,#2008));
#3419=EDGE_LOOP('',(#2009,#2010,#2011,#2012));
#3420=EDGE_LOOP('',(#2013,#2014,#2015,#2016));
#3421=EDGE_LOOP('',(#2017,#2018,#2019,#2020));
#3422=EDGE_LOOP('',(#2021,#2022,#2023,#2024));
#3423=EDGE_LOOP('',(#2025,#2026,#2027,#2028));
#3424=EDGE_LOOP('',(#2029,#2030,#2031,#2032));
#3425=EDGE_LOOP('',(#2033,#2034,#2035,#2036));
#3426=EDGE_LOOP('',(#2037,#2038,#2039,#2040));
#3427=EDGE_LOOP('',(#2041,#2042,#2043,#2044));
#3428=EDGE_LOOP('',(#2045,#2046,#2047,#2048));
#3429=EDGE_LOOP('',(#2049,#2050,#2051,#2052));
#3430=EDGE_LOOP('',(#2053,#2054,#2055,#2056));
#3431=EDGE_LOOP('',(#2057,#2058,#2059,#2060));
#3432=EDGE_LOOP('',(#2061,#2062,#2063,#2064));
#3433=EDGE_LOOP('',(#2065,#2066,#2067,#2068));
#3434=EDGE_LOOP('',(#2069,#2070,#2071,#2072));
#3435=EDGE_LOOP('',(#2073,#2074,#2075,#2076));
#3436=EDGE_LOOP('',(#2077,#2078,#2079,#2080));
#3437=EDGE_LOOP('',(#2081,#2082,#2083,#2084));
#3438=EDGE_LOOP('',(#2085,#2086,#2087,#2088));
#3439=EDGE_LOOP('',(#2089,#2090,#2091,#2092));
#3440=EDGE_LOOP('',(#2093,#2094,#2095,#2096));
#3441=EDGE_LOOP('',(#2097,#2098,#2099,#2100));
#3442=EDGE_LOOP('',(#2101,#2102,#2103,#2104));
#3443=EDGE_LOOP('',(#2105,#2106,#2107,#2108));
#3444=EDGE_LOOP('',(#2109,#2110,#2111,#2112));
#3445=EDGE_LOOP('',(#2113,#2114,#2115,#2116));
#3446=EDGE_LOOP('',(#2117,#2118,#2119,#2120));
#3447=EDGE_LOOP('',(#2121,#2122,#2123,#2124));
#3448=EDGE_LOOP('',(#2125,#2126,#2127,#2128));
#3449=EDGE_LOOP('',(#2129,#2130,#2131,#2132));
#3450=FACE_BOUND('',#3228,.T.);
#3451=FACE_BOUND('',#3229,.T.);
#3452=FACE_BOUND('',#3230,.T.);
#3453=FACE_BOUND('',#3231,.T.);
#3454=FACE_BOUND('',#3232,.T.);
#3455=FACE_BOUND('',#3233,.T.);
#3456=FACE_BOUND('',#3234,.T.);
#3457=FACE_BOUND('',#3235,.T.);
#3458=FACE_BOUND('',#3236,.T.);
#3459=FACE_BOUND('',#3237,.T.);
#3460=FACE_BOUND('',#3238,.T.);
#3461=FACE_BOUND('',#3239,.T.);
#3462=FACE_BOUND('',#3240,.T.);
#3463=FACE_BOUND('',#3241,.T.);
#3464=FACE_BOUND('',#3242,.T.);
#3465=FACE_BOUND('',#3243,.T.);
#3466=FACE_BOUND('',#3244,.T.);
#3467=FACE_BOUND('',#3245,.T.);
#3468=FACE_BOUND('',#3246,.T.);
#3469=FACE_BOUND('',#3247,.T.);
#3470=FACE_BOUND('',#3248,.T.);
#3471=FACE_BOUND('',#3249,.T.);
#3472=FACE_BOUND('',#3250,.T.);
#3473=FACE_BOUND('',#3251,.T.);
#3474=FACE_BOUND('',#3252,.T.);
#3475=FACE_BOUND('',#3253,.T.);
#3476=FACE_BOUND('',#3254,.T.);
#3477=FACE_BOUND('',#3255,.T.);
#3478=FACE_BOUND('',#3256,.T.);
#3479=FACE_BOUND('',#3257,.T.);
#3480=FACE_BOUND('',#3258,.T.);
#3481=FACE_BOUND('',#3259,.T.);
#3482=FACE_BOUND('',#3260,.T.);
#3483=FACE_BOUND('',#3261,.T.);
#3484=FACE_BOUND('',#3262,.T.);
#3485=FACE_BOUND('',#3263,.T.);
#3486=FACE_BOUND('',#3264,.T.);
#3487=FACE_BOUND('',#3265,.T.);
#3488=FACE_BOUND('',#3266,.T.);
#3489=FACE_BOUND('',#3267,.T.);
#3490=FACE_BOUND('',#3268,.T.);
#3491=FACE_BOUND('',#3269,.T.);
#3492=FACE_BOUND('',#3270,.T.);
#3493=FACE_BOUND('',#3271,.T.);
#3494=FACE_BOUND('',#3272,.T.);
#3495=FACE_BOUND('',#3273,.T.);
#3496=FACE_BOUND('',#3274,.T.);
#3497=FACE_BOUND('',#3275,.T.);
#3498=FACE_BOUND('',#3276,.T.);
#3499=FACE_BOUND('',#3277,.T.);
#3500=FACE_BOUND('',#3278,.T.);
#3501=FACE_BOUND('',#3279,.T.);
#3502=FACE_BOUND('',#3280,.T.);
#3503=FACE_BOUND('',#3281,.T.);
#3504=FACE_BOUND('',#3282,.T.);
#3505=FACE_BOUND('',#3283,.T.);
#3506=FACE_BOUND('',#3284,.T.);
#3507=FACE_BOUND('',#3285,.T.);
#3508=FACE_BOUND('',#3286,.T.);
#3509=FACE_BOUND('',#3287,.T.);
#3510=FACE_BOUND('',#3288,.T.);
#3511=FACE_BOUND('',#3289,.T.);
#3512=FACE_BOUND('',#3290,.T.);
#3513=FACE_BOUND('',#3291,.T.);
#3514=FACE_BOUND('',#3292,.T.);
#3515=FACE_BOUND('',#3293,.T.);
#3516=FACE_BOUND('',#3294,.T.);
#3517=FACE_BOUND('',#3295,.T.);
#3518=FACE_BOUND('',#3296,.T.);
#3519=FACE_BOUND('',#3297,.T.);
#3520=FACE_BOUND('',#3298,.T.);
#3521=FACE_BOUND('',#3299,.T.);
#3522=FACE_BOUND('',#3300,.T.);
#3523=FACE_BOUND('',#3301,.T.);
#3524=FACE_BOUND('',#3302,.T.);
#3525=FACE_BOUND('',#3303,.T.);
#3526=FACE_BOUND('',#3304,.T.);
#3527=FACE_BOUND('',#3305,.T.);
#3528=FACE_BOUND('',#3306,.T.);
#3529=FACE_BOUND('',#3307,.T.);
#3530=FACE_BOUND('',#3308,.T.);
#3531=FACE_BOUND('',#3309,.T.);
#3532=FACE_BOUND('',#3310,.T.);
#3533=FACE_BOUND('',#3311,.T.);
#3534=FACE_BOUND('',#3312,.T.);
#3535=FACE_BOUND('',#3313,.T.);
#3536=FACE_BOUND('',#3314,.T.);
#3537=FACE_BOUND('',#3315,.T.);
#3538=FACE_BOUND('',#3316,.T.);
#3539=FACE_BOUND('',#3317,.T.);
#3540=FACE_BOUND('',#3318,.T.);
#3541=FACE_BOUND('',#3319,.T.);
#3542=FACE_BOUND('',#3320,.T.);
#3543=FACE_BOUND('',#3321,.T.);
#3544=FACE_BOUND('',#3322,.T.);
#3545=FACE_BOUND('',#3323,.T.);
#3546=FACE_BOUND('',#3324,.T.);
#3547=FACE_BOUND('',#3325,.T.);
#3548=FACE_BOUND('',#3326,.T.);
#3549=FACE_BOUND('',#3327,.T.);
#3550=FACE_BOUND('',#3328,.T.);
#3551=FACE_BOUND('',#3329,.T.);
#3552=FACE_BOUND('',#3330,.T.);
#3553=FACE_BOUND('',#3331,.T.);
#3554=FACE_BOUND('',#3332,.T.);
#3555=FACE_BOUND('',#3333,.T.);
#3556=FACE_BOUND('',#3334,.T.);
#3557=FACE_BOUND('',#3335,.T.);
#3558=FACE_BOUND('',#3336,.T.);
#3559=FACE_BOUND('',#3337,.T.);
#3560=FACE_BOUND('',#3338,.T.);
#3561=FACE_BOUND('',#3339,.T.);
#3562=FACE_BOUND('',#3340,.T.);
#3563=FACE_BOUND('',#3341,.T.);
#3564=FACE_BOUND('',#3342,.T.);
#3565=FACE_BOUND('',#3343,.T.);
#3566=FACE_BOUND('',#3344,.T.);
#3567=FACE_BOUND('',#3345,.T.);
#3568=FACE_BOUND('',#3346,.T.);
#3569=FACE_BOUND('',#3347,.T.);
#3570=FACE_BOUND('',#3348,.T.);
#3571=FACE_BOUND('',#3349,.T.);
#3572=FACE_BOUND('',#3350,.T.);
#3573=FACE_BOUND('',#3351,.T.);
#3574=FACE_BOUND('',#3352,.T.);
#3575=FACE_BOUND('',#3353,.T.);
#3576=FACE_BOUND('',#3354,.T.);
#3577=FACE_BOUND('',#3355,.T.);
#3578=FACE_BOUND('',#3356,.T.);
#3579=FACE_BOUND('',#3357,.T.);
#3580=FACE_BOUND('',#3358,.T.);
#3581=FACE_BOUND('',#3359,.T.);
#3582=FACE_BOUND('',#3360,.T.);
#3583=FACE_BOUND('',#3361,.T.);
#3584=FACE_BOUND('',#3362,.T.);
#3585=FACE_BOUND('',#3363,.T.);
#3586=FACE_BOUND('',#3364,.T.);
#3587=FACE_BOUND('',#3365,.T.);
#3588=FACE_BOUND('',#3366,.T.);
#3589=FACE_BOUND('',#3367,.T.);
#3590=FACE_BOUND('',#3368,.T.);
#3591=FACE_BOUND('',#3369,.T.);
#3592=FACE_BOUND('',#3370,.T.);
#3593=FACE_BOUND('',#3371,.T.);
#3594=FACE_BOUND('',#3372,.T.);
#3595=FACE_BOUND('',#3373,.T.);
#3596=FACE_BOUND('',#3374,.T.);
#3597=FACE_BOUND('',#3375,.T.);
#3598=FACE_BOUND('',#3376,.T.);
#3599=FACE_BOUND('',#3377,.T.);
#3600=FACE_BOUND('',#3378,.T.);
#3601=FACE_BOUND('',#3379,.T.);
#3602=FACE_BOUND('',#3380,.T.);
#3603=FACE_BOUND('',#3381,.T.);
#3604=FACE_BOUND('',#3382,.T.);
#3605=FACE_BOUND('',#3383,.T.);
#3606=FACE_BOUND('',#3384,.T.);
#3607=FACE_BOUND('',#3385,.T.);
#3608=FACE_BOUND('',#3386,.T.);
#3609=FACE_BOUND('',#3387,.T.);
#3610=FACE_BOUND('',#3388,.T.);
#3611=FACE_BOUND('',#3389,.T.);
#3612=FACE_BOUND('',#3390,.T.);
#3613=FACE_BOUND('',#3391,.T.);
#3614=FACE_BOUND('',#3392,.T.);
#3615=FACE_BOUND('',#3393,.T.);
#3616=FACE_BOUND('',#3394,.T.);
#3617=FACE_BOUND('',#3395,.T.);
#3618=FACE_BOUND('',#3396,.T.);
#3619=FACE_BOUND('',#3397,.T.);
#3620=FACE_BOUND('',#3398,.T.);
#3621=FACE_BOUND('',#3399,.T.);
#3622=FACE_BOUND('',#3400,.T.);
#3623=FACE_BOUND('',#3401,.T.);
#3624=FACE_BOUND('',#3402,.T.);
#3625=FACE_BOUND('',#3403,.T.);
#3626=FACE_BOUND('',#3404,.T.);
#3627=FACE_BOUND('',#3405,.T.);
#3628=FACE_BOUND('',#3406,.T.);
#3629=FACE_BOUND('',#3407,.T.);
#3630=FACE_BOUND('',#3408,.T.);
#3631=FACE_BOUND('',#3409,.T.);
#3632=FACE_BOUND('',#3410,.T.);
#3633=FACE_BOUND('',#3411,.T.);
#3634=FACE_BOUND('',#3412,.T.);
#3635=FACE_BOUND('',#3413,.T.);
#3636=FACE_BOUND('',#3414,.T.);
#3637=FACE_BOUND('',#3415,.T.);
#3638=FACE_BOUND('',#3416,.T.);
#3639=FACE_BOUND('',#3417,.T.);
#3640=FACE_BOUND('',#3418,.T.);
#3641=FACE_BOUND('',#3419,.T.);
#3642=FACE_BOUND('',#3420,.T.);
#3643=FACE_BOUND('',#3421,.T.);
#3644=FACE_BOUND('',#3422,.T.);
#3645=FACE_BOUND('',#3423,.T.);
#3646=FACE_BOUND('',#3424,.T.);
#3647=FACE_BOUND('',#3425,.T.);
#3648=FACE_BOUND('',#3426,.T.);
#3649=FACE_BOUND('',#3427,.T.);
#3650=FACE_BOUND('',#3428,.T.);
#3651=FACE_BOUND('',#3429,.T.);
#3652=FACE_BOUND('',#3430,.T.);
#3653=FACE_BOUND('',#3431,.T.);
#3654=FACE_BOUND('',#3432,.T.);
#3655=FACE_BOUND('',#3433,.T.);
#3656=FACE_BOUND('',#3434,.T.);
#3657=FACE_BOUND('',#3435,.T.);
#3658=FACE_BOUND('',#3436,.T.);
#3659=FACE_BOUND('',#3437,.T.);
#3660=FACE_BOUND('',#3438,.T.);
#3661=FACE_BOUND('',#3439,.T.);
#3662=FACE_BOUND('',#3440,.T.);
#3663=FACE_BOUND('',#3441,.T.);
#3664=FACE_BOUND('',#3442,.T.);
#3665=FACE_BOUND('',#3443,.T.);
#3666=FACE_BOUND('',#3444,.T.);
#3667=FACE_BOUND('',#3445,.T.);
#3668=FACE_BOUND('',#3446,.T.);
#3669=FACE_BOUND('',#3447,.T.);
#3670=FACE_BOUND('',#3448,.T.);
#3671=FACE_BOUND('',#3449,.T.);
#3672=CYLINDRICAL_SURFACE('',#3952,0.002475);
#3673=CYLINDRICAL_SURFACE('',#3955,0.002475);
#3674=CYLINDRICAL_SURFACE('',#3958,0.002475);
#3675=CYLINDRICAL_SURFACE('',#3961,0.002475);
#3676=CYLINDRICAL_SURFACE('',#3964,0.002475);
#3677=CYLINDRICAL_SURFACE('',#3967,0.002475);
#3678=CYLINDRICAL_SURFACE('',#3970,0.002475);
#3679=CYLINDRICAL_SURFACE('',#3973,0.002475);
#3680=CYLINDRICAL_SURFACE('',#3976,0.002475);
#3681=CYLINDRICAL_SURFACE('',#3979,0.002475);
#3682=CYLINDRICAL_SURFACE('',#3982,0.002475);
#3683=CYLINDRICAL_SURFACE('',#3985,0.002475);
#3684=CYLINDRICAL_SURFACE('',#3988,0.002475);
#3685=CYLINDRICAL_SURFACE('',#3991,0.002475);
#3686=CYLINDRICAL_SURFACE('',#3994,0.002475);
#3687=CYLINDRICAL_SURFACE('',#3997,0.002475);
#3688=CYLINDRICAL_SURFACE('',#4000,0.002475);
#3689=CYLINDRICAL_SURFACE('',#4003,0.002475);
#3690=CYLINDRICAL_SURFACE('',#4006,0.002475);
#3691=CYLINDRICAL_SURFACE('',#4009,0.002475);
#3692=CYLINDRICAL_SURFACE('',#4012,0.002475);
#3693=CYLINDRICAL_SURFACE('',#4015,0.002475);
#3694=CYLINDRICAL_SURFACE('',#4018,0.002475);
#3695=CYLINDRICAL_SURFACE('',#4021,0.002475);
#3696=CYLINDRICAL_SURFACE('',#4024,0.002475);
#3697=CYLINDRICAL_SURFACE('',#4027,0.002475);
#3698=CYLINDRICAL_SURFACE('',#4030,0.002475);
#3699=CYLINDRICAL_SURFACE('',#4033,0.002475);
#3700=CYLINDRICAL_SURFACE('',#4036,0.002475);
#3701=CYLINDRICAL_SURFACE('',#4039,0.002475);
#3702=CYLINDRICAL_SURFACE('',#4042,0.002475);
#3703=CYLINDRICAL_SURFACE('',#4045,0.002475);
#3704=CYLINDRICAL_SURFACE('',#4048,0.002475);
#3705=CYLINDRICAL_SURFACE('',#4051,0.002475);
#3706=CYLINDRICAL_SURFACE('',#4054,0.002475);
#3707=CYLINDRICAL_SURFACE('',#4057,0.002475);
#3708=CYLINDRICAL_SURFACE('',#4060,0.002475);
#3709=CYLINDRICAL_SURFACE('',#4063,0.002475);
#3710=CYLINDRICAL_SURFACE('',#4066,0.002475);
#3711=CYLINDRICAL_SURFACE('',#4069,0.002475);
#3712=CYLINDRICAL_SURFACE('',#4072,0.002475);
#3713=CYLINDRICAL_SURFACE('',#4075,0.002475);
#3714=CYLINDRICAL_SURFACE('',#4078,0.002475);
#3715=CYLINDRICAL_SURFACE('',#4081,0.002475);
#3716=CYLINDRICAL_SURFACE('',#4084,0.002475);
#3717=CYLINDRICAL_SURFACE('',#4087,0.002475);
#3718=CYLINDRICAL_SURFACE('',#4090,0.002475);
#3719=CYLINDRICAL_SURFACE('',#4093,0.002475);
#3720=CYLINDRICAL_SURFACE('',#4096,0.002475);
#3721=CYLINDRICAL_SURFACE('',#4099,0.002475);
#3722=CYLINDRICAL_SURFACE('',#4102,0.002475);
#3723=CYLINDRICAL_SURFACE('',#4105,0.002475);
#3724=CYLINDRICAL_SURFACE('',#4108,0.002475);
#3725=CYLINDRICAL_SURFACE('',#4111,0.002475);
#3726=CYLINDRICAL_SURFACE('',#4114,0.002475);
#3727=CYLINDRICAL_SURFACE('',#4117,0.002475);
#3728=CYLINDRICAL_SURFACE('',#4120,0.002475);
#3729=CYLINDRICAL_SURFACE('',#4123,0.002475);
#3730=CYLINDRICAL_SURFACE('',#4126,0.002475);
#3731=CYLINDRICAL_SURFACE('',#4138,0.00345);
#3732=CYLINDRICAL_SURFACE('',#4142,0.002);
#3733=CYLINDRICAL_SURFACE('',#4155,0.000600000000000014);
#3734=CYLINDRICAL_SURFACE('',#4156,0.000600000000000014);
#3735=CYLINDRICAL_SURFACE('',#4157,0.000600000000000014);
#3736=CYLINDRICAL_SURFACE('',#4158,0.000600000000000014);
#3737=CYLINDRICAL_SURFACE('',#4159,0.000600000000000014);
#3738=CYLINDRICAL_SURFACE('',#4160,0.000600000000000014);
#3739=CYLINDRICAL_SURFACE('',#4164,0.002475);
#3740=CYLINDRICAL_SURFACE('',#4168,0.0023);
#3741=CYLINDRICAL_SURFACE('',#4169,0.00105);
#3742=ADVANCED_FACE('',(#3450),#3672,.F.);
#3743=ADVANCED_FACE('',(#3451),#3673,.F.);
#3744=ADVANCED_FACE('',(#3452),#3674,.F.);
#3745=ADVANCED_FACE('',(#3453),#3675,.F.);
#3746=ADVANCED_FACE('',(#3454),#3676,.F.);
#3747=ADVANCED_FACE('',(#3455),#3677,.F.);
#3748=ADVANCED_FACE('',(#3456),#3678,.F.);
#3749=ADVANCED_FACE('',(#3457),#3679,.F.);
#3750=ADVANCED_FACE('',(#3458),#3680,.F.);
#3751=ADVANCED_FACE('',(#3459),#3681,.F.);
#3752=ADVANCED_FACE('',(#3460),#3682,.F.);
#3753=ADVANCED_FACE('',(#3461),#3683,.F.);
#3754=ADVANCED_FACE('',(#3462),#3684,.F.);
#3755=ADVANCED_FACE('',(#3463),#3685,.F.);
#3756=ADVANCED_FACE('',(#3464),#3686,.F.);
#3757=ADVANCED_FACE('',(#3465),#3687,.F.);
#3758=ADVANCED_FACE('',(#3466),#3688,.F.);
#3759=ADVANCED_FACE('',(#3467),#3689,.F.);
#3760=ADVANCED_FACE('',(#3468),#3690,.F.);
#3761=ADVANCED_FACE('',(#3469),#3691,.F.);
#3762=ADVANCED_FACE('',(#3470),#3692,.F.);
#3763=ADVANCED_FACE('',(#3471),#3693,.F.);
#3764=ADVANCED_FACE('',(#3472),#3694,.F.);
#3765=ADVANCED_FACE('',(#3473),#3695,.F.);
#3766=ADVANCED_FACE('',(#3474),#3696,.F.);
#3767=ADVANCED_FACE('',(#3475),#3697,.F.);
#3768=ADVANCED_FACE('',(#3476),#3698,.F.);
#3769=ADVANCED_FACE('',(#3477),#3699,.F.);
#3770=ADVANCED_FACE('',(#3478),#3700,.F.);
#3771=ADVANCED_FACE('',(#3479),#3701,.F.);
#3772=ADVANCED_FACE('',(#3480),#3702,.F.);
#3773=ADVANCED_FACE('',(#3481),#3703,.F.);
#3774=ADVANCED_FACE('',(#3482),#3704,.F.);
#3775=ADVANCED_FACE('',(#3483),#3705,.F.);
#3776=ADVANCED_FACE('',(#3484),#3706,.F.);
#3777=ADVANCED_FACE('',(#3485),#3707,.F.);
#3778=ADVANCED_FACE('',(#3486),#3708,.F.);
#3779=ADVANCED_FACE('',(#3487),#3709,.F.);
#3780=ADVANCED_FACE('',(#3488),#3710,.F.);
#3781=ADVANCED_FACE('',(#3489),#3711,.F.);
#3782=ADVANCED_FACE('',(#3490),#3712,.F.);
#3783=ADVANCED_FACE('',(#3491),#3713,.F.);
#3784=ADVANCED_FACE('',(#3492),#3714,.F.);
#3785=ADVANCED_FACE('',(#3493),#3715,.F.);
#3786=ADVANCED_FACE('',(#3494),#3716,.F.);
#3787=ADVANCED_FACE('',(#3495),#3717,.F.);
#3788=ADVANCED_FACE('',(#3496),#3718,.F.);
#3789=ADVANCED_FACE('',(#3497),#3719,.F.);
#3790=ADVANCED_FACE('',(#3498),#3720,.F.);
#3791=ADVANCED_FACE('',(#3499),#3721,.F.);
#3792=ADVANCED_FACE('',(#3500),#3722,.F.);
#3793=ADVANCED_FACE('',(#3501),#3723,.F.);
#3794=ADVANCED_FACE('',(#3502),#3724,.F.);
#3795=ADVANCED_FACE('',(#3503),#3725,.F.);
#3796=ADVANCED_FACE('',(#3504),#3726,.F.);
#3797=ADVANCED_FACE('',(#3505),#3727,.F.);
#3798=ADVANCED_FACE('',(#3506),#3728,.F.);
#3799=ADVANCED_FACE('',(#3507),#3729,.F.);
#3800=ADVANCED_FACE('',(#3508),#3730,.F.);
#3801=ADVANCED_FACE('',(#3509,#3510,#3511,#3512,#3513,#3514,#3515),#12,
 .F.);
#3802=ADVANCED_FACE('',(#3516,#3517),#3731,.T.);
#3803=ADVANCED_FACE('',(#3518),#13,.T.);
#3804=ADVANCED_FACE('',(#3519),#3732,.T.);
#3805=ADVANCED_FACE('',(#3520),#14,.T.);
#3806=ADVANCED_FACE('',(#3521,#3522,#3523,#3524,#3525,#3526,#3527,#3528),
#15,.T.);
#3807=ADVANCED_FACE('',(#3529,#3530),#16,.F.);
#3808=ADVANCED_FACE('',(#3531,#3532),#3733,.F.);
#3809=ADVANCED_FACE('',(#3533,#3534),#3734,.F.);
#3810=ADVANCED_FACE('',(#3535,#3536),#3735,.F.);
#3811=ADVANCED_FACE('',(#3537,#3538),#3736,.F.);
#3812=ADVANCED_FACE('',(#3539,#3540),#3737,.F.);
#3813=ADVANCED_FACE('',(#3541,#3542),#3738,.F.);
#3814=ADVANCED_FACE('',(#3543,#3544),#17,.F.);
#3815=ADVANCED_FACE('',(#3545),#3739,.F.);
#3816=ADVANCED_FACE('',(#3546,#3547),#18,.F.);
#3817=ADVANCED_FACE('',(#3548,#3549),#3740,.F.);
#3818=ADVANCED_FACE('',(#3550,#3551),#3741,.F.);
#3819=ADVANCED_FACE('',(#3552),#19,.T.);
#3820=ADVANCED_FACE('',(#3553),#20,.T.);
#3821=ADVANCED_FACE('',(#3554),#21,.T.);
#3822=ADVANCED_FACE('',(#3555),#22,.T.);
#3823=ADVANCED_FACE('',(#3556),#23,.T.);
#3824=ADVANCED_FACE('',(#3557),#24,.T.);
#3825=ADVANCED_FACE('',(#3558),#25,.T.);
#3826=ADVANCED_FACE('',(#3559),#26,.T.);
#3827=ADVANCED_FACE('',(#3560),#27,.T.);
#3828=ADVANCED_FACE('',(#3561),#28,.T.);
#3829=ADVANCED_FACE('',(#3562),#29,.T.);
#3830=ADVANCED_FACE('',(#3563),#30,.T.);
#3831=ADVANCED_FACE('',(#3564),#31,.T.);
#3832=ADVANCED_FACE('',(#3565),#32,.T.);
#3833=ADVANCED_FACE('',(#3566),#33,.T.);
#3834=ADVANCED_FACE('',(#3567),#34,.T.);
#3835=ADVANCED_FACE('',(#3568),#35,.T.);
#3836=ADVANCED_FACE('',(#3569),#36,.T.);
#3837=ADVANCED_FACE('',(#3570),#37,.T.);
#3838=ADVANCED_FACE('',(#3571),#38,.T.);
#3839=ADVANCED_FACE('',(#3572),#39,.T.);
#3840=ADVANCED_FACE('',(#3573),#40,.T.);
#3841=ADVANCED_FACE('',(#3574),#41,.T.);
#3842=ADVANCED_FACE('',(#3575),#42,.T.);
#3843=ADVANCED_FACE('',(#3576),#43,.T.);
#3844=ADVANCED_FACE('',(#3577),#44,.T.);
#3845=ADVANCED_FACE('',(#3578),#45,.T.);
#3846=ADVANCED_FACE('',(#3579),#46,.T.);
#3847=ADVANCED_FACE('',(#3580),#47,.T.);
#3848=ADVANCED_FACE('',(#3581),#48,.T.);
#3849=ADVANCED_FACE('',(#3582),#49,.T.);
#3850=ADVANCED_FACE('',(#3583),#50,.T.);
#3851=ADVANCED_FACE('',(#3584),#51,.T.);
#3852=ADVANCED_FACE('',(#3585),#52,.T.);
#3853=ADVANCED_FACE('',(#3586),#53,.T.);
#3854=ADVANCED_FACE('',(#3587),#54,.T.);
#3855=ADVANCED_FACE('',(#3588),#55,.T.);
#3856=ADVANCED_FACE('',(#3589),#56,.T.);
#3857=ADVANCED_FACE('',(#3590),#57,.T.);
#3858=ADVANCED_FACE('',(#3591),#58,.T.);
#3859=ADVANCED_FACE('',(#3592),#59,.T.);
#3860=ADVANCED_FACE('',(#3593),#60,.T.);
#3861=ADVANCED_FACE('',(#3594),#61,.T.);
#3862=ADVANCED_FACE('',(#3595),#62,.T.);
#3863=ADVANCED_FACE('',(#3596),#63,.T.);
#3864=ADVANCED_FACE('',(#3597),#64,.T.);
#3865=ADVANCED_FACE('',(#3598),#65,.T.);
#3866=ADVANCED_FACE('',(#3599),#66,.T.);
#3867=ADVANCED_FACE('',(#3600),#67,.T.);
#3868=ADVANCED_FACE('',(#3601),#68,.T.);
#3869=ADVANCED_FACE('',(#3602),#69,.T.);
#3870=ADVANCED_FACE('',(#3603),#70,.T.);
#3871=ADVANCED_FACE('',(#3604),#71,.T.);
#3872=ADVANCED_FACE('',(#3605),#72,.T.);
#3873=ADVANCED_FACE('',(#3606),#73,.T.);
#3874=ADVANCED_FACE('',(#3607),#74,.T.);
#3875=ADVANCED_FACE('',(#3608),#75,.T.);
#3876=ADVANCED_FACE('',(#3609),#76,.T.);
#3877=ADVANCED_FACE('',(#3610),#77,.T.);
#3878=ADVANCED_FACE('',(#3611),#78,.T.);
#3879=ADVANCED_FACE('',(#3612),#79,.T.);
#3880=ADVANCED_FACE('',(#3613),#80,.T.);
#3881=ADVANCED_FACE('',(#3614),#81,.T.);
#3882=ADVANCED_FACE('',(#3615),#82,.T.);
#3883=ADVANCED_FACE('',(#3616),#83,.T.);
#3884=ADVANCED_FACE('',(#3617),#84,.T.);
#3885=ADVANCED_FACE('',(#3618),#85,.T.);
#3886=ADVANCED_FACE('',(#3619),#86,.T.);
#3887=ADVANCED_FACE('',(#3620),#87,.T.);
#3888=ADVANCED_FACE('',(#3621),#88,.T.);
#3889=ADVANCED_FACE('',(#3622),#89,.T.);
#3890=ADVANCED_FACE('',(#3623),#90,.T.);
#3891=ADVANCED_FACE('',(#3624),#91,.T.);
#3892=ADVANCED_FACE('',(#3625),#92,.T.);
#3893=ADVANCED_FACE('',(#3626),#93,.T.);
#3894=ADVANCED_FACE('',(#3627),#94,.T.);
#3895=ADVANCED_FACE('',(#3628),#95,.T.);
#3896=ADVANCED_FACE('',(#3629),#96,.T.);
#3897=ADVANCED_FACE('',(#3630),#97,.T.);
#3898=ADVANCED_FACE('',(#3631),#98,.T.);
#3899=ADVANCED_FACE('',(#3632),#99,.T.);
#3900=ADVANCED_FACE('',(#3633),#100,.T.);
#3901=ADVANCED_FACE('',(#3634),#101,.T.);
#3902=ADVANCED_FACE('',(#3635),#102,.T.);
#3903=ADVANCED_FACE('',(#3636),#103,.T.);
#3904=ADVANCED_FACE('',(#3637),#104,.T.);
#3905=ADVANCED_FACE('',(#3638),#105,.T.);
#3906=ADVANCED_FACE('',(#3639),#106,.T.);
#3907=ADVANCED_FACE('',(#3640),#107,.T.);
#3908=ADVANCED_FACE('',(#3641),#108,.T.);
#3909=ADVANCED_FACE('',(#3642),#109,.T.);
#3910=ADVANCED_FACE('',(#3643),#110,.T.);
#3911=ADVANCED_FACE('',(#3644),#111,.T.);
#3912=ADVANCED_FACE('',(#3645),#112,.T.);
#3913=ADVANCED_FACE('',(#3646),#113,.T.);
#3914=ADVANCED_FACE('',(#3647),#114,.T.);
#3915=ADVANCED_FACE('',(#3648),#115,.T.);
#3916=ADVANCED_FACE('',(#3649),#116,.T.);
#3917=ADVANCED_FACE('',(#3650),#117,.T.);
#3918=ADVANCED_FACE('',(#3651),#118,.T.);
#3919=ADVANCED_FACE('',(#3652),#119,.T.);
#3920=ADVANCED_FACE('',(#3653),#120,.T.);
#3921=ADVANCED_FACE('',(#3654),#121,.T.);
#3922=ADVANCED_FACE('',(#3655),#122,.T.);
#3923=ADVANCED_FACE('',(#3656),#123,.T.);
#3924=ADVANCED_FACE('',(#3657),#124,.T.);
#3925=ADVANCED_FACE('',(#3658),#125,.T.);
#3926=ADVANCED_FACE('',(#3659),#126,.T.);
#3927=ADVANCED_FACE('',(#3660),#127,.T.);
#3928=ADVANCED_FACE('',(#3661),#128,.T.);
#3929=ADVANCED_FACE('',(#3662),#129,.T.);
#3930=ADVANCED_FACE('',(#3663),#130,.T.);
#3931=ADVANCED_FACE('',(#3664),#131,.T.);
#3932=ADVANCED_FACE('',(#3665),#132,.T.);
#3933=ADVANCED_FACE('',(#3666),#133,.T.);
#3934=ADVANCED_FACE('',(#3667),#134,.T.);
#3935=ADVANCED_FACE('',(#3668),#135,.T.);
#3936=ADVANCED_FACE('',(#3669),#136,.T.);
#3937=ADVANCED_FACE('',(#3670),#137,.T.);
#3938=ADVANCED_FACE('',(#3671),#138,.T.);
#3939=CLOSED_SHELL('',(#3742,#3743,#3744,#3745,#3746,#3747,#3748,#3749,
#3750,#3751,#3752,#3753,#3754,#3755,#3756,#3757,#3758,#3759,#3760,#3761,
#3762,#3763,#3764,#3765,#3766,#3767,#3768,#3769,#3770,#3771,#3772,#3773,
#3774,#3775,#3776,#3777,#3778,#3779,#3780,#3781,#3782,#3783,#3784,#3785,
#3786,#3787,#3788,#3789,#3790,#3791,#3792,#3793,#3794,#3795,#3796,#3797,
#3798,#3799,#3800,#3801,#3802,#3803,#3804,#3805,#3806,#3807,#3808,#3809,
#3810,#3811,#3812,#3813,#3814,#3815,#3816,#3817,#3818,#3819,#3820,#3821,
#3822,#3823,#3824,#3825,#3826,#3827,#3828,#3829,#3830,#3831,#3832,#3833,
#3834,#3835,#3836,#3837,#3838,#3839,#3840,#3841,#3842,#3843,#3844,#3845,
#3846,#3847,#3848,#3849,#3850,#3851,#3852,#3853,#3854,#3855,#3856,#3857,
#3858,#3859,#3860,#3861,#3862,#3863,#3864,#3865,#3866,#3867,#3868,#3869,
#3870,#3871,#3872,#3873,#3874,#3875,#3876,#3877,#3878,#3879,#3880,#3881,
#3882,#3883,#3884,#3885,#3886,#3887,#3888,#3889,#3890,#3891,#3892,#3893,
#3894,#3895,#3896,#3897,#3898,#3899,#3900,#3901,#3902,#3903,#3904,#3905,
#3906,#3907,#3908,#3909,#3910,#3911,#3912,#3913,#3914,#3915,#3916,#3917,
#3918,#3919,#3920,#3921,#3922,#3923,#3924,#3925,#3926,#3927,#3928,#3929,
#3930,#3931,#3932,#3933,#3934,#3935,#3936,#3937,#3938));
#3940=STYLED_ITEM('',(#3941),#3948);
#3941=PRESENTATION_STYLE_ASSIGNMENT((#3942));
#3942=SURFACE_STYLE_USAGE(.BOTH.,#3943);
#3943=SURFACE_SIDE_STYLE('',(#3944));
#3944=SURFACE_STYLE_FILL_AREA(#3945);
#3945=FILL_AREA_STYLE('',(#3946));
#3946=FILL_AREA_STYLE_COLOUR('',#3947);
#3947=DRAUGHTING_PRE_DEFINED_COLOUR('white');
#3948=MANIFOLD_SOLID_BREP('Part 1',#3939);
#3949=SHAPE_DEFINITION_REPRESENTATION(#6554,#3950);
#3950=SHAPE_REPRESENTATION('Part 1',(#3951),#6549);
#3951=AXIS2_PLACEMENT_3D('',#5396,#4290,#4291);
#3952=AXIS2_PLACEMENT_3D('',#5397,#4292,#4293);
#3953=AXIS2_PLACEMENT_3D('',#5398,#4294,#4295);
#3954=AXIS2_PLACEMENT_3D('',#5403,#4297,#4298);
#3955=AXIS2_PLACEMENT_3D('',#5406,#4300,#4301);
#3956=AXIS2_PLACEMENT_3D('',#5407,#4302,#4303);
#3957=AXIS2_PLACEMENT_3D('',#5412,#4305,#4306);
#3958=AXIS2_PLACEMENT_3D('',#5415,#4308,#4309);
#3959=AXIS2_PLACEMENT_3D('',#5416,#4310,#4311);
#3960=AXIS2_PLACEMENT_3D('',#5421,#4313,#4314);
#3961=AXIS2_PLACEMENT_3D('',#5424,#4316,#4317);
#3962=AXIS2_PLACEMENT_3D('',#5425,#4318,#4319);
#3963=AXIS2_PLACEMENT_3D('',#5430,#4321,#4322);
#3964=AXIS2_PLACEMENT_3D('',#5433,#4324,#4325);
#3965=AXIS2_PLACEMENT_3D('',#5434,#4326,#4327);
#3966=AXIS2_PLACEMENT_3D('',#5439,#4329,#4330);
#3967=AXIS2_PLACEMENT_3D('',#5442,#4332,#4333);
#3968=AXIS2_PLACEMENT_3D('',#5443,#4334,#4335);
#3969=AXIS2_PLACEMENT_3D('',#5448,#4337,#4338);
#3970=AXIS2_PLACEMENT_3D('',#5451,#4340,#4341);
#3971=AXIS2_PLACEMENT_3D('',#5452,#4342,#4343);
#3972=AXIS2_PLACEMENT_3D('',#5457,#4345,#4346);
#3973=AXIS2_PLACEMENT_3D('',#5460,#4348,#4349);
#3974=AXIS2_PLACEMENT_3D('',#5461,#4350,#4351);
#3975=AXIS2_PLACEMENT_3D('',#5466,#4353,#4354);
#3976=AXIS2_PLACEMENT_3D('',#5469,#4356,#4357);
#3977=AXIS2_PLACEMENT_3D('',#5470,#4358,#4359);
#3978=AXIS2_PLACEMENT_3D('',#5475,#4361,#4362);
#3979=AXIS2_PLACEMENT_3D('',#5478,#4364,#4365);
#3980=AXIS2_PLACEMENT_3D('',#5479,#4366,#4367);
#3981=AXIS2_PLACEMENT_3D('',#5484,#4369,#4370);
#3982=AXIS2_PLACEMENT_3D('',#5487,#4372,#4373);
#3983=AXIS2_PLACEMENT_3D('',#5488,#4374,#4375);
#3984=AXIS2_PLACEMENT_3D('',#5493,#4377,#4378);
#3985=AXIS2_PLACEMENT_3D('',#5496,#4380,#4381);
#3986=AXIS2_PLACEMENT_3D('',#5497,#4382,#4383);
#3987=AXIS2_PLACEMENT_3D('',#5502,#4385,#4386);
#3988=AXIS2_PLACEMENT_3D('',#5505,#4388,#4389);
#3989=AXIS2_PLACEMENT_3D('',#5506,#4390,#4391);
#3990=AXIS2_PLACEMENT_3D('',#5511,#4393,#4394);
#3991=AXIS2_PLACEMENT_3D('',#5514,#4396,#4397);
#3992=AXIS2_PLACEMENT_3D('',#5515,#4398,#4399);
#3993=AXIS2_PLACEMENT_3D('',#5520,#4401,#4402);
#3994=AXIS2_PLACEMENT_3D('',#5523,#4404,#4405);
#3995=AXIS2_PLACEMENT_3D('',#5524,#4406,#4407);
#3996=AXIS2_PLACEMENT_3D('',#5529,#4409,#4410);
#3997=AXIS2_PLACEMENT_3D('',#5532,#4412,#4413);
#3998=AXIS2_PLACEMENT_3D('',#5533,#4414,#4415);
#3999=AXIS2_PLACEMENT_3D('',#5538,#4417,#4418);
#4000=AXIS2_PLACEMENT_3D('',#5541,#4420,#4421);
#4001=AXIS2_PLACEMENT_3D('',#5542,#4422,#4423);
#4002=AXIS2_PLACEMENT_3D('',#5547,#4425,#4426);
#4003=AXIS2_PLACEMENT_3D('',#5550,#4428,#4429);
#4004=AXIS2_PLACEMENT_3D('',#5551,#4430,#4431);
#4005=AXIS2_PLACEMENT_3D('',#5556,#4433,#4434);
#4006=AXIS2_PLACEMENT_3D('',#5559,#4436,#4437);
#4007=AXIS2_PLACEMENT_3D('',#5560,#4438,#4439);
#4008=AXIS2_PLACEMENT_3D('',#5565,#4441,#4442);
#4009=AXIS2_PLACEMENT_3D('',#5568,#4444,#4445);
#4010=AXIS2_PLACEMENT_3D('',#5569,#4446,#4447);
#4011=AXIS2_PLACEMENT_3D('',#5574,#4449,#4450);
#4012=AXIS2_PLACEMENT_3D('',#5577,#4452,#4453);
#4013=AXIS2_PLACEMENT_3D('',#5578,#4454,#4455);
#4014=AXIS2_PLACEMENT_3D('',#5583,#4457,#4458);
#4015=AXIS2_PLACEMENT_3D('',#5586,#4460,#4461);
#4016=AXIS2_PLACEMENT_3D('',#5587,#4462,#4463);
#4017=AXIS2_PLACEMENT_3D('',#5592,#4465,#4466);
#4018=AXIS2_PLACEMENT_3D('',#5595,#4468,#4469);
#4019=AXIS2_PLACEMENT_3D('',#5596,#4470,#4471);
#4020=AXIS2_PLACEMENT_3D('',#5601,#4473,#4474);
#4021=AXIS2_PLACEMENT_3D('',#5604,#4476,#4477);
#4022=AXIS2_PLACEMENT_3D('',#5605,#4478,#4479);
#4023=AXIS2_PLACEMENT_3D('',#5610,#4481,#4482);
#4024=AXIS2_PLACEMENT_3D('',#5613,#4484,#4485);
#4025=AXIS2_PLACEMENT_3D('',#5614,#4486,#4487);
#4026=AXIS2_PLACEMENT_3D('',#5619,#4489,#4490);
#4027=AXIS2_PLACEMENT_3D('',#5622,#4492,#4493);
#4028=AXIS2_PLACEMENT_3D('',#5623,#4494,#4495);
#4029=AXIS2_PLACEMENT_3D('',#5628,#4497,#4498);
#4030=AXIS2_PLACEMENT_3D('',#5631,#4500,#4501);
#4031=AXIS2_PLACEMENT_3D('',#5632,#4502,#4503);
#4032=AXIS2_PLACEMENT_3D('',#5637,#4505,#4506);
#4033=AXIS2_PLACEMENT_3D('',#5640,#4508,#4509);
#4034=AXIS2_PLACEMENT_3D('',#5641,#4510,#4511);
#4035=AXIS2_PLACEMENT_3D('',#5646,#4513,#4514);
#4036=AXIS2_PLACEMENT_3D('',#5649,#4516,#4517);
#4037=AXIS2_PLACEMENT_3D('',#5650,#4518,#4519);
#4038=AXIS2_PLACEMENT_3D('',#5655,#4521,#4522);
#4039=AXIS2_PLACEMENT_3D('',#5658,#4524,#4525);
#4040=AXIS2_PLACEMENT_3D('',#5659,#4526,#4527);
#4041=AXIS2_PLACEMENT_3D('',#5664,#4529,#4530);
#4042=AXIS2_PLACEMENT_3D('',#5667,#4532,#4533);
#4043=AXIS2_PLACEMENT_3D('',#5668,#4534,#4535);
#4044=AXIS2_PLACEMENT_3D('',#5673,#4537,#4538);
#4045=AXIS2_PLACEMENT_3D('',#5676,#4540,#4541);
#4046=AXIS2_PLACEMENT_3D('',#5677,#4542,#4543);
#4047=AXIS2_PLACEMENT_3D('',#5682,#4545,#4546);
#4048=AXIS2_PLACEMENT_3D('',#5685,#4548,#4549);
#4049=AXIS2_PLACEMENT_3D('',#5686,#4550,#4551);
#4050=AXIS2_PLACEMENT_3D('',#5691,#4553,#4554);
#4051=AXIS2_PLACEMENT_3D('',#5694,#4556,#4557);
#4052=AXIS2_PLACEMENT_3D('',#5695,#4558,#4559);
#4053=AXIS2_PLACEMENT_3D('',#5700,#4561,#4562);
#4054=AXIS2_PLACEMENT_3D('',#5703,#4564,#4565);
#4055=AXIS2_PLACEMENT_3D('',#5704,#4566,#4567);
#4056=AXIS2_PLACEMENT_3D('',#5709,#4569,#4570);
#4057=AXIS2_PLACEMENT_3D('',#5712,#4572,#4573);
#4058=AXIS2_PLACEMENT_3D('',#5713,#4574,#4575);
#4059=AXIS2_PLACEMENT_3D('',#5718,#4577,#4578);
#4060=AXIS2_PLACEMENT_3D('',#5721,#4580,#4581);
#4061=AXIS2_PLACEMENT_3D('',#5722,#4582,#4583);
#4062=AXIS2_PLACEMENT_3D('',#5727,#4585,#4586);
#4063=AXIS2_PLACEMENT_3D('',#5730,#4588,#4589);
#4064=AXIS2_PLACEMENT_3D('',#5731,#4590,#4591);
#4065=AXIS2_PLACEMENT_3D('',#5736,#4593,#4594);
#4066=AXIS2_PLACEMENT_3D('',#5739,#4596,#4597);
#4067=AXIS2_PLACEMENT_3D('',#5740,#4598,#4599);
#4068=AXIS2_PLACEMENT_3D('',#5745,#4601,#4602);
#4069=AXIS2_PLACEMENT_3D('',#5748,#4604,#4605);
#4070=AXIS2_PLACEMENT_3D('',#5749,#4606,#4607);
#4071=AXIS2_PLACEMENT_3D('',#5754,#4609,#4610);
#4072=AXIS2_PLACEMENT_3D('',#5757,#4612,#4613);
#4073=AXIS2_PLACEMENT_3D('',#5758,#4614,#4615);
#4074=AXIS2_PLACEMENT_3D('',#5763,#4617,#4618);
#4075=AXIS2_PLACEMENT_3D('',#5766,#4620,#4621);
#4076=AXIS2_PLACEMENT_3D('',#5767,#4622,#4623);
#4077=AXIS2_PLACEMENT_3D('',#5772,#4625,#4626);
#4078=AXIS2_PLACEMENT_3D('',#5775,#4628,#4629);
#4079=AXIS2_PLACEMENT_3D('',#5776,#4630,#4631);
#4080=AXIS2_PLACEMENT_3D('',#5781,#4633,#4634);
#4081=AXIS2_PLACEMENT_3D('',#5784,#4636,#4637);
#4082=AXIS2_PLACEMENT_3D('',#5785,#4638,#4639);
#4083=AXIS2_PLACEMENT_3D('',#5790,#4641,#4642);
#4084=AXIS2_PLACEMENT_3D('',#5793,#4644,#4645);
#4085=AXIS2_PLACEMENT_3D('',#5794,#4646,#4647);
#4086=AXIS2_PLACEMENT_3D('',#5799,#4649,#4650);
#4087=AXIS2_PLACEMENT_3D('',#5802,#4652,#4653);
#4088=AXIS2_PLACEMENT_3D('',#5803,#4654,#4655);
#4089=AXIS2_PLACEMENT_3D('',#5808,#4657,#4658);
#4090=AXIS2_PLACEMENT_3D('',#5811,#4660,#4661);
#4091=AXIS2_PLACEMENT_3D('',#5812,#4662,#4663);
#4092=AXIS2_PLACEMENT_3D('',#5817,#4665,#4666);
#4093=AXIS2_PLACEMENT_3D('',#5820,#4668,#4669);
#4094=AXIS2_PLACEMENT_3D('',#5821,#4670,#4671);
#4095=AXIS2_PLACEMENT_3D('',#5826,#4673,#4674);
#4096=AXIS2_PLACEMENT_3D('',#5829,#4676,#4677);
#4097=AXIS2_PLACEMENT_3D('',#5830,#4678,#4679);
#4098=AXIS2_PLACEMENT_3D('',#5835,#4681,#4682);
#4099=AXIS2_PLACEMENT_3D('',#5838,#4684,#4685);
#4100=AXIS2_PLACEMENT_3D('',#5839,#4686,#4687);
#4101=AXIS2_PLACEMENT_3D('',#5844,#4689,#4690);
#4102=AXIS2_PLACEMENT_3D('',#5847,#4692,#4693);
#4103=AXIS2_PLACEMENT_3D('',#5848,#4694,#4695);
#4104=AXIS2_PLACEMENT_3D('',#5853,#4697,#4698);
#4105=AXIS2_PLACEMENT_3D('',#5856,#4700,#4701);
#4106=AXIS2_PLACEMENT_3D('',#5857,#4702,#4703);
#4107=AXIS2_PLACEMENT_3D('',#5862,#4705,#4706);
#4108=AXIS2_PLACEMENT_3D('',#5865,#4708,#4709);
#4109=AXIS2_PLACEMENT_3D('',#5866,#4710,#4711);
#4110=AXIS2_PLACEMENT_3D('',#5871,#4713,#4714);
#4111=AXIS2_PLACEMENT_3D('',#5874,#4716,#4717);
#4112=AXIS2_PLACEMENT_3D('',#5875,#4718,#4719);
#4113=AXIS2_PLACEMENT_3D('',#5880,#4721,#4722);
#4114=AXIS2_PLACEMENT_3D('',#5883,#4724,#4725);
#4115=AXIS2_PLACEMENT_3D('',#5884,#4726,#4727);
#4116=AXIS2_PLACEMENT_3D('',#5889,#4729,#4730);
#4117=AXIS2_PLACEMENT_3D('',#5892,#4732,#4733);
#4118=AXIS2_PLACEMENT_3D('',#5893,#4734,#4735);
#4119=AXIS2_PLACEMENT_3D('',#5898,#4737,#4738);
#4120=AXIS2_PLACEMENT_3D('',#5901,#4740,#4741);
#4121=AXIS2_PLACEMENT_3D('',#5902,#4742,#4743);
#4122=AXIS2_PLACEMENT_3D('',#5907,#4745,#4746);
#4123=AXIS2_PLACEMENT_3D('',#5910,#4748,#4749);
#4124=AXIS2_PLACEMENT_3D('',#5911,#4750,#4751);
#4125=AXIS2_PLACEMENT_3D('',#5916,#4753,#4754);
#4126=AXIS2_PLACEMENT_3D('',#5919,#4756,#4757);
#4127=AXIS2_PLACEMENT_3D('',#5920,#4758,#4759);
#4128=AXIS2_PLACEMENT_3D('',#5925,#4761,#4762);
#4129=AXIS2_PLACEMENT_3D('',#5928,#4764,#4765);
#4130=AXIS2_PLACEMENT_3D('',#5929,#4766,#4767);
#4131=AXIS2_PLACEMENT_3D('',#5931,#4768,#4769);
#4132=AXIS2_PLACEMENT_3D('',#5933,#4770,#4771);
#4133=AXIS2_PLACEMENT_3D('',#5938,#4773,#4774);
#4134=AXIS2_PLACEMENT_3D('',#5941,#4776,#4777);
#4135=AXIS2_PLACEMENT_3D('',#5943,#4778,#4779);
#4136=AXIS2_PLACEMENT_3D('',#5945,#4780,#4781);
#4137=AXIS2_PLACEMENT_3D('',#5947,#4782,#4783);
#4138=AXIS2_PLACEMENT_3D('',#5949,#4784,#4785);
#4139=AXIS2_PLACEMENT_3D('',#5950,#4786,#4787);
#4140=AXIS2_PLACEMENT_3D('',#5955,#4790,#4791);
#4141=AXIS2_PLACEMENT_3D('',#5957,#4792,#4793);
#4142=AXIS2_PLACEMENT_3D('',#5961,#4796,#4797);
#4143=AXIS2_PLACEMENT_3D('',#5962,#4798,#4799);
#4144=AXIS2_PLACEMENT_3D('',#5965,#4801,#4802);
#4145=AXIS2_PLACEMENT_3D('',#5967,#4804,#4805);
#4146=AXIS2_PLACEMENT_3D('',#5968,#4806,#4807);
#4147=AXIS2_PLACEMENT_3D('',#5970,#4808,#4809);
#4148=AXIS2_PLACEMENT_3D('',#5972,#4810,#4811);
#4149=AXIS2_PLACEMENT_3D('',#5974,#4812,#4813);
#4150=AXIS2_PLACEMENT_3D('',#5976,#4814,#4815);
#4151=AXIS2_PLACEMENT_3D('',#5978,#4816,#4817);
#4152=AXIS2_PLACEMENT_3D('',#5980,#4818,#4819);
#4153=AXIS2_PLACEMENT_3D('',#5982,#4820,#4821);
#4154=AXIS2_PLACEMENT_3D('',#5983,#4822,#4823);
#4155=AXIS2_PLACEMENT_3D('',#6166,#4944,#4945);
#4156=AXIS2_PLACEMENT_3D('',#6167,#4946,#4947);
#4157=AXIS2_PLACEMENT_3D('',#6168,#4948,#4949);
#4158=AXIS2_PLACEMENT_3D('',#6169,#4950,#4951);
#4159=AXIS2_PLACEMENT_3D('',#6170,#4952,#4953);
#4160=AXIS2_PLACEMENT_3D('',#6171,#4954,#4955);
#4161=AXIS2_PLACEMENT_3D('',#6172,#4956,#4957);
#4162=AXIS2_PLACEMENT_3D('',#6173,#4958,#4959);
#4163=AXIS2_PLACEMENT_3D('',#6357,#5080,#5081);
#4164=AXIS2_PLACEMENT_3D('',#6358,#5082,#5083);
#4165=AXIS2_PLACEMENT_3D('',#6361,#5086,#5087);
#4166=AXIS2_PLACEMENT_3D('',#6362,#5088,#5089);
#4167=AXIS2_PLACEMENT_3D('',#6364,#5090,#5091);
#4168=AXIS2_PLACEMENT_3D('',#6366,#5092,#5093);
#4169=AXIS2_PLACEMENT_3D('',#6367,#5094,#5095);
#4170=AXIS2_PLACEMENT_3D('',#6368,#5096,#5097);
#4171=AXIS2_PLACEMENT_3D('',#6370,#5099,#5100);
#4172=AXIS2_PLACEMENT_3D('',#6371,#5101,#5102);
#4173=AXIS2_PLACEMENT_3D('',#6373,#5104,#5105);
#4174=AXIS2_PLACEMENT_3D('',#6374,#5106,#5107);
#4175=AXIS2_PLACEMENT_3D('',#6376,#5109,#5110);
#4176=AXIS2_PLACEMENT_3D('',#6377,#5111,#5112);
#4177=AXIS2_PLACEMENT_3D('',#6379,#5114,#5115);
#4178=AXIS2_PLACEMENT_3D('',#6380,#5116,#5117);
#4179=AXIS2_PLACEMENT_3D('',#6382,#5119,#5120);
#4180=AXIS2_PLACEMENT_3D('',#6383,#5121,#5122);
#4181=AXIS2_PLACEMENT_3D('',#6385,#5124,#5125);
#4182=AXIS2_PLACEMENT_3D('',#6386,#5126,#5127);
#4183=AXIS2_PLACEMENT_3D('',#6388,#5129,#5130);
#4184=AXIS2_PLACEMENT_3D('',#6389,#5131,#5132);
#4185=AXIS2_PLACEMENT_3D('',#6391,#5134,#5135);
#4186=AXIS2_PLACEMENT_3D('',#6392,#5136,#5137);
#4187=AXIS2_PLACEMENT_3D('',#6394,#5139,#5140);
#4188=AXIS2_PLACEMENT_3D('',#6395,#5141,#5142);
#4189=AXIS2_PLACEMENT_3D('',#6397,#5144,#5145);
#4190=AXIS2_PLACEMENT_3D('',#6398,#5146,#5147);
#4191=AXIS2_PLACEMENT_3D('',#6400,#5149,#5150);
#4192=AXIS2_PLACEMENT_3D('',#6401,#5151,#5152);
#4193=AXIS2_PLACEMENT_3D('',#6403,#5154,#5155);
#4194=AXIS2_PLACEMENT_3D('',#6404,#5156,#5157);
#4195=AXIS2_PLACEMENT_3D('',#6406,#5159,#5160);
#4196=AXIS2_PLACEMENT_3D('',#6407,#5161,#5162);
#4197=AXIS2_PLACEMENT_3D('',#6409,#5164,#5165);
#4198=AXIS2_PLACEMENT_3D('',#6410,#5166,#5167);
#4199=AXIS2_PLACEMENT_3D('',#6412,#5169,#5170);
#4200=AXIS2_PLACEMENT_3D('',#6413,#5171,#5172);
#4201=AXIS2_PLACEMENT_3D('',#6415,#5174,#5175);
#4202=AXIS2_PLACEMENT_3D('',#6416,#5176,#5177);
#4203=AXIS2_PLACEMENT_3D('',#6418,#5179,#5180);
#4204=AXIS2_PLACEMENT_3D('',#6419,#5181,#5182);
#4205=AXIS2_PLACEMENT_3D('',#6421,#5184,#5185);
#4206=AXIS2_PLACEMENT_3D('',#6422,#5186,#5187);
#4207=AXIS2_PLACEMENT_3D('',#6424,#5189,#5190);
#4208=AXIS2_PLACEMENT_3D('',#6425,#5191,#5192);
#4209=AXIS2_PLACEMENT_3D('',#6427,#5194,#5195);
#4210=AXIS2_PLACEMENT_3D('',#6428,#5196,#5197);
#4211=AXIS2_PLACEMENT_3D('',#6430,#5199,#5200);
#4212=AXIS2_PLACEMENT_3D('',#6431,#5201,#5202);
#4213=AXIS2_PLACEMENT_3D('',#6433,#5204,#5205);
#4214=AXIS2_PLACEMENT_3D('',#6434,#5206,#5207);
#4215=AXIS2_PLACEMENT_3D('',#6436,#5209,#5210);
#4216=AXIS2_PLACEMENT_3D('',#6437,#5211,#5212);
#4217=AXIS2_PLACEMENT_3D('',#6439,#5214,#5215);
#4218=AXIS2_PLACEMENT_3D('',#6440,#5216,#5217);
#4219=AXIS2_PLACEMENT_3D('',#6442,#5219,#5220);
#4220=AXIS2_PLACEMENT_3D('',#6443,#5221,#5222);
#4221=AXIS2_PLACEMENT_3D('',#6445,#5224,#5225);
#4222=AXIS2_PLACEMENT_3D('',#6446,#5226,#5227);
#4223=AXIS2_PLACEMENT_3D('',#6448,#5229,#5230);
#4224=AXIS2_PLACEMENT_3D('',#6449,#5231,#5232);
#4225=AXIS2_PLACEMENT_3D('',#6451,#5234,#5235);
#4226=AXIS2_PLACEMENT_3D('',#6452,#5236,#5237);
#4227=AXIS2_PLACEMENT_3D('',#6454,#5239,#5240);
#4228=AXIS2_PLACEMENT_3D('',#6455,#5241,#5242);
#4229=AXIS2_PLACEMENT_3D('',#6457,#5244,#5245);
#4230=AXIS2_PLACEMENT_3D('',#6458,#5246,#5247);
#4231=AXIS2_PLACEMENT_3D('',#6460,#5249,#5250);
#4232=AXIS2_PLACEMENT_3D('',#6461,#5251,#5252);
#4233=AXIS2_PLACEMENT_3D('',#6463,#5254,#5255);
#4234=AXIS2_PLACEMENT_3D('',#6464,#5256,#5257);
#4235=AXIS2_PLACEMENT_3D('',#6466,#5259,#5260);
#4236=AXIS2_PLACEMENT_3D('',#6467,#5261,#5262);
#4237=AXIS2_PLACEMENT_3D('',#6469,#5264,#5265);
#4238=AXIS2_PLACEMENT_3D('',#6470,#5266,#5267);
#4239=AXIS2_PLACEMENT_3D('',#6472,#5269,#5270);
#4240=AXIS2_PLACEMENT_3D('',#6473,#5271,#5272);
#4241=AXIS2_PLACEMENT_3D('',#6475,#5274,#5275);
#4242=AXIS2_PLACEMENT_3D('',#6476,#5276,#5277);
#4243=AXIS2_PLACEMENT_3D('',#6478,#5279,#5280);
#4244=AXIS2_PLACEMENT_3D('',#6479,#5281,#5282);
#4245=AXIS2_PLACEMENT_3D('',#6481,#5284,#5285);
#4246=AXIS2_PLACEMENT_3D('',#6482,#5286,#5287);
#4247=AXIS2_PLACEMENT_3D('',#6484,#5289,#5290);
#4248=AXIS2_PLACEMENT_3D('',#6485,#5291,#5292);
#4249=AXIS2_PLACEMENT_3D('',#6487,#5294,#5295);
#4250=AXIS2_PLACEMENT_3D('',#6488,#5296,#5297);
#4251=AXIS2_PLACEMENT_3D('',#6490,#5299,#5300);
#4252=AXIS2_PLACEMENT_3D('',#6491,#5301,#5302);
#4253=AXIS2_PLACEMENT_3D('',#6493,#5304,#5305);
#4254=AXIS2_PLACEMENT_3D('',#6494,#5306,#5307);
#4255=AXIS2_PLACEMENT_3D('',#6496,#5309,#5310);
#4256=AXIS2_PLACEMENT_3D('',#6497,#5311,#5312);
#4257=AXIS2_PLACEMENT_3D('',#6499,#5314,#5315);
#4258=AXIS2_PLACEMENT_3D('',#6500,#5316,#5317);
#4259=AXIS2_PLACEMENT_3D('',#6502,#5319,#5320);
#4260=AXIS2_PLACEMENT_3D('',#6503,#5321,#5322);
#4261=AXIS2_PLACEMENT_3D('',#6505,#5324,#5325);
#4262=AXIS2_PLACEMENT_3D('',#6506,#5326,#5327);
#4263=AXIS2_PLACEMENT_3D('',#6508,#5329,#5330);
#4264=AXIS2_PLACEMENT_3D('',#6509,#5331,#5332);
#4265=AXIS2_PLACEMENT_3D('',#6511,#5334,#5335);
#4266=AXIS2_PLACEMENT_3D('',#6512,#5336,#5337);
#4267=AXIS2_PLACEMENT_3D('',#6514,#5339,#5340);
#4268=AXIS2_PLACEMENT_3D('',#6515,#5341,#5342);
#4269=AXIS2_PLACEMENT_3D('',#6517,#5344,#5345);
#4270=AXIS2_PLACEMENT_3D('',#6518,#5346,#5347);
#4271=AXIS2_PLACEMENT_3D('',#6520,#5349,#5350);
#4272=AXIS2_PLACEMENT_3D('',#6521,#5351,#5352);
#4273=AXIS2_PLACEMENT_3D('',#6523,#5354,#5355);
#4274=AXIS2_PLACEMENT_3D('',#6524,#5356,#5357);
#4275=AXIS2_PLACEMENT_3D('',#6526,#5359,#5360);
#4276=AXIS2_PLACEMENT_3D('',#6527,#5361,#5362);
#4277=AXIS2_PLACEMENT_3D('',#6529,#5364,#5365);
#4278=AXIS2_PLACEMENT_3D('',#6530,#5366,#5367);
#4279=AXIS2_PLACEMENT_3D('',#6532,#5369,#5370);
#4280=AXIS2_PLACEMENT_3D('',#6533,#5371,#5372);
#4281=AXIS2_PLACEMENT_3D('',#6535,#5374,#5375);
#4282=AXIS2_PLACEMENT_3D('',#6536,#5376,#5377);
#4283=AXIS2_PLACEMENT_3D('',#6538,#5379,#5380);
#4284=AXIS2_PLACEMENT_3D('',#6539,#5381,#5382);
#4285=AXIS2_PLACEMENT_3D('',#6541,#5384,#5385);
#4286=AXIS2_PLACEMENT_3D('',#6542,#5386,#5387);
#4287=AXIS2_PLACEMENT_3D('',#6544,#5389,#5390);
#4288=AXIS2_PLACEMENT_3D('',#6545,#5391,#5392);
#4289=AXIS2_PLACEMENT_3D('',#6547,#5394,#5395);
#4290=DIRECTION('',(0.,0.,1.));
#4291=DIRECTION('',(1.,0.,0.));
#4292=DIRECTION('',(0.,-1.,0.));
#4293=DIRECTION('',(0.,0.,-1.));
#4294=DIRECTION('',(0.,-1.,0.));
#4295=DIRECTION('',(0.,0.,-1.));
#4296=DIRECTION('',(0.,-1.,0.));
#4297=DIRECTION('',(0.,-1.,0.));
#4298=DIRECTION('',(0.,0.,-1.));
#4299=DIRECTION('',(0.,-1.,0.));
#4300=DIRECTION('',(0.,-1.,0.));
#4301=DIRECTION('',(0.,0.,-1.));
#4302=DIRECTION('',(0.,-1.,0.));
#4303=DIRECTION('',(0.,0.,-1.));
#4304=DIRECTION('',(0.,-1.,0.));
#4305=DIRECTION('',(0.,-1.,0.));
#4306=DIRECTION('',(0.,0.,-1.));
#4307=DIRECTION('',(0.,-1.,0.));
#4308=DIRECTION('',(0.,-1.,0.));
#4309=DIRECTION('',(0.,0.,-1.));
#4310=DIRECTION('',(0.,-1.,0.));
#4311=DIRECTION('',(0.,0.,-1.));
#4312=DIRECTION('',(0.,-1.,0.));
#4313=DIRECTION('',(0.,-1.,0.));
#4314=DIRECTION('',(0.,0.,-1.));
#4315=DIRECTION('',(0.,-1.,0.));
#4316=DIRECTION('',(0.,-1.,0.));
#4317=DIRECTION('',(0.,0.,-1.));
#4318=DIRECTION('',(0.,-1.,0.));
#4319=DIRECTION('',(0.,0.,-1.));
#4320=DIRECTION('',(0.,-1.,0.));
#4321=DIRECTION('',(0.,-1.,0.));
#4322=DIRECTION('',(0.,0.,-1.));
#4323=DIRECTION('',(0.,-1.,0.));
#4324=DIRECTION('',(0.,-1.,0.));
#4325=DIRECTION('',(0.,0.,-1.));
#4326=DIRECTION('',(0.,-1.,0.));
#4327=DIRECTION('',(0.,0.,-1.));
#4328=DIRECTION('',(0.,-1.,0.));
#4329=DIRECTION('',(0.,-1.,0.));
#4330=DIRECTION('',(0.,0.,-1.));
#4331=DIRECTION('',(0.,-1.,0.));
#4332=DIRECTION('',(0.,-1.,0.));
#4333=DIRECTION('',(0.,0.,-1.));
#4334=DIRECTION('',(0.,-1.,0.));
#4335=DIRECTION('',(0.,0.,-1.));
#4336=DIRECTION('',(0.,-1.,0.));
#4337=DIRECTION('',(0.,-1.,0.));
#4338=DIRECTION('',(0.,0.,-1.));
#4339=DIRECTION('',(0.,-1.,0.));
#4340=DIRECTION('',(0.,-1.,0.));
#4341=DIRECTION('',(0.,0.,-1.));
#4342=DIRECTION('',(0.,-1.,0.));
#4343=DIRECTION('',(0.,0.,-1.));
#4344=DIRECTION('',(0.,-1.,0.));
#4345=DIRECTION('',(0.,-1.,0.));
#4346=DIRECTION('',(0.,0.,-1.));
#4347=DIRECTION('',(0.,-1.,0.));
#4348=DIRECTION('',(0.,-1.,0.));
#4349=DIRECTION('',(0.,0.,-1.));
#4350=DIRECTION('',(0.,-1.,0.));
#4351=DIRECTION('',(0.,0.,-1.));
#4352=DIRECTION('',(0.,-1.,0.));
#4353=DIRECTION('',(0.,-1.,0.));
#4354=DIRECTION('',(0.,0.,-1.));
#4355=DIRECTION('',(0.,-1.,0.));
#4356=DIRECTION('',(0.,-1.,0.));
#4357=DIRECTION('',(0.,0.,-1.));
#4358=DIRECTION('',(0.,-1.,0.));
#4359=DIRECTION('',(0.,0.,-1.));
#4360=DIRECTION('',(0.,-1.,0.));
#4361=DIRECTION('',(0.,-1.,0.));
#4362=DIRECTION('',(0.,0.,-1.));
#4363=DIRECTION('',(0.,-1.,0.));
#4364=DIRECTION('',(0.,-1.,0.));
#4365=DIRECTION('',(0.,0.,-1.));
#4366=DIRECTION('',(0.,-1.,0.));
#4367=DIRECTION('',(0.,0.,-1.));
#4368=DIRECTION('',(0.,-1.,0.));
#4369=DIRECTION('',(0.,-1.,0.));
#4370=DIRECTION('',(0.,0.,-1.));
#4371=DIRECTION('',(0.,-1.,0.));
#4372=DIRECTION('',(0.,-1.,0.));
#4373=DIRECTION('',(0.,0.,-1.));
#4374=DIRECTION('',(0.,-1.,0.));
#4375=DIRECTION('',(0.,0.,-1.));
#4376=DIRECTION('',(0.,-1.,0.));
#4377=DIRECTION('',(0.,-1.,0.));
#4378=DIRECTION('',(0.,0.,-1.));
#4379=DIRECTION('',(0.,-1.,0.));
#4380=DIRECTION('',(0.,-1.,0.));
#4381=DIRECTION('',(0.,0.,-1.));
#4382=DIRECTION('',(0.,-1.,0.));
#4383=DIRECTION('',(0.,0.,-1.));
#4384=DIRECTION('',(0.,-1.,0.));
#4385=DIRECTION('',(0.,-1.,0.));
#4386=DIRECTION('',(0.,0.,-1.));
#4387=DIRECTION('',(0.,-1.,0.));
#4388=DIRECTION('',(0.,-1.,0.));
#4389=DIRECTION('',(0.,0.,-1.));
#4390=DIRECTION('',(0.,-1.,0.));
#4391=DIRECTION('',(0.,0.,-1.));
#4392=DIRECTION('',(0.,-1.,0.));
#4393=DIRECTION('',(0.,-1.,0.));
#4394=DIRECTION('',(0.,0.,-1.));
#4395=DIRECTION('',(0.,-1.,0.));
#4396=DIRECTION('',(0.,-1.,0.));
#4397=DIRECTION('',(0.,0.,-1.));
#4398=DIRECTION('',(0.,-1.,0.));
#4399=DIRECTION('',(0.,0.,-1.));
#4400=DIRECTION('',(0.,-1.,0.));
#4401=DIRECTION('',(0.,-1.,0.));
#4402=DIRECTION('',(0.,0.,-1.));
#4403=DIRECTION('',(0.,-1.,0.));
#4404=DIRECTION('',(0.,-1.,0.));
#4405=DIRECTION('',(0.,0.,-1.));
#4406=DIRECTION('',(0.,-1.,0.));
#4407=DIRECTION('',(0.,0.,-1.));
#4408=DIRECTION('',(0.,-1.,0.));
#4409=DIRECTION('',(0.,-1.,0.));
#4410=DIRECTION('',(0.,0.,-1.));
#4411=DIRECTION('',(0.,-1.,0.));
#4412=DIRECTION('',(0.,-1.,0.));
#4413=DIRECTION('',(0.,0.,-1.));
#4414=DIRECTION('',(0.,-1.,0.));
#4415=DIRECTION('',(0.,0.,-1.));
#4416=DIRECTION('',(0.,-1.,0.));
#4417=DIRECTION('',(0.,-1.,0.));
#4418=DIRECTION('',(0.,0.,-1.));
#4419=DIRECTION('',(0.,-1.,0.));
#4420=DIRECTION('',(0.,-1.,0.));
#4421=DIRECTION('',(0.,0.,-1.));
#4422=DIRECTION('',(0.,-1.,0.));
#4423=DIRECTION('',(0.,0.,-1.));
#4424=DIRECTION('',(0.,-1.,0.));
#4425=DIRECTION('',(0.,-1.,0.));
#4426=DIRECTION('',(0.,0.,-1.));
#4427=DIRECTION('',(0.,-1.,0.));
#4428=DIRECTION('',(0.,-1.,0.));
#4429=DIRECTION('',(0.,0.,-1.));
#4430=DIRECTION('',(0.,-1.,0.));
#4431=DIRECTION('',(0.,0.,-1.));
#4432=DIRECTION('',(0.,-1.,0.));
#4433=DIRECTION('',(0.,-1.,0.));
#4434=DIRECTION('',(0.,0.,-1.));
#4435=DIRECTION('',(0.,-1.,0.));
#4436=DIRECTION('',(0.,-1.,0.));
#4437=DIRECTION('',(0.,0.,-1.));
#4438=DIRECTION('',(0.,-1.,0.));
#4439=DIRECTION('',(0.,0.,-1.));
#4440=DIRECTION('',(0.,-1.,0.));
#4441=DIRECTION('',(0.,-1.,0.));
#4442=DIRECTION('',(0.,0.,-1.));
#4443=DIRECTION('',(0.,-1.,0.));
#4444=DIRECTION('',(0.,-1.,0.));
#4445=DIRECTION('',(0.,0.,-1.));
#4446=DIRECTION('',(0.,-1.,0.));
#4447=DIRECTION('',(0.,0.,-1.));
#4448=DIRECTION('',(0.,-1.,0.));
#4449=DIRECTION('',(0.,-1.,0.));
#4450=DIRECTION('',(0.,0.,-1.));
#4451=DIRECTION('',(0.,-1.,0.));
#4452=DIRECTION('',(0.,-1.,0.));
#4453=DIRECTION('',(0.,0.,-1.));
#4454=DIRECTION('',(0.,-1.,0.));
#4455=DIRECTION('',(0.,0.,-1.));
#4456=DIRECTION('',(0.,-1.,0.));
#4457=DIRECTION('',(0.,-1.,0.));
#4458=DIRECTION('',(0.,0.,-1.));
#4459=DIRECTION('',(0.,-1.,0.));
#4460=DIRECTION('',(0.,-1.,0.));
#4461=DIRECTION('',(0.,0.,-1.));
#4462=DIRECTION('',(0.,-1.,0.));
#4463=DIRECTION('',(0.,0.,-1.));
#4464=DIRECTION('',(0.,-1.,0.));
#4465=DIRECTION('',(0.,-1.,0.));
#4466=DIRECTION('',(0.,0.,-1.));
#4467=DIRECTION('',(0.,-1.,0.));
#4468=DIRECTION('',(0.,-1.,0.));
#4469=DIRECTION('',(0.,0.,-1.));
#4470=DIRECTION('',(0.,-1.,0.));
#4471=DIRECTION('',(0.,0.,-1.));
#4472=DIRECTION('',(0.,-1.,0.));
#4473=DIRECTION('',(0.,-1.,0.));
#4474=DIRECTION('',(0.,0.,-1.));
#4475=DIRECTION('',(0.,-1.,0.));
#4476=DIRECTION('',(0.,-1.,0.));
#4477=DIRECTION('',(0.,0.,-1.));
#4478=DIRECTION('',(0.,-1.,0.));
#4479=DIRECTION('',(0.,0.,-1.));
#4480=DIRECTION('',(0.,-1.,0.));
#4481=DIRECTION('',(0.,-1.,0.));
#4482=DIRECTION('',(0.,0.,-1.));
#4483=DIRECTION('',(0.,-1.,0.));
#4484=DIRECTION('',(0.,-1.,0.));
#4485=DIRECTION('',(0.,0.,-1.));
#4486=DIRECTION('',(0.,-1.,0.));
#4487=DIRECTION('',(0.,0.,-1.));
#4488=DIRECTION('',(0.,-1.,0.));
#4489=DIRECTION('',(0.,-1.,0.));
#4490=DIRECTION('',(0.,0.,-1.));
#4491=DIRECTION('',(0.,-1.,0.));
#4492=DIRECTION('',(0.,-1.,0.));
#4493=DIRECTION('',(0.,0.,-1.));
#4494=DIRECTION('',(0.,-1.,0.));
#4495=DIRECTION('',(0.,0.,-1.));
#4496=DIRECTION('',(0.,-1.,0.));
#4497=DIRECTION('',(0.,-1.,0.));
#4498=DIRECTION('',(0.,0.,-1.));
#4499=DIRECTION('',(0.,-1.,0.));
#4500=DIRECTION('',(0.,-1.,0.));
#4501=DIRECTION('',(0.,0.,-1.));
#4502=DIRECTION('',(0.,-1.,0.));
#4503=DIRECTION('',(0.,0.,-1.));
#4504=DIRECTION('',(0.,-1.,0.));
#4505=DIRECTION('',(0.,-1.,0.));
#4506=DIRECTION('',(0.,0.,-1.));
#4507=DIRECTION('',(0.,-1.,0.));
#4508=DIRECTION('',(0.,-1.,0.));
#4509=DIRECTION('',(0.,0.,-1.));
#4510=DIRECTION('',(0.,-1.,0.));
#4511=DIRECTION('',(0.,0.,-1.));
#4512=DIRECTION('',(0.,-1.,0.));
#4513=DIRECTION('',(0.,-1.,0.));
#4514=DIRECTION('',(0.,0.,-1.));
#4515=DIRECTION('',(0.,-1.,0.));
#4516=DIRECTION('',(0.,-1.,0.));
#4517=DIRECTION('',(0.,0.,-1.));
#4518=DIRECTION('',(0.,-1.,0.));
#4519=DIRECTION('',(0.,0.,-1.));
#4520=DIRECTION('',(0.,-1.,0.));
#4521=DIRECTION('',(0.,-1.,0.));
#4522=DIRECTION('',(0.,0.,-1.));
#4523=DIRECTION('',(0.,-1.,0.));
#4524=DIRECTION('',(0.,-1.,0.));
#4525=DIRECTION('',(0.,0.,-1.));
#4526=DIRECTION('',(0.,-1.,0.));
#4527=DIRECTION('',(0.,0.,-1.));
#4528=DIRECTION('',(0.,-1.,0.));
#4529=DIRECTION('',(0.,-1.,0.));
#4530=DIRECTION('',(0.,0.,-1.));
#4531=DIRECTION('',(0.,-1.,0.));
#4532=DIRECTION('',(0.,-1.,0.));
#4533=DIRECTION('',(0.,0.,-1.));
#4534=DIRECTION('',(0.,-1.,0.));
#4535=DIRECTION('',(0.,0.,-1.));
#4536=DIRECTION('',(0.,-1.,0.));
#4537=DIRECTION('',(0.,-1.,0.));
#4538=DIRECTION('',(0.,0.,-1.));
#4539=DIRECTION('',(0.,-1.,0.));
#4540=DIRECTION('',(0.,-1.,0.));
#4541=DIRECTION('',(0.,0.,-1.));
#4542=DIRECTION('',(0.,-1.,0.));
#4543=DIRECTION('',(0.,0.,-1.));
#4544=DIRECTION('',(0.,-1.,0.));
#4545=DIRECTION('',(0.,-1.,0.));
#4546=DIRECTION('',(0.,0.,-1.));
#4547=DIRECTION('',(0.,-1.,0.));
#4548=DIRECTION('',(0.,-1.,0.));
#4549=DIRECTION('',(0.,0.,-1.));
#4550=DIRECTION('',(0.,-1.,0.));
#4551=DIRECTION('',(0.,0.,-1.));
#4552=DIRECTION('',(0.,-1.,0.));
#4553=DIRECTION('',(0.,-1.,0.));
#4554=DIRECTION('',(0.,0.,-1.));
#4555=DIRECTION('',(0.,-1.,0.));
#4556=DIRECTION('',(0.,-1.,0.));
#4557=DIRECTION('',(0.,0.,-1.));
#4558=DIRECTION('',(0.,-1.,0.));
#4559=DIRECTION('',(0.,0.,-1.));
#4560=DIRECTION('',(0.,-1.,0.));
#4561=DIRECTION('',(0.,-1.,0.));
#4562=DIRECTION('',(0.,0.,-1.));
#4563=DIRECTION('',(0.,-1.,0.));
#4564=DIRECTION('',(0.,-1.,0.));
#4565=DIRECTION('',(0.,0.,-1.));
#4566=DIRECTION('',(0.,-1.,0.));
#4567=DIRECTION('',(0.,0.,-1.));
#4568=DIRECTION('',(0.,-1.,0.));
#4569=DIRECTION('',(0.,-1.,0.));
#4570=DIRECTION('',(0.,0.,-1.));
#4571=DIRECTION('',(0.,-1.,0.));
#4572=DIRECTION('',(0.,-1.,0.));
#4573=DIRECTION('',(0.,0.,-1.));
#4574=DIRECTION('',(0.,-1.,0.));
#4575=DIRECTION('',(0.,0.,-1.));
#4576=DIRECTION('',(0.,-1.,0.));
#4577=DIRECTION('',(0.,-1.,0.));
#4578=DIRECTION('',(0.,0.,-1.));
#4579=DIRECTION('',(0.,-1.,0.));
#4580=DIRECTION('',(0.,-1.,0.));
#4581=DIRECTION('',(0.,0.,-1.));
#4582=DIRECTION('',(0.,-1.,0.));
#4583=DIRECTION('',(0.,0.,-1.));
#4584=DIRECTION('',(0.,-1.,0.));
#4585=DIRECTION('',(0.,-1.,0.));
#4586=DIRECTION('',(0.,0.,-1.));
#4587=DIRECTION('',(0.,-1.,0.));
#4588=DIRECTION('',(0.,-1.,0.));
#4589=DIRECTION('',(0.,0.,-1.));
#4590=DIRECTION('',(0.,-1.,0.));
#4591=DIRECTION('',(0.,0.,-1.));
#4592=DIRECTION('',(0.,-1.,0.));
#4593=DIRECTION('',(0.,-1.,0.));
#4594=DIRECTION('',(0.,0.,-1.));
#4595=DIRECTION('',(0.,-1.,0.));
#4596=DIRECTION('',(0.,-1.,0.));
#4597=DIRECTION('',(0.,0.,-1.));
#4598=DIRECTION('',(0.,-1.,0.));
#4599=DIRECTION('',(0.,0.,-1.));
#4600=DIRECTION('',(0.,-1.,0.));
#4601=DIRECTION('',(0.,-1.,0.));
#4602=DIRECTION('',(0.,0.,-1.));
#4603=DIRECTION('',(0.,-1.,0.));
#4604=DIRECTION('',(0.,-1.,0.));
#4605=DIRECTION('',(0.,0.,-1.));
#4606=DIRECTION('',(0.,-1.,0.));
#4607=DIRECTION('',(0.,0.,-1.));
#4608=DIRECTION('',(0.,-1.,0.));
#4609=DIRECTION('',(0.,-1.,0.));
#4610=DIRECTION('',(0.,0.,-1.));
#4611=DIRECTION('',(0.,-1.,0.));
#4612=DIRECTION('',(0.,-1.,0.));
#4613=DIRECTION('',(0.,0.,-1.));
#4614=DIRECTION('',(0.,-1.,0.));
#4615=DIRECTION('',(0.,0.,-1.));
#4616=DIRECTION('',(0.,-1.,0.));
#4617=DIRECTION('',(0.,-1.,0.));
#4618=DIRECTION('',(0.,0.,-1.));
#4619=DIRECTION('',(0.,-1.,0.));
#4620=DIRECTION('',(0.,-1.,0.));
#4621=DIRECTION('',(0.,0.,-1.));
#4622=DIRECTION('',(0.,-1.,0.));
#4623=DIRECTION('',(0.,0.,-1.));
#4624=DIRECTION('',(0.,-1.,0.));
#4625=DIRECTION('',(0.,-1.,0.));
#4626=DIRECTION('',(0.,0.,-1.));
#4627=DIRECTION('',(0.,-1.,0.));
#4628=DIRECTION('',(0.,-1.,0.));
#4629=DIRECTION('',(0.,0.,-1.));
#4630=DIRECTION('',(0.,-1.,0.));
#4631=DIRECTION('',(0.,0.,-1.));
#4632=DIRECTION('',(0.,-1.,0.));
#4633=DIRECTION('',(0.,-1.,0.));
#4634=DIRECTION('',(0.,0.,-1.));
#4635=DIRECTION('',(0.,-1.,0.));
#4636=DIRECTION('',(0.,-1.,0.));
#4637=DIRECTION('',(0.,0.,-1.));
#4638=DIRECTION('',(0.,-1.,0.));
#4639=DIRECTION('',(0.,0.,-1.));
#4640=DIRECTION('',(0.,-1.,0.));
#4641=DIRECTION('',(0.,-1.,0.));
#4642=DIRECTION('',(0.,0.,-1.));
#4643=DIRECTION('',(0.,-1.,0.));
#4644=DIRECTION('',(0.,-1.,0.));
#4645=DIRECTION('',(0.,0.,-1.));
#4646=DIRECTION('',(0.,-1.,0.));
#4647=DIRECTION('',(0.,0.,-1.));
#4648=DIRECTION('',(0.,-1.,0.));
#4649=DIRECTION('',(0.,-1.,0.));
#4650=DIRECTION('',(0.,0.,-1.));
#4651=DIRECTION('',(0.,-1.,0.));
#4652=DIRECTION('',(0.,-1.,0.));
#4653=DIRECTION('',(0.,0.,-1.));
#4654=DIRECTION('',(0.,-1.,0.));
#4655=DIRECTION('',(0.,0.,-1.));
#4656=DIRECTION('',(0.,-1.,0.));
#4657=DIRECTION('',(0.,-1.,0.));
#4658=DIRECTION('',(0.,0.,-1.));
#4659=DIRECTION('',(0.,-1.,0.));
#4660=DIRECTION('',(0.,-1.,0.));
#4661=DIRECTION('',(0.,0.,-1.));
#4662=DIRECTION('',(0.,-1.,0.));
#4663=DIRECTION('',(0.,0.,-1.));
#4664=DIRECTION('',(0.,-1.,0.));
#4665=DIRECTION('',(0.,-1.,0.));
#4666=DIRECTION('',(0.,0.,-1.));
#4667=DIRECTION('',(0.,-1.,0.));
#4668=DIRECTION('',(0.,-1.,0.));
#4669=DIRECTION('',(0.,0.,-1.));
#4670=DIRECTION('',(0.,-1.,0.));
#4671=DIRECTION('',(0.,0.,-1.));
#4672=DIRECTION('',(0.,-1.,0.));
#4673=DIRECTION('',(0.,-1.,0.));
#4674=DIRECTION('',(0.,0.,-1.));
#4675=DIRECTION('',(0.,-1.,0.));
#4676=DIRECTION('',(0.,-1.,0.));
#4677=DIRECTION('',(0.,0.,-1.));
#4678=DIRECTION('',(0.,-1.,0.));
#4679=DIRECTION('',(0.,0.,-1.));
#4680=DIRECTION('',(0.,-1.,0.));
#4681=DIRECTION('',(0.,-1.,0.));
#4682=DIRECTION('',(0.,0.,-1.));
#4683=DIRECTION('',(0.,-1.,0.));
#4684=DIRECTION('',(0.,-1.,0.));
#4685=DIRECTION('',(0.,0.,-1.));
#4686=DIRECTION('',(0.,-1.,0.));
#4687=DIRECTION('',(0.,0.,-1.));
#4688=DIRECTION('',(0.,-1.,0.));
#4689=DIRECTION('',(0.,-1.,0.));
#4690=DIRECTION('',(0.,0.,-1.));
#4691=DIRECTION('',(0.,-1.,0.));
#4692=DIRECTION('',(0.,-1.,0.));
#4693=DIRECTION('',(0.,0.,-1.));
#4694=DIRECTION('',(0.,-1.,0.));
#4695=DIRECTION('',(0.,0.,-1.));
#4696=DIRECTION('',(0.,-1.,0.));
#4697=DIRECTION('',(0.,-1.,0.));
#4698=DIRECTION('',(0.,0.,-1.));
#4699=DIRECTION('',(0.,-1.,0.));
#4700=DIRECTION('',(0.,-1.,0.));
#4701=DIRECTION('',(0.,0.,-1.));
#4702=DIRECTION('',(0.,-1.,0.));
#4703=DIRECTION('',(0.,0.,-1.));
#4704=DIRECTION('',(0.,-1.,0.));
#4705=DIRECTION('',(0.,-1.,0.));
#4706=DIRECTION('',(0.,0.,-1.));
#4707=DIRECTION('',(0.,-1.,0.));
#4708=DIRECTION('',(0.,-1.,0.));
#4709=DIRECTION('',(0.,0.,-1.));
#4710=DIRECTION('',(0.,-1.,0.));
#4711=DIRECTION('',(0.,0.,-1.));
#4712=DIRECTION('',(0.,-1.,0.));
#4713=DIRECTION('',(0.,-1.,0.));
#4714=DIRECTION('',(0.,0.,-1.));
#4715=DIRECTION('',(0.,-1.,0.));
#4716=DIRECTION('',(0.,-1.,0.));
#4717=DIRECTION('',(0.,0.,-1.));
#4718=DIRECTION('',(0.,-1.,0.));
#4719=DIRECTION('',(0.,0.,-1.));
#4720=DIRECTION('',(0.,-1.,0.));
#4721=DIRECTION('',(0.,-1.,0.));
#4722=DIRECTION('',(0.,0.,-1.));
#4723=DIRECTION('',(0.,-1.,0.));
#4724=DIRECTION('',(0.,-1.,0.));
#4725=DIRECTION('',(0.,0.,-1.));
#4726=DIRECTION('',(0.,-1.,0.));
#4727=DIRECTION('',(0.,0.,-1.));
#4728=DIRECTION('',(0.,-1.,0.));
#4729=DIRECTION('',(0.,-1.,0.));
#4730=DIRECTION('',(0.,0.,-1.));
#4731=DIRECTION('',(0.,-1.,0.));
#4732=DIRECTION('',(0.,-1.,0.));
#4733=DIRECTION('',(0.,0.,-1.));
#4734=DIRECTION('',(0.,-1.,0.));
#4735=DIRECTION('',(0.,0.,-1.));
#4736=DIRECTION('',(0.,-1.,0.));
#4737=DIRECTION('',(0.,-1.,0.));
#4738=DIRECTION('',(0.,0.,-1.));
#4739=DIRECTION('',(0.,-1.,0.));
#4740=DIRECTION('',(0.,-1.,0.));
#4741=DIRECTION('',(0.,0.,-1.));
#4742=DIRECTION('',(0.,-1.,0.));
#4743=DIRECTION('',(0.,0.,-1.));
#4744=DIRECTION('',(0.,-1.,0.));
#4745=DIRECTION('',(0.,-1.,0.));
#4746=DIRECTION('',(0.,0.,-1.));
#4747=DIRECTION('',(0.,-1.,0.));
#4748=DIRECTION('',(0.,-1.,0.));
#4749=DIRECTION('',(0.,0.,-1.));
#4750=DIRECTION('',(0.,-1.,0.));
#4751=DIRECTION('',(0.,0.,-1.));
#4752=DIRECTION('',(0.,-1.,0.));
#4753=DIRECTION('',(0.,-1.,0.));
#4754=DIRECTION('',(0.,0.,-1.));
#4755=DIRECTION('',(0.,-1.,0.));
#4756=DIRECTION('',(0.,-1.,0.));
#4757=DIRECTION('',(0.,0.,-1.));
#4758=DIRECTION('',(0.,-1.,0.));
#4759=DIRECTION('',(0.,0.,-1.));
#4760=DIRECTION('',(0.,-1.,0.));
#4761=DIRECTION('',(0.,-1.,0.));
#4762=DIRECTION('',(0.,0.,-1.));
#4763=DIRECTION('',(0.,-1.,0.));
#4764=DIRECTION('',(0.,1.,0.));
#4765=DIRECTION('',(0.,0.,1.));
#4766=DIRECTION('',(0.,1.,0.));
#4767=DIRECTION('',(0.,0.,1.));
#4768=DIRECTION('',(0.,1.,0.));
#4769=DIRECTION('',(0.,0.,1.));
#4770=DIRECTION('',(0.,-1.,0.));
#4771=DIRECTION('',(0.,0.,-1.));
#4772=DIRECTION('',(0.998510440144325,0.,0.0545609835210727));
#4773=DIRECTION('',(0.,1.,0.));
#4774=DIRECTION('',(0.,0.,1.));
#4775=DIRECTION('',(-0.998510440144325,0.,0.0545609835210729));
#4776=DIRECTION('',(0.,1.,0.));
#4777=DIRECTION('',(0.,0.,1.));
#4778=DIRECTION('',(0.,1.,0.));
#4779=DIRECTION('',(0.,0.,1.));
#4780=DIRECTION('',(0.,1.,0.));
#4781=DIRECTION('',(0.,0.,1.));
#4782=DIRECTION('',(0.,1.,0.));
#4783=DIRECTION('',(0.,0.,1.));
#4784=DIRECTION('',(0.,1.,0.));
#4785=DIRECTION('',(0.,0.,1.));
#4786=DIRECTION('',(0.,1.,0.));
#4787=DIRECTION('',(0.,0.,1.));
#4788=DIRECTION('',(0.,1.,0.));
#4789=DIRECTION('',(0.,1.,0.));
#4790=DIRECTION('',(0.,1.,0.));
#4791=DIRECTION('',(0.,0.,1.));
#4792=DIRECTION('',(-0.0545609835210727,0.,0.998510440144325));
#4793=DIRECTION('',(0.998510440144325,0.,0.0545609835210727));
#4794=DIRECTION('',(0.998510440144325,0.,0.0545609835210727));
#4795=DIRECTION('',(0.,1.,0.));
#4796=DIRECTION('',(0.,1.,0.));
#4797=DIRECTION('',(0.,0.,1.));
#4798=DIRECTION('',(0.,1.,0.));
#4799=DIRECTION('',(0.,0.,1.));
#4800=DIRECTION('',(0.,1.,0.));
#4801=DIRECTION('',(-0.0545609835210729,0.,-0.998510440144325));
#4802=DIRECTION('',(-0.998510440144325,0.,0.0545609835210729));
#4803=DIRECTION('',(-0.998510440144325,0.,0.0545609835210729));
#4804=DIRECTION('',(0.,1.,0.));
#4805=DIRECTION('',(0.,0.,1.));
#4806=DIRECTION('',(0.,1.,0.));
#4807=DIRECTION('',(0.,0.,1.));
#4808=DIRECTION('',(0.,1.,0.));
#4809=DIRECTION('',(0.,0.,1.));
#4810=DIRECTION('',(0.,1.,0.));
#4811=DIRECTION('',(0.,0.,1.));
#4812=DIRECTION('',(0.,1.,0.));
#4813=DIRECTION('',(0.,0.,1.));
#4814=DIRECTION('',(0.,1.,0.));
#4815=DIRECTION('',(0.,0.,1.));
#4816=DIRECTION('',(0.,1.,0.));
#4817=DIRECTION('',(0.,0.,1.));
#4818=DIRECTION('',(0.,1.,0.));
#4819=DIRECTION('',(0.,0.,1.));
#4820=DIRECTION('',(0.,1.,0.));
#4821=DIRECTION('',(0.,0.,1.));
#4822=DIRECTION('',(0.,-1.,0.));
#4823=DIRECTION('',(0.,0.,-1.));
#4824=DIRECTION('',(0.707106781186545,0.,-0.70710678118655));
#4825=DIRECTION('',(0.707106781186545,0.,0.70710678118655));
#4826=DIRECTION('',(0.629320391049835,0.,-0.777145961456973));
#4827=DIRECTION('',(0.777145961456969,0.,0.62932039104984));
#4828=DIRECTION('',(0.544639035015024,0.,-0.838670567945426));
#4829=DIRECTION('',(0.838670567945423,0.,0.54463903501503));
#4830=DIRECTION('',(0.453990499739543,0.,-0.89100652418837));
#4831=DIRECTION('',(0.891006524188367,0.,0.453990499739549));
#4832=DIRECTION('',(0.358367949545296,0.,-0.933580426497203));
#4833=DIRECTION('',(0.933580426497201,0.,0.358367949545303));
#4834=DIRECTION('',(0.258819045102516,0.,-0.96592582628907));
#4835=DIRECTION('',(0.965925826289068,0.,0.258819045102523));
#4836=DIRECTION('',(0.156434465040226,0.,-0.987688340595138));
#4837=DIRECTION('',(0.987688340595137,0.,0.156434465040233));
#4838=DIRECTION('',(0.052335956242939,0.,-0.998629534754574));
#4839=DIRECTION('',(0.998629534754574,0.,0.0523359562429456));
#4840=DIRECTION('',(-0.052335956242949,0.,-0.998629534754574));
#4841=DIRECTION('',(0.998629534754574,0.,-0.0523359562429423));
#4842=DIRECTION('',(-0.156434465040236,0.,-0.987688340595137));
#4843=DIRECTION('',(0.987688340595138,0.,-0.15643446504023));
#4844=DIRECTION('',(-0.258819045102526,0.,-0.965925826289067));
#4845=DIRECTION('',(0.965925826289069,0.,-0.25881904510252));
#4846=DIRECTION('',(-0.358367949545306,0.,-0.9335804264972));
#4847=DIRECTION('',(0.933580426497202,0.,-0.3583679495453));
#4848=DIRECTION('',(-0.453990499739552,0.,-0.891006524188365));
#4849=DIRECTION('',(0.891006524188368,0.,-0.453990499739546));
#4850=DIRECTION('',(-0.544639035015032,0.,-0.838670567945421));
#4851=DIRECTION('',(0.838670567945424,0.,-0.544639035015027));
#4852=DIRECTION('',(-0.629320391049842,0.,-0.777145961456967));
#4853=DIRECTION('',(0.777145961456971,0.,-0.629320391049837));
#4854=DIRECTION('',(-0.707106781186552,0.,-0.707106781186543));
#4855=DIRECTION('',(0.707106781186547,0.,-0.707106781186548));
#4856=DIRECTION('',(-0.777145961456975,0.,-0.629320391049832));
#4857=DIRECTION('',(0.629320391049837,0.,-0.777145961456971));
#4858=DIRECTION('',(-0.838670567945428,0.,-0.544639035015021));
#4859=DIRECTION('',(0.544639035015027,0.,-0.838670567945424));
#4860=DIRECTION('',(-0.891006524188371,0.,-0.45399049973954));
#4861=DIRECTION('',(0.453990499739546,0.,-0.891006524188368));
#4862=DIRECTION('',(-0.933580426497205,0.,-0.358367949545293));
#4863=DIRECTION('',(0.358367949545299,0.,-0.933580426497202));
#4864=DIRECTION('',(-0.96592582628907,0.,-0.258819045102513));
#4865=DIRECTION('',(0.258819045102519,0.,-0.965925826289069));
#4866=DIRECTION('',(-0.987688340595139,0.,-0.156434465040223));
#4867=DIRECTION('',(0.156434465040229,0.,-0.987688340595138));
#4868=DIRECTION('',(-0.998629534754574,0.,-0.0523359562429356));
#4869=DIRECTION('',(0.0523359562429422,0.,-0.998629534754574));
#4870=DIRECTION('',(-0.998629534754574,0.,0.0523359562429522));
#4871=DIRECTION('',(-0.0523359562429457,0.,-0.998629534754574));
#4872=DIRECTION('',(-0.987688340595136,0.,0.156434465040239));
#4873=DIRECTION('',(-0.156434465040233,0.,-0.987688340595138));
#4874=DIRECTION('',(-0.965925826289066,0.,0.25881904510253));
#4875=DIRECTION('',(-0.258819045102523,0.,-0.965925826289068));
#4876=DIRECTION('',(-0.933580426497199,0.,0.358367949545309));
#4877=DIRECTION('',(-0.358367949545303,0.,-0.933580426497201));
#4878=DIRECTION('',(-0.891006524188364,0.,0.453990499739555));
#4879=DIRECTION('',(-0.453990499739549,0.,-0.891006524188367));
#4880=DIRECTION('',(-0.838670567945419,0.,0.544639035015035));
#4881=DIRECTION('',(-0.54463903501503,0.,-0.838670567945422));
#4882=DIRECTION('',(-0.777145961456965,0.,0.629320391049845));
#4883=DIRECTION('',(-0.62932039104984,0.,-0.777145961456969));
#4884=DIRECTION('',(-0.707106781186545,0.,0.70710678118655));
#4885=DIRECTION('',(-0.707106781186545,0.,-0.70710678118655));
#4886=DIRECTION('',(-0.62932039104983,0.,0.777145961456977));
#4887=DIRECTION('',(-0.777145961456973,0.,-0.629320391049835));
#4888=DIRECTION('',(-0.544639035015018,0.,0.83867056794543));
#4889=DIRECTION('',(-0.838670567945426,0.,-0.544639035015024));
#4890=DIRECTION('',(-0.453990499739537,0.,0.891006524188373));
#4891=DIRECTION('',(-0.89100652418837,0.,-0.453990499739543));
#4892=DIRECTION('',(-0.35836794954529,0.,0.933580426497206));
#4893=DIRECTION('',(-0.933580426497203,0.,-0.358367949545296));
#4894=DIRECTION('',(-0.25881904510251,0.,0.965925826289071));
#4895=DIRECTION('',(-0.96592582628907,0.,-0.258819045102516));
#4896=DIRECTION('',(-0.156434465040219,0.,0.98768834059514));
#4897=DIRECTION('',(-0.987688340595139,0.,-0.156434465040226));
#4898=DIRECTION('',(-0.0523359562429321,0.,0.998629534754574));
#4899=DIRECTION('',(-0.998629534754574,0.,-0.0523359562429387));
#4900=DIRECTION('',(0.0523359562429557,0.,0.998629534754573));
#4901=DIRECTION('',(-0.998629534754574,0.,0.0523359562429491));
#4902=DIRECTION('',(0.156434465040243,0.,0.987688340595136));
#4903=DIRECTION('',(-0.987688340595137,0.,0.156434465040236));
#4904=DIRECTION('',(0.258819045102533,0.,0.965925826289065));
#4905=DIRECTION('',(-0.965925826289067,0.,0.258819045102527));
#4906=DIRECTION('',(0.358367949545312,0.,0.933580426497197));
#4907=DIRECTION('',(-0.9335804264972,0.,0.358367949545306));
#4908=DIRECTION('',(0.453990499739558,0.,0.891006524188362));
#4909=DIRECTION('',(-0.891006524188365,0.,0.453990499739552));
#4910=DIRECTION('',(0.544639035015038,0.,0.838670567945417));
#4911=DIRECTION('',(-0.83867056794542,0.,0.544639035015033));
#4912=DIRECTION('',(0.629320391049848,0.,0.777145961456962));
#4913=DIRECTION('',(-0.777145961456967,0.,0.629320391049843));
#4914=DIRECTION('',(0.707106781186557,0.,0.707106781186538));
#4915=DIRECTION('',(-0.707106781186542,0.,0.707106781186553));
#4916=DIRECTION('',(0.777145961456979,0.,0.629320391049827));
#4917=DIRECTION('',(-0.629320391049832,0.,0.777145961456975));
#4918=DIRECTION('',(0.838670567945432,0.,0.544639035015015));
#4919=DIRECTION('',(-0.544639035015021,0.,0.838670567945428));
#4920=DIRECTION('',(0.891006524188374,0.,0.453990499739535));
#4921=DIRECTION('',(-0.45399049973954,0.,0.891006524188371));
#4922=DIRECTION('',(0.933580426497207,0.,0.358367949545287));
#4923=DIRECTION('',(-0.358367949545293,0.,0.933580426497205));
#4924=DIRECTION('',(0.965925826289072,0.,0.258819045102506));
#4925=DIRECTION('',(-0.258819045102513,0.,0.96592582628907));
#4926=DIRECTION('',(0.98768834059514,0.,0.156434465040216));
#4927=DIRECTION('',(-0.156434465040223,0.,0.987688340595139));
#4928=DIRECTION('',(0.998629534754575,0.,0.0523359562429286));
#4929=DIRECTION('',(-0.0523359562429352,0.,0.998629534754574));
#4930=DIRECTION('',(0.998629534754573,0.,-0.0523359562429588));
#4931=DIRECTION('',(0.0523359562429521,0.,0.998629534754574));
#4932=DIRECTION('',(0.987688340595135,0.,-0.156434465040246));
#4933=DIRECTION('',(0.15643446504024,0.,0.987688340595136));
#4934=DIRECTION('',(0.965925826289064,0.,-0.258819045102536));
#4935=DIRECTION('',(0.25881904510253,0.,0.965925826289066));
#4936=DIRECTION('',(0.933580426497196,0.,-0.358367949545315));
#4937=DIRECTION('',(0.358367949545309,0.,0.933580426497199));
#4938=DIRECTION('',(0.89100652418836,0.,-0.453990499739561));
#4939=DIRECTION('',(0.453990499739556,0.,0.891006524188364));
#4940=DIRECTION('',(0.838670567945415,0.,-0.544639035015041));
#4941=DIRECTION('',(0.544639035015035,0.,0.838670567945419));
#4942=DIRECTION('',(0.77714596145696,0.,-0.62932039104985));
#4943=DIRECTION('',(0.629320391049845,0.,0.777145961456965));
#4944=DIRECTION('',(0.,1.,0.));
#4945=DIRECTION('',(0.,0.,1.));
#4946=DIRECTION('',(0.,1.,0.));
#4947=DIRECTION('',(0.,0.,1.));
#4948=DIRECTION('',(0.,1.,0.));
#4949=DIRECTION('',(0.,0.,1.));
#4950=DIRECTION('',(0.,1.,0.));
#4951=DIRECTION('',(0.,0.,1.));
#4952=DIRECTION('',(0.,1.,0.));
#4953=DIRECTION('',(0.,0.,1.));
#4954=DIRECTION('',(0.,1.,0.));
#4955=DIRECTION('',(0.,0.,1.));
#4956=DIRECTION('',(0.,1.,0.));
#4957=DIRECTION('',(0.,0.,1.));
#4958=DIRECTION('',(0.,1.,0.));
#4959=DIRECTION('',(0.,0.,1.));
#4960=DIRECTION('',(0.629320391049845,0.,0.777145961456964));
#4961=DIRECTION('',(0.77714596145696,0.,-0.62932039104985));
#4962=DIRECTION('',(0.544639035015035,0.,0.838670567945419));
#4963=DIRECTION('',(0.838670567945415,0.,-0.544639035015041));
#4964=DIRECTION('',(0.453990499739556,0.,0.891006524188363));
#4965=DIRECTION('',(0.89100652418836,0.,-0.453990499739561));
#4966=DIRECTION('',(0.358367949545309,0.,0.933580426497198));
#4967=DIRECTION('',(0.933580426497196,0.,-0.358367949545315));
#4968=DIRECTION('',(0.25881904510253,0.,0.965925826289066));
#4969=DIRECTION('',(0.965925826289064,0.,-0.258819045102536));
#4970=DIRECTION('',(0.15643446504024,0.,0.987688340595136));
#4971=DIRECTION('',(0.987688340595135,0.,-0.156434465040246));
#4972=DIRECTION('',(0.0523359562429521,0.,0.998629534754574));
#4973=DIRECTION('',(0.998629534754573,0.,-0.0523359562429588));
#4974=DIRECTION('',(-0.0523359562429352,0.,0.998629534754574));
#4975=DIRECTION('',(0.998629534754575,0.,0.0523359562429286));
#4976=DIRECTION('',(-0.156434465040223,0.,0.987688340595139));
#4977=DIRECTION('',(0.98768834059514,0.,0.156434465040216));
#4978=DIRECTION('',(-0.258819045102513,0.,0.96592582628907));
#4979=DIRECTION('',(0.965925826289072,0.,0.258819045102506));
#4980=DIRECTION('',(-0.358367949545293,0.,0.933580426497205));
#4981=DIRECTION('',(0.933580426497207,0.,0.358367949545287));
#4982=DIRECTION('',(-0.45399049973954,0.,0.891006524188371));
#4983=DIRECTION('',(0.891006524188374,0.,0.453990499739534));
#4984=DIRECTION('',(-0.544639035015021,0.,0.838670567945428));
#4985=DIRECTION('',(0.838670567945432,0.,0.544639035015015));
#4986=DIRECTION('',(-0.629320391049832,0.,0.777145961456975));
#4987=DIRECTION('',(0.777145961456979,0.,0.629320391049827));
#4988=DIRECTION('',(-0.707106781186542,0.,0.707106781186553));
#4989=DIRECTION('',(0.707106781186557,0.,0.707106781186538));
#4990=DIRECTION('',(-0.777145961456967,0.,0.629320391049843));
#4991=DIRECTION('',(0.629320391049848,0.,0.777145961456963));
#4992=DIRECTION('',(-0.83867056794542,0.,0.544639035015033));
#4993=DIRECTION('',(0.544639035015038,0.,0.838670567945417));
#4994=DIRECTION('',(-0.891006524188365,0.,0.453990499739552));
#4995=DIRECTION('',(0.453990499739558,0.,0.891006524188362));
#4996=DIRECTION('',(-0.9335804264972,0.,0.358367949545306));
#4997=DIRECTION('',(0.358367949545312,0.,0.933580426497197));
#4998=DIRECTION('',(-0.965925826289067,0.,0.258819045102527));
#4999=DIRECTION('',(0.258819045102533,0.,0.965925826289065));
#5000=DIRECTION('',(-0.987688340595137,0.,0.156434465040236));
#5001=DIRECTION('',(0.156434465040243,0.,0.987688340595136));
#5002=DIRECTION('',(-0.998629534754574,0.,0.0523359562429491));
#5003=DIRECTION('',(0.0523359562429557,0.,0.998629534754573));
#5004=DIRECTION('',(-0.998629534754574,0.,-0.0523359562429387));
#5005=DIRECTION('',(-0.0523359562429321,0.,0.998629534754575));
#5006=DIRECTION('',(-0.987688340595139,0.,-0.156434465040226));
#5007=DIRECTION('',(-0.156434465040219,0.,0.98768834059514));
#5008=DIRECTION('',(-0.96592582628907,0.,-0.258819045102516));
#5009=DIRECTION('',(-0.25881904510251,0.,0.965925826289071));
#5010=DIRECTION('',(-0.933580426497203,0.,-0.358367949545296));
#5011=DIRECTION('',(-0.35836794954529,0.,0.933580426497206));
#5012=DIRECTION('',(-0.89100652418837,0.,-0.453990499739543));
#5013=DIRECTION('',(-0.453990499739537,0.,0.891006524188373));
#5014=DIRECTION('',(-0.838670567945426,0.,-0.544639035015024));
#5015=DIRECTION('',(-0.544639035015018,0.,0.83867056794543));
#5016=DIRECTION('',(-0.777145961456973,0.,-0.629320391049835));
#5017=DIRECTION('',(-0.629320391049829,0.,0.777145961456977));
#5018=DIRECTION('',(-0.707106781186545,0.,-0.70710678118655));
#5019=DIRECTION('',(-0.707106781186545,0.,0.70710678118655));
#5020=DIRECTION('',(-0.62932039104984,0.,-0.777145961456969));
#5021=DIRECTION('',(-0.777145961456965,0.,0.629320391049845));
#5022=DIRECTION('',(-0.54463903501503,0.,-0.838670567945422));
#5023=DIRECTION('',(-0.838670567945419,0.,0.544639035015035));
#5024=DIRECTION('',(-0.453990499739549,0.,-0.891006524188367));
#5025=DIRECTION('',(-0.891006524188364,0.,0.453990499739555));
#5026=DIRECTION('',(-0.358367949545303,0.,-0.933580426497201));
#5027=DIRECTION('',(-0.933580426497199,0.,0.358367949545309));
#5028=DIRECTION('',(-0.258819045102523,0.,-0.965925826289068));
#5029=DIRECTION('',(-0.965925826289066,0.,0.25881904510253));
#5030=DIRECTION('',(-0.156434465040233,0.,-0.987688340595137));
#5031=DIRECTION('',(-0.987688340595136,0.,0.156434465040239));
#5032=DIRECTION('',(-0.0523359562429457,0.,-0.998629534754574));
#5033=DIRECTION('',(-0.998629534754574,0.,0.0523359562429522));
#5034=DIRECTION('',(0.0523359562429422,0.,-0.998629534754574));
#5035=DIRECTION('',(-0.998629534754574,0.,-0.0523359562429356));
#5036=DIRECTION('',(0.156434465040229,0.,-0.987688340595138));
#5037=DIRECTION('',(-0.987688340595139,0.,-0.156434465040223));
#5038=DIRECTION('',(0.258819045102519,0.,-0.965925826289069));
#5039=DIRECTION('',(-0.96592582628907,0.,-0.258819045102513));
#5040=DIRECTION('',(0.358367949545299,0.,-0.933580426497202));
#5041=DIRECTION('',(-0.933580426497205,0.,-0.358367949545293));
#5042=DIRECTION('',(0.453990499739546,0.,-0.891006524188368));
#5043=DIRECTION('',(-0.891006524188371,0.,-0.45399049973954));
#5044=DIRECTION('',(0.544639035015027,0.,-0.838670567945424));
#5045=DIRECTION('',(-0.838670567945428,0.,-0.544639035015021));
#5046=DIRECTION('',(0.629320391049837,0.,-0.777145961456971));
#5047=DIRECTION('',(-0.777145961456975,0.,-0.629320391049832));
#5048=DIRECTION('',(0.707106781186547,0.,-0.707106781186548));
#5049=DIRECTION('',(-0.707106781186552,0.,-0.707106781186543));
#5050=DIRECTION('',(0.777145961456971,0.,-0.629320391049837));
#5051=DIRECTION('',(-0.629320391049842,0.,-0.777145961456967));
#5052=DIRECTION('',(0.838670567945424,0.,-0.544639035015027));
#5053=DIRECTION('',(-0.544639035015032,0.,-0.838670567945421));
#5054=DIRECTION('',(0.891006524188368,0.,-0.453990499739546));
#5055=DIRECTION('',(-0.453990499739552,0.,-0.891006524188365));
#5056=DIRECTION('',(0.933580426497202,0.,-0.3583679495453));
#5057=DIRECTION('',(-0.358367949545306,0.,-0.9335804264972));
#5058=DIRECTION('',(0.965925826289069,0.,-0.25881904510252));
#5059=DIRECTION('',(-0.258819045102526,0.,-0.965925826289067));
#5060=DIRECTION('',(0.987688340595138,0.,-0.15643446504023));
#5061=DIRECTION('',(-0.156434465040236,0.,-0.987688340595137));
#5062=DIRECTION('',(0.998629534754574,0.,-0.0523359562429423));
#5063=DIRECTION('',(-0.052335956242949,0.,-0.998629534754574));
#5064=DIRECTION('',(0.998629534754574,0.,0.0523359562429456));
#5065=DIRECTION('',(0.052335956242939,0.,-0.998629534754574));
#5066=DIRECTION('',(0.987688340595137,0.,0.156434465040233));
#5067=DIRECTION('',(0.156434465040226,0.,-0.987688340595138));
#5068=DIRECTION('',(0.965925826289068,0.,0.258819045102523));
#5069=DIRECTION('',(0.258819045102516,0.,-0.965925826289069));
#5070=DIRECTION('',(0.933580426497201,0.,0.358367949545303));
#5071=DIRECTION('',(0.358367949545296,0.,-0.933580426497203));
#5072=DIRECTION('',(0.891006524188367,0.,0.453990499739549));
#5073=DIRECTION('',(0.453990499739543,0.,-0.89100652418837));
#5074=DIRECTION('',(0.838670567945423,0.,0.54463903501503));
#5075=DIRECTION('',(0.544639035015024,0.,-0.838670567945426));
#5076=DIRECTION('',(0.777145961456969,0.,0.62932039104984));
#5077=DIRECTION('',(0.629320391049835,0.,-0.777145961456973));
#5078=DIRECTION('',(0.707106781186545,0.,0.70710678118655));
#5079=DIRECTION('',(0.707106781186545,0.,-0.70710678118655));
#5080=DIRECTION('',(0.,-1.,0.));
#5081=DIRECTION('',(0.,0.,-1.));
#5082=DIRECTION('',(0.,-1.,0.));
#5083=DIRECTION('',(0.,0.,-1.));
#5084=DIRECTION('',(0.,-1.,0.));
#5085=DIRECTION('',(0.,-1.,0.));
#5086=DIRECTION('',(0.,-1.,0.));
#5087=DIRECTION('',(0.,0.,-1.));
#5088=DIRECTION('',(0.,-1.,0.));
#5089=DIRECTION('',(0.,0.,-1.));
#5090=DIRECTION('',(0.,1.,0.));
#5091=DIRECTION('',(0.,0.,1.));
#5092=DIRECTION('',(0.,1.,0.));
#5093=DIRECTION('',(0.,0.,1.));
#5094=DIRECTION('',(0.,1.,0.));
#5095=DIRECTION('',(0.,0.,1.));
#5096=DIRECTION('',(-0.70710678118655,0.,-0.707106781186545));
#5097=DIRECTION('',(-0.707106781186545,0.,0.70710678118655));
#5098=DIRECTION('',(0.,-1.,0.));
#5099=DIRECTION('',(0.70710678118655,0.,-0.707106781186545));
#5100=DIRECTION('',(-0.707106781186545,0.,-0.70710678118655));
#5101=DIRECTION('',(-0.777145961456973,0.,-0.629320391049835));
#5102=DIRECTION('',(-0.629320391049835,0.,0.777145961456973));
#5103=DIRECTION('',(0.,-1.,0.));
#5104=DIRECTION('',(0.62932039104984,0.,-0.777145961456969));
#5105=DIRECTION('',(-0.777145961456969,0.,-0.62932039104984));
#5106=DIRECTION('',(-0.838670567945426,0.,-0.544639035015024));
#5107=DIRECTION('',(-0.544639035015024,0.,0.838670567945426));
#5108=DIRECTION('',(0.,-1.,0.));
#5109=DIRECTION('',(0.544639035015029,0.,-0.838670567945422));
#5110=DIRECTION('',(-0.838670567945423,0.,-0.54463903501503));
#5111=DIRECTION('',(-0.89100652418837,0.,-0.453990499739543));
#5112=DIRECTION('',(-0.453990499739543,0.,0.89100652418837));
#5113=DIRECTION('',(0.,-1.,0.));
#5114=DIRECTION('',(0.453990499739549,0.,-0.891006524188367));
#5115=DIRECTION('',(-0.891006524188367,0.,-0.453990499739549));
#5116=DIRECTION('',(-0.933580426497203,0.,-0.358367949545296));
#5117=DIRECTION('',(-0.358367949545296,0.,0.933580426497203));
#5118=DIRECTION('',(0.,-1.,0.));
#5119=DIRECTION('',(0.358367949545303,0.,-0.933580426497201));
#5120=DIRECTION('',(-0.933580426497201,0.,-0.358367949545303));
#5121=DIRECTION('',(-0.965925826289069,0.,-0.258819045102516));
#5122=DIRECTION('',(-0.258819045102516,0.,0.965925826289069));
#5123=DIRECTION('',(0.,-1.,0.));
#5124=DIRECTION('',(0.258819045102523,0.,-0.965925826289068));
#5125=DIRECTION('',(-0.965925826289068,0.,-0.258819045102523));
#5126=DIRECTION('',(-0.987688340595138,0.,-0.156434465040226));
#5127=DIRECTION('',(-0.156434465040226,0.,0.987688340595138));
#5128=DIRECTION('',(0.,-1.,0.));
#5129=DIRECTION('',(0.156434465040233,0.,-0.987688340595137));
#5130=DIRECTION('',(-0.987688340595137,0.,-0.156434465040233));
#5131=DIRECTION('',(-0.998629534754574,0.,-0.052335956242939));
#5132=DIRECTION('',(-0.052335956242939,0.,0.998629534754574));
#5133=DIRECTION('',(0.,-1.,0.));
#5134=DIRECTION('',(0.0523359562429456,0.,-0.998629534754574));
#5135=DIRECTION('',(-0.998629534754574,0.,-0.0523359562429456));
#5136=DIRECTION('',(-0.998629534754574,0.,0.052335956242949));
#5137=DIRECTION('',(0.052335956242949,0.,0.998629534754574));
#5138=DIRECTION('',(0.,-1.,0.));
#5139=DIRECTION('',(-0.0523359562429423,0.,-0.998629534754574));
#5140=DIRECTION('',(-0.998629534754574,0.,0.0523359562429423));
#5141=DIRECTION('',(-0.987688340595137,0.,0.156434465040236));
#5142=DIRECTION('',(0.156434465040236,0.,0.987688340595137));
#5143=DIRECTION('',(0.,-1.,0.));
#5144=DIRECTION('',(-0.15643446504023,0.,-0.987688340595138));
#5145=DIRECTION('',(-0.987688340595138,0.,0.15643446504023));
#5146=DIRECTION('',(-0.965925826289067,0.,0.258819045102526));
#5147=DIRECTION('',(0.258819045102526,0.,0.965925826289067));
#5148=DIRECTION('',(0.,-1.,0.));
#5149=DIRECTION('',(-0.25881904510252,0.,-0.965925826289069));
#5150=DIRECTION('',(-0.965925826289069,0.,0.25881904510252));
#5151=DIRECTION('',(-0.9335804264972,0.,0.358367949545306));
#5152=DIRECTION('',(0.358367949545306,0.,0.9335804264972));
#5153=DIRECTION('',(0.,-1.,0.));
#5154=DIRECTION('',(-0.3583679495453,0.,-0.933580426497202));
#5155=DIRECTION('',(-0.933580426497202,0.,0.3583679495453));
#5156=DIRECTION('',(-0.891006524188365,0.,0.453990499739552));
#5157=DIRECTION('',(0.453990499739552,0.,0.891006524188365));
#5158=DIRECTION('',(0.,-1.,0.));
#5159=DIRECTION('',(-0.453990499739546,0.,-0.891006524188368));
#5160=DIRECTION('',(-0.891006524188368,0.,0.453990499739546));
#5161=DIRECTION('',(-0.838670567945421,0.,0.544639035015032));
#5162=DIRECTION('',(0.544639035015032,0.,0.838670567945421));
#5163=DIRECTION('',(0.,-1.,0.));
#5164=DIRECTION('',(-0.544639035015027,0.,-0.838670567945424));
#5165=DIRECTION('',(-0.838670567945424,0.,0.544639035015027));
#5166=DIRECTION('',(-0.777145961456967,0.,0.629320391049842));
#5167=DIRECTION('',(0.629320391049842,0.,0.777145961456967));
#5168=DIRECTION('',(0.,-1.,0.));
#5169=DIRECTION('',(-0.629320391049837,0.,-0.777145961456971));
#5170=DIRECTION('',(-0.777145961456971,0.,0.629320391049837));
#5171=DIRECTION('',(-0.707106781186543,0.,0.707106781186552));
#5172=DIRECTION('',(0.707106781186552,0.,0.707106781186543));
#5173=DIRECTION('',(0.,-1.,0.));
#5174=DIRECTION('',(-0.707106781186548,0.,-0.707106781186547));
#5175=DIRECTION('',(-0.707106781186547,0.,0.707106781186548));
#5176=DIRECTION('',(-0.629320391049832,0.,0.777145961456975));
#5177=DIRECTION('',(0.777145961456975,0.,0.629320391049832));
#5178=DIRECTION('',(0.,-1.,0.));
#5179=DIRECTION('',(-0.777145961456971,0.,-0.629320391049837));
#5180=DIRECTION('',(-0.629320391049837,0.,0.777145961456971));
#5181=DIRECTION('',(-0.544639035015021,0.,0.838670567945428));
#5182=DIRECTION('',(0.838670567945428,0.,0.544639035015021));
#5183=DIRECTION('',(0.,-1.,0.));
#5184=DIRECTION('',(-0.838670567945424,0.,-0.544639035015027));
#5185=DIRECTION('',(-0.544639035015027,0.,0.838670567945424));
#5186=DIRECTION('',(-0.45399049973954,0.,0.891006524188371));
#5187=DIRECTION('',(0.891006524188371,0.,0.45399049973954));
#5188=DIRECTION('',(0.,-1.,0.));
#5189=DIRECTION('',(-0.891006524188368,0.,-0.453990499739546));
#5190=DIRECTION('',(-0.453990499739546,0.,0.891006524188368));
#5191=DIRECTION('',(-0.358367949545293,0.,0.933580426497205));
#5192=DIRECTION('',(0.933580426497205,0.,0.358367949545293));
#5193=DIRECTION('',(0.,-1.,0.));
#5194=DIRECTION('',(-0.933580426497202,0.,-0.358367949545299));
#5195=DIRECTION('',(-0.358367949545299,0.,0.933580426497202));
#5196=DIRECTION('',(-0.258819045102513,0.,0.96592582628907));
#5197=DIRECTION('',(0.96592582628907,0.,0.258819045102513));
#5198=DIRECTION('',(0.,-1.,0.));
#5199=DIRECTION('',(-0.965925826289069,0.,-0.258819045102519));
#5200=DIRECTION('',(-0.258819045102519,0.,0.965925826289069));
#5201=DIRECTION('',(-0.156434465040223,0.,0.987688340595139));
#5202=DIRECTION('',(0.987688340595139,0.,0.156434465040223));
#5203=DIRECTION('',(0.,-1.,0.));
#5204=DIRECTION('',(-0.987688340595138,0.,-0.156434465040229));
#5205=DIRECTION('',(-0.156434465040229,0.,0.987688340595138));
#5206=DIRECTION('',(-0.0523359562429356,0.,0.998629534754574));
#5207=DIRECTION('',(0.998629534754574,0.,0.0523359562429356));
#5208=DIRECTION('',(0.,-1.,0.));
#5209=DIRECTION('',(-0.998629534754574,0.,-0.0523359562429422));
#5210=DIRECTION('',(-0.0523359562429422,0.,0.998629534754574));
#5211=DIRECTION('',(0.0523359562429522,0.,0.998629534754574));
#5212=DIRECTION('',(0.998629534754574,0.,-0.0523359562429522));
#5213=DIRECTION('',(0.,-1.,0.));
#5214=DIRECTION('',(-0.998629534754574,0.,0.0523359562429457));
#5215=DIRECTION('',(0.0523359562429457,0.,0.998629534754574));
#5216=DIRECTION('',(0.156434465040239,0.,0.987688340595136));
#5217=DIRECTION('',(0.987688340595136,0.,-0.156434465040239));
#5218=DIRECTION('',(0.,-1.,0.));
#5219=DIRECTION('',(-0.987688340595137,0.,0.156434465040233));
#5220=DIRECTION('',(0.156434465040233,0.,0.987688340595137));
#5221=DIRECTION('',(0.25881904510253,0.,0.965925826289066));
#5222=DIRECTION('',(0.965925826289066,0.,-0.25881904510253));
#5223=DIRECTION('',(0.,-1.,0.));
#5224=DIRECTION('',(-0.965925826289068,0.,0.258819045102523));
#5225=DIRECTION('',(0.258819045102523,0.,0.965925826289068));
#5226=DIRECTION('',(0.358367949545309,0.,0.933580426497198));
#5227=DIRECTION('',(0.933580426497199,0.,-0.358367949545309));
#5228=DIRECTION('',(0.,-1.,0.));
#5229=DIRECTION('',(-0.933580426497201,0.,0.358367949545303));
#5230=DIRECTION('',(0.358367949545303,0.,0.933580426497201));
#5231=DIRECTION('',(0.453990499739555,0.,0.891006524188364));
#5232=DIRECTION('',(0.891006524188364,0.,-0.453990499739555));
#5233=DIRECTION('',(0.,-1.,0.));
#5234=DIRECTION('',(-0.891006524188366,0.,0.453990499739549));
#5235=DIRECTION('',(0.453990499739549,0.,0.891006524188367));
#5236=DIRECTION('',(0.544639035015035,0.,0.838670567945419));
#5237=DIRECTION('',(0.838670567945419,0.,-0.544639035015035));
#5238=DIRECTION('',(0.,-1.,0.));
#5239=DIRECTION('',(-0.838670567945422,0.,0.54463903501503));
#5240=DIRECTION('',(0.54463903501503,0.,0.838670567945423));
#5241=DIRECTION('',(0.629320391049845,0.,0.777145961456965));
#5242=DIRECTION('',(0.777145961456965,0.,-0.629320391049845));
#5243=DIRECTION('',(0.,-1.,0.));
#5244=DIRECTION('',(-0.777145961456969,0.,0.62932039104984));
#5245=DIRECTION('',(0.62932039104984,0.,0.777145961456969));
#5246=DIRECTION('',(0.70710678118655,0.,0.707106781186545));
#5247=DIRECTION('',(0.707106781186545,0.,-0.70710678118655));
#5248=DIRECTION('',(0.,-1.,0.));
#5249=DIRECTION('',(-0.70710678118655,0.,0.707106781186545));
#5250=DIRECTION('',(0.707106781186545,0.,0.70710678118655));
#5251=DIRECTION('',(0.777145961456977,0.,0.629320391049829));
#5252=DIRECTION('',(0.62932039104983,0.,-0.777145961456978));
#5253=DIRECTION('',(0.,-1.,0.));
#5254=DIRECTION('',(-0.629320391049835,0.,0.777145961456973));
#5255=DIRECTION('',(0.777145961456973,0.,0.629320391049835));
#5256=DIRECTION('',(0.83867056794543,0.,0.544639035015018));
#5257=DIRECTION('',(0.544639035015018,0.,-0.83867056794543));
#5258=DIRECTION('',(0.,-1.,0.));
#5259=DIRECTION('',(-0.544639035015024,0.,0.838670567945426));
#5260=DIRECTION('',(0.838670567945426,0.,0.544639035015024));
#5261=DIRECTION('',(0.891006524188373,0.,0.453990499739537));
#5262=DIRECTION('',(0.453990499739537,0.,-0.891006524188373));
#5263=DIRECTION('',(0.,-1.,0.));
#5264=DIRECTION('',(-0.453990499739543,0.,0.89100652418837));
#5265=DIRECTION('',(0.89100652418837,0.,0.453990499739543));
#5266=DIRECTION('',(0.933580426497206,0.,0.35836794954529));
#5267=DIRECTION('',(0.35836794954529,0.,-0.933580426497206));
#5268=DIRECTION('',(0.,-1.,0.));
#5269=DIRECTION('',(-0.358367949545296,0.,0.933580426497203));
#5270=DIRECTION('',(0.933580426497203,0.,0.358367949545296));
#5271=DIRECTION('',(0.965925826289071,0.,0.25881904510251));
#5272=DIRECTION('',(0.25881904510251,0.,-0.965925826289071));
#5273=DIRECTION('',(0.,-1.,0.));
#5274=DIRECTION('',(-0.258819045102516,0.,0.96592582628907));
#5275=DIRECTION('',(0.96592582628907,0.,0.258819045102516));
#5276=DIRECTION('',(0.98768834059514,0.,0.156434465040219));
#5277=DIRECTION('',(0.156434465040219,0.,-0.98768834059514));
#5278=DIRECTION('',(0.,-1.,0.));
#5279=DIRECTION('',(-0.156434465040226,0.,0.987688340595139));
#5280=DIRECTION('',(0.987688340595139,0.,0.156434465040226));
#5281=DIRECTION('',(0.998629534754574,0.,0.0523359562429321));
#5282=DIRECTION('',(0.0523359562429321,0.,-0.998629534754575));
#5283=DIRECTION('',(0.,-1.,0.));
#5284=DIRECTION('',(-0.0523359562429387,0.,0.998629534754574));
#5285=DIRECTION('',(0.998629534754574,0.,0.0523359562429387));
#5286=DIRECTION('',(0.998629534754573,0.,-0.0523359562429557));
#5287=DIRECTION('',(-0.0523359562429557,0.,-0.998629534754573));
#5288=DIRECTION('',(0.,-1.,0.));
#5289=DIRECTION('',(0.0523359562429491,0.,0.998629534754574));
#5290=DIRECTION('',(0.998629534754574,0.,-0.0523359562429491));
#5291=DIRECTION('',(0.987688340595136,0.,-0.156434465040243));
#5292=DIRECTION('',(-0.156434465040243,0.,-0.987688340595136));
#5293=DIRECTION('',(0.,-1.,0.));
#5294=DIRECTION('',(0.156434465040236,0.,0.987688340595137));
#5295=DIRECTION('',(0.987688340595137,0.,-0.156434465040236));
#5296=DIRECTION('',(0.965925826289065,0.,-0.258819045102533));
#5297=DIRECTION('',(-0.258819045102533,0.,-0.965925826289065));
#5298=DIRECTION('',(0.,-1.,0.));
#5299=DIRECTION('',(0.258819045102527,0.,0.965925826289067));
#5300=DIRECTION('',(0.965925826289067,0.,-0.258819045102527));
#5301=DIRECTION('',(0.933580426497197,0.,-0.358367949545312));
#5302=DIRECTION('',(-0.358367949545312,0.,-0.933580426497197));
#5303=DIRECTION('',(0.,-1.,0.));
#5304=DIRECTION('',(0.358367949545306,0.,0.9335804264972));
#5305=DIRECTION('',(0.9335804264972,0.,-0.358367949545306));
#5306=DIRECTION('',(0.891006524188362,0.,-0.453990499739558));
#5307=DIRECTION('',(-0.453990499739558,0.,-0.891006524188362));
#5308=DIRECTION('',(0.,-1.,0.));
#5309=DIRECTION('',(0.453990499739552,0.,0.891006524188365));
#5310=DIRECTION('',(0.891006524188365,0.,-0.453990499739552));
#5311=DIRECTION('',(0.838670567945417,0.,-0.544639035015038));
#5312=DIRECTION('',(-0.544639035015038,0.,-0.838670567945417));
#5313=DIRECTION('',(0.,-1.,0.));
#5314=DIRECTION('',(0.544639035015033,0.,0.83867056794542));
#5315=DIRECTION('',(0.83867056794542,0.,-0.544639035015033));
#5316=DIRECTION('',(0.777145961456963,0.,-0.629320391049848));
#5317=DIRECTION('',(-0.629320391049848,0.,-0.777145961456963));
#5318=DIRECTION('',(0.,-1.,0.));
#5319=DIRECTION('',(0.629320391049843,0.,0.777145961456967));
#5320=DIRECTION('',(0.777145961456967,0.,-0.629320391049843));
#5321=DIRECTION('',(0.707106781186538,0.,-0.707106781186557));
#5322=DIRECTION('',(-0.707106781186557,0.,-0.707106781186538));
#5323=DIRECTION('',(0.,-1.,0.));
#5324=DIRECTION('',(0.707106781186553,0.,0.707106781186542));
#5325=DIRECTION('',(0.707106781186542,0.,-0.707106781186553));
#5326=DIRECTION('',(0.629320391049827,0.,-0.777145961456979));
#5327=DIRECTION('',(-0.777145961456979,0.,-0.629320391049827));
#5328=DIRECTION('',(0.,-1.,0.));
#5329=DIRECTION('',(0.777145961456975,0.,0.629320391049832));
#5330=DIRECTION('',(0.629320391049832,0.,-0.777145961456975));
#5331=DIRECTION('',(0.544639035015015,0.,-0.838670567945432));
#5332=DIRECTION('',(-0.838670567945432,0.,-0.544639035015015));
#5333=DIRECTION('',(0.,-1.,0.));
#5334=DIRECTION('',(0.838670567945428,0.,0.544639035015021));
#5335=DIRECTION('',(0.544639035015021,0.,-0.838670567945428));
#5336=DIRECTION('',(0.453990499739534,0.,-0.891006524188374));
#5337=DIRECTION('',(-0.891006524188374,0.,-0.453990499739535));
#5338=DIRECTION('',(0.,-1.,0.));
#5339=DIRECTION('',(0.891006524188371,0.,0.45399049973954));
#5340=DIRECTION('',(0.45399049973954,0.,-0.891006524188371));
#5341=DIRECTION('',(0.358367949545287,0.,-0.933580426497207));
#5342=DIRECTION('',(-0.933580426497207,0.,-0.358367949545287));
#5343=DIRECTION('',(0.,-1.,0.));
#5344=DIRECTION('',(0.933580426497204,0.,0.358367949545293));
#5345=DIRECTION('',(0.358367949545293,0.,-0.933580426497205));
#5346=DIRECTION('',(0.258819045102506,0.,-0.965925826289072));
#5347=DIRECTION('',(-0.965925826289072,0.,-0.258819045102506));
#5348=DIRECTION('',(0.,-1.,0.));
#5349=DIRECTION('',(0.96592582628907,0.,0.258819045102513));
#5350=DIRECTION('',(0.258819045102513,0.,-0.965925826289071));
#5351=DIRECTION('',(0.156434465040216,0.,-0.98768834059514));
#5352=DIRECTION('',(-0.98768834059514,0.,-0.156434465040216));
#5353=DIRECTION('',(0.,-1.,0.));
#5354=DIRECTION('',(0.987688340595139,0.,0.156434465040223));
#5355=DIRECTION('',(0.156434465040223,0.,-0.987688340595139));
#5356=DIRECTION('',(0.0523359562429286,0.,-0.998629534754575));
#5357=DIRECTION('',(-0.998629534754575,0.,-0.0523359562429286));
#5358=DIRECTION('',(0.,-1.,0.));
#5359=DIRECTION('',(0.998629534754574,0.,0.0523359562429352));
#5360=DIRECTION('',(0.0523359562429352,0.,-0.998629534754574));
#5361=DIRECTION('',(-0.0523359562429588,0.,-0.998629534754573));
#5362=DIRECTION('',(-0.998629534754573,0.,0.0523359562429588));
#5363=DIRECTION('',(0.,-1.,0.));
#5364=DIRECTION('',(0.998629534754574,0.,-0.0523359562429521));
#5365=DIRECTION('',(-0.0523359562429521,0.,-0.998629534754574));
#5366=DIRECTION('',(-0.156434465040246,0.,-0.987688340595135));
#5367=DIRECTION('',(-0.987688340595135,0.,0.156434465040246));
#5368=DIRECTION('',(0.,-1.,0.));
#5369=DIRECTION('',(0.987688340595136,0.,-0.15643446504024));
#5370=DIRECTION('',(-0.15643446504024,0.,-0.987688340595136));
#5371=DIRECTION('',(-0.258819045102536,0.,-0.965925826289064));
#5372=DIRECTION('',(-0.965925826289064,0.,0.258819045102536));
#5373=DIRECTION('',(0.,-1.,0.));
#5374=DIRECTION('',(0.965925826289066,0.,-0.25881904510253));
#5375=DIRECTION('',(-0.25881904510253,0.,-0.965925826289066));
#5376=DIRECTION('',(-0.358367949545315,0.,-0.933580426497196));
#5377=DIRECTION('',(-0.933580426497196,0.,0.358367949545315));
#5378=DIRECTION('',(0.,-1.,0.));
#5379=DIRECTION('',(0.933580426497198,0.,-0.358367949545309));
#5380=DIRECTION('',(-0.358367949545309,0.,-0.933580426497198));
#5381=DIRECTION('',(-0.453990499739561,0.,-0.89100652418836));
#5382=DIRECTION('',(-0.89100652418836,0.,0.453990499739561));
#5383=DIRECTION('',(0.,-1.,0.));
#5384=DIRECTION('',(0.891006524188363,0.,-0.453990499739556));
#5385=DIRECTION('',(-0.453990499739556,0.,-0.891006524188363));
#5386=DIRECTION('',(-0.544639035015041,0.,-0.838670567945415));
#5387=DIRECTION('',(-0.838670567945415,0.,0.544639035015041));
#5388=DIRECTION('',(0.,-1.,0.));
#5389=DIRECTION('',(0.838670567945419,0.,-0.544639035015035));
#5390=DIRECTION('',(-0.544639035015035,0.,-0.838670567945419));
#5391=DIRECTION('',(-0.62932039104985,0.,-0.77714596145696));
#5392=DIRECTION('',(-0.77714596145696,0.,0.62932039104985));
#5393=DIRECTION('',(0.,-1.,0.));
#5394=DIRECTION('',(0.777145961456964,0.,-0.629320391049845));
#5395=DIRECTION('',(-0.629320391049845,0.,-0.777145961456965));
#5396=CARTESIAN_POINT('',(0.,0.,0.));
#5397=CARTESIAN_POINT('',(0.,-0.0038,0.));
#5398=CARTESIAN_POINT('',(0.,-0.0018,0.));
#5399=CARTESIAN_POINT('',(-0.00035602444606753,-0.0018,0.00244925939700195));
#5400=CARTESIAN_POINT('',(-0.000418263407913179,-0.0018,0.00243940171386365));
#5401=CARTESIAN_POINT('',(-0.00035602444606753,-0.00157716701872007,0.00244925939700195));
#5402=CARTESIAN_POINT('',(-0.00035602444606753,-0.0038,0.00244925939700195));
#5403=CARTESIAN_POINT('',(0.,-0.0038,0.));
#5404=CARTESIAN_POINT('',(-0.000418263407913179,-0.0038,0.00243940171386365));
#5405=CARTESIAN_POINT('',(-0.000418263407913179,-0.00157566999859728,0.00243940171386365));
#5406=CARTESIAN_POINT('',(0.,-0.0038,0.));
#5407=CARTESIAN_POINT('',(0.,-0.0018,0.));
#5408=CARTESIAN_POINT('',(-0.000610091427812995,-0.0018,0.00239862740952178));
#5409=CARTESIAN_POINT('',(-0.000670959029643656,-0.0018,0.00238231798476604));
#5410=CARTESIAN_POINT('',(-0.000610091427812995,-0.00157566999859728,0.00239862740952178));
#5411=CARTESIAN_POINT('',(-0.000610091427812995,-0.0038,0.00239862740952178));
#5412=CARTESIAN_POINT('',(0.,-0.0038,0.));
#5413=CARTESIAN_POINT('',(-0.000670959029643655,-0.0038,0.00238231798476604));
#5414=CARTESIAN_POINT('',(-0.000670959029643655,-0.00157627104383781,0.00238231798476604));
#5415=CARTESIAN_POINT('',(0.,-0.0038,0.));
#5416=CARTESIAN_POINT('',(0.,-0.0018,0.));
#5417=CARTESIAN_POINT('',(-0.000857474120205499,-0.0018,0.00232171555819783));
#5418=CARTESIAN_POINT('',(-0.000916303483838154,-0.0018,0.00229913308129524));
#5419=CARTESIAN_POINT('',(-0.000857474120205499,-0.00157627104383781,0.00232171555819783));
#5420=CARTESIAN_POINT('',(-0.000857474120205499,-0.0038,0.00232171555819783));
#5421=CARTESIAN_POINT('',(0.,-0.0038,0.));
#5422=CARTESIAN_POINT('',(-0.000916303483838154,-0.0038,0.00229913308129524));
#5423=CARTESIAN_POINT('',(-0.000916303483838154,-0.00157896064536272,0.00229913308129524));
#5424=CARTESIAN_POINT('',(0.,-0.0038,0.));
#5425=CARTESIAN_POINT('',(0.,-0.0018,0.));
#5426=CARTESIAN_POINT('',(-0.00109546214669904,-0.0018,0.00221936650536805));
#5427=CARTESIAN_POINT('',(-0.00115160872531489,-0.0018,0.00219075839466124));
#5428=CARTESIAN_POINT('',(-0.00109546214669904,-0.00157896064536272,0.00221936650536805));
#5429=CARTESIAN_POINT('',(-0.00109546214669904,-0.0038,0.00221936650536805));
#5430=CARTESIAN_POINT('',(0.,-0.0038,0.));
#5431=CARTESIAN_POINT('',(-0.00115160872531489,-0.0038,0.00219075839466124));
#5432=CARTESIAN_POINT('',(-0.00115160872531489,-0.00158369585581168,0.00219075839466124));
#5433=CARTESIAN_POINT('',(0.,-0.0038,0.));
#5434=CARTESIAN_POINT('',(0.,-0.0018,0.));
#5435=CARTESIAN_POINT('',(-0.00132144806067315,-0.0018,0.00209270160867316));
#5436=CARTESIAN_POINT('',(-0.00137429670060746,-0.0018,0.00205838130060966));
#5437=CARTESIAN_POINT('',(-0.00132144806067315,-0.00158369585581168,0.00209270160867316));
#5438=CARTESIAN_POINT('',(-0.00132144806067315,-0.0038,0.00209270160867316));
#5439=CARTESIAN_POINT('',(0.,-0.0038,0.));
#5440=CARTESIAN_POINT('',(-0.00137429670060746,-0.0038,0.00205838130060966));
#5441=CARTESIAN_POINT('',(-0.00137429670060746,-0.00159039939368724,0.00205838130060966));
#5442=CARTESIAN_POINT('',(0.,-0.0038,0.));
#5443=CARTESIAN_POINT('',(0.,-0.0018,0.));
#5444=CARTESIAN_POINT('',(-0.00153295591316374,-0.0018,0.00194310863522768));
#5445=CARTESIAN_POINT('',(-0.00158192759365809,-0.0018,0.00190345215028463));
#5446=CARTESIAN_POINT('',(-0.00153295591316374,-0.00159039939368724,0.00194310863522768));
#5447=CARTESIAN_POINT('',(-0.00153295591316374,-0.0038,0.00194310863522768));
#5448=CARTESIAN_POINT('',(0.,-0.0038,0.));
#5449=CARTESIAN_POINT('',(-0.00158192759365809,-0.0038,0.00190345215028463));
#5450=CARTESIAN_POINT('',(-0.00158192759365809,-0.00159895778896338,0.00190345215028463));
#5451=CARTESIAN_POINT('',(0.,-0.0038,0.));
#5452=CARTESIAN_POINT('',(0.,-0.0018,0.));
#5453=CARTESIAN_POINT('',(-0.00172766837987807,-0.0018,0.00177222655695302));
#5454=CARTESIAN_POINT('',(-0.00177222655695298,-0.0018,0.00172766837987811));
#5455=CARTESIAN_POINT('',(-0.00172766837987807,-0.00159895778896338,0.00177222655695302));
#5456=CARTESIAN_POINT('',(-0.00172766837987807,-0.0038,0.00177222655695302));
#5457=CARTESIAN_POINT('',(0.,-0.0038,0.));
#5458=CARTESIAN_POINT('',(-0.00177222655695298,-0.0038,0.00172766837987811));
#5459=CARTESIAN_POINT('',(-0.00177222655695298,-0.00159895778896338,0.00172766837987811));
#5460=CARTESIAN_POINT('',(0.,-0.0038,0.));
#5461=CARTESIAN_POINT('',(0.,-0.0018,0.));
#5462=CARTESIAN_POINT('',(-0.00190345215028459,-0.0018,0.00158192759365814));
#5463=CARTESIAN_POINT('',(-0.00194310863522765,-0.0018,0.00153295591316379));
#5464=CARTESIAN_POINT('',(-0.00190345215028459,-0.00159895778896338,0.00158192759365814));
#5465=CARTESIAN_POINT('',(-0.00190345215028459,-0.0038,0.00158192759365814));
#5466=CARTESIAN_POINT('',(0.,-0.0038,0.));
#5467=CARTESIAN_POINT('',(-0.00194310863522765,-0.0038,0.00153295591316379));
#5468=CARTESIAN_POINT('',(-0.00194310863522765,-0.00159039939368724,0.00153295591316379));
#5469=CARTESIAN_POINT('',(0.,-0.0038,0.));
#5470=CARTESIAN_POINT('',(0.,-0.0018,0.));
#5471=CARTESIAN_POINT('',(-0.00205838130060963,-0.0018,0.0013742967006075));
#5472=CARTESIAN_POINT('',(-0.00209270160867313,-0.0018,0.0013214480606732));
#5473=CARTESIAN_POINT('',(-0.00205838130060963,-0.00159039939368724,0.0013742967006075));
#5474=CARTESIAN_POINT('',(-0.00205838130060963,-0.0038,0.0013742967006075));
#5475=CARTESIAN_POINT('',(0.,-0.0038,0.));
#5476=CARTESIAN_POINT('',(-0.00209270160867313,-0.0038,0.0013214480606732));
#5477=CARTESIAN_POINT('',(-0.00209270160867313,-0.00158369585581169,0.0013214480606732));
#5478=CARTESIAN_POINT('',(0.,-0.0038,0.));
#5479=CARTESIAN_POINT('',(0.,-0.0018,0.));
#5480=CARTESIAN_POINT('',(-0.00219075839466121,-0.0018,0.00115160872531494));
#5481=CARTESIAN_POINT('',(-0.00221936650536803,-0.0018,0.00109546214669909));
#5482=CARTESIAN_POINT('',(-0.00219075839466121,-0.00158369585581169,0.00115160872531494));
#5483=CARTESIAN_POINT('',(-0.00219075839466121,-0.0038,0.00115160872531494));
#5484=CARTESIAN_POINT('',(0.,-0.0038,0.));
#5485=CARTESIAN_POINT('',(-0.00221936650536803,-0.0038,0.00109546214669909));
#5486=CARTESIAN_POINT('',(-0.00221936650536803,-0.00157896064536272,0.00109546214669909));
#5487=CARTESIAN_POINT('',(0.,-0.0038,0.));
#5488=CARTESIAN_POINT('',(0.,-0.0018,0.));
#5489=CARTESIAN_POINT('',(-0.00229913308129522,-0.0018,0.000916303483838208));
#5490=CARTESIAN_POINT('',(-0.00232171555819781,-0.0018,0.000857474120205554));
#5491=CARTESIAN_POINT('',(-0.00229913308129522,-0.00157896064536272,0.000916303483838208));
#5492=CARTESIAN_POINT('',(-0.00229913308129522,-0.0038,0.000916303483838208));
#5493=CARTESIAN_POINT('',(0.,-0.0038,0.));
#5494=CARTESIAN_POINT('',(-0.00232171555819781,-0.0038,0.000857474120205554));
#5495=CARTESIAN_POINT('',(-0.00232171555819781,-0.00157627104383781,0.000857474120205554));
#5496=CARTESIAN_POINT('',(0.,-0.0038,0.));
#5497=CARTESIAN_POINT('',(0.,-0.0018,0.));
#5498=CARTESIAN_POINT('',(-0.00238231798476602,-0.0018,0.000670959029643711));
#5499=CARTESIAN_POINT('',(-0.00239862740952177,-0.0018,0.00061009142781305));
#5500=CARTESIAN_POINT('',(-0.00238231798476602,-0.00157627104383781,0.000670959029643711));
#5501=CARTESIAN_POINT('',(-0.00238231798476602,-0.0038,0.000670959029643711));
#5502=CARTESIAN_POINT('',(0.,-0.0038,0.));
#5503=CARTESIAN_POINT('',(-0.00239862740952177,-0.0038,0.000610091427813051));
#5504=CARTESIAN_POINT('',(-0.00239862740952177,-0.00157566999859728,0.000610091427813051));
#5505=CARTESIAN_POINT('',(0.,-0.0038,0.));
#5506=CARTESIAN_POINT('',(0.,-0.0018,0.));
#5507=CARTESIAN_POINT('',(-0.00243940171386364,-0.0018,0.000418263407913237));
#5508=CARTESIAN_POINT('',(-0.00244925939700195,-0.0018,0.000356024446067587));
#5509=CARTESIAN_POINT('',(-0.00243940171386364,-0.00157566999859728,0.000418263407913237));
#5510=CARTESIAN_POINT('',(-0.00243940171386364,-0.0038,0.000418263407913237));
#5511=CARTESIAN_POINT('',(0.,-0.0038,0.));
#5512=CARTESIAN_POINT('',(-0.00244925939700195,-0.0038,0.000356024446067587));
#5513=CARTESIAN_POINT('',(-0.00244925939700195,-0.00157716701872007,0.000356024446067587));
#5514=CARTESIAN_POINT('',(0.,-0.0038,0.));
#5515=CARTESIAN_POINT('',(0.,-0.0018,0.));
#5516=CARTESIAN_POINT('',(-0.00246975884730655,-0.0018,0.000160985204758418));
#5517=CARTESIAN_POINT('',(-0.00247305678598809,-0.0018,9.8056785988104E-5));
#5518=CARTESIAN_POINT('',(-0.00246975884730655,-0.00157716701872007,0.000160985204758418));
#5519=CARTESIAN_POINT('',(-0.00246975884730655,-0.0038,0.000160985204758418));
#5520=CARTESIAN_POINT('',(0.,-0.0038,0.));
#5521=CARTESIAN_POINT('',(-0.00247305678598809,-0.0038,9.80567859881044E-5));
#5522=CARTESIAN_POINT('',(-0.00247305678598809,-0.00157986246773154,9.80567859881044E-5));
#5523=CARTESIAN_POINT('',(0.,-0.0038,0.));
#5524=CARTESIAN_POINT('',(0.,-0.0018,0.));
#5525=CARTESIAN_POINT('',(-0.00247305678598809,-0.0018,-9.80567859880528E-5));
#5526=CARTESIAN_POINT('',(-0.00246975884730655,-0.0018,-0.000160985204758368));
#5527=CARTESIAN_POINT('',(-0.00247305678598809,-0.00157986246773154,-9.80567859880528E-5));
#5528=CARTESIAN_POINT('',(-0.00247305678598809,-0.0038,-9.80567859880528E-5));
#5529=CARTESIAN_POINT('',(0.,-0.0038,0.));
#5530=CARTESIAN_POINT('',(-0.00246975884730655,-0.0038,-0.000160985204758368));
#5531=CARTESIAN_POINT('',(-0.00246975884730655,-0.00157716701872007,-0.000160985204758368));
#5532=CARTESIAN_POINT('',(0.,-0.0038,0.));
#5533=CARTESIAN_POINT('',(0.,-0.0018,0.));
#5534=CARTESIAN_POINT('',(-0.00244925939700195,-0.0018,-0.000356024446067538));
#5535=CARTESIAN_POINT('',(-0.00243940171386365,-0.0018,-0.000418263407913186));
#5536=CARTESIAN_POINT('',(-0.00244925939700195,-0.00157716701872007,-0.000356024446067538));
#5537=CARTESIAN_POINT('',(-0.00244925939700195,-0.0038,-0.000356024446067538));
#5538=CARTESIAN_POINT('',(0.,-0.0038,0.));
#5539=CARTESIAN_POINT('',(-0.00243940171386365,-0.0038,-0.000418263407913186));
#5540=CARTESIAN_POINT('',(-0.00243940171386365,-0.00157566999859728,-0.000418263407913186));
#5541=CARTESIAN_POINT('',(0.,-0.0038,0.));
#5542=CARTESIAN_POINT('',(0.,-0.0018,0.));
#5543=CARTESIAN_POINT('',(-0.00239862740952178,-0.0018,-0.000610091427813001));
#5544=CARTESIAN_POINT('',(-0.00238231798476603,-0.0018,-0.000670959029643664));
#5545=CARTESIAN_POINT('',(-0.00239862740952178,-0.00157566999859728,-0.000610091427813001));
#5546=CARTESIAN_POINT('',(-0.00239862740952178,-0.0038,-0.000610091427813001));
#5547=CARTESIAN_POINT('',(0.,-0.0038,0.));
#5548=CARTESIAN_POINT('',(-0.00238231798476603,-0.0038,-0.000670959029643664));
#5549=CARTESIAN_POINT('',(-0.00238231798476603,-0.00157627104383781,-0.000670959029643664));
#5550=CARTESIAN_POINT('',(0.,-0.0038,0.));
#5551=CARTESIAN_POINT('',(0.,-0.0018,0.));
#5552=CARTESIAN_POINT('',(-0.00232171555819783,-0.0018,-0.000857474120205507));
#5553=CARTESIAN_POINT('',(-0.00229913308129523,-0.0018,-0.000916303483838162));
#5554=CARTESIAN_POINT('',(-0.00232171555819783,-0.00157627104383781,-0.000857474120205507));
#5555=CARTESIAN_POINT('',(-0.00232171555819783,-0.0038,-0.000857474120205507));
#5556=CARTESIAN_POINT('',(0.,-0.0038,0.));
#5557=CARTESIAN_POINT('',(-0.00229913308129523,-0.0038,-0.000916303483838162));
#5558=CARTESIAN_POINT('',(-0.00229913308129523,-0.00157896064536272,-0.000916303483838162));
#5559=CARTESIAN_POINT('',(0.,-0.0038,0.));
#5560=CARTESIAN_POINT('',(0.,-0.0018,0.));
#5561=CARTESIAN_POINT('',(-0.00221936650536805,-0.0018,-0.00109546214669905));
#5562=CARTESIAN_POINT('',(-0.00219075839466123,-0.0018,-0.0011516087253149));
#5563=CARTESIAN_POINT('',(-0.00221936650536805,-0.00157896064536272,-0.00109546214669905));
#5564=CARTESIAN_POINT('',(-0.00221936650536805,-0.0038,-0.00109546214669905));
#5565=CARTESIAN_POINT('',(0.,-0.0038,0.));
#5566=CARTESIAN_POINT('',(-0.00219075839466123,-0.0038,-0.0011516087253149));
#5567=CARTESIAN_POINT('',(-0.00219075839466123,-0.00158369585581169,-0.0011516087253149));
#5568=CARTESIAN_POINT('',(0.,-0.0038,0.));
#5569=CARTESIAN_POINT('',(0.,-0.0018,0.));
#5570=CARTESIAN_POINT('',(-0.00209270160867316,-0.0018,-0.00132144806067316));
#5571=CARTESIAN_POINT('',(-0.00205838130060966,-0.0018,-0.00137429670060746));
#5572=CARTESIAN_POINT('',(-0.00209270160867316,-0.00158369585581169,-0.00132144806067316));
#5573=CARTESIAN_POINT('',(-0.00209270160867316,-0.0038,-0.00132144806067316));
#5574=CARTESIAN_POINT('',(0.,-0.0038,0.));
#5575=CARTESIAN_POINT('',(-0.00205838130060966,-0.0038,-0.00137429670060746));
#5576=CARTESIAN_POINT('',(-0.00205838130060966,-0.00159039939368724,-0.00137429670060746));
#5577=CARTESIAN_POINT('',(0.,-0.0038,0.));
#5578=CARTESIAN_POINT('',(0.,-0.0018,0.));
#5579=CARTESIAN_POINT('',(-0.00194310863522768,-0.0018,-0.00153295591316375));
#5580=CARTESIAN_POINT('',(-0.00190345215028462,-0.0018,-0.0015819275936581));
#5581=CARTESIAN_POINT('',(-0.00194310863522768,-0.00159039939368724,-0.00153295591316375));
#5582=CARTESIAN_POINT('',(-0.00194310863522768,-0.0038,-0.00153295591316375));
#5583=CARTESIAN_POINT('',(0.,-0.0038,0.));
#5584=CARTESIAN_POINT('',(-0.00190345215028462,-0.0038,-0.0015819275936581));
#5585=CARTESIAN_POINT('',(-0.00190345215028462,-0.00159895778896338,-0.0015819275936581));
#5586=CARTESIAN_POINT('',(0.,-0.0038,0.));
#5587=CARTESIAN_POINT('',(0.,-0.0018,0.));
#5588=CARTESIAN_POINT('',(-0.00177222655695302,-0.0018,-0.00172766837987807));
#5589=CARTESIAN_POINT('',(-0.0017276683798781,-0.0018,-0.00177222655695299));
#5590=CARTESIAN_POINT('',(-0.00177222655695302,-0.00159895778896338,-0.00172766837987807));
#5591=CARTESIAN_POINT('',(-0.00177222655695302,-0.0038,-0.00172766837987807));
#5592=CARTESIAN_POINT('',(0.,-0.0038,0.));
#5593=CARTESIAN_POINT('',(-0.0017276683798781,-0.0038,-0.00177222655695299));
#5594=CARTESIAN_POINT('',(-0.0017276683798781,-0.00159895778896338,-0.00177222655695299));
#5595=CARTESIAN_POINT('',(0.,-0.0038,0.));
#5596=CARTESIAN_POINT('',(0.,-0.0018,0.));
#5597=CARTESIAN_POINT('',(-0.00158192759365813,-0.0018,-0.0019034521502846));
#5598=CARTESIAN_POINT('',(-0.00153295591316378,-0.0018,-0.00194310863522765));
#5599=CARTESIAN_POINT('',(-0.00158192759365813,-0.00159895778896338,-0.0019034521502846));
#5600=CARTESIAN_POINT('',(-0.00158192759365813,-0.0038,-0.0019034521502846));
#5601=CARTESIAN_POINT('',(0.,-0.0038,0.));
#5602=CARTESIAN_POINT('',(-0.00153295591316378,-0.0038,-0.00194310863522765));
#5603=CARTESIAN_POINT('',(-0.00153295591316378,-0.00159039939368724,-0.00194310863522765));
#5604=CARTESIAN_POINT('',(0.,-0.0038,0.));
#5605=CARTESIAN_POINT('',(0.,-0.0018,0.));
#5606=CARTESIAN_POINT('',(-0.0013742967006075,-0.0018,-0.00205838130060964));
#5607=CARTESIAN_POINT('',(-0.00132144806067319,-0.0018,-0.00209270160867313));
#5608=CARTESIAN_POINT('',(-0.0013742967006075,-0.00159039939368724,-0.00205838130060964));
#5609=CARTESIAN_POINT('',(-0.0013742967006075,-0.0038,-0.00205838130060964));
#5610=CARTESIAN_POINT('',(0.,-0.0038,0.));
#5611=CARTESIAN_POINT('',(-0.00132144806067319,-0.0038,-0.00209270160867313));
#5612=CARTESIAN_POINT('',(-0.00132144806067319,-0.00158369585581169,-0.00209270160867313));
#5613=CARTESIAN_POINT('',(0.,-0.0038,0.));
#5614=CARTESIAN_POINT('',(0.,-0.0018,0.));
#5615=CARTESIAN_POINT('',(-0.00115160872531493,-0.0018,-0.00219075839466121));
#5616=CARTESIAN_POINT('',(-0.00109546214669908,-0.0018,-0.00221936650536803));
#5617=CARTESIAN_POINT('',(-0.00115160872531493,-0.00158369585581169,-0.00219075839466121));
#5618=CARTESIAN_POINT('',(-0.00115160872531493,-0.0038,-0.00219075839466121));
#5619=CARTESIAN_POINT('',(0.,-0.0038,0.));
#5620=CARTESIAN_POINT('',(-0.00109546214669908,-0.0038,-0.00221936650536803));
#5621=CARTESIAN_POINT('',(-0.00109546214669908,-0.00157896064536272,-0.00221936650536803));
#5622=CARTESIAN_POINT('',(0.,-0.0038,0.));
#5623=CARTESIAN_POINT('',(0.,-0.0018,0.));
#5624=CARTESIAN_POINT('',(-0.0009163034838382,-0.0018,-0.00229913308129522));
#5625=CARTESIAN_POINT('',(-0.000857474120205546,-0.0018,-0.00232171555819781));
#5626=CARTESIAN_POINT('',(-0.0009163034838382,-0.00157896064536272,-0.00229913308129522));
#5627=CARTESIAN_POINT('',(-0.0009163034838382,-0.0038,-0.00229913308129522));
#5628=CARTESIAN_POINT('',(0.,-0.0038,0.));
#5629=CARTESIAN_POINT('',(-0.000857474120205546,-0.0038,-0.00232171555819781));
#5630=CARTESIAN_POINT('',(-0.000857474120205546,-0.00157627104383781,-0.00232171555819781));
#5631=CARTESIAN_POINT('',(0.,-0.0038,0.));
#5632=CARTESIAN_POINT('',(0.,-0.0018,0.));
#5633=CARTESIAN_POINT('',(-0.000670959029643704,-0.0018,-0.00238231798476602));
#5634=CARTESIAN_POINT('',(-0.000610091427813043,-0.0018,-0.00239862740952177));
#5635=CARTESIAN_POINT('',(-0.000670959029643704,-0.00157627104383781,-0.00238231798476602));
#5636=CARTESIAN_POINT('',(-0.000670959029643704,-0.0038,-0.00238231798476602));
#5637=CARTESIAN_POINT('',(0.,-0.0038,0.));
#5638=CARTESIAN_POINT('',(-0.000610091427813043,-0.0038,-0.00239862740952177));
#5639=CARTESIAN_POINT('',(-0.000610091427813043,-0.00157566999859728,-0.00239862740952177));
#5640=CARTESIAN_POINT('',(0.,-0.0038,0.));
#5641=CARTESIAN_POINT('',(0.,-0.0018,0.));
#5642=CARTESIAN_POINT('',(-0.000418263407913228,-0.0018,-0.00243940171386364));
#5643=CARTESIAN_POINT('',(-0.00035602444606758,-0.0018,-0.00244925939700195));
#5644=CARTESIAN_POINT('',(-0.000418263407913228,-0.00157566999859728,-0.00243940171386364));
#5645=CARTESIAN_POINT('',(-0.000418263407913228,-0.0038,-0.00243940171386364));
#5646=CARTESIAN_POINT('',(0.,-0.0038,0.));
#5647=CARTESIAN_POINT('',(-0.00035602444606758,-0.0038,-0.00244925939700195));
#5648=CARTESIAN_POINT('',(-0.00035602444606758,-0.00157716701872007,-0.00244925939700195));
#5649=CARTESIAN_POINT('',(0.,-0.0038,0.));
#5650=CARTESIAN_POINT('',(0.,-0.0018,0.));
#5651=CARTESIAN_POINT('',(-0.00016098520475841,-0.0018,-0.00246975884730655));
#5652=CARTESIAN_POINT('',(-9.80567859880785E-5,-0.0018,-0.00247305678598809));
#5653=CARTESIAN_POINT('',(-0.00016098520475841,-0.00157716701872007,-0.00246975884730655));
#5654=CARTESIAN_POINT('',(-0.00016098520475841,-0.0038,-0.00246975884730655));
#5655=CARTESIAN_POINT('',(0.,-0.0038,0.));
#5656=CARTESIAN_POINT('',(-9.80567859880785E-5,-0.0038,-0.00247305678598809));
#5657=CARTESIAN_POINT('',(-9.80567859880785E-5,-0.00157986246773154,-0.00247305678598809));
#5658=CARTESIAN_POINT('',(0.,-0.0038,0.));
#5659=CARTESIAN_POINT('',(0.,-0.0018,0.));
#5660=CARTESIAN_POINT('',(9.80567859880787E-5,-0.0018,-0.00247305678598809));
#5661=CARTESIAN_POINT('',(0.000160985204758376,-0.0018,-0.00246975884730655));
#5662=CARTESIAN_POINT('',(9.80567859880787E-5,-0.00157986246773154,-0.00247305678598809));
#5663=CARTESIAN_POINT('',(9.80567859880787E-5,-0.0038,-0.00247305678598809));
#5664=CARTESIAN_POINT('',(0.,-0.0038,0.));
#5665=CARTESIAN_POINT('',(0.000160985204758377,-0.0038,-0.00246975884730655));
#5666=CARTESIAN_POINT('',(0.000160985204758377,-0.00157716701872007,-0.00246975884730655));
#5667=CARTESIAN_POINT('',(0.,-0.0038,0.));
#5668=CARTESIAN_POINT('',(0.,-0.0018,0.));
#5669=CARTESIAN_POINT('',(0.000356024446067547,-0.0018,-0.00244925939700195));
#5670=CARTESIAN_POINT('',(0.000418263407913195,-0.0018,-0.00243940171386365));
#5671=CARTESIAN_POINT('',(0.000356024446067547,-0.00157716701872007,-0.00244925939700195));
#5672=CARTESIAN_POINT('',(0.000356024446067547,-0.0038,-0.00244925939700195));
#5673=CARTESIAN_POINT('',(0.,-0.0038,0.));
#5674=CARTESIAN_POINT('',(0.000418263407913195,-0.0038,-0.00243940171386365));
#5675=CARTESIAN_POINT('',(0.000418263407913195,-0.00157566999859728,-0.00243940171386365));
#5676=CARTESIAN_POINT('',(0.,-0.0038,0.));
#5677=CARTESIAN_POINT('',(0.,-0.0018,0.));
#5678=CARTESIAN_POINT('',(0.00061009142781301,-0.0018,-0.00239862740952178));
#5679=CARTESIAN_POINT('',(0.000670959029643671,-0.0018,-0.00238231798476603));
#5680=CARTESIAN_POINT('',(0.00061009142781301,-0.00157566999859728,-0.00239862740952178));
#5681=CARTESIAN_POINT('',(0.00061009142781301,-0.0038,-0.00239862740952178));
#5682=CARTESIAN_POINT('',(0.,-0.0038,0.));
#5683=CARTESIAN_POINT('',(0.000670959029643672,-0.0038,-0.00238231798476603));
#5684=CARTESIAN_POINT('',(0.000670959029643672,-0.00157627104383781,-0.00238231798476603));
#5685=CARTESIAN_POINT('',(0.,-0.0038,0.));
#5686=CARTESIAN_POINT('',(0.,-0.0018,0.));
#5687=CARTESIAN_POINT('',(0.000857474120205515,-0.0018,-0.00232171555819783));
#5688=CARTESIAN_POINT('',(0.000916303483838169,-0.0018,-0.00229913308129523));
#5689=CARTESIAN_POINT('',(0.000857474120205515,-0.00157627104383781,-0.00232171555819783));
#5690=CARTESIAN_POINT('',(0.000857474120205515,-0.0038,-0.00232171555819783));
#5691=CARTESIAN_POINT('',(0.,-0.0038,0.));
#5692=CARTESIAN_POINT('',(0.000916303483838169,-0.0038,-0.00229913308129523));
#5693=CARTESIAN_POINT('',(0.000916303483838169,-0.00157896064536272,-0.00229913308129523));
#5694=CARTESIAN_POINT('',(0.,-0.0038,0.));
#5695=CARTESIAN_POINT('',(0.,-0.0018,0.));
#5696=CARTESIAN_POINT('',(0.00109546214669905,-0.0018,-0.00221936650536805));
#5697=CARTESIAN_POINT('',(0.0011516087253149,-0.0018,-0.00219075839466123));
#5698=CARTESIAN_POINT('',(0.00109546214669905,-0.00157896064536272,-0.00221936650536805));
#5699=CARTESIAN_POINT('',(0.00109546214669905,-0.0038,-0.00221936650536805));
#5700=CARTESIAN_POINT('',(0.,-0.0038,0.));
#5701=CARTESIAN_POINT('',(0.0011516087253149,-0.0038,-0.00219075839466123));
#5702=CARTESIAN_POINT('',(0.0011516087253149,-0.00158369585581169,-0.00219075839466123));
#5703=CARTESIAN_POINT('',(0.,-0.0038,0.));
#5704=CARTESIAN_POINT('',(0.,-0.0018,0.));
#5705=CARTESIAN_POINT('',(0.00132144806067316,-0.0018,-0.00209270160867315));
#5706=CARTESIAN_POINT('',(0.00137429670060747,-0.0018,-0.00205838130060965));
#5707=CARTESIAN_POINT('',(0.00132144806067316,-0.00158369585581169,-0.00209270160867315));
#5708=CARTESIAN_POINT('',(0.00132144806067316,-0.0038,-0.00209270160867315));
#5709=CARTESIAN_POINT('',(0.,-0.0038,0.));
#5710=CARTESIAN_POINT('',(0.00137429670060747,-0.0038,-0.00205838130060965));
#5711=CARTESIAN_POINT('',(0.00137429670060747,-0.00159039939368724,-0.00205838130060965));
#5712=CARTESIAN_POINT('',(0.,-0.0038,0.));
#5713=CARTESIAN_POINT('',(0.,-0.0018,0.));
#5714=CARTESIAN_POINT('',(0.00153295591316376,-0.0018,-0.00194310863522767));
#5715=CARTESIAN_POINT('',(0.00158192759365811,-0.0018,-0.00190345215028462));
#5716=CARTESIAN_POINT('',(0.00153295591316376,-0.00159039939368724,-0.00194310863522767));
#5717=CARTESIAN_POINT('',(0.00153295591316376,-0.0038,-0.00194310863522767));
#5718=CARTESIAN_POINT('',(0.,-0.0038,0.));
#5719=CARTESIAN_POINT('',(0.00158192759365811,-0.0038,-0.00190345215028462));
#5720=CARTESIAN_POINT('',(0.00158192759365811,-0.00159895778896338,-0.00190345215028462));
#5721=CARTESIAN_POINT('',(0.,-0.0038,0.));
#5722=CARTESIAN_POINT('',(0.,-0.0018,0.));
#5723=CARTESIAN_POINT('',(0.00172766837987808,-0.0018,-0.00177222655695301));
#5724=CARTESIAN_POINT('',(0.00177222655695299,-0.0018,-0.00172766837987809));
#5725=CARTESIAN_POINT('',(0.00172766837987808,-0.00159895778896338,-0.00177222655695301));
#5726=CARTESIAN_POINT('',(0.00172766837987808,-0.0038,-0.00177222655695301));
#5727=CARTESIAN_POINT('',(0.,-0.0038,0.));
#5728=CARTESIAN_POINT('',(0.00177222655695299,-0.0038,-0.00172766837987809));
#5729=CARTESIAN_POINT('',(0.00177222655695299,-0.00159895778896338,-0.00172766837987809));
#5730=CARTESIAN_POINT('',(0.,-0.0038,0.));
#5731=CARTESIAN_POINT('',(0.,-0.0018,0.));
#5732=CARTESIAN_POINT('',(0.0019034521502846,-0.0018,-0.00158192759365813));
#5733=CARTESIAN_POINT('',(0.00194310863522765,-0.0018,-0.00153295591316378));
#5734=CARTESIAN_POINT('',(0.0019034521502846,-0.00159895778896338,-0.00158192759365813));
#5735=CARTESIAN_POINT('',(0.0019034521502846,-0.0038,-0.00158192759365813));
#5736=CARTESIAN_POINT('',(0.,-0.0038,0.));
#5737=CARTESIAN_POINT('',(0.00194310863522765,-0.0038,-0.00153295591316378));
#5738=CARTESIAN_POINT('',(0.00194310863522765,-0.00159039939368724,-0.00153295591316378));
#5739=CARTESIAN_POINT('',(0.,-0.0038,0.));
#5740=CARTESIAN_POINT('',(0.,-0.0018,0.));
#5741=CARTESIAN_POINT('',(0.00205838130060964,-0.0018,-0.00137429670060749));
#5742=CARTESIAN_POINT('',(0.00209270160867314,-0.0018,-0.00132144806067319));
#5743=CARTESIAN_POINT('',(0.00205838130060964,-0.00159039939368724,-0.00137429670060749));
#5744=CARTESIAN_POINT('',(0.00205838130060964,-0.0038,-0.00137429670060749));
#5745=CARTESIAN_POINT('',(0.,-0.0038,0.));
#5746=CARTESIAN_POINT('',(0.00209270160867314,-0.0038,-0.00132144806067319));
#5747=CARTESIAN_POINT('',(0.00209270160867314,-0.00158369585581169,-0.00132144806067319));
#5748=CARTESIAN_POINT('',(0.,-0.0038,0.));
#5749=CARTESIAN_POINT('',(0.,-0.0018,0.));
#5750=CARTESIAN_POINT('',(0.00219075839466122,-0.0018,-0.00115160872531493));
#5751=CARTESIAN_POINT('',(0.00221936650536803,-0.0018,-0.00109546214669908));
#5752=CARTESIAN_POINT('',(0.00219075839466122,-0.00158369585581169,-0.00115160872531493));
#5753=CARTESIAN_POINT('',(0.00219075839466122,-0.0038,-0.00115160872531493));
#5754=CARTESIAN_POINT('',(0.,-0.0038,0.));
#5755=CARTESIAN_POINT('',(0.00221936650536803,-0.0038,-0.00109546214669908));
#5756=CARTESIAN_POINT('',(0.00221936650536803,-0.00157896064536272,-0.00109546214669908));
#5757=CARTESIAN_POINT('',(0.,-0.0038,0.));
#5758=CARTESIAN_POINT('',(0.,-0.0018,0.));
#5759=CARTESIAN_POINT('',(0.00229913308129522,-0.0018,-0.000916303483838193));
#5760=CARTESIAN_POINT('',(0.00232171555819782,-0.0018,-0.000857474120205539));
#5761=CARTESIAN_POINT('',(0.00229913308129522,-0.00157896064536272,-0.000916303483838193));
#5762=CARTESIAN_POINT('',(0.00229913308129522,-0.0038,-0.000916303483838193));
#5763=CARTESIAN_POINT('',(0.,-0.0038,0.));
#5764=CARTESIAN_POINT('',(0.00232171555819782,-0.0038,-0.000857474120205539));
#5765=CARTESIAN_POINT('',(0.00232171555819782,-0.00157627104383781,-0.000857474120205539));
#5766=CARTESIAN_POINT('',(0.,-0.0038,0.));
#5767=CARTESIAN_POINT('',(0.,-0.0018,0.));
#5768=CARTESIAN_POINT('',(0.00238231798476603,-0.0018,-0.000670959029643696));
#5769=CARTESIAN_POINT('',(0.00239862740952177,-0.0018,-0.000610091427813034));
#5770=CARTESIAN_POINT('',(0.00238231798476603,-0.00157627104383781,-0.000670959029643696));
#5771=CARTESIAN_POINT('',(0.00238231798476603,-0.0038,-0.000670959029643696));
#5772=CARTESIAN_POINT('',(0.,-0.0038,0.));
#5773=CARTESIAN_POINT('',(0.00239862740952177,-0.0038,-0.000610091427813034));
#5774=CARTESIAN_POINT('',(0.00239862740952177,-0.00157566999859728,-0.000610091427813034));
#5775=CARTESIAN_POINT('',(0.,-0.0038,0.));
#5776=CARTESIAN_POINT('',(0.,-0.0018,0.));
#5777=CARTESIAN_POINT('',(0.00243940171386365,-0.0018,-0.00041826340791322));
#5778=CARTESIAN_POINT('',(0.00244925939700195,-0.0018,-0.000356024446067571));
#5779=CARTESIAN_POINT('',(0.00243940171386365,-0.00157566999859728,-0.00041826340791322));
#5780=CARTESIAN_POINT('',(0.00243940171386365,-0.0038,-0.00041826340791322));
#5781=CARTESIAN_POINT('',(0.,-0.0038,0.));
#5782=CARTESIAN_POINT('',(0.00244925939700195,-0.0038,-0.000356024446067571));
#5783=CARTESIAN_POINT('',(0.00244925939700195,-0.00157716701872007,-0.000356024446067571));
#5784=CARTESIAN_POINT('',(0.,-0.0038,0.));
#5785=CARTESIAN_POINT('',(0.,-0.0018,0.));
#5786=CARTESIAN_POINT('',(0.00246975884730655,-0.0018,-0.000160985204758401));
#5787=CARTESIAN_POINT('',(0.00247305678598809,-0.0018,-9.80567859880871E-5));
#5788=CARTESIAN_POINT('',(0.00246975884730655,-0.00157716701872007,-0.000160985204758401));
#5789=CARTESIAN_POINT('',(0.00246975884730655,-0.0038,-0.000160985204758401));
#5790=CARTESIAN_POINT('',(0.,-0.0038,0.));
#5791=CARTESIAN_POINT('',(0.00247305678598809,-0.0038,-9.80567859880871E-5));
#5792=CARTESIAN_POINT('',(0.00247305678598809,-0.00157986246773154,-9.80567859880871E-5));
#5793=CARTESIAN_POINT('',(0.,-0.0038,0.));
#5794=CARTESIAN_POINT('',(0.,-0.0018,0.));
#5795=CARTESIAN_POINT('',(0.00247305678598809,-0.0018,9.805678598807E-5));
#5796=CARTESIAN_POINT('',(0.00246975884730655,-0.0018,0.000160985204758385));
#5797=CARTESIAN_POINT('',(0.00247305678598809,-0.00157986246773154,9.805678598807E-5));
#5798=CARTESIAN_POINT('',(0.00247305678598809,-0.0038,9.805678598807E-5));
#5799=CARTESIAN_POINT('',(0.,-0.0038,0.));
#5800=CARTESIAN_POINT('',(0.00246975884730655,-0.0038,0.000160985204758385));
#5801=CARTESIAN_POINT('',(0.00246975884730655,-0.00157716701872007,0.000160985204758385));
#5802=CARTESIAN_POINT('',(0.,-0.0038,0.));
#5803=CARTESIAN_POINT('',(0.,-0.0018,0.));
#5804=CARTESIAN_POINT('',(0.00244925939700195,-0.0018,0.000356024446067555));
#5805=CARTESIAN_POINT('',(0.00243940171386365,-0.0018,0.000418263407913203));
#5806=CARTESIAN_POINT('',(0.00244925939700195,-0.00157716701872007,0.000356024446067555));
#5807=CARTESIAN_POINT('',(0.00244925939700195,-0.0038,0.000356024446067555));
#5808=CARTESIAN_POINT('',(0.,-0.0038,0.));
#5809=CARTESIAN_POINT('',(0.00243940171386365,-0.0038,0.000418263407913203));
#5810=CARTESIAN_POINT('',(0.00243940171386365,-0.00157566999859728,0.000418263407913203));
#5811=CARTESIAN_POINT('',(0.,-0.0038,0.));
#5812=CARTESIAN_POINT('',(0.,-0.0018,0.));
#5813=CARTESIAN_POINT('',(0.00239862740952177,-0.0018,0.000610091427813018));
#5814=CARTESIAN_POINT('',(0.00238231798476603,-0.0018,0.000670959029643681));
#5815=CARTESIAN_POINT('',(0.00239862740952177,-0.00157566999859728,0.000610091427813018));
#5816=CARTESIAN_POINT('',(0.00239862740952177,-0.0038,0.000610091427813018));
#5817=CARTESIAN_POINT('',(0.,-0.0038,0.));
#5818=CARTESIAN_POINT('',(0.00238231798476603,-0.0038,0.00067095902964368));
#5819=CARTESIAN_POINT('',(0.00238231798476603,-0.00157627104383781,0.00067095902964368));
#5820=CARTESIAN_POINT('',(0.,-0.0038,0.));
#5821=CARTESIAN_POINT('',(0.,-0.0018,0.));
#5822=CARTESIAN_POINT('',(0.00232171555819782,-0.0018,0.000857474120205523));
#5823=CARTESIAN_POINT('',(0.00229913308129523,-0.0018,0.000916303483838177));
#5824=CARTESIAN_POINT('',(0.00232171555819782,-0.00157627104383781,0.000857474120205523));
#5825=CARTESIAN_POINT('',(0.00232171555819782,-0.0038,0.000857474120205523));
#5826=CARTESIAN_POINT('',(0.,-0.0038,0.));
#5827=CARTESIAN_POINT('',(0.00229913308129523,-0.0038,0.000916303483838177));
#5828=CARTESIAN_POINT('',(0.00229913308129523,-0.00157896064536272,0.000916303483838177));
#5829=CARTESIAN_POINT('',(0.,-0.0038,0.));
#5830=CARTESIAN_POINT('',(0.,-0.0018,0.));
#5831=CARTESIAN_POINT('',(0.00221936650536804,-0.0018,0.00109546214669906));
#5832=CARTESIAN_POINT('',(0.00219075839466123,-0.0018,0.00115160872531491));
#5833=CARTESIAN_POINT('',(0.00221936650536804,-0.00157896064536272,0.00109546214669906));
#5834=CARTESIAN_POINT('',(0.00221936650536804,-0.0038,0.00109546214669906));
#5835=CARTESIAN_POINT('',(0.,-0.0038,0.));
#5836=CARTESIAN_POINT('',(0.00219075839466123,-0.0038,0.00115160872531491));
#5837=CARTESIAN_POINT('',(0.00219075839466123,-0.00158369585581169,0.00115160872531491));
#5838=CARTESIAN_POINT('',(0.,-0.0038,0.));
#5839=CARTESIAN_POINT('',(0.,-0.0018,0.));
#5840=CARTESIAN_POINT('',(0.00209270160867315,-0.0018,0.00132144806067317));
#5841=CARTESIAN_POINT('',(0.00205838130060965,-0.0018,0.00137429670060748));
#5842=CARTESIAN_POINT('',(0.00209270160867315,-0.00158369585581169,0.00132144806067317));
#5843=CARTESIAN_POINT('',(0.00209270160867315,-0.0038,0.00132144806067317));
#5844=CARTESIAN_POINT('',(0.,-0.0038,0.));
#5845=CARTESIAN_POINT('',(0.00205838130060965,-0.0038,0.00137429670060748));
#5846=CARTESIAN_POINT('',(0.00205838130060965,-0.00159039939368724,0.00137429670060748));
#5847=CARTESIAN_POINT('',(0.,-0.0038,0.));
#5848=CARTESIAN_POINT('',(0.,-0.0018,0.));
#5849=CARTESIAN_POINT('',(0.00194310863522767,-0.0018,0.00153295591316376));
#5850=CARTESIAN_POINT('',(0.00190345215028461,-0.0018,0.00158192759365811));
#5851=CARTESIAN_POINT('',(0.00194310863522767,-0.00159039939368724,0.00153295591316376));
#5852=CARTESIAN_POINT('',(0.00194310863522767,-0.0038,0.00153295591316376));
#5853=CARTESIAN_POINT('',(0.,-0.0038,0.));
#5854=CARTESIAN_POINT('',(0.00190345215028461,-0.0038,0.00158192759365811));
#5855=CARTESIAN_POINT('',(0.00190345215028461,-0.00159895778896338,0.00158192759365811));
#5856=CARTESIAN_POINT('',(0.,-0.0038,0.));
#5857=CARTESIAN_POINT('',(0.,-0.0018,0.));
#5858=CARTESIAN_POINT('',(0.00177222655695301,-0.0018,0.00172766837987808));
#5859=CARTESIAN_POINT('',(0.00172766837987809,-0.0018,0.001772226556953));
#5860=CARTESIAN_POINT('',(0.00177222655695301,-0.00159895778896338,0.00172766837987808));
#5861=CARTESIAN_POINT('',(0.00177222655695301,-0.0038,0.00172766837987808));
#5862=CARTESIAN_POINT('',(0.,-0.0038,0.));
#5863=CARTESIAN_POINT('',(0.00172766837987809,-0.0038,0.001772226556953));
#5864=CARTESIAN_POINT('',(0.00172766837987809,-0.00159895778896338,0.001772226556953));
#5865=CARTESIAN_POINT('',(0.,-0.0038,0.));
#5866=CARTESIAN_POINT('',(0.,-0.0018,0.));
#5867=CARTESIAN_POINT('',(0.00158192759365812,-0.0018,0.00190345215028461));
#5868=CARTESIAN_POINT('',(0.00153295591316377,-0.0018,0.00194310863522766));
#5869=CARTESIAN_POINT('',(0.00158192759365812,-0.00159895778896338,0.00190345215028461));
#5870=CARTESIAN_POINT('',(0.00158192759365812,-0.0038,0.00190345215028461));
#5871=CARTESIAN_POINT('',(0.,-0.0038,0.));
#5872=CARTESIAN_POINT('',(0.00153295591316377,-0.0038,0.00194310863522766));
#5873=CARTESIAN_POINT('',(0.00153295591316377,-0.00159039939368724,0.00194310863522766));
#5874=CARTESIAN_POINT('',(0.,-0.0038,0.));
#5875=CARTESIAN_POINT('',(0.,-0.0018,0.));
#5876=CARTESIAN_POINT('',(0.00137429670060748,-0.0018,0.00205838130060964));
#5877=CARTESIAN_POINT('',(0.00132144806067318,-0.0018,0.00209270160867314));
#5878=CARTESIAN_POINT('',(0.00137429670060748,-0.00159039939368724,0.00205838130060964));
#5879=CARTESIAN_POINT('',(0.00137429670060748,-0.0038,0.00205838130060964));
#5880=CARTESIAN_POINT('',(0.,-0.0038,0.));
#5881=CARTESIAN_POINT('',(0.00132144806067318,-0.0038,0.00209270160867314));
#5882=CARTESIAN_POINT('',(0.00132144806067318,-0.00158369585581169,0.00209270160867314));
#5883=CARTESIAN_POINT('',(0.,-0.0038,0.));
#5884=CARTESIAN_POINT('',(0.,-0.0018,0.));
#5885=CARTESIAN_POINT('',(0.00115160872531492,-0.0018,0.00219075839466122));
#5886=CARTESIAN_POINT('',(0.00109546214669907,-0.0018,0.00221936650536804));
#5887=CARTESIAN_POINT('',(0.00115160872531492,-0.00158369585581169,0.00219075839466122));
#5888=CARTESIAN_POINT('',(0.00115160872531492,-0.0038,0.00219075839466122));
#5889=CARTESIAN_POINT('',(0.,-0.0038,0.));
#5890=CARTESIAN_POINT('',(0.00109546214669907,-0.0038,0.00221936650536804));
#5891=CARTESIAN_POINT('',(0.00109546214669907,-0.00157896064536272,0.00221936650536804));
#5892=CARTESIAN_POINT('',(0.,-0.0038,0.));
#5893=CARTESIAN_POINT('',(0.,-0.0018,0.));
#5894=CARTESIAN_POINT('',(0.000916303483838185,-0.0018,0.00229913308129522));
#5895=CARTESIAN_POINT('',(0.000857474120205531,-0.0018,0.00232171555819782));
#5896=CARTESIAN_POINT('',(0.000916303483838185,-0.00157896064536272,0.00229913308129522));
#5897=CARTESIAN_POINT('',(0.000916303483838185,-0.0038,0.00229913308129522));
#5898=CARTESIAN_POINT('',(0.,-0.0038,0.));
#5899=CARTESIAN_POINT('',(0.000857474120205531,-0.0038,0.00232171555819782));
#5900=CARTESIAN_POINT('',(0.000857474120205531,-0.00157627104383781,0.00232171555819782));
#5901=CARTESIAN_POINT('',(0.,-0.0038,0.));
#5902=CARTESIAN_POINT('',(0.,-0.0018,0.));
#5903=CARTESIAN_POINT('',(0.000670959029643688,-0.0018,0.00238231798476603));
#5904=CARTESIAN_POINT('',(0.000610091427813027,-0.0018,0.00239862740952177));
#5905=CARTESIAN_POINT('',(0.000670959029643688,-0.00157627104383781,0.00238231798476603));
#5906=CARTESIAN_POINT('',(0.000670959029643688,-0.0038,0.00238231798476603));
#5907=CARTESIAN_POINT('',(0.,-0.0038,0.));
#5908=CARTESIAN_POINT('',(0.000610091427813026,-0.0038,0.00239862740952177));
#5909=CARTESIAN_POINT('',(0.000610091427813026,-0.00157566999859728,0.00239862740952177));
#5910=CARTESIAN_POINT('',(0.,-0.0038,0.));
#5911=CARTESIAN_POINT('',(0.,-0.0018,0.));
#5912=CARTESIAN_POINT('',(0.000418263407913212,-0.0018,0.00243940171386365));
#5913=CARTESIAN_POINT('',(0.000356024446067563,-0.0018,0.00244925939700195));
#5914=CARTESIAN_POINT('',(0.000418263407913212,-0.00157566999859728,0.00243940171386365));
#5915=CARTESIAN_POINT('',(0.000418263407913212,-0.0038,0.00243940171386365));
#5916=CARTESIAN_POINT('',(0.,-0.0038,0.));
#5917=CARTESIAN_POINT('',(0.000356024446067563,-0.0038,0.00244925939700195));
#5918=CARTESIAN_POINT('',(0.000356024446067563,-0.00157716701872007,0.00244925939700195));
#5919=CARTESIAN_POINT('',(0.,-0.0038,0.));
#5920=CARTESIAN_POINT('',(0.,-0.0018,0.));
#5921=CARTESIAN_POINT('',(0.000160985204758393,-0.0018,0.00246975884730655));
#5922=CARTESIAN_POINT('',(9.80567859880785E-5,-0.0018,0.00247305678598809));
#5923=CARTESIAN_POINT('',(0.000160985204758393,-0.00157716701872007,0.00246975884730655));
#5924=CARTESIAN_POINT('',(0.000160985204758393,-0.0038,0.00246975884730655));
#5925=CARTESIAN_POINT('',(0.,-0.0038,0.));
#5926=CARTESIAN_POINT('',(9.80567859880785E-5,-0.0038,0.00247305678598809));
#5927=CARTESIAN_POINT('',(9.80567859880785E-5,-0.00157986246773154,0.00247305678598809));
#5928=CARTESIAN_POINT('',(0.,-0.0014,0.));
#5929=CARTESIAN_POINT('',(-0.01245,-0.0014,0.));
#5930=CARTESIAN_POINT('',(-0.01245,-0.0014,0.000600000000000014));
#5931=CARTESIAN_POINT('',(-0.01445,-0.0014,0.));
#5932=CARTESIAN_POINT('',(-0.01445,-0.0014,0.000600000000000014));
#5933=CARTESIAN_POINT('',(0.,-0.0014,0.));
#5934=CARTESIAN_POINT('',(-0.00220907220343745,-0.0014,0.00265));
#5935=CARTESIAN_POINT('',(-0.00220907220343745,-0.0014,-0.00265));
#5936=CARTESIAN_POINT('',(-0.00220907220343745,-0.0014,0.00265));
#5937=CARTESIAN_POINT('',(-0.0141591219670421,-0.0014,0.00199702088028865));
#5938=CARTESIAN_POINT('',(-0.01405,-0.0014,1.72062875280203E-18));
#5939=CARTESIAN_POINT('',(-0.0141591219670421,-0.0014,-0.00199702088028865));
#5940=CARTESIAN_POINT('',(-0.0141591219670421,-0.0014,-0.00199702088028865));
#5941=CARTESIAN_POINT('',(-0.01045,-0.0014,0.));
#5942=CARTESIAN_POINT('',(-0.01045,-0.0014,0.000600000000000014));
#5943=CARTESIAN_POINT('',(-0.00845,-0.0014,0.));
#5944=CARTESIAN_POINT('',(-0.00845,-0.0014,0.000600000000000014));
#5945=CARTESIAN_POINT('',(-0.00645,-0.0014,0.));
#5946=CARTESIAN_POINT('',(-0.00645,-0.0014,0.000600000000000014));
#5947=CARTESIAN_POINT('',(-0.00445,-0.0014,0.));
#5948=CARTESIAN_POINT('',(-0.00445,-0.0014,0.000600000000000014));
#5949=CARTESIAN_POINT('',(0.,-0.0014,0.));
#5950=CARTESIAN_POINT('',(0.,0.,0.));
#5951=CARTESIAN_POINT('',(-0.00220907220343745,0.,0.00265));
#5952=CARTESIAN_POINT('',(-0.00220907220343745,0.,-0.00265));
#5953=CARTESIAN_POINT('',(-0.00220907220343745,-0.0014,0.00265));
#5954=CARTESIAN_POINT('',(-0.00220907220343745,-0.0014,-0.00265));
#5955=CARTESIAN_POINT('',(0.,-0.0038,0.));
#5956=CARTESIAN_POINT('',(0.,-0.0038,0.00345));
#5957=CARTESIAN_POINT('',(-0.00220907220343745,-0.0014,0.00265));
#5958=CARTESIAN_POINT('',(-0.00220907220343745,0.,0.00265));
#5959=CARTESIAN_POINT('',(-0.0141591219670421,0.,0.00199702088028865));
#5960=CARTESIAN_POINT('',(-0.0141591219670421,-0.0014,0.00199702088028865));
#5961=CARTESIAN_POINT('',(-0.01405,-0.0014,1.72062875280203E-18));
#5962=CARTESIAN_POINT('',(-0.01405,0.,1.72062875280203E-18));
#5963=CARTESIAN_POINT('',(-0.0141591219670421,0.,-0.00199702088028865));
#5964=CARTESIAN_POINT('',(-0.0141591219670421,-0.0014,-0.00199702088028865));
#5965=CARTESIAN_POINT('',(-0.0141591219670421,-0.0014,-0.00199702088028865));
#5966=CARTESIAN_POINT('',(-0.0141591219670421,0.,-0.00199702088028865));
#5967=CARTESIAN_POINT('',(0.,0.,0.));
#5968=CARTESIAN_POINT('',(0.,1.83697019872104E-20,0.));
#5969=CARTESIAN_POINT('',(0.,1.83697019872104E-20,0.0023));
#5970=CARTESIAN_POINT('',(-0.01245,6.12323399573676E-21,0.));
#5971=CARTESIAN_POINT('',(-0.01245,6.12323399573676E-21,0.000600000000000014));
#5972=CARTESIAN_POINT('',(-0.01445,6.12323399573676E-21,0.));
#5973=CARTESIAN_POINT('',(-0.01445,6.12323399573676E-21,0.000600000000000014));
#5974=CARTESIAN_POINT('',(-0.01045,6.12323399573676E-21,0.));
#5975=CARTESIAN_POINT('',(-0.01045,6.12323399573676E-21,0.000600000000000014));
#5976=CARTESIAN_POINT('',(-0.00845,6.12323399573676E-21,0.));
#5977=CARTESIAN_POINT('',(-0.00845,6.12323399573676E-21,0.000600000000000014));
#5978=CARTESIAN_POINT('',(-0.00645,6.12323399573676E-21,0.));
#5979=CARTESIAN_POINT('',(-0.00645,6.12323399573676E-21,0.000600000000000014));
#5980=CARTESIAN_POINT('',(-0.00445,6.12323399573676E-21,0.));
#5981=CARTESIAN_POINT('',(-0.00445,6.12323399573676E-21,0.000600000000000014));
#5982=CARTESIAN_POINT('',(0.,-0.0038,0.));
#5983=CARTESIAN_POINT('',(0.,-0.0038,0.));
#5984=CARTESIAN_POINT('',(-9.80567859880787E-5,-0.0038,0.00247305678598809));
#5985=CARTESIAN_POINT('',(-0.000160985204758359,-0.0038,0.00246975884730655));
#5986=CARTESIAN_POINT('',(-9.80567859880787E-5,-0.0038,0.00247305678598809));
#5987=CARTESIAN_POINT('',(0.,-0.0038,0.002375));
#5988=CARTESIAN_POINT('',(0.,-0.0038,0.002375));
#5989=CARTESIAN_POINT('',(0.000160985204758393,-0.0038,0.00246975884730655));
#5990=CARTESIAN_POINT('',(0.000248255100260679,-0.0038,0.00236198950149966));
#5991=CARTESIAN_POINT('',(0.000248255100260679,-0.0038,0.00236198950149966));
#5992=CARTESIAN_POINT('',(0.000418263407913212,-0.0038,0.00243940171386365));
#5993=CARTESIAN_POINT('',(0.000493790265692182,-0.0038,0.0023231005517428));
#5994=CARTESIAN_POINT('',(0.000493790265692182,-0.0038,0.0023231005517428));
#5995=CARTESIAN_POINT('',(0.000670959029643688,-0.0038,0.00238231798476603));
#5996=CARTESIAN_POINT('',(0.000733915361640506,-0.0038,0.002258759226201));
#5997=CARTESIAN_POINT('',(0.000733915361640506,-0.0038,0.002258759226201));
#5998=CARTESIAN_POINT('',(0.000916303483838185,-0.0038,0.00229913308129522));
#5999=CARTESIAN_POINT('',(0.000965999527305033,-0.0038,0.00216967046190119));
#6000=CARTESIAN_POINT('',(0.000965999527305033,-0.0038,0.00216967046190119));
#6001=CARTESIAN_POINT('',(0.00115160872531492,-0.0038,0.00219075839466122));
#6002=CARTESIAN_POINT('',(0.0011875,-0.0038,0.00205681033398805));
#6003=CARTESIAN_POINT('',(0.0011875,-0.0038,0.00205681033398805));
#6004=CARTESIAN_POINT('',(0.00137429670060748,-0.0038,0.00205838130060964));
#6005=CARTESIAN_POINT('',(0.00139598997419463,-0.0038,0.00192141536164051));
#6006=CARTESIAN_POINT('',(0.00139598997419463,-0.0038,0.00192141536164051));
#6007=CARTESIAN_POINT('',(0.00158192759365812,-0.0038,0.00190345215028461));
#6008=CARTESIAN_POINT('',(0.0015891851901023,-0.0038,0.00176496896050882));
#6009=CARTESIAN_POINT('',(0.0015891851901023,-0.0038,0.00176496896050882));
#6010=CARTESIAN_POINT('',(0.00177222655695301,-0.0038,0.00172766837987808));
#6011=CARTESIAN_POINT('',(0.00176496896050882,-0.0038,0.00158918519010229));
#6012=CARTESIAN_POINT('',(0.00176496896050882,-0.0038,0.00158918519010229));
#6013=CARTESIAN_POINT('',(0.00194310863522767,-0.0038,0.00153295591316376));
#6014=CARTESIAN_POINT('',(0.00192141536164051,-0.0038,0.00139598997419463));
#6015=CARTESIAN_POINT('',(0.00192141536164051,-0.0038,0.00139598997419463));
#6016=CARTESIAN_POINT('',(0.00209270160867315,-0.0038,0.00132144806067317));
#6017=CARTESIAN_POINT('',(0.00205681033398806,-0.0038,0.0011875));
#6018=CARTESIAN_POINT('',(0.00205681033398806,-0.0038,0.0011875));
#6019=CARTESIAN_POINT('',(0.00221936650536804,-0.0038,0.00109546214669906));
#6020=CARTESIAN_POINT('',(0.00216967046190119,-0.0038,0.000965999527305026));
#6021=CARTESIAN_POINT('',(0.00216967046190119,-0.0038,0.000965999527305026));
#6022=CARTESIAN_POINT('',(0.00232171555819782,-0.0038,0.000857474120205523));
#6023=CARTESIAN_POINT('',(0.002258759226201,-0.0038,0.000733915361640498));
#6024=CARTESIAN_POINT('',(0.002258759226201,-0.0038,0.000733915361640498));
#6025=CARTESIAN_POINT('',(0.00239862740952177,-0.0038,0.000610091427813018));
#6026=CARTESIAN_POINT('',(0.0023231005517428,-0.0038,0.000493790265692174));
#6027=CARTESIAN_POINT('',(0.0023231005517428,-0.0038,0.000493790265692174));
#6028=CARTESIAN_POINT('',(0.00244925939700195,-0.0038,0.000356024446067555));
#6029=CARTESIAN_POINT('',(0.00236198950149966,-0.0038,0.000248255100260671));
#6030=CARTESIAN_POINT('',(0.00236198950149966,-0.0038,0.000248255100260671));
#6031=CARTESIAN_POINT('',(0.00247305678598809,-0.0038,9.805678598807E-5));
#6032=CARTESIAN_POINT('',(0.002375,-0.0038,-8.29226817975249E-18));
#6033=CARTESIAN_POINT('',(0.002375,-0.0038,-8.29226817975249E-18));
#6034=CARTESIAN_POINT('',(0.00246975884730655,-0.0038,-0.000160985204758401));
#6035=CARTESIAN_POINT('',(0.00236198950149966,-0.0038,-0.000248255100260687));
#6036=CARTESIAN_POINT('',(0.00236198950149966,-0.0038,-0.000248255100260687));
#6037=CARTESIAN_POINT('',(0.00243940171386365,-0.0038,-0.00041826340791322));
#6038=CARTESIAN_POINT('',(0.0023231005517428,-0.0038,-0.00049379026569219));
#6039=CARTESIAN_POINT('',(0.0023231005517428,-0.0038,-0.00049379026569219));
#6040=CARTESIAN_POINT('',(0.00238231798476603,-0.0038,-0.000670959029643696));
#6041=CARTESIAN_POINT('',(0.002258759226201,-0.0038,-0.000733915361640514));
#6042=CARTESIAN_POINT('',(0.002258759226201,-0.0038,-0.000733915361640514));
#6043=CARTESIAN_POINT('',(0.00229913308129522,-0.0038,-0.000916303483838193));
#6044=CARTESIAN_POINT('',(0.00216967046190119,-0.0038,-0.00096599952730504));
#6045=CARTESIAN_POINT('',(0.00216967046190119,-0.0038,-0.00096599952730504));
#6046=CARTESIAN_POINT('',(0.00219075839466122,-0.0038,-0.00115160872531493));
#6047=CARTESIAN_POINT('',(0.00205681033398805,-0.0038,-0.00118750000000002));
#6048=CARTESIAN_POINT('',(0.00205681033398805,-0.0038,-0.00118750000000002));
#6049=CARTESIAN_POINT('',(0.00205838130060964,-0.0038,-0.00137429670060749));
#6050=CARTESIAN_POINT('',(0.0019214153616405,-0.0038,-0.00139598997419464));
#6051=CARTESIAN_POINT('',(0.0019214153616405,-0.0038,-0.00139598997419464));
#6052=CARTESIAN_POINT('',(0.0019034521502846,-0.0038,-0.00158192759365813));
#6053=CARTESIAN_POINT('',(0.00176496896050881,-0.0038,-0.00158918519010231));
#6054=CARTESIAN_POINT('',(0.00176496896050881,-0.0038,-0.00158918519010231));
#6055=CARTESIAN_POINT('',(0.00172766837987808,-0.0038,-0.00177222655695301));
#6056=CARTESIAN_POINT('',(0.00158918519010229,-0.0038,-0.00176496896050883));
#6057=CARTESIAN_POINT('',(0.00158918519010229,-0.0038,-0.00176496896050883));
#6058=CARTESIAN_POINT('',(0.00153295591316376,-0.0038,-0.00194310863522767));
#6059=CARTESIAN_POINT('',(0.00139598997419462,-0.0038,-0.00192141536164052));
#6060=CARTESIAN_POINT('',(0.00139598997419462,-0.0038,-0.00192141536164052));
#6061=CARTESIAN_POINT('',(0.00132144806067316,-0.0038,-0.00209270160867315));
#6062=CARTESIAN_POINT('',(0.0011875,-0.0038,-0.00205681033398806));
#6063=CARTESIAN_POINT('',(0.0011875,-0.0038,-0.00205681033398806));
#6064=CARTESIAN_POINT('',(0.00109546214669905,-0.0038,-0.00221936650536805));
#6065=CARTESIAN_POINT('',(0.000965999527305018,-0.0038,-0.0021696704619012));
#6066=CARTESIAN_POINT('',(0.000965999527305018,-0.0038,-0.0021696704619012));
#6067=CARTESIAN_POINT('',(0.000857474120205515,-0.0038,-0.00232171555819783));
#6068=CARTESIAN_POINT('',(0.00073391536164049,-0.0038,-0.00225875922620101));
#6069=CARTESIAN_POINT('',(0.00073391536164049,-0.0038,-0.00225875922620101));
#6070=CARTESIAN_POINT('',(0.00061009142781301,-0.0038,-0.00239862740952178));
#6071=CARTESIAN_POINT('',(0.000493790265692167,-0.0038,-0.0023231005517428));
#6072=CARTESIAN_POINT('',(0.000493790265692167,-0.0038,-0.0023231005517428));
#6073=CARTESIAN_POINT('',(0.000356024446067547,-0.0038,-0.00244925939700195));
#6074=CARTESIAN_POINT('',(0.000248255100260663,-0.0038,-0.00236198950149966));
#6075=CARTESIAN_POINT('',(0.000248255100260663,-0.0038,-0.00236198950149966));
#6076=CARTESIAN_POINT('',(9.80567859880787E-5,-0.0038,-0.00247305678598809));
#6077=CARTESIAN_POINT('',(0.,-0.0038,-0.002375));
#6078=CARTESIAN_POINT('',(0.,-0.0038,-0.002375));
#6079=CARTESIAN_POINT('',(-0.00016098520475841,-0.0038,-0.00246975884730655));
#6080=CARTESIAN_POINT('',(-0.000248255100260695,-0.0038,-0.00236198950149966));
#6081=CARTESIAN_POINT('',(-0.000248255100260695,-0.0038,-0.00236198950149966));
#6082=CARTESIAN_POINT('',(-0.000418263407913228,-0.0038,-0.00243940171386364));
#6083=CARTESIAN_POINT('',(-0.000493790265692198,-0.0038,-0.0023231005517428));
#6084=CARTESIAN_POINT('',(-0.000493790265692198,-0.0038,-0.0023231005517428));
#6085=CARTESIAN_POINT('',(-0.000670959029643704,-0.0038,-0.00238231798476602));
#6086=CARTESIAN_POINT('',(-0.000733915361640521,-0.0038,-0.002258759226201));
#6087=CARTESIAN_POINT('',(-0.000733915361640521,-0.0038,-0.002258759226201));
#6088=CARTESIAN_POINT('',(-0.0009163034838382,-0.0038,-0.00229913308129522));
#6089=CARTESIAN_POINT('',(-0.000965999527305047,-0.0038,-0.00216967046190118));
#6090=CARTESIAN_POINT('',(-0.000965999527305047,-0.0038,-0.00216967046190118));
#6091=CARTESIAN_POINT('',(-0.00115160872531493,-0.0038,-0.00219075839466121));
#6092=CARTESIAN_POINT('',(-0.00118750000000002,-0.0038,-0.00205681033398804));
#6093=CARTESIAN_POINT('',(-0.00118750000000002,-0.0038,-0.00205681033398804));
#6094=CARTESIAN_POINT('',(-0.0013742967006075,-0.0038,-0.00205838130060964));
#6095=CARTESIAN_POINT('',(-0.00139598997419465,-0.0038,-0.0019214153616405));
#6096=CARTESIAN_POINT('',(-0.00139598997419465,-0.0038,-0.0019214153616405));
#6097=CARTESIAN_POINT('',(-0.00158192759365813,-0.0038,-0.0019034521502846));
#6098=CARTESIAN_POINT('',(-0.00158918519010231,-0.0038,-0.00176496896050881));
#6099=CARTESIAN_POINT('',(-0.00158918519010231,-0.0038,-0.00176496896050881));
#6100=CARTESIAN_POINT('',(-0.00177222655695302,-0.0038,-0.00172766837987807));
#6101=CARTESIAN_POINT('',(-0.00176496896050884,-0.0038,-0.00158918519010228));
#6102=CARTESIAN_POINT('',(-0.00176496896050884,-0.0038,-0.00158918519010228));
#6103=CARTESIAN_POINT('',(-0.00194310863522768,-0.0038,-0.00153295591316375));
#6104=CARTESIAN_POINT('',(-0.00192141536164052,-0.0038,-0.00139598997419461));
#6105=CARTESIAN_POINT('',(-0.00192141536164052,-0.0038,-0.00139598997419461));
#6106=CARTESIAN_POINT('',(-0.00209270160867316,-0.0038,-0.00132144806067316));
#6107=CARTESIAN_POINT('',(-0.00205681033398806,-0.0038,-0.0011875));
#6108=CARTESIAN_POINT('',(-0.00205681033398806,-0.0038,-0.0011875));
#6109=CARTESIAN_POINT('',(-0.00221936650536805,-0.0038,-0.00109546214669905));
#6110=CARTESIAN_POINT('',(-0.0021696704619012,-0.0038,-0.000965999527305011));
#6111=CARTESIAN_POINT('',(-0.0021696704619012,-0.0038,-0.000965999527305011));
#6112=CARTESIAN_POINT('',(-0.00232171555819783,-0.0038,-0.000857474120205507));
#6113=CARTESIAN_POINT('',(-0.00225875922620101,-0.0038,-0.000733915361640483));
#6114=CARTESIAN_POINT('',(-0.00225875922620101,-0.0038,-0.000733915361640483));
#6115=CARTESIAN_POINT('',(-0.00239862740952178,-0.0038,-0.000610091427813001));
#6116=CARTESIAN_POINT('',(-0.00232310055174281,-0.0038,-0.000493790265692158));
#6117=CARTESIAN_POINT('',(-0.00232310055174281,-0.0038,-0.000493790265692158));
#6118=CARTESIAN_POINT('',(-0.00244925939700195,-0.0038,-0.000356024446067538));
#6119=CARTESIAN_POINT('',(-0.00236198950149966,-0.0038,-0.000248255100260655));
#6120=CARTESIAN_POINT('',(-0.00236198950149966,-0.0038,-0.000248255100260655));
#6121=CARTESIAN_POINT('',(-0.00247305678598809,-0.0038,-9.80567859880528E-5));
#6122=CARTESIAN_POINT('',(-0.002375,-0.0038,2.48768045392575E-17));
#6123=CARTESIAN_POINT('',(-0.002375,-0.0038,2.48768045392575E-17));
#6124=CARTESIAN_POINT('',(-0.00246975884730655,-0.0038,0.000160985204758418));
#6125=CARTESIAN_POINT('',(-0.00236198950149966,-0.0038,0.000248255100260702));
#6126=CARTESIAN_POINT('',(-0.00236198950149966,-0.0038,0.000248255100260702));
#6127=CARTESIAN_POINT('',(-0.00243940171386364,-0.0038,0.000418263407913237));
#6128=CARTESIAN_POINT('',(-0.0023231005517428,-0.0038,0.000493790265692206));
#6129=CARTESIAN_POINT('',(-0.0023231005517428,-0.0038,0.000493790265692206));
#6130=CARTESIAN_POINT('',(-0.00238231798476602,-0.0038,0.000670959029643711));
#6131=CARTESIAN_POINT('',(-0.00225875922620099,-0.0038,0.000733915361640528));
#6132=CARTESIAN_POINT('',(-0.00225875922620099,-0.0038,0.000733915361640528));
#6133=CARTESIAN_POINT('',(-0.00229913308129522,-0.0038,0.000916303483838208));
#6134=CARTESIAN_POINT('',(-0.00216967046190118,-0.0038,0.000965999527305055));
#6135=CARTESIAN_POINT('',(-0.00216967046190118,-0.0038,0.000965999527305055));
#6136=CARTESIAN_POINT('',(-0.00219075839466121,-0.0038,0.00115160872531494));
#6137=CARTESIAN_POINT('',(-0.00205681033398804,-0.0038,0.00118750000000003));
#6138=CARTESIAN_POINT('',(-0.00205681033398804,-0.0038,0.00118750000000003));
#6139=CARTESIAN_POINT('',(-0.00205838130060963,-0.0038,0.0013742967006075));
#6140=CARTESIAN_POINT('',(-0.0019214153616405,-0.0038,0.00139598997419465));
#6141=CARTESIAN_POINT('',(-0.0019214153616405,-0.0038,0.00139598997419465));
#6142=CARTESIAN_POINT('',(-0.00190345215028459,-0.0038,0.00158192759365814));
#6143=CARTESIAN_POINT('',(-0.0017649689605088,-0.0038,0.00158918519010232));
#6144=CARTESIAN_POINT('',(-0.0017649689605088,-0.0038,0.00158918519010232));
#6145=CARTESIAN_POINT('',(-0.00172766837987807,-0.0038,0.00177222655695302));
#6146=CARTESIAN_POINT('',(-0.00158918519010228,-0.0038,0.00176496896050884));
#6147=CARTESIAN_POINT('',(-0.00158918519010228,-0.0038,0.00176496896050884));
#6148=CARTESIAN_POINT('',(-0.00153295591316374,-0.0038,0.00194310863522768));
#6149=CARTESIAN_POINT('',(-0.00139598997419461,-0.0038,0.00192141536164053));
#6150=CARTESIAN_POINT('',(-0.00139598997419461,-0.0038,0.00192141536164053));
#6151=CARTESIAN_POINT('',(-0.00132144806067315,-0.0038,0.00209270160867316));
#6152=CARTESIAN_POINT('',(-0.00118749999999998,-0.0038,0.00205681033398807));
#6153=CARTESIAN_POINT('',(-0.00118749999999998,-0.0038,0.00205681033398807));
#6154=CARTESIAN_POINT('',(-0.00109546214669904,-0.0038,0.00221936650536805));
#6155=CARTESIAN_POINT('',(-0.000965999527305004,-0.0038,0.0021696704619012));
#6156=CARTESIAN_POINT('',(-0.000965999527305004,-0.0038,0.0021696704619012));
#6157=CARTESIAN_POINT('',(-0.000857474120205499,-0.0038,0.00232171555819783));
#6158=CARTESIAN_POINT('',(-0.000733915361640475,-0.0038,0.00225875922620101));
#6159=CARTESIAN_POINT('',(-0.000733915361640475,-0.0038,0.00225875922620101));
#6160=CARTESIAN_POINT('',(-0.000610091427812995,-0.0038,0.00239862740952178));
#6161=CARTESIAN_POINT('',(-0.000493790265692151,-0.0038,0.00232310055174281));
#6162=CARTESIAN_POINT('',(-0.000493790265692151,-0.0038,0.00232310055174281));
#6163=CARTESIAN_POINT('',(-0.00035602444606753,-0.0038,0.00244925939700195));
#6164=CARTESIAN_POINT('',(-0.000248255100260647,-0.0038,0.00236198950149967));
#6165=CARTESIAN_POINT('',(-0.000248255100260647,-0.0038,0.00236198950149967));
#6166=CARTESIAN_POINT('',(-0.01445,0.,0.));
#6167=CARTESIAN_POINT('',(-0.01245,0.,0.));
#6168=CARTESIAN_POINT('',(-0.01045,0.,0.));
#6169=CARTESIAN_POINT('',(-0.00845,0.,0.));
#6170=CARTESIAN_POINT('',(-0.00645,0.,0.));
#6171=CARTESIAN_POINT('',(-0.00445,0.,0.));
#6172=CARTESIAN_POINT('',(0.,-0.0018,0.));
#6173=CARTESIAN_POINT('',(0.,-0.0018,0.));
#6174=CARTESIAN_POINT('',(0.,-0.0018,0.00105));
#6175=CARTESIAN_POINT('',(-0.000248255100260647,-0.0018,0.00236198950149967));
#6176=CARTESIAN_POINT('',(-0.000248255100260647,-0.0018,0.00236198950149967));
#6177=CARTESIAN_POINT('',(-0.000160985204758359,-0.0018,0.00246975884730655));
#6178=CARTESIAN_POINT('',(-0.00035602444606753,-0.0018,0.00244925939700195));
#6179=CARTESIAN_POINT('',(-0.000493790265692151,-0.0018,0.00232310055174281));
#6180=CARTESIAN_POINT('',(-0.000493790265692151,-0.0018,0.00232310055174281));
#6181=CARTESIAN_POINT('',(-0.000610091427812995,-0.0018,0.00239862740952178));
#6182=CARTESIAN_POINT('',(-0.000733915361640475,-0.0018,0.00225875922620101));
#6183=CARTESIAN_POINT('',(-0.000733915361640475,-0.0018,0.00225875922620101));
#6184=CARTESIAN_POINT('',(-0.000857474120205499,-0.0018,0.00232171555819783));
#6185=CARTESIAN_POINT('',(-0.000965999527305004,-0.0018,0.0021696704619012));
#6186=CARTESIAN_POINT('',(-0.000965999527305004,-0.0018,0.0021696704619012));
#6187=CARTESIAN_POINT('',(-0.00109546214669904,-0.0018,0.00221936650536805));
#6188=CARTESIAN_POINT('',(-0.00118749999999998,-0.0018,0.00205681033398807));
#6189=CARTESIAN_POINT('',(-0.00118749999999998,-0.0018,0.00205681033398807));
#6190=CARTESIAN_POINT('',(-0.00132144806067315,-0.0018,0.00209270160867316));
#6191=CARTESIAN_POINT('',(-0.00139598997419461,-0.0018,0.00192141536164053));
#6192=CARTESIAN_POINT('',(-0.00139598997419461,-0.0018,0.00192141536164053));
#6193=CARTESIAN_POINT('',(-0.00153295591316374,-0.0018,0.00194310863522768));
#6194=CARTESIAN_POINT('',(-0.00158918519010228,-0.0018,0.00176496896050884));
#6195=CARTESIAN_POINT('',(-0.00158918519010228,-0.0018,0.00176496896050884));
#6196=CARTESIAN_POINT('',(-0.00172766837987807,-0.0018,0.00177222655695302));
#6197=CARTESIAN_POINT('',(-0.0017649689605088,-0.0018,0.00158918519010232));
#6198=CARTESIAN_POINT('',(-0.0017649689605088,-0.0018,0.00158918519010232));
#6199=CARTESIAN_POINT('',(-0.00190345215028459,-0.0018,0.00158192759365814));
#6200=CARTESIAN_POINT('',(-0.0019214153616405,-0.0018,0.00139598997419465));
#6201=CARTESIAN_POINT('',(-0.0019214153616405,-0.0018,0.00139598997419465));
#6202=CARTESIAN_POINT('',(-0.00205838130060963,-0.0018,0.0013742967006075));
#6203=CARTESIAN_POINT('',(-0.00205681033398804,-0.0018,0.00118750000000003));
#6204=CARTESIAN_POINT('',(-0.00205681033398804,-0.0018,0.00118750000000003));
#6205=CARTESIAN_POINT('',(-0.00219075839466121,-0.0018,0.00115160872531494));
#6206=CARTESIAN_POINT('',(-0.00216967046190118,-0.0018,0.000965999527305055));
#6207=CARTESIAN_POINT('',(-0.00216967046190118,-0.0018,0.000965999527305055));
#6208=CARTESIAN_POINT('',(-0.00229913308129522,-0.0018,0.000916303483838208));
#6209=CARTESIAN_POINT('',(-0.00225875922620099,-0.0018,0.000733915361640528));
#6210=CARTESIAN_POINT('',(-0.00225875922620099,-0.0018,0.000733915361640528));
#6211=CARTESIAN_POINT('',(-0.00238231798476602,-0.0018,0.000670959029643711));
#6212=CARTESIAN_POINT('',(-0.0023231005517428,-0.0018,0.000493790265692206));
#6213=CARTESIAN_POINT('',(-0.0023231005517428,-0.0018,0.000493790265692206));
#6214=CARTESIAN_POINT('',(-0.00243940171386364,-0.0018,0.000418263407913237));
#6215=CARTESIAN_POINT('',(-0.00236198950149966,-0.0018,0.000248255100260702));
#6216=CARTESIAN_POINT('',(-0.00236198950149966,-0.0018,0.000248255100260703));
#6217=CARTESIAN_POINT('',(-0.00246975884730655,-0.0018,0.000160985204758418));
#6218=CARTESIAN_POINT('',(-0.002375,-0.0018,2.48768045392575E-17));
#6219=CARTESIAN_POINT('',(-0.002375,-0.0018,2.48282297499181E-17));
#6220=CARTESIAN_POINT('',(-0.00247305678598809,-0.0018,-9.80567859880528E-5));
#6221=CARTESIAN_POINT('',(-0.00236198950149966,-0.0018,-0.000248255100260655));
#6222=CARTESIAN_POINT('',(-0.00236198950149967,-0.0018,-0.000248255100260655));
#6223=CARTESIAN_POINT('',(-0.00244925939700195,-0.0018,-0.000356024446067538));
#6224=CARTESIAN_POINT('',(-0.00232310055174281,-0.0018,-0.000493790265692158));
#6225=CARTESIAN_POINT('',(-0.00232310055174281,-0.0018,-0.000493790265692158));
#6226=CARTESIAN_POINT('',(-0.00239862740952178,-0.0018,-0.000610091427813001));
#6227=CARTESIAN_POINT('',(-0.00225875922620101,-0.0018,-0.000733915361640483));
#6228=CARTESIAN_POINT('',(-0.00225875922620101,-0.0018,-0.000733915361640483));
#6229=CARTESIAN_POINT('',(-0.00232171555819783,-0.0018,-0.000857474120205507));
#6230=CARTESIAN_POINT('',(-0.0021696704619012,-0.0018,-0.000965999527305011));
#6231=CARTESIAN_POINT('',(-0.0021696704619012,-0.0018,-0.000965999527305011));
#6232=CARTESIAN_POINT('',(-0.00221936650536805,-0.0018,-0.00109546214669905));
#6233=CARTESIAN_POINT('',(-0.00205681033398806,-0.0018,-0.0011875));
#6234=CARTESIAN_POINT('',(-0.00205681033398806,-0.0018,-0.0011875));
#6235=CARTESIAN_POINT('',(-0.00209270160867316,-0.0018,-0.00132144806067316));
#6236=CARTESIAN_POINT('',(-0.00192141536164052,-0.0018,-0.00139598997419461));
#6237=CARTESIAN_POINT('',(-0.00192141536164052,-0.0018,-0.00139598997419461));
#6238=CARTESIAN_POINT('',(-0.00194310863522768,-0.0018,-0.00153295591316375));
#6239=CARTESIAN_POINT('',(-0.00176496896050884,-0.0018,-0.00158918519010228));
#6240=CARTESIAN_POINT('',(-0.00176496896050884,-0.0018,-0.00158918519010228));
#6241=CARTESIAN_POINT('',(-0.00177222655695302,-0.0018,-0.00172766837987807));
#6242=CARTESIAN_POINT('',(-0.00158918519010231,-0.0018,-0.00176496896050881));
#6243=CARTESIAN_POINT('',(-0.00158918519010231,-0.0018,-0.00176496896050881));
#6244=CARTESIAN_POINT('',(-0.00158192759365813,-0.0018,-0.0019034521502846));
#6245=CARTESIAN_POINT('',(-0.00139598997419465,-0.0018,-0.0019214153616405));
#6246=CARTESIAN_POINT('',(-0.00139598997419465,-0.0018,-0.0019214153616405));
#6247=CARTESIAN_POINT('',(-0.0013742967006075,-0.0018,-0.00205838130060964));
#6248=CARTESIAN_POINT('',(-0.00118750000000002,-0.0018,-0.00205681033398804));
#6249=CARTESIAN_POINT('',(-0.00118750000000002,-0.0018,-0.00205681033398804));
#6250=CARTESIAN_POINT('',(-0.00115160872531493,-0.0018,-0.00219075839466121));
#6251=CARTESIAN_POINT('',(-0.000965999527305047,-0.0018,-0.00216967046190118));
#6252=CARTESIAN_POINT('',(-0.000965999527305047,-0.0018,-0.00216967046190118));
#6253=CARTESIAN_POINT('',(-0.0009163034838382,-0.0018,-0.00229913308129522));
#6254=CARTESIAN_POINT('',(-0.000733915361640521,-0.0018,-0.002258759226201));
#6255=CARTESIAN_POINT('',(-0.000733915361640521,-0.0018,-0.002258759226201));
#6256=CARTESIAN_POINT('',(-0.000670959029643704,-0.0018,-0.00238231798476602));
#6257=CARTESIAN_POINT('',(-0.000493790265692198,-0.0018,-0.0023231005517428));
#6258=CARTESIAN_POINT('',(-0.000493790265692198,-0.0018,-0.0023231005517428));
#6259=CARTESIAN_POINT('',(-0.000418263407913228,-0.0018,-0.00243940171386364));
#6260=CARTESIAN_POINT('',(-0.000248255100260695,-0.0018,-0.00236198950149966));
#6261=CARTESIAN_POINT('',(-0.000248255100260695,-0.0018,-0.00236198950149966));
#6262=CARTESIAN_POINT('',(-0.00016098520475841,-0.0018,-0.00246975884730655));
#6263=CARTESIAN_POINT('',(0.,-0.0018,-0.002375));
#6264=CARTESIAN_POINT('',(0.,-0.0018,-0.002375));
#6265=CARTESIAN_POINT('',(9.80567859880787E-5,-0.0018,-0.00247305678598809));
#6266=CARTESIAN_POINT('',(0.000248255100260663,-0.0018,-0.00236198950149966));
#6267=CARTESIAN_POINT('',(0.000248255100260663,-0.0018,-0.00236198950149966));
#6268=CARTESIAN_POINT('',(0.000356024446067547,-0.0018,-0.00244925939700195));
#6269=CARTESIAN_POINT('',(0.000493790265692167,-0.0018,-0.0023231005517428));
#6270=CARTESIAN_POINT('',(0.000493790265692167,-0.0018,-0.0023231005517428));
#6271=CARTESIAN_POINT('',(0.00061009142781301,-0.0018,-0.00239862740952178));
#6272=CARTESIAN_POINT('',(0.00073391536164049,-0.0018,-0.00225875922620101));
#6273=CARTESIAN_POINT('',(0.00073391536164049,-0.0018,-0.00225875922620101));
#6274=CARTESIAN_POINT('',(0.000857474120205515,-0.0018,-0.00232171555819783));
#6275=CARTESIAN_POINT('',(0.000965999527305018,-0.0018,-0.0021696704619012));
#6276=CARTESIAN_POINT('',(0.000965999527305018,-0.0018,-0.0021696704619012));
#6277=CARTESIAN_POINT('',(0.00109546214669905,-0.0018,-0.00221936650536805));
#6278=CARTESIAN_POINT('',(0.0011875,-0.0018,-0.00205681033398806));
#6279=CARTESIAN_POINT('',(0.0011875,-0.0018,-0.00205681033398806));
#6280=CARTESIAN_POINT('',(0.00132144806067316,-0.0018,-0.00209270160867315));
#6281=CARTESIAN_POINT('',(0.00139598997419462,-0.0018,-0.00192141536164052));
#6282=CARTESIAN_POINT('',(0.00139598997419462,-0.0018,-0.00192141536164052));
#6283=CARTESIAN_POINT('',(0.00153295591316376,-0.0018,-0.00194310863522767));
#6284=CARTESIAN_POINT('',(0.00158918519010229,-0.0018,-0.00176496896050883));
#6285=CARTESIAN_POINT('',(0.00158918519010229,-0.0018,-0.00176496896050883));
#6286=CARTESIAN_POINT('',(0.00172766837987808,-0.0018,-0.00177222655695301));
#6287=CARTESIAN_POINT('',(0.00176496896050881,-0.0018,-0.00158918519010231));
#6288=CARTESIAN_POINT('',(0.00176496896050881,-0.0018,-0.00158918519010231));
#6289=CARTESIAN_POINT('',(0.0019034521502846,-0.0018,-0.00158192759365813));
#6290=CARTESIAN_POINT('',(0.0019214153616405,-0.0018,-0.00139598997419464));
#6291=CARTESIAN_POINT('',(0.0019214153616405,-0.0018,-0.00139598997419464));
#6292=CARTESIAN_POINT('',(0.00205838130060964,-0.0018,-0.00137429670060749));
#6293=CARTESIAN_POINT('',(0.00205681033398805,-0.0018,-0.00118750000000002));
#6294=CARTESIAN_POINT('',(0.00205681033398805,-0.0018,-0.00118750000000002));
#6295=CARTESIAN_POINT('',(0.00219075839466122,-0.0018,-0.00115160872531493));
#6296=CARTESIAN_POINT('',(0.00216967046190119,-0.0018,-0.00096599952730504));
#6297=CARTESIAN_POINT('',(0.00216967046190119,-0.0018,-0.00096599952730504));
#6298=CARTESIAN_POINT('',(0.00229913308129522,-0.0018,-0.000916303483838193));
#6299=CARTESIAN_POINT('',(0.002258759226201,-0.0018,-0.000733915361640514));
#6300=CARTESIAN_POINT('',(0.002258759226201,-0.0018,-0.000733915361640514));
#6301=CARTESIAN_POINT('',(0.00238231798476603,-0.0018,-0.000670959029643696));
#6302=CARTESIAN_POINT('',(0.0023231005517428,-0.0018,-0.00049379026569219));
#6303=CARTESIAN_POINT('',(0.0023231005517428,-0.0018,-0.00049379026569219));
#6304=CARTESIAN_POINT('',(0.00243940171386365,-0.0018,-0.00041826340791322));
#6305=CARTESIAN_POINT('',(0.00236198950149966,-0.0018,-0.000248255100260687));
#6306=CARTESIAN_POINT('',(0.00236198950149966,-0.0018,-0.000248255100260687));
#6307=CARTESIAN_POINT('',(0.00246975884730655,-0.0018,-0.000160985204758401));
#6308=CARTESIAN_POINT('',(0.002375,-0.0018,-8.29226817975249E-18));
#6309=CARTESIAN_POINT('',(0.002375,-0.0018,-8.29414661951411E-18));
#6310=CARTESIAN_POINT('',(0.00247305678598809,-0.0018,9.805678598807E-5));
#6311=CARTESIAN_POINT('',(0.00236198950149966,-0.0018,0.000248255100260671));
#6312=CARTESIAN_POINT('',(0.00236198950149966,-0.0018,0.000248255100260671));
#6313=CARTESIAN_POINT('',(0.00244925939700195,-0.0018,0.000356024446067555));
#6314=CARTESIAN_POINT('',(0.0023231005517428,-0.0018,0.000493790265692174));
#6315=CARTESIAN_POINT('',(0.0023231005517428,-0.0018,0.000493790265692174));
#6316=CARTESIAN_POINT('',(0.00239862740952177,-0.0018,0.000610091427813018));
#6317=CARTESIAN_POINT('',(0.002258759226201,-0.0018,0.000733915361640498));
#6318=CARTESIAN_POINT('',(0.002258759226201,-0.0018,0.000733915361640498));
#6319=CARTESIAN_POINT('',(0.00232171555819782,-0.0018,0.000857474120205523));
#6320=CARTESIAN_POINT('',(0.00216967046190119,-0.0018,0.000965999527305026));
#6321=CARTESIAN_POINT('',(0.00216967046190119,-0.0018,0.000965999527305026));
#6322=CARTESIAN_POINT('',(0.00221936650536804,-0.0018,0.00109546214669906));
#6323=CARTESIAN_POINT('',(0.00205681033398806,-0.0018,0.0011875));
#6324=CARTESIAN_POINT('',(0.00205681033398806,-0.0018,0.0011875));
#6325=CARTESIAN_POINT('',(0.00209270160867315,-0.0018,0.00132144806067317));
#6326=CARTESIAN_POINT('',(0.00192141536164051,-0.0018,0.00139598997419463));
#6327=CARTESIAN_POINT('',(0.00192141536164051,-0.0018,0.00139598997419463));
#6328=CARTESIAN_POINT('',(0.00194310863522767,-0.0018,0.00153295591316376));
#6329=CARTESIAN_POINT('',(0.00176496896050882,-0.0018,0.00158918519010229));
#6330=CARTESIAN_POINT('',(0.00176496896050882,-0.0018,0.00158918519010229));
#6331=CARTESIAN_POINT('',(0.00177222655695301,-0.0018,0.00172766837987808));
#6332=CARTESIAN_POINT('',(0.0015891851901023,-0.0018,0.00176496896050882));
#6333=CARTESIAN_POINT('',(0.0015891851901023,-0.0018,0.00176496896050882));
#6334=CARTESIAN_POINT('',(0.00158192759365812,-0.0018,0.00190345215028461));
#6335=CARTESIAN_POINT('',(0.00139598997419463,-0.0018,0.00192141536164051));
#6336=CARTESIAN_POINT('',(0.00139598997419463,-0.0018,0.00192141536164051));
#6337=CARTESIAN_POINT('',(0.00137429670060748,-0.0018,0.00205838130060964));
#6338=CARTESIAN_POINT('',(0.0011875,-0.0018,0.00205681033398805));
#6339=CARTESIAN_POINT('',(0.0011875,-0.0018,0.00205681033398805));
#6340=CARTESIAN_POINT('',(0.00115160872531492,-0.0018,0.00219075839466122));
#6341=CARTESIAN_POINT('',(0.000965999527305033,-0.0018,0.00216967046190119));
#6342=CARTESIAN_POINT('',(0.000965999527305033,-0.0018,0.00216967046190119));
#6343=CARTESIAN_POINT('',(0.000916303483838185,-0.0018,0.00229913308129522));
#6344=CARTESIAN_POINT('',(0.000733915361640506,-0.0018,0.002258759226201));
#6345=CARTESIAN_POINT('',(0.000733915361640506,-0.0018,0.002258759226201));
#6346=CARTESIAN_POINT('',(0.000670959029643688,-0.0018,0.00238231798476603));
#6347=CARTESIAN_POINT('',(0.000493790265692182,-0.0018,0.0023231005517428));
#6348=CARTESIAN_POINT('',(0.000493790265692182,-0.0018,0.0023231005517428));
#6349=CARTESIAN_POINT('',(0.000418263407913212,-0.0018,0.00243940171386365));
#6350=CARTESIAN_POINT('',(0.000248255100260679,-0.0018,0.00236198950149966));
#6351=CARTESIAN_POINT('',(0.000248255100260679,-0.0018,0.00236198950149966));
#6352=CARTESIAN_POINT('',(0.000160985204758393,-0.0018,0.00246975884730655));
#6353=CARTESIAN_POINT('',(0.,-0.0018,0.002375));
#6354=CARTESIAN_POINT('',(0.,-0.0018,0.002375));
#6355=CARTESIAN_POINT('',(-9.80567859880787E-5,-0.0018,0.00247305678598809));
#6356=CARTESIAN_POINT('',(-9.80567859880787E-5,-0.0018,0.00247305678598809));
#6357=CARTESIAN_POINT('',(0.,-0.0018,0.));
#6358=CARTESIAN_POINT('',(0.,-0.0038,0.));
#6359=CARTESIAN_POINT('',(-0.000160985204758359,-0.00157716701872007,0.00246975884730655));
#6360=CARTESIAN_POINT('',(-9.80567859880787E-5,-0.00157986246773154,0.00247305678598809));
#6361=CARTESIAN_POINT('',(0.,-0.001,0.));
#6362=CARTESIAN_POINT('',(0.,-0.001,0.));
#6363=CARTESIAN_POINT('',(0.,-0.001,-0.00105));
#6364=CARTESIAN_POINT('',(0.,-0.001,0.));
#6365=CARTESIAN_POINT('',(0.,-0.001,0.0023));
#6366=CARTESIAN_POINT('',(0.,0.,0.));
#6367=CARTESIAN_POINT('',(0.,0.,0.));
#6368=CARTESIAN_POINT('',(-9.80567859880787E-5,-0.00157986246773154,0.00247305678598809));
#6369=CARTESIAN_POINT('',(0.,-0.00157986246773154,0.002375));
#6370=CARTESIAN_POINT('',(0.,-0.00157986246773154,0.002375));
#6371=CARTESIAN_POINT('',(0.000160985204758393,-0.00157716701872007,0.00246975884730655));
#6372=CARTESIAN_POINT('',(0.000248255100260679,-0.00157716701872007,0.00236198950149966));
#6373=CARTESIAN_POINT('',(0.000248255100260679,-0.00157716701872007,0.00236198950149966));
#6374=CARTESIAN_POINT('',(0.000418263407913212,-0.00157566999859728,0.00243940171386365));
#6375=CARTESIAN_POINT('',(0.000493790265692182,-0.00157566999859728,0.0023231005517428));
#6376=CARTESIAN_POINT('',(0.000493790265692182,-0.00157566999859728,0.0023231005517428));
#6377=CARTESIAN_POINT('',(0.000670959029643688,-0.00157627104383781,0.00238231798476603));
#6378=CARTESIAN_POINT('',(0.000733915361640506,-0.00157627104383781,0.002258759226201));
#6379=CARTESIAN_POINT('',(0.000733915361640506,-0.00157627104383781,0.002258759226201));
#6380=CARTESIAN_POINT('',(0.000916303483838185,-0.00157896064536272,0.00229913308129522));
#6381=CARTESIAN_POINT('',(0.000965999527305033,-0.00157896064536272,0.00216967046190119));
#6382=CARTESIAN_POINT('',(0.000965999527305033,-0.00157896064536272,0.00216967046190119));
#6383=CARTESIAN_POINT('',(0.00115160872531492,-0.00158369585581169,0.00219075839466122));
#6384=CARTESIAN_POINT('',(0.0011875,-0.00158369585581169,0.00205681033398805));
#6385=CARTESIAN_POINT('',(0.0011875,-0.00158369585581169,0.00205681033398805));
#6386=CARTESIAN_POINT('',(0.00137429670060748,-0.00159039939368724,0.00205838130060964));
#6387=CARTESIAN_POINT('',(0.00139598997419463,-0.00159039939368724,0.00192141536164051));
#6388=CARTESIAN_POINT('',(0.00139598997419463,-0.00159039939368724,0.00192141536164051));
#6389=CARTESIAN_POINT('',(0.00158192759365812,-0.00159895778896338,0.00190345215028461));
#6390=CARTESIAN_POINT('',(0.0015891851901023,-0.00159895778896338,0.00176496896050882));
#6391=CARTESIAN_POINT('',(0.0015891851901023,-0.00159895778896338,0.00176496896050882));
#6392=CARTESIAN_POINT('',(0.00177222655695301,-0.00159895778896338,0.00172766837987808));
#6393=CARTESIAN_POINT('',(0.00176496896050882,-0.00159895778896338,0.00158918519010229));
#6394=CARTESIAN_POINT('',(0.00176496896050882,-0.00159895778896338,0.00158918519010229));
#6395=CARTESIAN_POINT('',(0.00194310863522767,-0.00159039939368724,0.00153295591316376));
#6396=CARTESIAN_POINT('',(0.00192141536164051,-0.00159039939368724,0.00139598997419463));
#6397=CARTESIAN_POINT('',(0.00192141536164051,-0.00159039939368724,0.00139598997419463));
#6398=CARTESIAN_POINT('',(0.00209270160867315,-0.00158369585581169,0.00132144806067317));
#6399=CARTESIAN_POINT('',(0.00205681033398806,-0.00158369585581169,0.0011875));
#6400=CARTESIAN_POINT('',(0.00205681033398806,-0.00158369585581169,0.0011875));
#6401=CARTESIAN_POINT('',(0.00221936650536804,-0.00157896064536272,0.00109546214669906));
#6402=CARTESIAN_POINT('',(0.00216967046190119,-0.00157896064536272,0.000965999527305026));
#6403=CARTESIAN_POINT('',(0.00216967046190119,-0.00157896064536272,0.000965999527305026));
#6404=CARTESIAN_POINT('',(0.00232171555819782,-0.00157627104383781,0.000857474120205523));
#6405=CARTESIAN_POINT('',(0.002258759226201,-0.00157627104383781,0.000733915361640498));
#6406=CARTESIAN_POINT('',(0.002258759226201,-0.00157627104383781,0.000733915361640498));
#6407=CARTESIAN_POINT('',(0.00239862740952177,-0.00157566999859728,0.000610091427813018));
#6408=CARTESIAN_POINT('',(0.0023231005517428,-0.00157566999859728,0.000493790265692174));
#6409=CARTESIAN_POINT('',(0.0023231005517428,-0.00157566999859728,0.000493790265692174));
#6410=CARTESIAN_POINT('',(0.00244925939700195,-0.00157716701872007,0.000356024446067555));
#6411=CARTESIAN_POINT('',(0.00236198950149966,-0.00157716701872007,0.000248255100260671));
#6412=CARTESIAN_POINT('',(0.00236198950149966,-0.00157716701872007,0.000248255100260671));
#6413=CARTESIAN_POINT('',(0.00247305678598809,-0.00157986246773154,9.805678598807E-5));
#6414=CARTESIAN_POINT('',(0.002375,-0.00157986246773154,-8.29226817975249E-18));
#6415=CARTESIAN_POINT('',(0.002375,-0.00157986246773154,-8.29226817975249E-18));
#6416=CARTESIAN_POINT('',(0.00246975884730655,-0.00157716701872007,-0.000160985204758401));
#6417=CARTESIAN_POINT('',(0.00236198950149966,-0.00157716701872007,-0.000248255100260687));
#6418=CARTESIAN_POINT('',(0.00236198950149966,-0.00157716701872007,-0.000248255100260687));
#6419=CARTESIAN_POINT('',(0.00243940171386365,-0.00157566999859728,-0.00041826340791322));
#6420=CARTESIAN_POINT('',(0.0023231005517428,-0.00157566999859728,-0.00049379026569219));
#6421=CARTESIAN_POINT('',(0.0023231005517428,-0.00157566999859728,-0.00049379026569219));
#6422=CARTESIAN_POINT('',(0.00238231798476603,-0.00157627104383781,-0.000670959029643696));
#6423=CARTESIAN_POINT('',(0.002258759226201,-0.00157627104383781,-0.000733915361640514));
#6424=CARTESIAN_POINT('',(0.002258759226201,-0.00157627104383781,-0.000733915361640514));
#6425=CARTESIAN_POINT('',(0.00229913308129522,-0.00157896064536272,-0.000916303483838193));
#6426=CARTESIAN_POINT('',(0.00216967046190119,-0.00157896064536272,-0.00096599952730504));
#6427=CARTESIAN_POINT('',(0.00216967046190119,-0.00157896064536272,-0.00096599952730504));
#6428=CARTESIAN_POINT('',(0.00219075839466122,-0.00158369585581169,-0.00115160872531493));
#6429=CARTESIAN_POINT('',(0.00205681033398805,-0.00158369585581169,-0.00118750000000002));
#6430=CARTESIAN_POINT('',(0.00205681033398805,-0.00158369585581169,-0.00118750000000002));
#6431=CARTESIAN_POINT('',(0.00205838130060964,-0.00159039939368724,-0.00137429670060749));
#6432=CARTESIAN_POINT('',(0.0019214153616405,-0.00159039939368724,-0.00139598997419464));
#6433=CARTESIAN_POINT('',(0.0019214153616405,-0.00159039939368724,-0.00139598997419464));
#6434=CARTESIAN_POINT('',(0.0019034521502846,-0.00159895778896338,-0.00158192759365813));
#6435=CARTESIAN_POINT('',(0.00176496896050881,-0.00159895778896338,-0.00158918519010231));
#6436=CARTESIAN_POINT('',(0.00176496896050881,-0.00159895778896338,-0.00158918519010231));
#6437=CARTESIAN_POINT('',(0.00172766837987808,-0.00159895778896338,-0.00177222655695301));
#6438=CARTESIAN_POINT('',(0.00158918519010229,-0.00159895778896338,-0.00176496896050883));
#6439=CARTESIAN_POINT('',(0.00158918519010229,-0.00159895778896338,-0.00176496896050883));
#6440=CARTESIAN_POINT('',(0.00153295591316376,-0.00159039939368724,-0.00194310863522767));
#6441=CARTESIAN_POINT('',(0.00139598997419462,-0.00159039939368724,-0.00192141536164052));
#6442=CARTESIAN_POINT('',(0.00139598997419462,-0.00159039939368724,-0.00192141536164052));
#6443=CARTESIAN_POINT('',(0.00132144806067316,-0.00158369585581169,-0.00209270160867315));
#6444=CARTESIAN_POINT('',(0.0011875,-0.00158369585581169,-0.00205681033398806));
#6445=CARTESIAN_POINT('',(0.0011875,-0.00158369585581169,-0.00205681033398806));
#6446=CARTESIAN_POINT('',(0.00109546214669905,-0.00157896064536272,-0.00221936650536805));
#6447=CARTESIAN_POINT('',(0.000965999527305018,-0.00157896064536272,-0.0021696704619012));
#6448=CARTESIAN_POINT('',(0.000965999527305018,-0.00157896064536272,-0.0021696704619012));
#6449=CARTESIAN_POINT('',(0.000857474120205515,-0.00157627104383781,-0.00232171555819783));
#6450=CARTESIAN_POINT('',(0.00073391536164049,-0.00157627104383781,-0.00225875922620101));
#6451=CARTESIAN_POINT('',(0.00073391536164049,-0.00157627104383781,-0.00225875922620101));
#6452=CARTESIAN_POINT('',(0.00061009142781301,-0.00157566999859728,-0.00239862740952178));
#6453=CARTESIAN_POINT('',(0.000493790265692167,-0.00157566999859728,-0.0023231005517428));
#6454=CARTESIAN_POINT('',(0.000493790265692167,-0.00157566999859728,-0.0023231005517428));
#6455=CARTESIAN_POINT('',(0.000356024446067547,-0.00157716701872007,-0.00244925939700195));
#6456=CARTESIAN_POINT('',(0.000248255100260663,-0.00157716701872007,-0.00236198950149966));
#6457=CARTESIAN_POINT('',(0.000248255100260663,-0.00157716701872007,-0.00236198950149966));
#6458=CARTESIAN_POINT('',(9.80567859880787E-5,-0.00157986246773154,-0.00247305678598809));
#6459=CARTESIAN_POINT('',(0.,-0.00157986246773154,-0.002375));
#6460=CARTESIAN_POINT('',(0.,-0.00157986246773154,-0.002375));
#6461=CARTESIAN_POINT('',(-0.00016098520475841,-0.00157716701872007,-0.00246975884730655));
#6462=CARTESIAN_POINT('',(-0.000248255100260695,-0.00157716701872007,-0.00236198950149966));
#6463=CARTESIAN_POINT('',(-0.000248255100260695,-0.00157716701872007,-0.00236198950149966));
#6464=CARTESIAN_POINT('',(-0.000418263407913228,-0.00157566999859728,-0.00243940171386364));
#6465=CARTESIAN_POINT('',(-0.000493790265692198,-0.00157566999859728,-0.0023231005517428));
#6466=CARTESIAN_POINT('',(-0.000493790265692198,-0.00157566999859728,-0.0023231005517428));
#6467=CARTESIAN_POINT('',(-0.000670959029643704,-0.00157627104383781,-0.00238231798476602));
#6468=CARTESIAN_POINT('',(-0.000733915361640521,-0.00157627104383781,-0.002258759226201));
#6469=CARTESIAN_POINT('',(-0.000733915361640521,-0.00157627104383781,-0.002258759226201));
#6470=CARTESIAN_POINT('',(-0.0009163034838382,-0.00157896064536272,-0.00229913308129522));
#6471=CARTESIAN_POINT('',(-0.000965999527305047,-0.00157896064536272,-0.00216967046190118));
#6472=CARTESIAN_POINT('',(-0.000965999527305047,-0.00157896064536272,-0.00216967046190118));
#6473=CARTESIAN_POINT('',(-0.00115160872531493,-0.00158369585581169,-0.00219075839466121));
#6474=CARTESIAN_POINT('',(-0.00118750000000002,-0.00158369585581169,-0.00205681033398804));
#6475=CARTESIAN_POINT('',(-0.00118750000000002,-0.00158369585581169,-0.00205681033398804));
#6476=CARTESIAN_POINT('',(-0.0013742967006075,-0.00159039939368724,-0.00205838130060964));
#6477=CARTESIAN_POINT('',(-0.00139598997419465,-0.00159039939368724,-0.0019214153616405));
#6478=CARTESIAN_POINT('',(-0.00139598997419465,-0.00159039939368724,-0.0019214153616405));
#6479=CARTESIAN_POINT('',(-0.00158192759365813,-0.00159895778896338,-0.0019034521502846));
#6480=CARTESIAN_POINT('',(-0.00158918519010231,-0.00159895778896338,-0.00176496896050881));
#6481=CARTESIAN_POINT('',(-0.00158918519010231,-0.00159895778896338,-0.00176496896050881));
#6482=CARTESIAN_POINT('',(-0.00177222655695302,-0.00159895778896338,-0.00172766837987807));
#6483=CARTESIAN_POINT('',(-0.00176496896050884,-0.00159895778896338,-0.00158918519010228));
#6484=CARTESIAN_POINT('',(-0.00176496896050884,-0.00159895778896338,-0.00158918519010228));
#6485=CARTESIAN_POINT('',(-0.00194310863522768,-0.00159039939368724,-0.00153295591316375));
#6486=CARTESIAN_POINT('',(-0.00192141536164052,-0.00159039939368724,-0.00139598997419461));
#6487=CARTESIAN_POINT('',(-0.00192141536164052,-0.00159039939368724,-0.00139598997419461));
#6488=CARTESIAN_POINT('',(-0.00209270160867316,-0.00158369585581169,-0.00132144806067316));
#6489=CARTESIAN_POINT('',(-0.00205681033398806,-0.00158369585581169,-0.0011875));
#6490=CARTESIAN_POINT('',(-0.00205681033398806,-0.00158369585581169,-0.0011875));
#6491=CARTESIAN_POINT('',(-0.00221936650536805,-0.00157896064536272,-0.00109546214669905));
#6492=CARTESIAN_POINT('',(-0.0021696704619012,-0.00157896064536272,-0.000965999527305011));
#6493=CARTESIAN_POINT('',(-0.0021696704619012,-0.00157896064536272,-0.000965999527305011));
#6494=CARTESIAN_POINT('',(-0.00232171555819783,-0.00157627104383781,-0.000857474120205507));
#6495=CARTESIAN_POINT('',(-0.00225875922620101,-0.00157627104383781,-0.000733915361640483));
#6496=CARTESIAN_POINT('',(-0.00225875922620101,-0.00157627104383781,-0.000733915361640483));
#6497=CARTESIAN_POINT('',(-0.00239862740952178,-0.00157566999859728,-0.000610091427813001));
#6498=CARTESIAN_POINT('',(-0.00232310055174281,-0.00157566999859728,-0.000493790265692158));
#6499=CARTESIAN_POINT('',(-0.00232310055174281,-0.00157566999859728,-0.000493790265692158));
#6500=CARTESIAN_POINT('',(-0.00244925939700195,-0.00157716701872007,-0.000356024446067538));
#6501=CARTESIAN_POINT('',(-0.00236198950149966,-0.00157716701872007,-0.000248255100260655));
#6502=CARTESIAN_POINT('',(-0.00236198950149966,-0.00157716701872007,-0.000248255100260655));
#6503=CARTESIAN_POINT('',(-0.00247305678598809,-0.00157986246773154,-9.80567859880528E-5));
#6504=CARTESIAN_POINT('',(-0.002375,-0.00157986246773154,2.48768045392575E-17));
#6505=CARTESIAN_POINT('',(-0.002375,-0.00157986246773154,2.48768045392575E-17));
#6506=CARTESIAN_POINT('',(-0.00246975884730655,-0.00157716701872007,0.000160985204758418));
#6507=CARTESIAN_POINT('',(-0.00236198950149966,-0.00157716701872007,0.000248255100260702));
#6508=CARTESIAN_POINT('',(-0.00236198950149966,-0.00157716701872007,0.000248255100260702));
#6509=CARTESIAN_POINT('',(-0.00243940171386364,-0.00157566999859728,0.000418263407913237));
#6510=CARTESIAN_POINT('',(-0.0023231005517428,-0.00157566999859728,0.000493790265692206));
#6511=CARTESIAN_POINT('',(-0.0023231005517428,-0.00157566999859728,0.000493790265692206));
#6512=CARTESIAN_POINT('',(-0.00238231798476602,-0.00157627104383781,0.000670959029643711));
#6513=CARTESIAN_POINT('',(-0.00225875922620099,-0.00157627104383781,0.000733915361640528));
#6514=CARTESIAN_POINT('',(-0.00225875922620099,-0.00157627104383781,0.000733915361640528));
#6515=CARTESIAN_POINT('',(-0.00229913308129522,-0.00157896064536272,0.000916303483838208));
#6516=CARTESIAN_POINT('',(-0.00216967046190118,-0.00157896064536272,0.000965999527305055));
#6517=CARTESIAN_POINT('',(-0.00216967046190118,-0.00157896064536272,0.000965999527305055));
#6518=CARTESIAN_POINT('',(-0.00219075839466121,-0.00158369585581169,0.00115160872531494));
#6519=CARTESIAN_POINT('',(-0.00205681033398804,-0.00158369585581169,0.00118750000000003));
#6520=CARTESIAN_POINT('',(-0.00205681033398804,-0.00158369585581169,0.00118750000000003));
#6521=CARTESIAN_POINT('',(-0.00205838130060963,-0.00159039939368724,0.0013742967006075));
#6522=CARTESIAN_POINT('',(-0.0019214153616405,-0.00159039939368724,0.00139598997419465));
#6523=CARTESIAN_POINT('',(-0.0019214153616405,-0.00159039939368724,0.00139598997419465));
#6524=CARTESIAN_POINT('',(-0.00190345215028459,-0.00159895778896338,0.00158192759365814));
#6525=CARTESIAN_POINT('',(-0.0017649689605088,-0.00159895778896338,0.00158918519010232));
#6526=CARTESIAN_POINT('',(-0.0017649689605088,-0.00159895778896338,0.00158918519010232));
#6527=CARTESIAN_POINT('',(-0.00172766837987807,-0.00159895778896338,0.00177222655695302));
#6528=CARTESIAN_POINT('',(-0.00158918519010228,-0.00159895778896338,0.00176496896050884));
#6529=CARTESIAN_POINT('',(-0.00158918519010228,-0.00159895778896338,0.00176496896050884));
#6530=CARTESIAN_POINT('',(-0.00153295591316374,-0.00159039939368724,0.00194310863522768));
#6531=CARTESIAN_POINT('',(-0.00139598997419461,-0.00159039939368724,0.00192141536164053));
#6532=CARTESIAN_POINT('',(-0.00139598997419461,-0.00159039939368724,0.00192141536164053));
#6533=CARTESIAN_POINT('',(-0.00132144806067315,-0.00158369585581168,0.00209270160867316));
#6534=CARTESIAN_POINT('',(-0.00118749999999998,-0.00158369585581168,0.00205681033398807));
#6535=CARTESIAN_POINT('',(-0.00118749999999998,-0.00158369585581168,0.00205681033398807));
#6536=CARTESIAN_POINT('',(-0.00109546214669904,-0.00157896064536272,0.00221936650536805));
#6537=CARTESIAN_POINT('',(-0.000965999527305004,-0.00157896064536272,0.0021696704619012));
#6538=CARTESIAN_POINT('',(-0.000965999527305004,-0.00157896064536272,0.0021696704619012));
#6539=CARTESIAN_POINT('',(-0.000857474120205499,-0.00157627104383781,0.00232171555819783));
#6540=CARTESIAN_POINT('',(-0.000733915361640475,-0.00157627104383781,0.00225875922620101));
#6541=CARTESIAN_POINT('',(-0.000733915361640475,-0.00157627104383781,0.00225875922620101));
#6542=CARTESIAN_POINT('',(-0.000610091427812995,-0.00157566999859728,0.00239862740952178));
#6543=CARTESIAN_POINT('',(-0.000493790265692151,-0.00157566999859728,0.00232310055174281));
#6544=CARTESIAN_POINT('',(-0.000493790265692151,-0.00157566999859728,0.00232310055174281));
#6545=CARTESIAN_POINT('',(-0.00035602444606753,-0.00157716701872007,0.00244925939700195));
#6546=CARTESIAN_POINT('',(-0.000248255100260647,-0.00157716701872007,0.00236198950149967));
#6547=CARTESIAN_POINT('',(-0.000248255100260647,-0.00157716701872007,0.00236198950149967));
#6548=MECHANICAL_DESIGN_GEOMETRIC_PRESENTATION_REPRESENTATION('',(#3940),
#6549);
#6549=(
GEOMETRIC_REPRESENTATION_CONTEXT(3)
GLOBAL_UNCERTAINTY_ASSIGNED_CONTEXT((#6550))
GLOBAL_UNIT_ASSIGNED_CONTEXT((#6553,#6552,#6551))
REPRESENTATION_CONTEXT('Part 1','TOP_LEVEL_ASSEMBLY_PART')
);
#6550=UNCERTAINTY_MEASURE_WITH_UNIT(LENGTH_MEASURE(1.E-8),#6553,
'DISTANCE_ACCURACY_VALUE','Maximum Tolerance applied to model');
#6551=(
NAMED_UNIT(*)
SI_UNIT($,.STERADIAN.)
SOLID_ANGLE_UNIT()
);
#6552=(
NAMED_UNIT(*)
PLANE_ANGLE_UNIT()
SI_UNIT($,.RADIAN.)
);
#6553=(
LENGTH_UNIT()
NAMED_UNIT(*)
SI_UNIT($,.METRE.)
);
#6554=PRODUCT_DEFINITION_SHAPE('','',#6555);
#6555=PRODUCT_DEFINITION('','',#6557,#6556);
#6556=PRODUCT_DEFINITION_CONTEXT('',#6563,'design');
#6557=PRODUCT_DEFINITION_FORMATION_WITH_SPECIFIED_SOURCE('','',#6559,
 .NOT_KNOWN.);
#6558=PRODUCT_RELATED_PRODUCT_CATEGORY('','',(#6559));
#6559=PRODUCT('Part 1','Part 1','Part 1',(#6561));
#6560=PRODUCT_CATEGORY('','');
#6561=PRODUCT_CONTEXT('',#6563,'mechanical');
#6562=APPLICATION_PROTOCOL_DEFINITION('international standard',
'ap242_managed_model_based_3d_engineering',2011,#6563);
#6563=APPLICATION_CONTEXT('managed model based 3d engineering');
ENDSEC;
END-ISO-10303-21;
